tool,replicate,config,sub_ms
modern,4,a_N100_V3+3D,1.8063749885186553
modern,4,a_N100_V3+3D,1.7507089069113135
modern,4,a_N100_V3+3D,1.7109999898821115
modern,4,a_N100_V3+3D,1.685291063040495
modern,4,a_N100_V3+3D,1.7025419510900974
modern,4,a_N100_V3+3D,1.6820000018924475
modern,4,a_N100_V3+3D,1.6862909542396665
modern,4,a_N100_V3+3D,1.6845830250531435
modern,4,a_N100_V3+3D,1.6781670274212956
modern,4,a_N100_V3+3D,1.7117499373853207
modern,4,a_N100_V3+3D,1.6830000095069408
modern,4,a_N100_V3+3D,1.6614999622106552
modern,4,a_N100_V3+3D,1.6644169809296727
modern,4,a_N100_V3+3D,1.6619580565020442
modern,4,a_N100_V3+3D,1.6567499842494726
modern,4,a_N100_V3+3D,1.6575830522924662
modern,4,a_N100_V3+3D,1.6625829739496112
modern,4,a_N100_V3+3D,1.6817089635878801
modern,4,a_N100_V3+3D,1.6443339409306645
modern,4,a_N100_V3+3D,1.643541967496276
modern,4,a_N100_V3+3D,1.6434158897027373
modern,4,a_N100_V3+3D,1.668957993388176
modern,4,a_N100_V3+3D,1.6409580130130053
modern,4,a_N100_V3+3D,1.6573340399190784
modern,4,a_N100_V3+3D,1.692374935373664
modern,4,a_N100_V3+3D,1.6704999143257737
modern,4,a_N100_V3+3D,1.6805840423330665
modern,4,a_N100_V3+3D,1.676292042247951
modern,4,a_N100_V3+3D,1.6504579689353704
modern,4,a_N100_V3+3D,1.6545840771868825
modern,4,a_N100_V3+3D,1.6545410035178065
modern,4,a_N100_V3+3D,1.8607920501381159
modern,4,a_N100_V3+3D,1.966124982573092
modern,4,a_N100_V3+3D,1.8269169377163053
modern,4,a_N100_V3+3D,1.7609160859137774
modern,4,a_N100_V3+3D,1.748958951793611
modern,4,a_N100_V3+3D,1.7354999436065555
modern,4,a_N100_V3+3D,1.7171669751405716
modern,4,a_N100_V3+3D,1.7027920112013817
modern,4,a_N100_V3+3D,1.712125027552247
modern,4,a_N100_V3+3D,1.7025419510900974
modern,4,a_N100_V3+3D,1.7107500461861491
modern,4,a_N100_V3+3D,1.6862089978531003
modern,4,a_N100_V3+3D,1.6826670616865158
modern,4,a_N100_V3+3D,1.689292024821043
modern,4,a_N100_V3+3D,1.6926659736782312
modern,4,a_N100_V3+3D,1.7191250808537006
modern,4,a_N100_V3+3D,1.7126250313594937
modern,4,a_N100_V3+3D,1.7012080643326044
modern,4,a_N100_V3+3D,1.6860419418662786
modern,4,a_N100_V3+3D,1.6918749315664172
modern,4,a_N100_V3+3D,1.6804159386083484
modern,4,a_N100_V3+3D,1.7105829901993275
modern,4,a_N100_V3+3D,1.6807499341666698
modern,4,a_N100_V3+3D,1.660750014707446
modern,4,a_N100_V3+3D,1.666083000600338
modern,4,a_N100_V3+3D,1.686000032350421
modern,4,a_N100_V3+3D,1.6675000078976154
modern,4,a_N100_V3+3D,1.9391250098124146
modern,4,a_N100_V3+3D,1.6735420795157552
modern,4,a_N100_V3+3D,1.7965000588446856
modern,4,a_N100_V3+3D,1.7546659801155329
modern,4,a_N100_V3+3D,1.7517080996185541
modern,4,a_N100_V3+3D,1.7458329675719142
modern,4,a_N100_V3+3D,1.698291045613587
modern,4,a_N100_V3+3D,1.7427499406039715
modern,4,a_N100_V3+3D,1.7259999876841903
modern,4,a_N100_V3+3D,1.7070829635486007
modern,4,a_N100_V3+3D,1.6800420125946403
modern,4,a_N100_V3+3D,1.7216249834746122
modern,4,a_N100_V3+3D,1.7191249644383788
modern,4,a_N100_V3+3D,1.7210840014740825
modern,4,a_N100_V3+3D,1.6969579737633467
modern,4,a_N100_V3+3D,1.6662910347804427
modern,4,a_N100_V3+3D,1.669334014877677
modern,4,a_N100_V3+3D,1.6837920993566513
modern,4,a_N100_V3+3D,1.657749991863966
modern,4,a_N100_V3+3D,1.685042050667107
modern,4,a_N100_V3+3D,1.692207995802164
modern,4,a_N100_V3+3D,1.6778339631855488
modern,4,a_N100_V3+3D,1.644750009290874
modern,4,a_N100_V3+3D,1.6839170129969716
modern,4,a_N100_V3+3D,1.6889999387785792
modern,4,a_N100_V3+3D,1.6743340529501438
modern,4,a_N100_V3+3D,1.7137499526143074
modern,4,a_N100_V3+3D,1.6679170075803995
modern,4,a_N100_V3+3D,1.696125022135675
modern,4,a_N100_V3+3D,1.6726249596104026
modern,4,a_N100_V3+3D,1.6630829777568579
modern,4,a_N100_V3+3D,1.6732499934732914
modern,4,a_N100_V3+3D,2.072833012789488
modern,4,a_N100_V3+3D,1.6668750904500484
modern,4,a_N100_V3+3D,1.687374897301197
modern,4,a_N100_V3+3D,1.6865829238668084
modern,4,a_N100_V3+3D,1.6513330629095435
modern,4,a_N100_V3+3D,1.6711249481886625
modern,4,a_N100_V3+3D,1.643707975745201
modern,4,a_N100_V3+3D,1.669290941208601
modern,4,a_N100_V3+3D,1.9965419778600335
modern,4,a_N100_V3+3D,1.2827919563278556
modern,4,a_N100_V3+3D,1.2524999910965562
modern,4,a_N100_V3+3D,1.2585410149767995
modern,4,a_N100_V3+3D,1.2356670340523124
modern,4,a_N100_V3+3D,1.2457079719752073
modern,4,a_N100_V3+3D,1.2724590487778187
modern,4,a_N100_V3+3D,1.5570000978186727
modern,4,a_N100_V3+3D,1.2519999872893095
modern,4,a_N100_V3+3D,1.2453339295461774
modern,4,a_N100_V3+3D,1.2322909897193313
modern,4,a_N100_V3+3D,1.252666930668056
modern,4,a_N100_V3+3D,1.24074995983392
modern,4,a_N100_V3+3D,1.276541966944933
modern,4,a_N100_V3+3D,1.2289999285712838
modern,4,a_N100_V3+3D,1.2600839836522937
modern,4,a_N100_V3+3D,1.2554579880088568
modern,4,a_N100_V3+3D,1.2914170511066914
modern,4,a_N100_V3+3D,1.2671250151470304
modern,4,a_N100_V3+3D,1.2590420665219426
modern,4,a_N100_V3+3D,1.2435420649126172
modern,4,a_N100_V3+3D,1.2594580184668303
modern,4,a_N100_V3+3D,1.817084033973515
modern,4,a_N100_V3+3D,1.7517500091344118
modern,4,a_N100_V3+3D,1.7404579557478428
modern,4,a_N100_V3+3D,1.7064589774236083
modern,4,a_N100_V3+3D,1.7109999898821115
modern,4,a_N100_V3+3D,1.7141669522970915
modern,4,a_N100_V3+3D,1.6935840249061584
modern,4,a_N100_V3+3D,1.688209013082087
modern,4,a_N100_V3+3D,1.6901659546419978
modern,4,a_N100_V3+3D,1.6875420697033405
modern,4,a_N100_V3+3D,1.6768750501796603
modern,4,a_N100_V3+3D,1.6914170701056719
modern,4,a_N100_V3+3D,2.065250067971647
modern,4,a_N100_V3+3D,1.6883339267224073
modern,4,a_N100_V3+3D,1.6926249954849482
modern,4,a_N100_V3+3D,1.6737920232117176
modern,4,a_N100_V3+3D,1.6797909047454596
modern,4,a_N100_V3+3D,1.7433749744668603
modern,4,a_N100_V3+3D,1.6713340301066637
modern,4,a_N100_V3+3D,2.0967499585822225
modern,4,a_N100_V3+3D,1.764875021763146
modern,4,a_N100_V3+3D,1.739916973747313
modern,4,a_N100_V3+3D,1.7081659752875566
modern,4,a_N100_V3+3D,1.6955420142039657
modern,4,a_N100_V3+3D,1.697625033557415
modern,4,a_N100_V3+3D,1.6923750517889857
modern,4,a_N100_V3+3D,1.6819580923765898
modern,4,a_N100_V3+3D,1.7054169438779354
modern,4,a_N100_V3+3D,1.9804170588031411
modern,4,a_N100_V3+3D,1.654416904784739
modern,4,a_N100_V3+3D,1.6616249922662973
modern,4,a_N100_V3+3D,1.6924169613048434
modern,4,a_N100_V3+3D,1.6685829032212496
modern,4,a_N100_V3+3D,1.6680840635672212
modern,4,a_N100_V3+3D,1.6847089864313602
modern,4,a_N100_V3+3D,1.6783750616014004
modern,4,a_N100_V3+3D,1.664416049607098
modern,4,a_N100_V3+3D,1.6551250591874123
modern,4,a_N100_V3+3D,1.6547919949516654
modern,4,a_N100_V3+3D,2.2249999456107616
modern,4,a_N100_V3+3D,1.743457978591323
modern,4,a_N100_V3+3D,1.6940830973908305
modern,4,a_N100_V3+3D,1.7034169286489487
modern,4,a_N100_V3+3D,1.6575419576838613
modern,4,a_N100_V3+3D,1.8657499458640814
modern,4,a_N100_V3+3D,1.715417020022869
modern,4,a_N100_V3+3D,1.6537499614059925
modern,4,a_N100_V3+3D,1.683417009189725
modern,4,a_N100_V3+3D,1.7027920112013817
modern,4,a_N100_V3+3D,1.666167052462697
modern,4,a_N100_V3+3D,1.6563329845666885
modern,4,a_N100_V3+3D,1.6627090517431498
modern,4,a_N100_V3+3D,1.6529170097783208
modern,4,a_N100_V3+3D,1.6596249770373106
modern,4,a_N100_V3+3D,1.6591669991612434
modern,4,a_N100_V3+3D,1.6465840162709355
modern,4,a_N100_V3+3D,1.6425420762971044
modern,4,a_N100_V3+3D,1.6876660520210862
modern,4,a_N100_V3+3D,1.68674997985363
modern,4,a_N100_V3+3D,1.658791908994317
modern,4,a_N100_V3+3D,1.7714579589664936
modern,4,a_N100_V3+3D,1.7221670132130384
modern,4,a_N100_V3+3D,1.689333003014326
modern,4,a_N100_V3+3D,1.6657080268487334
modern,4,a_N100_V3+3D,1.671958016231656
modern,4,a_N100_V3+3D,1.6702089924365282
modern,4,a_N100_V3+3D,1.6842500772327185
modern,4,a_N100_V3+3D,1.644000061787665
modern,4,a_N100_V3+3D,1.6474169678986073
modern,4,a_N100_V3+3D,1.6474169678986073
modern,4,a_N100_V3+3D,1.640999922528863
modern,4,a_N100_V3+3D,1.6319589922204614
modern,4,a_N100_V3+3D,1.633959007449448
modern,4,a_N100_V3+3D,1.6382919857278466
modern,4,a_N100_V3+3D,1.6437920276075602
modern,4,a_N100_V3+3D,1.6480409540235996
modern,4,a_N100_V3+3D,1.6392910620197654
modern,4,a_N100_V3+3D,1.7088750610128045
modern,4,a_N100_V3+3D,1.6487910179421306
modern,4,a_N100_V3+3D,1.651708036661148
modern,4,a_N100_V3+3D,1.6457911115139723
modern,4,a_N100_V3+3D,1.6337910201400518
modern,4,a_N100_V3+3D,1.644957927055657
modern,4,a_N100_V3+3D,1.63929199334234
modern,4,a_N100_V3+3D,1.650166930630803
modern,4,a_N100_V3+3D,1.642207964323461
modern,4,a_N100_V3+3D,1.6290419735014439
modern,4,a_N100_V3+3D,1.6351670492440462
modern,4,a_N100_V3+3D,1.629499951377511
modern,4,a_N100_V3+3D,1.6265420708805323
modern,4,a_N100_V3+3D,1.6249580075964332
modern,4,a_N100_V3+3D,1.6596249770373106
modern,4,a_N100_V3+3D,1.6331670340150595
modern,4,a_N100_V3+3D,1.6304160235449672
modern,4,a_N100_V3+3D,1.6380000161007047
modern,4,a_N100_V3+3D,1.6306251054629683
modern,4,a_N100_V3+3D,1.6424159985035658
modern,4,a_N100_V3+3D,1.6481669154018164
modern,4,a_N100_V3+3D,1.6230419278144836
modern,4,a_N100_V3+3D,1.6144999535754323
modern,4,a_N100_V3+3D,1.6166670247912407
modern,4,a_N100_V3+3D,1.6100420616567135
modern,4,a_N100_V3+3D,1.604667049832642
modern,4,a_N100_V3+3D,1.605709083378315
modern,4,a_N100_V3+3D,1.6220840625464916
modern,4,a_N100_V3+3D,1.657749991863966
modern,4,a_N100_V3+3D,1.605834113433957
modern,4,a_N100_V3+3D,1.605750061571598
modern,4,a_N100_V3+3D,1.6075409948825836
modern,4,a_N100_V3+3D,1.6265420708805323
modern,4,a_N100_V3+3D,1.6161249950528145
modern,4,a_N100_V3+3D,1.6125410329550505
modern,4,a_N100_V3+3D,1.6286660684272647
modern,4,a_N100_V3+3D,1.6247499734163284
modern,4,a_N100_V3+3D,1.9499160116538405
modern,4,a_N100_V3+3D,1.2475419789552689
modern,4,a_N100_V3+3D,1.2340419925749302
modern,4,a_N100_V3+3D,1.223500003106892
modern,4,a_N100_V3+3D,1.2189169647172093
modern,4,a_N100_V3+3D,1.2477500131353736
modern,4,a_N100_V3+3D,1.8028750782832503
modern,4,a_N100_V3+3D,1.7190830549225211
modern,4,a_N100_V3+3D,1.7367919208481908
modern,4,a_N100_V3+3D,1.7009580042213202
modern,4,a_N100_V3+3D,1.697208033874631
modern,4,a_N100_V3+3D,1.6843749908730388
modern,4,a_N100_V3+3D,1.6945829847827554
modern,4,a_N100_V3+3D,1.661374932155013
modern,4,a_N100_V3+3D,1.6411669785156846
modern,4,a_N100_V3+3D,1.7111250199377537
modern,4,a_N100_V3+3D,1.6716669779270887
modern,4,a_N100_V3+3D,1.6598750371485949
modern,4,a_N100_V3+3D,1.69579207431525
modern,4,a_N100_V3+3D,1.6608750447630882
modern,4,a_N100_V3+3D,1.6669579781591892
modern,4,a_N100_V3+3D,1.6666250303387642
modern,4,a_N100_V3+3D,1.6733750235289335
modern,4,a_N100_V3+3D,1.725749927572906
modern,4,a_N100_V3+3D,1.6919160261750221
modern,4,a_N100_V3+3D,1.6445829533040524
modern,4,a_N100_V3+3D,1.6658749664202332
modern,4,a_N100_V3+3D,1.6540000215172768
modern,4,a_N100_V3+3D,1.6467079985886812
modern,4,a_N100_V3+3D,1.6368749784305692
modern,4,a_N100_V3+3D,1.67254195548594
modern,4,a_N100_V3+3D,1.6463750507682562
modern,4,a_N100_V3+3D,1.6542499652132392
modern,4,a_N100_V3+3D,1.7564169829711318
modern,4,a_N100_V3+3D,1.6521670622751117
modern,4,a_N100_V3+3D,1.640375005081296
modern,4,a_N100_V3+3D,2.0172910299152136
modern,4,a_N100_V3+3D,1.274458016268909
modern,4,a_N100_V3+3D,1.299666939303279
modern,4,a_N100_V3+3D,1.2367080198600888
modern,4,a_N100_V3+3D,1.2350420001894236
modern,4,a_N100_V3+3D,1.2045420007780194
modern,4,a_N100_V3+3D,1.253332942724228
modern,4,a_N100_V3+3D,1.576332957483828
modern,4,a_N100_V3+3D,1.362042035907507
modern,4,a_N100_V3+3D,1.3101670192554593
modern,4,a_N100_V3+3D,1.3084999518468976
modern,4,a_N100_V3+3D,1.278082956559956
modern,4,a_N100_V3+3D,1.260290970094502
modern,4,a_N100_V3+3D,1.2761249672621489
modern,4,a_N100_V3+3D,1.2822080170735717
modern,4,a_N100_V3+3D,1.2504160404205322
modern,4,a_N100_V3+3D,1.2738750083371997
modern,4,a_N100_V3+3D,1.2448749039322138
modern,4,a_N100_V3+3D,1.2426660396158695
modern,4,a_N100_V3+3D,1.2827080208808184
modern,4,a_N100_V3+3D,1.3093339512124658
modern,4,a_N100_V3+3D,1.2562499614432454
modern,4,a_N100_V3+3D,1.2664999812841415
modern,4,a_N100_V3+3D,1.2529590167105198
modern,4,a_N100_V3+3D,1.2391669442877173
modern,4,a_N100_V3+3D,1.2647080002352595
modern,4,a_N100_V3+3D,1.2643340742215514
modern,4,a_N100_V3+3D,1.3183329720050097
modern,4,a_N100_V3+3D,1.302042044699192
modern,4,a_N100_V3+3D,1.2446250766515732
modern,4,a_N100_V3+3D,1.792500028386712
modern,4,a_N100_V3+3D,1.7438329523429275
modern,4,a_N100_V3+3D,1.721167005598545
modern,4,a_N100_V3+3D,1.702207955531776
modern,4,a_N100_V3+3D,1.6977499471977353
modern,4,a_N100_V3+3D,1.758459024131298
modern,4,a_N100_V3+3D,1.6811670502647758
modern,4,a_N100_V3+3D,1.691458048298955
modern,4,a_N100_V3+3D,1.6519170021638274
modern,4,a_N100_V3+3D,1.8512500682845712
modern,4,a_N100_V3+3D,1.670417026616633
modern,4,a_N100_V3+3D,1.6674589132890105
modern,4,a_N100_V3+3D,2.07445805426687
modern,4,a_N100_V3+3D,1.6628749435767531
modern,4,a_N100_V3+3D,1.6545419348403811
modern,4,a_N100_V3+3D,1.6622080001980066
modern,4,a_N100_V3+3D,1.66470801923424
modern,4,a_N100_V3+3D,1.6517499461770058
modern,4,a_N100_V3+3D,1.6514579765498638
modern,4,a_N100_V3+3D,1.6806250205263495
modern,4,a_N100_V3+3D,1.6567090060561895
modern,4,a_N100_V3+3D,1.6689159674569964
modern,4,a_N100_V3+3D,1.6954579623416066
modern,4,a_N100_V3+3D,1.6500840429216623
modern,4,a_N100_V3+3D,1.6464999644085765
modern,4,a_N100_V3+3D,1.9443330820649862
modern,4,a_N100_V3+3D,1.6495418967679143
modern,4,a_N100_V3+3D,1.6540000215172768
modern,4,a_N100_V3+3D,1.6932080034166574
modern,4,a_N100_V3+3D,1.6649169847369194
modern,4,a_N100_V3+3D,1.6527499537914991
modern,4,a_N100_V3+3D,1.651915954425931
modern,4,a_N100_V3+3D,1.6572499880567193
modern,4,a_N100_V3+3D,1.6444999491795897
modern,4,a_N100_V3+3D,1.6380420420318842
modern,4,a_N100_V3+3D,1.6365420306101441
modern,4,a_N100_V3+3D,1.6708329785615206
modern,4,a_N100_V3+3D,1.677667023614049
modern,4,a_N100_V3+3D,1.6422090120613575
modern,4,a_N100_V3+3D,1.6452909912914038
modern,4,a_N100_V3+3D,1.644417061470449
modern,4,a_N100_V3+3D,1.8601668998599052
modern,4,a_N100_V3+3D,1.6569159924983978
modern,4,a_N100_V3+3D,1.6384999034926295
modern,4,a_N100_V3+3D,1.6509590204805136
modern,4,a_N100_V3+3D,1.6541659133508801
modern,4,a_N100_V3+3D,1.6415409045293927
modern,4,a_N100_V3+3D,1.6367919743061066
modern,4,a_N100_V3+3D,1.63162499666214
modern,4,a_N100_V3+3D,1.6717079561203718
modern,4,a_N100_V3+3D,1.6687919851392508
modern,4,a_N100_V3+3D,1.659916015341878
modern,4,a_N100_V3+3D,1.637208042666316
modern,4,a_N100_V3+3D,1.6327500343322754
modern,4,a_N100_V3+3D,1.6389579977840185
modern,4,a_N100_V3+3D,1.6397080617025495
modern,4,a_N100_V3+3D,1.6411669785156846
modern,4,a_N100_V3+3D,1.646583084948361
modern,4,a_N100_V3+3D,1.6499579651281238
modern,4,a_N100_V3+3D,1.67554197832942
modern,4,a_N100_V3+3D,1.7855409532785416
modern,4,a_N100_V3+3D,1.7531249905005097
modern,4,a_N100_V3+3D,1.7208339413627982
modern,4,a_N100_V3+3D,1.7722080228850245
modern,4,a_N100_V3+3D,1.7004170222207904
modern,4,a_N100_V3+3D,1.6906249802559614
modern,4,a_N100_V3+3D,2.167208003811538
modern,4,a_N100_V3+3D,1.7537500243633986
modern,4,a_N100_V3+3D,1.7213340615853667
modern,4,a_N100_V3+3D,1.7379160271957517
modern,4,a_N100_V3+3D,1.7353330040350556
modern,4,a_N100_V3+3D,1.6847919905558228
modern,4,a_N100_V3+3D,1.6835000133141875
modern,4,a_N100_V3+3D,1.6707079485058784
modern,4,a_N100_V3+3D,1.6654999926686287
modern,4,a_N100_V3+3D,1.6685409937053919
modern,4,a_N100_V3+3D,1.7621249426156282
modern,4,a_N100_V3+3D,1.673000049777329
modern,4,a_N100_V3+3D,1.6552499728277326
modern,4,a_N100_V3+3D,1.656375010497868
modern,4,a_N100_V3+3D,1.673709019087255
modern,4,a_N100_V3+3D,1.6564159886911511
modern,4,a_N100_V3+3D,1.665750052779913
modern,4,a_N100_V3+3D,1.6580000519752502
modern,4,a_N100_V3+3D,1.6594160115346313
modern,4,a_N100_V3+3D,1.6483330400660634
modern,4,a_N100_V3+3D,1.6547089908272028
modern,4,a_N100_V3+3D,1.6804580809548497
modern,4,a_N100_V3+3D,1.6641250113025308
modern,4,a_N100_V3+3D,1.650791964493692
modern,4,a_N100_V3+3D,1.9945829408243299
modern,4,a_N100_V3+3D,1.5439159469678998
modern,4,a_N100_V3+3D,1.2700839433819056
modern,4,a_N100_V3+3D,1.2579580070450902
modern,4,a_N100_V3+3D,1.2654999736696482
modern,4,a_N100_V3+3D,1.2410420458763838
modern,4,a_N100_V3+3D,1.2313330080360174
modern,4,a_N100_V3+3D,1.2336670188233256
modern,4,a_N100_V3+3D,1.2379999971017241
modern,4,a_N100_V3+3D,1.239416073076427
modern,4,a_N100_V3+3D,1.2437920086085796
modern,4,a_N100_V3+3D,1.24691694509238
modern,4,a_N100_V3+3D,1.2279159855097532
modern,4,a_N100_V3+3D,1.2349169701337814
modern,4,a_N100_V3+3D,1.2244589161127806
modern,4,a_N100_V3+3D,1.2405409943312407
modern,4,a_N100_V3+3D,1.2376669328659773
modern,4,a_N100_V3+3D,1.2376250233501196
modern,4,a_N100_V3+3D,1.2405000161379576
modern,4,a_N100_V3+3D,1.227417029440403
modern,4,a_N100_V3+3D,1.2786670122295618
modern,4,a_N100_V3+3D,1.2425410095602274
modern,4,a_N100_V3+3D,1.2319580418989062
modern,4,a_N100_V3+3D,1.2146250810474157
modern,4,a_N100_V3+3D,1.225540996529162
modern,4,a_N100_V3+3D,1.2264999095350504
modern,4,a_N100_V3+3D,1.2350839097052813
modern,4,a_N100_V3+3D,1.2457499979063869
modern,4,a_N100_V3+3D,1.2667078990489244
modern,4,a_N100_V3+3D,1.2218329356983304
modern,4,a_N100_V3+3D,1.7805410316213965
modern,4,a_N100_V3+3D,1.75762502476573
modern,4,a_N100_V3+3D,1.7123339930549264
modern,4,a_N100_V3+3D,1.6994160832837224
modern,4,a_N100_V3+3D,1.831916975788772
modern,4,a_N100_V3+3D,1.98170798830688
modern,4,a_N100_V3+3D,1.7616249388083816
modern,4,a_N100_V3+3D,1.6937080072239041
modern,4,a_N100_V3+3D,1.684500020928681
modern,4,a_N100_V3+3D,1.6680420376360416
modern,4,a_N100_V3+3D,1.6774999676272273
modern,4,a_N100_V3+3D,1.6874170396476984
modern,4,a_N100_V3+3D,1.6659999964758754
modern,4,a_N100_V3+3D,1.6814579721540213
modern,4,a_N100_V3+3D,1.6756670083850622
modern,4,a_N100_V3+3D,1.6612920444458723
modern,4,a_N100_V3+3D,1.6763750463724136
modern,4,a_N100_V3+3D,1.768791931681335
modern,4,a_N100_V3+3D,1.6535829054191709
modern,4,a_N100_V3+3D,1.6712090000510216
modern,4,a_N100_V3+3D,1.6588339349254966
modern,4,a_N100_V3+3D,1.6353749670088291
modern,4,a_N100_V3+3D,1.6245419392362237
modern,4,a_N100_V3+3D,1.6252920031547546
modern,4,a_N100_V3+3D,1.6359159490093589
modern,4,a_N100_V3+3D,1.6446670051664114
modern,4,a_N100_V3+3D,1.6686670714989305
modern,4,a_N100_V3+3D,1.650916994549334
modern,4,a_N100_V3+3D,1.6716669779270887
modern,4,a_N100_V3+3D,1.7242080066353083
modern,4,a_N100_V3+3D,1.7015000339597464
modern,4,a_N100_V3+3D,1.7205000622197986
modern,4,a_N100_V3+3D,1.6630830941721797
modern,4,a_N100_V3+3D,1.6427499940618873
modern,4,a_N100_V3+3D,1.6590829472988844
modern,4,a_N100_V3+3D,1.6752500087022781
modern,4,a_N100_V3+3D,1.6250419430434704
modern,4,a_N100_V3+3D,1.6424159985035658
modern,4,a_N100_V3+3D,1.6742079751566052
modern,4,a_N100_V3+3D,1.6491670394316316
modern,4,a_N100_V3+3D,1.6412079567089677
modern,4,a_N100_V3+3D,1.6848340164870024
modern,4,a_N100_V3+3D,1.643290976062417
modern,4,a_N100_V3+3D,1.6733750235289335
modern,4,a_N100_V3+3D,1.6550840809941292
modern,4,a_N100_V3+3D,1.6858329763635993
modern,4,a_N100_V3+3D,1.6460419865325093
modern,4,a_N100_V3+3D,1.6515410970896482
modern,4,a_N100_V3+3D,1.6385829076170921
modern,4,a_N100_V3+3D,1.6560829244554043
modern,4,a_N100_V3+3D,1.6557089984416962
modern,4,a_N100_V3+3D,1.6312499064952135
modern,4,a_N100_V3+3D,1.660584006458521
modern,4,a_N100_V3+3D,1.6684159636497498
modern,4,a_N100_V3+3D,1.6457500169053674
modern,4,a_N100_V3+3D,1.6836669528856874
modern,4,a_N100_V3+3D,1.6567090060561895
modern,4,a_N100_V3+3D,1.6514169983565807
modern,4,a_N100_V3+3D,1.6765419859439135
modern,4,a_N100_V3+3D,1.662791008129716
modern,4,a_N100_V3+3D,1.8093750113621354
modern,4,a_N100_V3+3D,1.7487920122221112
modern,4,a_N100_V3+3D,1.712416997179389
modern,4,a_N100_V3+3D,1.7127919709309936
modern,4,a_N100_V3+3D,1.692374935373664
modern,4,a_N100_V3+3D,1.684166956692934
modern,4,a_N100_V3+3D,2.2629579761996865
modern,4,a_N100_V3+3D,1.888916944153607
modern,4,a_N100_V3+3D,1.7770830309018493
modern,4,a_N100_V3+3D,1.740667037665844
modern,4,a_N100_V3+3D,1.7353750299662352
modern,4,a_N100_V3+3D,1.7408339772373438
modern,4,a_N100_V3+3D,1.7401670338585973
modern,4,a_N100_V3+3D,1.693999976851046
modern,4,a_N100_V3+3D,1.7061250982806087
modern,4,a_N100_V3+3D,1.6963750822469592
modern,4,a_N100_V3+3D,1.7465830314904451
modern,4,a_N100_V3+3D,1.685958937741816
modern,4,a_N100_V3+3D,1.694333041086793
modern,4,a_N100_V3+3D,1.6700829146429896
modern,4,a_N100_V3+3D,1.6657499363645911
modern,4,a_N100_V3+3D,1.6771249938756227
modern,4,a_N100_V3+3D,1.957500004209578
modern,4,a_N100_V3+3D,1.7722089542075992
modern,4,a_N100_V3+3D,1.6990839503705502
modern,4,a_N100_V3+3D,1.6699580010026693
modern,4,a_N100_V3+3D,1.6632090555503964
modern,4,a_N100_V3+3D,2.000250038690865
modern,4,a_N100_V3+3D,1.2946249917149544
modern,4,a_N100_V3+3D,1.3131670420989394
modern,4,a_N100_V3+3D,1.2663330417126417
modern,4,a_N100_V3+3D,1.2479580473154783
modern,4,a_N100_V3+3D,1.2880000285804272
modern,4,a_N100_V3+3D,1.2527500512078404
modern,4,a_N100_V3+3D,1.2483749305829406
modern,4,a_N100_V3+3D,1.241041929461062
modern,4,a_N100_V3+3D,1.2339159147813916
modern,4,a_N100_V3+3D,1.2444999301806092
modern,4,a_N100_V3+3D,1.2298750225454569
modern,4,a_N100_V3+3D,1.5763749834150076
modern,4,a_N100_V3+3D,1.3732919469475746
modern,4,a_N100_V3+3D,1.650584046728909
modern,4,a_N100_V3+3D,0.892583979293704
modern,4,a_N100_V3+3D,0.8622499881312251
modern,4,a_N100_V3+3D,0.8525000885128975
modern,4,a_N100_V3+3D,0.8487079758197069
modern,4,a_N100_V3+3D,0.8433751063421369
modern,4,a_N100_V3+3D,0.8364999666810036
modern,4,a_N100_V3+3D,0.8385000983253121
modern,4,a_N100_V3+3D,0.8362919325008988
modern,4,a_N100_V3+3D,0.8396669290959835
modern,4,a_N100_V3+3D,0.8345829555764794
modern,4,a_N100_V3+3D,0.8367500267922878
modern,4,a_N100_V3+3D,0.8371250005438924
modern,4,a_N100_V3+3D,0.9600829798728228
modern,4,a_N100_V3+3D,0.8393749594688416
modern,4,a_N100_V3+3D,0.8335839956998825
modern,4,a_N100_V3+3D,0.8333750301972032
modern,4,a_N100_V3+3D,0.8329580305144191
modern,4,a_N100_V3+3D,0.8594170212745667
modern,4,a_N100_V3+3D,1.8004169687628746
modern,4,a_N100_V3+3D,1.7399999778717756
modern,4,a_N100_V3+3D,1.717959064990282
modern,4,a_N100_V3+3D,1.7025830456987023
modern,4,a_N100_V3+3D,1.6905420925468206
modern,4,a_N100_V3+3D,1.7290839459747076
modern,4,a_N100_V3+3D,1.6822079196572304
modern,4,a_N100_V3+3D,1.6721669817343354
modern,4,a_N100_V3+3D,1.6716659301891923
modern,4,a_N100_V3+3D,1.6632919432595372
modern,4,a_N100_V3+3D,1.6604999545961618
modern,4,a_N100_V3+3D,1.6612920444458723
modern,4,a_N100_V3+3D,1.658041961491108
modern,4,a_N100_V3+3D,1.654124935157597
modern,4,a_N100_V3+3D,1.6622920520603657
modern,4,a_N100_V3+3D,1.6657920787110925
modern,4,a_N100_V3+3D,1.6556249465793371
modern,4,a_N100_V3+3D,1.7096250085160136
modern,4,a_N100_V3+3D,1.6629170859232545
modern,4,a_N100_V3+3D,1.6443750355392694
modern,4,a_N100_V3+3D,1.6460000770166516
modern,4,a_N100_V3+3D,1.6680000117048621
modern,4,a_N100_V3+3D,1.6607919242233038
modern,4,a_N100_V3+3D,1.660624984651804
modern,4,a_N100_V3+3D,1.6549580032005906
modern,4,a_N100_V3+3D,1.6735829412937164
modern,4,a_N100_V3+3D,1.6857919981703162
modern,4,a_N100_V3+3D,1.6701249405741692
modern,4,a_N100_V3+3D,1.6647919546812773
modern,4,a_N100_V3+3D,1.641834038309753
modern,4,a_N100_V3+3D,1.6706670867279172
modern,4,a_N100_V3+3D,1.649416983127594
modern,4,a_N100_V3+3D,1.701249973848462
modern,4,a_N100_V3+3D,1.655625062994659
modern,4,a_N100_V3+3D,1.6423750203102827
modern,4,a_N100_V3+3D,1.6454169526696205
modern,4,a_N100_V3+3D,1.6430419636890292
modern,4,a_N100_V3+3D,1.6357500571757555
modern,4,a_N100_V3+3D,1.642916933633387
modern,4,a_N100_V3+3D,1.649332931265235
modern,4,a_N100_V3+3D,1.6372499521821737
modern,4,a_N100_V3+3D,1.6293750377371907
modern,4,a_N100_V3+3D,1.6310829669237137
modern,4,a_N100_V3+3D,1.6323330346494913
modern,4,a_N100_V3+3D,1.628750003874302
modern,4,a_N100_V3+3D,1.9861250184476376
modern,4,a_N100_V3+3D,1.2587080709636211
modern,4,a_N100_V3+3D,1.476417062804103
modern,4,a_N100_V3+3D,1.8089580116793513
modern,4,a_N100_V3+3D,1.5618330799043179
modern,4,a_N100_V3+3D,1.3553339522331953
modern,4,a_N100_V3+3D,1.276249997317791
modern,4,a_N100_V3+3D,2.161291893571615
modern,4,a_N100_V3+3D,1.3724579475820065
modern,4,a_N100_V3+3D,1.329708960838616
modern,4,a_N100_V3+3D,1.2955829733982682
modern,4,a_N100_V3+3D,1.2637079926207662
modern,4,a_N100_V3+3D,1.2528749648481607
modern,4,a_N100_V3+3D,1.285332953557372
modern,4,a_N100_V3+3D,1.2665840331465006
modern,4,a_N100_V3+3D,1.8456249963492155
modern,4,a_N100_V3+3D,1.7913330812007189
modern,4,a_N100_V3+3D,1.7707499209791422
modern,4,a_N100_V3+3D,1.7487910808995366
modern,4,a_N100_V3+3D,1.7524579307064414
modern,4,a_N100_V3+3D,1.7137089744210243
modern,4,a_N100_V3+3D,1.7086250009015203
modern,4,a_N100_V3+3D,1.697832951322198
modern,4,a_N100_V3+3D,1.7340000486001372
modern,4,a_N100_V3+3D,1.7174590611830354
modern,4,a_N100_V3+3D,1.7324580112472177
modern,4,a_N100_V3+3D,1.696542021818459
modern,4,a_N100_V3+3D,1.7015840858221054
modern,4,a_N100_V3+3D,1.6995420446619391
modern,4,a_N100_V3+3D,1.7023340333253145
modern,4,a_N100_V3+3D,1.7177080735564232
modern,4,a_N100_V3+3D,1.7444579862058163
modern,4,a_N100_V3+3D,1.7549589974805713
modern,4,a_N100_V3+3D,1.7093330388888717
modern,4,a_N100_V3+3D,1.6947919502854347
modern,4,a_N100_V3+3D,1.7357500037178397
modern,4,a_N100_V3+3D,1.7020829254761338
modern,4,a_N100_V3+3D,1.709125004708767
modern,4,a_N100_V3+3D,1.6884170472621918
modern,4,a_N100_V3+3D,1.715417020022869
modern,4,a_N100_V3+3D,1.6880830517038703
modern,4,a_N100_V3+3D,1.7017920035868883
modern,4,a_N100_V3+3D,1.6841660253703594
modern,4,a_N100_V3+3D,1.7076670192182064
modern,4,a_N100_V3+3D,1.6767090419307351
modern,4,a_N100_V3+3D,1.7495830543339252
modern,4,a_N100_V3+3D,1.755167031660676
modern,4,a_N100_V3+3D,1.7020419472828507
modern,4,a_N100_V3+3D,1.6852500848472118
modern,4,a_N100_V3+3D,1.7042499966919422
modern,4,a_N100_V3+3D,1.6963749658316374
modern,4,a_N100_V3+3D,1.6849999083206058
modern,4,a_N100_V3+3D,1.6900419723242521
modern,4,a_N100_V3+3D,1.6990839503705502
modern,4,a_N100_V3+3D,1.6599170630797744
modern,4,a_N100_V3+3D,1.7001669621095061
modern,4,a_N100_V3+3D,1.6853749984875321
modern,4,a_N100_V3+3D,1.692499965429306
modern,4,a_N100_V3+3D,1.683125039562583
modern,4,a_N100_V3+3D,1.6611670143902302
modern,4,a_N100_V3+3D,2.233083010651171
modern,4,a_N100_V3+3D,0.8667500223964453
modern,4,a_N100_V3+3D,0.849124975502491
modern,4,a_N100_V3+3D,0.8385000983253121
modern,4,a_N100_V3+3D,0.8247919613495469
modern,4,a_N100_V3+3D,0.8482079720124602
modern,4,a_N100_V3+3D,0.8510409388691187
modern,4,a_N100_V3+3D,0.8365419926121831
modern,4,a_N100_V3+3D,0.8223750628530979
modern,4,a_N100_V3+3D,0.9108340600505471
modern,4,a_N100_V3+3D,0.8280830224975944
modern,4,a_N100_V3+3D,0.8362090447917581
modern,4,a_N100_V3+3D,0.8514580549672246
modern,4,a_N100_V3+3D,0.841583008877933
modern,4,a_N100_V3+3D,0.8324170485138893
modern,4,a_N100_V3+3D,1.830875058658421
modern,4,a_N100_V3+3D,1.7821250949054956
modern,4,a_N100_V3+3D,1.7374170711264014
modern,4,a_N100_V3+3D,1.693874946795404
modern,4,a_N100_V3+3D,1.6801669262349606
modern,4,a_N100_V3+3D,1.6816669376567006
modern,4,a_N100_V3+3D,1.6730839852243662
modern,4,a_N100_V3+3D,1.671458943746984
modern,4,a_N100_V3+3D,1.6692079370841384
modern,4,a_N100_V3+3D,1.7128749750554562
modern,4,a_N100_V3+3D,1.6728750197216868
modern,4,a_N100_V3+3D,1.6635420033708215
modern,4,a_N100_V3+3D,1.65049999486655
modern,4,a_N100_V3+3D,1.7191250808537006
modern,4,a_N100_V3+3D,1.650167047046125
modern,4,a_N100_V3+3D,1.648500096052885
modern,4,a_N100_V3+3D,1.6434590797871351
modern,4,a_N100_V3+3D,1.7119171097874641
modern,4,a_N100_V3+3D,1.638124929741025
modern,4,a_N100_V3+3D,1.6394589329138398
modern,4,a_N100_V3+3D,1.6300829593092203
modern,4,a_N100_V3+3D,1.6261249547824264
modern,4,a_N100_V3+3D,1.6333749517798424
modern,4,a_N100_V3+3D,1.6279579140245914
modern,4,a_N100_V3+3D,1.6262499848380685
modern,4,a_N100_V3+3D,1.6455419827252626
modern,4,a_N100_V3+3D,1.6259580152109265
modern,4,a_N100_V3+3D,1.6319580608978868
modern,4,a_N100_V3+3D,1.6276250826194882
modern,4,a_N100_V3+3D,1.6241250559687614
modern,4,a_N100_V3+3D,1.6153340693563223
modern,4,a_N100_V3+3D,1.9736660178750753
modern,4,a_N100_V3+3D,1.64733303245157
modern,4,a_N100_V3+3D,1.6385000199079514
modern,4,a_N100_V3+3D,1.6632089391350746
modern,4,a_N100_V3+3D,1.6394580015912652
modern,4,a_N100_V3+3D,1.6347499331459403
modern,4,a_N100_V3+3D,1.6283749137073755
modern,4,a_N100_V3+3D,1.6339169815182686
modern,4,a_N100_V3+3D,1.637500012293458
modern,4,a_N100_V3+3D,1.646833959966898
modern,4,a_N100_V3+3D,1.6432079719379544
modern,4,a_N100_V3+3D,1.6300419811159372
modern,4,a_N100_V3+3D,1.6311670187860727
modern,4,a_N100_V3+3D,1.6522500663995743
modern,4,a_N100_V3+3D,1.6603340627625585
modern,4,a_N100_V3+3D,1.6233340138569474
modern,4,a_N100_V3+3D,1.6144170658662915
modern,4,a_N100_V3+3D,1.6350839287042618
modern,4,a_N100_V3+3D,1.630541984923184
modern,4,a_N100_V3+3D,1.6239169053733349
modern,4,a_N100_V3+3D,2.1642500068992376
modern,4,a_N100_V3+3D,1.7202500021085143
modern,4,a_N100_V3+3D,1.6511669382452965
modern,4,a_N100_V3+3D,1.6267079627141356
modern,4,a_N100_V3+3D,1.6503749648109078
modern,4,a_N100_V3+3D,1.6288330079987645
modern,4,a_N100_V3+3D,1.6445419751107693
modern,4,a_N100_V3+3D,1.6522090882062912
modern,4,a_N100_V3+3D,1.6211250331252813
modern,4,a_N100_V3+3D,1.7952079651877284
modern,4,a_N100_V3+3D,1.7792079597711563
modern,4,a_N100_V3+3D,1.7256659921258688
modern,4,a_N100_V3+3D,1.722124987281859
modern,4,a_N100_V3+3D,1.7332499846816063
modern,4,a_N100_V3+3D,1.704790978692472
modern,4,a_N100_V3+3D,1.7222909955307841
modern,4,a_N100_V3+3D,1.6975420294329524
modern,4,a_N100_V3+3D,2.0837500924244523
modern,4,a_N100_V3+3D,1.8117909785360098
modern,4,a_N100_V3+3D,1.7702080076560378
modern,4,a_N100_V3+3D,1.74641702324152
modern,4,a_N100_V3+3D,1.7035410273820162
modern,4,a_N100_V3+3D,1.722749904729426
modern,4,a_N100_V3+3D,1.7034589545801282
modern,4,a_N100_V3+3D,1.7112919595092535
modern,4,a_N100_V3+3D,1.7047079745680094
modern,4,a_N100_V3+3D,1.7591249197721481
modern,4,a_N100_V3+3D,1.7012909520417452
modern,4,a_N100_V3+3D,1.6727920155972242
modern,4,a_N100_V3+3D,1.687792013399303
modern,4,a_N100_V3+3D,1.679208013229072
modern,4,a_N100_V3+3D,1.6946670366451144
modern,4,a_N100_V3+3D,1.6703750006854534
modern,4,a_N100_V3+3D,1.6786659834906459
modern,4,a_N100_V3+3D,1.6876670997589827
modern,4,a_N100_V3+3D,1.6826249193400145
modern,4,a_N100_V3+3D,1.6823750920593739
modern,4,a_N100_V3+3D,1.6750419745221734
modern,4,a_N100_V3+3D,1.6718750121071935
modern,4,a_N100_V3+3D,2.2077079629525542
modern,4,a_N100_V3+3D,0.896250014193356
modern,4,a_N100_V3+3D,0.8709590183570981
modern,4,a_N100_V3+3D,0.8549579652026296
modern,4,a_N100_V3+3D,0.8248749654740095
modern,4,a_N100_V3+3D,0.8137089898809791
modern,4,a_N100_V3+3D,0.8128329645842314
modern,4,a_N100_V3+3D,0.8197079878300428
modern,4,a_N100_V3+3D,0.82716706674546
modern,4,a_N100_V3+3D,0.821000081487
modern,4,a_N100_V3+3D,0.8151670917868614
modern,4,a_N100_V3+3D,0.8111249189823866
modern,4,a_N100_V3+3D,0.8097919635474682
modern,4,a_N100_V3+3D,0.8173329988494515
modern,4,a_N100_V3+3D,0.8076250087469816
modern,4,a_N100_V3+3D,0.8089159382507205
modern,4,a_N100_V3+3D,0.8083329303190112
modern,4,a_N100_V3+3D,0.8033340563997626
modern,4,a_N100_V3+3D,0.8102080319076777
modern,4,a_N100_V3+3D,0.8117080433294177
modern,4,a_N100_V3+3D,0.8084590081125498
modern,4,a_N100_V3+3D,0.8338750340044498
modern,4,a_N100_V3+3D,0.8075829828158021
modern,4,a_N100_V3+3D,0.8171669906005263
modern,4,a_N100_V3+3D,0.8035410428419709
modern,4,a_N100_V3+3D,0.7969581056386232
modern,4,a_N100_V3+3D,0.8016669889912009
modern,4,a_N100_V3+3D,0.8025830611586571
modern,4,a_N100_V3+3D,0.8015839848667383
modern,4,a_N100_V3+3D,0.834624981507659
modern,4,a_N100_V3+3D,1.7987079918384552
modern,4,a_N100_V3+3D,1.820625038817525
modern,4,a_N100_V3+3D,1.722209039144218
modern,4,a_N100_V3+3D,1.7476660432294011
modern,4,a_N100_V3+3D,1.7412080196663737
modern,4,a_N100_V3+3D,1.716666971333325
modern,4,a_N100_V3+3D,1.6910419799387455
modern,4,a_N100_V3+3D,1.710916985757649
modern,4,a_N100_V3+3D,1.6759999562054873
modern,4,a_N100_V3+3D,1.7136660171672702
modern,4,a_N100_V3+3D,1.6898330068215728
modern,4,a_N100_V3+3D,1.6899999463930726
modern,4,a_N100_V3+3D,1.6500420169904828
modern,4,a_N100_V3+3D,1.676916959695518
modern,4,a_N100_V3+3D,1.658458961173892
modern,4,a_N100_V3+3D,1.690792036242783
modern,4,a_N100_V3+3D,1.676292042247951
modern,4,a_N100_V3+3D,1.7283750930801034
modern,4,a_N100_V3+3D,1.685708062723279
modern,4,a_N100_V3+3D,1.7158749978989363
modern,4,a_N100_V3+3D,1.660333015024662
modern,4,a_N100_V3+3D,1.6861669719219208
modern,4,a_N100_V3+3D,1.6579160001128912
modern,4,a_N100_V3+3D,1.65816699154675
modern,4,a_N100_V3+3D,1.665332936681807
modern,4,a_N100_V3+3D,1.6642080154269934
modern,4,a_N100_V3+3D,1.6575839836150408
modern,4,a_N100_V3+3D,1.6810829984024167
modern,4,a_N100_V3+3D,1.6434999415650964
modern,4,a_N100_V3+3D,1.6575839836150408
modern,4,a_N100_V3+3D,1.6582909738644958
modern,4,a_N100_V3+3D,1.7487920122221112
modern,4,a_N100_V3+3D,1.6815420240163803
modern,4,a_N100_V3+3D,1.6995000187307596
modern,4,a_N100_V3+3D,1.6587920254096389
modern,4,a_N100_V3+3D,1.6527919797226787
modern,4,a_N100_V3+3D,1.975208055227995
modern,4,a_N100_V3+3D,1.260666991584003
modern,4,a_N100_V3+3D,1.7106248997151852
modern,4,a_N100_V3+3D,1.3671249616891146
modern,4,a_N100_V3+3D,1.2941670138388872
modern,4,a_N100_V3+3D,1.2576669687405229
modern,4,a_N100_V3+3D,1.2919999426230788
modern,4,a_N100_V3+3D,1.2827919563278556
modern,4,a_N100_V3+3D,1.5917500713840127
modern,4,a_N100_V3+3D,1.3791670789942145
modern,4,a_N100_V3+3D,1.3003329513594508
modern,4,a_N100_V3+3D,1.2790840119123459
modern,4,a_N100_V3+3D,1.3255830854177475
modern,4,a_N100_V3+3D,1.2717500794678926
modern,4,a_N100_V3+3D,1.258416916243732
modern,4,a_N100_V3+3D,1.294375048018992
modern,4,a_N100_V3+3D,1.2490410590544343
modern,4,a_N100_V3+3D,1.2514999834820628
modern,4,a_N100_V3+3D,1.2619999470189214
modern,4,a_N100_V3+3D,1.2502919416874647
modern,4,a_N100_V3+3D,1.2518749572336674
modern,4,a_N100_V3+3D,1.2724170228466392
modern,4,a_N100_V3+3D,1.2382080312818289
modern,4,a_N100_V3+3D,1.384083996526897
modern,4,a_N100_V3+3D,1.8277909839525819
modern,4,a_N100_V3+3D,1.7591669457033277
modern,4,a_N100_V3+3D,1.79387500975281
modern,4,a_N100_V3+3D,1.743874978274107
modern,4,a_N100_V3+3D,1.7021249514073133
modern,4,a_N100_V3+3D,1.7411250155419111
modern,4,a_N100_V3+3D,1.6944579547271132
modern,4,a_N100_V3+3D,1.6917079919949174
modern,4,a_N100_V3+3D,1.683457987383008
modern,4,a_N100_V3+3D,1.6892499988898635
modern,4,a_N100_V3+3D,1.6727499896660447
modern,4,a_N100_V3+3D,1.668916898779571
modern,4,a_N100_V3+3D,1.6673750942572951
modern,4,a_N100_V3+3D,1.6667089657858014
modern,4,a_N100_V3+3D,1.7021249514073133
modern,4,a_N100_V3+3D,1.6763749299570918
modern,4,a_N100_V3+3D,1.677708001807332
modern,4,a_N100_V3+3D,1.7481669783592224
modern,4,a_N100_V3+3D,1.718541025184095
modern,4,a_N100_V3+3D,1.6707079485058784
modern,4,a_N100_V3+3D,1.654874999076128
modern,4,a_N100_V3+3D,1.6832910478115082
modern,4,a_N100_V3+3D,1.6558750066906214
modern,4,a_N100_V3+3D,1.6623340779915452
modern,4,a_N100_V3+3D,1.6661660047248006
modern,4,a_N100_V3+3D,1.666833064518869
modern,4,a_N100_V3+3D,1.6557499766349792
modern,4,a_N100_V3+3D,1.6581660602241755
modern,4,a_N100_V3+3D,1.6629999736323953
modern,4,a_N100_V3+3D,1.654834020882845
modern,4,a_N100_V3+3D,1.6633749473839998
modern,4,a_N100_V3+3D,1.6619169618934393
modern,4,a_N100_V3+3D,2.098417025990784
modern,4,a_N100_V3+3D,1.285000005736947
modern,4,a_N100_V3+3D,1.2615419691428542
modern,4,a_N100_V3+3D,1.240542042069137
modern,4,a_N100_V3+3D,1.2552080443128943
modern,4,a_N100_V3+3D,1.2492500245571136
modern,4,a_N100_V3+3D,1.2640840141102672
modern,4,a_N100_V3+3D,1.2414170196279883
modern,4,a_N100_V3+3D,1.2428330956026912
modern,4,a_N100_V3+3D,1.2338749365881085
modern,4,a_N100_V3+3D,1.2501660967245698
modern,4,a_N100_V3+3D,1.231999951414764
modern,4,a_N100_V3+3D,1.237457967363298
modern,4,a_N100_V3+3D,1.2402079300954938
modern,4,a_N100_V3+3D,1.2399170082062483
modern,4,a_N100_V3+3D,1.2321670074015856
modern,4,a_N100_V3+3D,1.2404159642755985
modern,4,a_N100_V3+3D,1.2241669464856386
modern,4,a_N100_V3+3D,1.2755000498145819
modern,4,a_N100_V3+3D,1.2350829783827066
modern,4,a_N100_V3+3D,1.2299580266699195
modern,4,a_N100_V3+3D,1.2342090485617518
modern,4,a_N100_V3+3D,1.2419159756973386
modern,4,a_N100_V3+3D,1.2539169983938336
modern,4,a_N100_V3+3D,1.2282920069992542
modern,4,a_N100_V3+3D,1.2326668947935104
modern,4,a_N100_V3+3D,1.2165410444140434
modern,4,a_N100_V3+3D,1.239374978467822
modern,4,a_N100_V3+3D,1.8012078944593668
modern,4,a_N100_V3+3D,1.7538750544190407
modern,4,a_N100_V3+3D,1.7431670567020774
modern,4,a_N100_V3+3D,1.7313749995082617
modern,4,a_N100_V3+3D,1.6865840880200267
modern,4,a_N100_V3+3D,1.7077920492738485
modern,4,a_N100_V3+3D,1.7001669621095061
modern,4,a_N100_V3+3D,1.6632089391350746
modern,4,a_N100_V3+3D,1.9568329444155097
modern,4,a_N100_V3+3D,1.938625006005168
modern,4,a_N100_V3+3D,2.201666939072311
modern,4,a_N100_V3+3D,1.8479579593986273
modern,4,a_N100_V3+3D,1.753333956003189
modern,4,a_N100_V3+3D,1.7191669903695583
modern,4,a_N100_V3+3D,1.6926249954849482
modern,4,a_N100_V3+3D,1.7141670687124133
modern,4,a_N100_V3+3D,1.7119579715654254
modern,4,a_N100_V3+3D,1.805374980904162
modern,4,a_N100_V3+3D,1.6917920438572764
modern,4,a_N100_V3+3D,1.6778750577941537
modern,4,a_N100_V3+3D,1.6544170212000608
modern,4,a_N100_V3+3D,1.6902500065043569
modern,4,a_N100_V3+3D,1.6749589703977108
modern,4,a_N100_V3+3D,1.6562080709263682
modern,4,a_N100_V3+3D,1.7747089732438326
modern,4,a_N100_V3+3D,1.8324169795960188
modern,4,a_N100_V3+3D,1.668624929152429
modern,4,a_N100_V3+3D,1.6729999333620071
modern,4,a_N100_V3+3D,1.6770419897511601
modern,4,a_N100_V3+3D,1.6684170113876462
modern,4,a_N100_V3+3D,1.6427920199930668
modern,4,a_N100_V3+3D,1.7197499983012676
modern,4,a_N100_V3+3D,1.7030000453814864
modern,4,a_N100_V3+3D,1.6863750061020255
modern,4,a_N100_V3+3D,1.6616249922662973
modern,4,a_N100_V3+3D,1.6811670502647758
modern,4,a_N100_V3+3D,1.6667499439790845
modern,4,a_N100_V3+3D,1.671458943746984
modern,4,a_N100_V3+3D,1.6531249275431037
modern,4,a_N100_V3+3D,1.6726249596104026
modern,4,a_N100_V3+3D,1.6768749337643385
modern,4,a_N100_V3+3D,1.6626659780740738
modern,4,a_N100_V3+3D,1.6488749533891678
modern,4,a_N100_V3+3D,1.6666250303387642
modern,4,a_N100_V3+3D,1.6316670225933194
modern,4,a_N100_V3+3D,1.683874987065792
modern,4,a_N100_V3+3D,1.6435000579804182
modern,4,a_N100_V3+3D,1.6517500625923276
modern,4,a_N100_V3+3D,1.6696670791134238
modern,4,a_N100_V3+3D,1.673000049777329
modern,4,a_N100_V3+3D,1.6380000161007047
modern,4,a_N100_V3+3D,1.6596249770373106
modern,4,a_N100_V3+3D,1.6359169967472553
modern,4,a_N100_V3+3D,1.6480410704389215
modern,4,a_N100_V3+3D,1.6555000329390168
modern,4,a_N100_V3+3D,1.6760419821366668
modern,4,a_N100_V3+3D,1.6629169695079327
modern,4,a_N100_V3+3D,1.6543340170755982
modern,4,a_N100_V3+3D,1.6626670258119702
modern,4,a_N100_V3+3D,1.6390410019084811
modern,4,a_N100_V3+3D,1.8247079569846392
modern,4,a_N100_V3+3D,1.7542500281706452
modern,4,a_N100_V3+3D,1.727667055092752
modern,4,a_N100_V3+3D,1.7700419994071126
modern,4,a_N100_V3+3D,1.7197920242324471
modern,4,a_N100_V3+3D,1.7023750115185976
modern,4,a_N100_V3+3D,1.7274999991059303
modern,4,a_N100_V3+3D,1.697333063930273
modern,4,a_N100_V3+3D,1.690667006187141
modern,4,a_N100_V3+3D,1.6933329170569777
modern,4,a_N100_V3+3D,1.7070829635486007
modern,4,a_N100_V3+3D,1.6704999143257737
modern,4,a_N100_V3+3D,1.6857919981703162
modern,4,a_N100_V3+3D,1.6694579971954226
modern,4,a_N100_V3+3D,1.6876659356057644
modern,4,a_N100_V3+3D,2.030082978308201
modern,4,a_N100_V3+3D,1.7453329637646675
modern,4,a_N100_V3+3D,1.7593749798834324
modern,4,a_N100_V3+3D,1.6983749810606241
modern,4,a_N100_V3+3D,1.6835000133141875
modern,4,a_N100_V3+3D,1.70345907099545
modern,4,a_N100_V3+3D,1.6817080322653055
modern,4,a_N100_V3+3D,1.6824170015752316
modern,4,a_N100_V3+3D,1.6581249656155705
modern,4,a_N100_V3+3D,1.6919999616220593
modern,4,a_N100_V3+3D,1.7832500161603093
modern,4,a_N100_V3+3D,1.7458749935030937
modern,4,a_N100_V3+3D,1.7137499526143074
modern,4,a_N100_V3+3D,1.684957998804748
modern,4,a_N100_V3+3D,1.6582079697400331
modern,4,a_N100_V3+3D,1.6549170250073075
modern,4,a_N100_V3+3D,1.972332946024835
modern,4,a_N100_V3+3D,1.716375001706183
modern,4,a_N100_V3+3D,1.7763329669833183
modern,4,a_N100_V3+3D,1.6897079767659307
modern,4,a_N100_V3+3D,1.6607079887762666
modern,4,a_N100_V3+3D,1.6972500598058105
modern,4,a_N100_V3+3D,1.6891250852495432
modern,4,a_N100_V3+3D,1.6700000269338489
modern,4,a_N100_V3+3D,1.6676669474691153
modern,4,a_N100_V3+3D,1.6858329763635993
modern,4,a_N100_V3+3D,1.6747090267017484
modern,4,a_N100_V3+3D,1.6852079425007105
modern,4,a_N100_V3+3D,1.6926670214161277
modern,4,a_N100_V3+3D,1.666791969910264
modern,4,a_N100_V3+3D,1.7285830108448863
modern,4,a_N100_V3+3D,1.6772500239312649
modern,4,a_N100_V3+3D,1.6672499477863312
modern,4,a_N100_V3+3D,1.6829579835757613
modern,4,a_N100_V3+3D,2.004625042900443
modern,4,a_N100_V3+3D,1.2860840652137995
modern,4,a_N100_V3+3D,1.2695420300588012
modern,4,a_N100_V3+3D,1.2419159756973386
modern,4,a_N100_V3+3D,1.2852499494329095
modern,4,a_N100_V3+3D,1.25345797277987
modern,4,a_N100_V3+3D,1.2572910636663437
modern,4,a_N100_V3+3D,1.2448750203475356
modern,4,a_N100_V3+3D,1.2394579825922847
modern,4,a_N100_V3+3D,1.2794999638572335
modern,4,a_N100_V3+3D,1.2548340018838644
modern,4,a_N100_V3+3D,1.7740419134497643
modern,4,a_N100_V3+3D,1.7175419488921762
modern,4,a_N100_V3+3D,1.6950410790741444
modern,4,a_N100_V3+3D,1.7044999403879046
modern,4,a_N100_V3+3D,1.6818749718368053
modern,4,a_N100_V3+3D,1.6731249634176493
modern,4,a_N100_V3+3D,1.6656250227242708
modern,4,a_N100_V3+3D,1.6706669703125954
modern,4,a_N100_V3+3D,1.6508330591022968
modern,4,a_N100_V3+3D,1.6622080001980066
modern,4,a_N100_V3+3D,1.6511250287294388
modern,4,a_N100_V3+3D,1.6498330514878035
modern,4,a_N100_V3+3D,1.6445419751107693
modern,4,a_N100_V3+3D,1.7359580378979445
modern,4,a_N100_V3+3D,1.6365409828722477
modern,4,a_N100_V3+3D,1.6492910217493773
modern,4,a_N100_V3+3D,1.644708914682269
modern,4,a_N100_V3+3D,1.69962493237108
modern,4,a_N100_V3+3D,1.638541929423809
modern,4,a_N100_V3+3D,1.6293750377371907
modern,4,a_N100_V3+3D,1.6393749974668026
modern,4,a_N100_V3+3D,1.6500420169904828
modern,4,a_N100_V3+3D,1.6449160175397992
modern,4,a_N100_V3+3D,1.6263750148937106
modern,4,a_N100_V3+3D,1.6273329965770245
modern,4,a_N100_V3+3D,2.3150830529630184
modern,4,a_N100_V3+3D,1.7538330284878612
modern,4,a_N100_V3+3D,1.7010420560836792
modern,4,a_N100_V3+3D,1.690334058366716
modern,4,a_N100_V3+3D,1.6866670921444893
modern,4,a_N100_V3+3D,1.6704589361324906
modern,4,a_N100_V3+3D,1.694166916422546
modern,4,a_N100_V3+3D,1.6483329236507416
modern,4,a_N100_V3+3D,1.7019170336425304
modern,4,a_N100_V3+3D,1.6535419272258878
modern,4,a_N100_V3+3D,1.6513329464942217
modern,4,a_N100_V3+3D,1.656375010497868
modern,4,a_N100_V3+3D,1.643249997869134
modern,4,a_N100_V3+3D,1.6458750469610095
modern,4,a_N100_V3+3D,1.6372919781133533
modern,4,a_N100_V3+3D,1.7125420272350311
modern,4,a_N100_V3+3D,1.64583302102983
modern,4,a_N100_V3+3D,1.6253329813480377
modern,4,a_N100_V3+3D,1.6367920907214284
modern,4,a_N100_V3+3D,1.6440830659121275
modern,4,a_N100_V3+3D,1.6672919737175107
modern,4,a_N100_V3+3D,1.6321669099852443
modern,4,a_N100_V3+3D,1.651583006605506
modern,4,a_N100_V3+3D,1.6297920374199748
modern,4,a_N100_V3+3D,1.9487920217216015
modern,4,a_N100_V3+3D,1.2677919585257769
modern,4,a_N100_V3+3D,1.2303340481594205
modern,4,a_N100_V3+3D,1.2322500115260482
modern,4,a_N100_V3+3D,1.2305830605328083
modern,4,a_N100_V3+3D,1.2282499810680747
modern,4,a_N100_V3+3D,1.208542031235993
modern,4,a_N100_V3+3D,1.3974580215290189
modern,4,a_N100_V3+3D,1.2326659634709358
modern,4,a_N100_V3+3D,1.2180840130895376
modern,4,a_N100_V3+3D,1.2147920206189156
modern,4,a_N100_V3+3D,1.7958329990506172
modern,4,a_N100_V3+3D,1.7498340457677841
modern,4,a_N100_V3+3D,1.7390421126037836
modern,4,a_N100_V3+3D,1.7134170047938824
modern,4,a_N100_V3+3D,1.7647090135142207
modern,4,a_N100_V3+3D,1.687541021965444
modern,4,a_N100_V3+3D,1.7057920340448618
modern,4,a_N100_V3+3D,1.6850000247359276
modern,4,a_N100_V3+3D,1.6971670556813478
modern,4,a_N100_V3+3D,1.674374914728105
modern,4,a_N100_V3+3D,1.6426669899374247
modern,4,a_N100_V3+3D,1.6630419995635748
modern,4,a_N100_V3+3D,1.6771659720689058
modern,4,a_N100_V3+3D,1.663499977439642
modern,4,a_N100_V3+3D,1.673000049777329
modern,4,a_N100_V3+3D,1.6708750044927
modern,4,a_N100_V3+3D,1.6626249998807907
modern,4,a_N100_V3+3D,1.702958019450307
modern,4,a_N100_V3+3D,1.670749974437058
modern,4,a_N100_V3+3D,1.6652500489726663
modern,4,a_N100_V3+3D,1.6729579074308276
modern,4,a_N100_V3+3D,1.6437920276075602
modern,4,a_N100_V3+3D,1.6422499902546406
modern,4,a_N100_V3+3D,1.6758330166339874
modern,4,a_N100_V3+3D,1.6720829298719764
modern,4,a_N100_V3+3D,1.6600419767200947
modern,4,a_N100_V3+3D,1.657332992181182
modern,4,a_N100_V3+3D,1.669666962698102
modern,4,a_N100_V3+3D,1.674500061199069
modern,4,a_N100_V3+3D,1.654667081311345
modern,4,a_N100_V3+3D,1.6518339980393648
modern,4,a_N100_V3+3D,1.6902920324355364
modern,4,a_N100_V3+3D,1.6727920155972242
modern,4,a_N100_V3+3D,1.6655831132084131
modern,4,a_N100_V3+3D,1.671499921940267
modern,4,a_N100_V3+3D,1.6247500898316503
modern,4,a_N100_V3+3D,1.981041976250708
modern,4,a_N100_V3+3D,1.2565839570015669
modern,4,a_N100_V3+3D,1.2644999660551548
modern,4,a_N100_V3+3D,1.2565830256789923
modern,4,a_N100_V3+3D,1.2700420338660479
modern,4,a_N100_V3+3D,1.2326249852776527
modern,4,a_N100_V3+3D,1.249958062544465
modern,4,a_N100_V3+3D,1.2345840223133564
modern,4,a_N100_V3+3D,1.2422919971868396
modern,4,a_N100_V3+3D,1.2469170615077019
modern,4,a_N100_V3+3D,1.2572921114042401
modern,4,a_N100_V3+3D,1.2266670819371939
modern,4,a_N100_V3+3D,1.2812080094590783
modern,4,a_N100_V3+3D,1.2594589497894049
modern,4,a_N100_V3+3D,1.232209033332765
modern,4,a_N100_V3+3D,1.2419159756973386
modern,4,a_N100_V3+3D,1.2379999971017241
modern,4,a_N100_V3+3D,1.2149580288678408
modern,4,a_N100_V3+3D,1.2387499446049333
modern,4,a_N100_V3+3D,1.2257499620318413
modern,4,a_N100_V3+3D,1.2518749572336674
modern,4,a_N100_V3+3D,1.2134159915149212
modern,4,a_N100_V3+3D,1.2275840854272246
modern,4,a_N100_V3+3D,1.2330000754445791
modern,4,a_N100_V3+3D,1.7752499552443624
modern,4,a_N100_V3+3D,1.7232500249519944
modern,4,a_N100_V3+3D,1.7123339930549264
modern,4,a_N100_V3+3D,1.6988749848678708
modern,4,a_N100_V3+3D,1.6973749734461308
modern,4,a_N100_V3+3D,1.673417049460113
modern,4,a_N100_V3+3D,1.663292059674859
modern,4,a_N100_V3+3D,1.6635830979794264
modern,4,a_N100_V3+3D,1.6717499820515513
modern,4,a_N100_V3+3D,1.6659169923514128
modern,4,a_N100_V3+3D,1.6481669154018164
modern,4,a_N100_V3+3D,1.6646248986944556
modern,4,a_N100_V3+3D,1.6778329154476523
modern,4,a_N100_V3+3D,1.664582989178598
modern,4,a_N100_V3+3D,1.6607920406386256
modern,4,a_N100_V3+3D,1.6716669779270887
modern,4,a_N100_V3+3D,1.6514169983565807
modern,4,a_N100_V3+3D,1.718666055239737
modern,4,a_N100_V3+3D,1.6554170288145542
modern,4,a_N100_V3+3D,1.6640420071780682
modern,4,a_N100_V3+3D,1.6529579879716039
modern,4,a_N100_V3+3D,1.6632500337436795
modern,4,a_N100_V3+3D,1.6700830310583115
modern,4,a_N100_V3+3D,1.6661669360473752
modern,4,a_N100_V3+3D,1.6878749011084437
modern,4,a_N100_V3+3D,1.6485420055687428
modern,4,a_N100_V3+3D,1.6630840254947543
modern,4,a_N100_V3+3D,1.6495829913765192
modern,4,a_N100_V3+3D,1.6523749800398946
modern,4,a_N100_V3+3D,1.6252499772235751
modern,4,a_N100_V3+3D,1.709542004391551
modern,4,a_N100_V3+3D,1.703375019133091
modern,4,a_N100_V3+3D,1.6742500010877848
modern,4,a_N100_V3+3D,1.6612909967079759
modern,4,a_N100_V3+3D,1.7001669621095061
modern,4,a_N100_V3+3D,1.6389170195907354
modern,4,a_N100_V3+3D,1.6485410742461681
modern,4,a_N100_V3+3D,1.6422499902546406
modern,4,a_N100_V3+3D,1.6582919051870704
modern,4,a_N100_V3+3D,1.6497080214321613
modern,4,a_N100_V3+3D,1.6307079931721091
modern,4,a_N100_V3+3D,1.6576249618083239
modern,4,a_N100_V3+3D,1.6352079110220075
modern,4,a_N100_V3+3D,1.6530000139027834
modern,4,a_N100_V3+3D,1.6420419560745358
modern,4,a_N100_V3+3D,1.6774579416960478
modern,4,a_N100_V3+3D,1.6400000313296914
modern,4,a_N100_V3+3D,1.6787090571597219
modern,4,a_N100_V3+3D,1.6297079855576158
modern,4,a_N100_V3+3D,1.6402920009568334
modern,4,a_N100_V3+3D,1.6279170522466302
modern,4,a_N100_V3+3D,1.62491702940315
modern,4,a_N100_V3+3D,1.6471659764647484
modern,4,a_N100_V3+3D,1.6421249601989985
modern,4,a_N100_V3+3D,2.047416055575013
modern,4,a_N100_V3+3D,1.7950829351320863
modern,4,a_N100_V3+3D,1.7464589327573776
modern,4,a_N100_V3+3D,1.7328750109300017
modern,4,a_N100_V3+3D,1.7187920166179538
modern,4,a_N100_V3+3D,1.720083993859589
modern,4,a_N100_V3+3D,1.7810409190133214
modern,4,a_N100_V3+3D,1.7581669380888343
modern,4,a_N100_V3+3D,1.756165991537273
modern,4,a_N100_V3+3D,1.7198750283569098
modern,4,a_N100_V3+3D,1.7269999952986836
modern,4,a_N100_V3+3D,1.7582500586286187
modern,4,a_N100_V3+3D,1.6929999692365527
modern,4,a_N100_V3+3D,1.6801670426502824
modern,4,a_N100_V3+3D,1.6728750197216868
modern,4,a_N100_V3+3D,1.67291599791497
modern,4,a_N100_V3+3D,1.6724170418456197
modern,4,a_N100_V3+3D,1.6784999752417207
modern,4,a_N100_V3+3D,1.6648750752210617
modern,4,a_N100_V3+3D,1.6676669474691153
modern,4,a_N100_V3+3D,1.6852919943630695
modern,4,a_N100_V3+3D,1.682582893408835
modern,4,a_N100_V3+3D,1.673624967224896
modern,4,a_N100_V3+3D,1.7112500499933958
modern,4,a_N100_V3+3D,1.6548329731449485
modern,4,a_N100_V3+3D,1.6542909434065223
modern,4,a_N100_V3+3D,1.6640420071780682
modern,4,a_N100_V3+3D,1.6527499537914991
modern,4,a_N100_V3+3D,1.6533330781385303
modern,4,a_N100_V3+3D,1.6588340513408184
modern,4,a_N100_V3+3D,1.6620829701423645
modern,4,a_N100_V3+3D,1.6477080062031746
modern,4,a_N100_V3+3D,1.661666901782155
modern,4,a_N100_V3+3D,1.6499588964506984
modern,4,a_N100_V3+3D,1.6628749435767531
modern,4,a_N100_V3+3D,1.6520420322194695
modern,4,a_N100_V3+3D,1.66637497022748
modern,4,a_N100_V3+3D,1.6804999904707074
modern,4,a_N100_V3+3D,1.654874999076128
modern,4,a_N100_V3+3D,1.673624967224896
modern,4,a_N100_V3+3D,1.987457973882556
modern,4,a_N100_V3+3D,1.309499959461391
modern,4,a_N100_V3+3D,1.2482500169426203
modern,4,a_N100_V3+3D,1.2511670356616378
modern,4,a_N100_V3+3D,1.2412500800564885
modern,4,a_N100_V3+3D,1.2307909782975912
modern,4,a_N100_V3+3D,1.2418330879881978
modern,4,a_N100_V3+3D,1.2493339600041509
modern,4,a_N100_V3+3D,1.6210000030696392
modern,4,a_N100_V3+3D,1.941041904501617
modern,4,a_N100_V3+3D,1.4668339863419533
modern,4,a_N100_V3+3D,1.3153329491615295
modern,4,a_N100_V3+3D,1.2974579585716128
modern,4,a_N100_V3+3D,1.2841250281780958
modern,4,a_N100_V3+3D,1.2731249444186687
modern,4,a_N100_V3+3D,1.3139999937266111
modern,4,a_N100_V3+3D,1.2876250548288226
modern,4,a_N100_V3+3D,1.2625829549506307
modern,4,a_N100_V3+3D,1.2557919835671782
modern,4,a_N100_V3+3D,1.2527090730145574
modern,4,a_N100_V3+3D,1.2496249983087182
modern,4,a_N100_V3+3D,1.2440839782357216
modern,4,a_N100_V3+3D,1.2558749876916409
modern,4,a_N100_V3+3D,1.2382080312818289
modern,4,a_N100_V3+3D,1.2539169983938336
modern,4,a_N100_V3+3D,1.2555839493870735
modern,4,a_N100_V3+3D,1.817750046029687
modern,4,a_N100_V3+3D,1.786166918464005
modern,4,a_N100_V3+3D,1.7417500494048
modern,4,a_N100_V3+3D,1.722124987281859
modern,4,a_N100_V3+3D,1.7024580156430602
modern,4,a_N100_V3+3D,1.7675419803708792
modern,4,a_N100_V3+3D,1.719958963803947
modern,4,a_N100_V3+3D,1.7090829787775874
modern,4,a_N100_V3+3D,1.6914590960368514
modern,4,a_N100_V3+3D,1.7067500157281756
modern,4,a_N100_V3+3D,1.6959169879555702
modern,4,a_N100_V3+3D,2.210833947174251
modern,4,a_N100_V3+3D,1.7863750690594316
modern,4,a_N100_V3+3D,1.735582947731018
modern,4,a_N100_V3+3D,1.7082500271499157
modern,4,a_N100_V3+3D,1.7213328974321485
modern,4,a_N100_V3+3D,1.68524996843189
modern,4,a_N100_V3+3D,1.9672500202432275
modern,4,a_N100_V3+3D,1.7152909422293305
modern,4,a_N100_V3+3D,1.695042010396719
modern,4,a_N100_V3+3D,1.6926670214161277
modern,4,a_N100_V3+3D,1.694333041086793
modern,4,a_N100_V3+3D,1.6886249650269747
modern,4,a_N100_V3+3D,1.683874987065792
modern,4,a_N100_V3+3D,1.664416049607098
modern,4,a_N100_V3+3D,1.6818330623209476
modern,4,a_N100_V3+3D,1.6812089597806334
modern,4,a_N100_V3+3D,1.676624990068376
modern,4,a_N100_V3+3D,1.664999988861382
modern,4,a_N100_V3+3D,1.6714169178158045
modern,4,a_N100_V3+3D,1.6558748902752995
modern,4,a_N100_V3+3D,1.6605829587206244
modern,4,a_N100_V3+3D,1.707750023342669
modern,4,a_N100_V3+3D,1.672165933996439
modern,4,a_N100_V3+3D,1.6504579689353704
modern,4,a_N100_V3+3D,1.6920840134844184
modern,4,a_N100_V3+3D,1.691750017926097
modern,4,a_N100_V3+3D,1.6909580444917083
modern,4,a_N100_V3+3D,1.6761249862611294
modern,4,a_N100_V3+3D,1.6727909678593278
modern,4,a_N100_V3+3D,1.6572920139878988
modern,4,a_N100_V3+3D,1.6780419973656535
modern,4,a_N100_V3+3D,1.667457981966436
modern,4,a_N100_V3+3D,1.677249907515943
modern,4,a_N100_V3+3D,1.659958972595632
modern,4,a_N100_V3+3D,1.6642909031361341
modern,4,a_N100_V3+3D,1.7061670077964664
modern,4,a_N100_V3+3D,2.045874949544668
modern,4,a_N100_V3+3D,1.8052499508485198
modern,4,a_N100_V3+3D,1.764124957844615
modern,4,a_N100_V3+3D,1.7015839694067836
modern,4,a_N100_V3+3D,1.7287499504163861
modern,4,a_N100_V3+3D,1.7065409338101745
modern,4,a_N100_V3+3D,1.7043750267475843
modern,4,a_N100_V3+3D,1.6811250243335962
modern,4,a_N100_V3+3D,1.705958042293787
modern,4,a_N100_V3+3D,1.7017910722643137
modern,4,a_N100_V3+3D,1.6906660748645663
modern,4,a_N100_V3+3D,1.67908298317343
modern,4,a_N100_V3+3D,1.7042920226231217
modern,4,a_N100_V3+3D,1.8082500901073217
modern,4,a_N100_V3+3D,1.8072500824928284
modern,4,a_N100_V3+3D,1.7332090064883232
modern,4,a_N100_V3+3D,1.7103749560192227
modern,4,a_N100_V3+3D,1.7270829994231462
modern,4,a_N100_V3+3D,1.7387090483680367
modern,4,a_N100_V3+3D,1.6958749620243907
modern,4,a_N100_V3+3D,1.724999980069697
modern,4,a_N100_V3+3D,1.7246250063180923
modern,4,a_N100_V3+3D,1.7832500161603093
modern,4,a_N100_V3+3D,1.6837500734254718
modern,4,a_N100_V3+3D,1.6834160778671503
modern,4,a_N100_V3+3D,1.6752500087022781
modern,4,a_N100_V3+3D,1.691750017926097
modern,4,a_N100_V3+3D,1.7145839519798756
modern,4,a_N100_V3+3D,1.6930410638451576
modern,4,a_N100_V3+3D,1.7471249448135495
modern,4,a_N100_V3+3D,1.7108749598264694
modern,4,a_N100_V3+3D,1.6882909694686532
modern,4,a_N100_V3+3D,1.6728329937905073
modern,4,a_N100_V3+3D,1.6775419935584068
modern,4,a_N100_V3+3D,1.6720829298719764
modern,4,a_N100_V3+3D,1.676624990068376
modern,4,a_N100_V3+3D,1.673417049460113
modern,4,a_N100_V3+3D,1.6609589802101254
modern,4,a_N100_V3+3D,1.6584580298513174
modern,4,a_N100_V3+3D,1.644709031097591
modern,4,a_N100_V3+3D,1.6477080062031746
modern,4,a_N100_V3+3D,1.649875077418983
modern,4,a_N100_V3+3D,1.6454589786008
modern,4,a_N100_V3+3D,1.9773339154198766
modern,4,a_N100_V3+3D,1.3145830016583204
modern,4,a_N100_V3+3D,1.2775829527527094
modern,4,a_N100_V3+3D,1.254540984518826
modern,4,a_N100_V3+3D,1.2575829168781638
modern,4,a_N100_V3+3D,1.317166956141591
modern,4,a_N100_V3+3D,1.2790410546585917
modern,4,a_N100_V3+3D,1.2478330172598362
modern,4,a_N100_V3+3D,1.253542024642229
modern,4,a_N100_V3+3D,1.2419999111443758
modern,4,a_N100_V3+3D,1.219416968524456
modern,4,a_N100_V3+3D,1.2584170326590538
modern,4,a_N100_V3+3D,1.2312920298427343
modern,4,a_N100_V3+3D,1.2550000101327896
modern,4,a_N100_V3+3D,1.2732499744743109
modern,4,a_N100_V3+3D,1.5348329907283187
modern,4,a_N100_V3+3D,0.8655419806018472
modern,4,a_N100_V3+3D,0.8323750225827098
modern,4,a_N100_V3+3D,0.8178330026566982
modern,4,a_N100_V3+3D,0.8449999149888754
modern,4,a_N100_V3+3D,0.8314589504152536
modern,4,a_N100_V3+3D,0.8204999612644315
modern,4,a_N100_V3+3D,0.8818749338388443
modern,4,a_N100_V3+3D,0.8069169707596302
modern,4,a_N100_V3+3D,0.8141669677570462
modern,4,a_N100_V3+3D,0.803167000412941
modern,4,a_N100_V3+3D,0.8164590690284967
modern,4,a_N100_V3+3D,0.8107500616461039
modern,4,a_N100_V3+3D,0.8127910550683737
modern,4,a_N100_V3+3D,0.8193750400096178
modern,4,a_N100_V3+3D,1.765332999639213
modern,4,a_N100_V3+3D,1.722250017337501
modern,4,a_N100_V3+3D,1.7006660345941782
modern,4,a_N100_V3+3D,1.7127500614151359
modern,4,a_N100_V3+3D,1.681458088569343
modern,4,a_N100_V3+3D,1.665332936681807
modern,4,a_N100_V3+3D,1.715040998533368
modern,4,a_N100_V3+3D,1.6695419326424599
modern,4,a_N100_V3+3D,1.6590419691056013
modern,4,a_N100_V3+3D,1.6690419288352132
modern,4,a_N100_V3+3D,1.665416988544166
modern,4,a_N100_V3+3D,1.6522499499842525
modern,4,a_N100_V3+3D,1.6592920292168856
modern,4,a_N100_V3+3D,1.6789169749245048
modern,4,a_N100_V3+3D,1.642166986130178
modern,4,a_N100_V3+3D,1.7147910548374057
modern,4,a_N100_V3+3D,1.647709053941071
modern,4,a_N100_V3+3D,1.643375027924776
modern,4,a_N100_V3+3D,1.6361669404432178
modern,4,a_N100_V3+3D,1.6408750088885427
modern,4,a_N100_V3+3D,1.6449580434709787
modern,4,a_N100_V3+3D,1.6412499826401472
modern,4,a_N100_V3+3D,1.6336669214069843
modern,4,a_N100_V3+3D,1.6546249389648438
modern,4,a_N100_V3+3D,1.6412090044468641
modern,4,a_N100_V3+3D,1.6446670051664114
modern,4,a_N100_V3+3D,1.633582985959947
modern,4,a_N100_V3+3D,1.6466249944642186
modern,4,a_N100_V3+3D,1.654583029448986
modern,4,a_N100_V3+3D,1.6700000269338489
modern,4,a_N100_V3+3D,1.6923750517889857
modern,4,a_N100_V3+3D,1.667959033511579
modern,4,a_N100_V3+3D,1.6317080007866025
modern,4,a_N100_V3+3D,1.6399160958826542
modern,4,a_N100_V3+3D,1.6379168955609202
modern,4,a_N100_V3+3D,1.639916910789907
modern,4,a_N100_V3+3D,1.6758749261498451
modern,4,a_N100_V3+3D,1.652624923735857
modern,4,a_N100_V3+3D,1.632041996344924
modern,4,a_N100_V3+3D,1.6416669823229313
modern,4,a_N100_V3+3D,1.6390839591622353
modern,4,a_N100_V3+3D,1.6571659361943603
modern,4,a_N100_V3+3D,1.6468750545755029
modern,4,a_N100_V3+3D,1.996584003791213
modern,4,a_N100_V3+3D,1.29258306697011
modern,4,a_N100_V3+3D,1.2361250119283795
modern,4,a_N100_V3+3D,1.2238750932738185
modern,4,a_N100_V3+3D,1.2219580821692944
modern,4,a_N100_V3+3D,1.2229589046910405
modern,4,a_N100_V3+3D,1.2185830855742097
modern,4,a_N100_V3+3D,1.2127079535275698
modern,4,a_N100_V3+3D,1.2169589754194021
modern,4,a_N100_V3+3D,1.2234169989824295
modern,4,a_N100_V3+3D,1.2217919575050473
modern,4,a_N100_V3+3D,1.2186249950900674
modern,4,a_N100_V3+3D,1.216457923874259
modern,4,a_N100_V3+3D,1.2188330292701721
modern,4,a_N100_V3+3D,1.2167500099167228
modern,4,a_N100_V3+3D,1.2294590706005692
modern,4,a_N100_V3+3D,1.2104579946026206
modern,4,a_N100_V3+3D,1.8042089650407434
modern,4,a_N100_V3+3D,1.7958339303731918
modern,4,a_N100_V3+3D,1.7800419591367245
modern,4,a_N100_V3+3D,1.70729192905128
modern,4,a_N100_V3+3D,1.7578339902684093
modern,4,a_N100_V3+3D,1.7412080196663737
modern,4,a_N100_V3+3D,1.7587499460205436
modern,4,a_N100_V3+3D,1.7024170374497771
modern,4,a_N100_V3+3D,1.7049169400706887
modern,4,a_N100_V3+3D,1.6820000018924475
modern,4,a_N100_V3+3D,1.7100840341299772
modern,4,a_N100_V3+3D,1.7091670306399465
modern,4,a_N100_V3+3D,1.662916038185358
modern,4,a_N100_V3+3D,1.6821670578792691
modern,4,a_N100_V3+3D,1.7050830647349358
modern,4,a_N100_V3+3D,1.6764580504968762
modern,4,a_N100_V3+3D,1.7535000806674361
modern,4,a_N100_V3+3D,1.8121670000255108
modern,4,a_N100_V3+3D,1.709874952211976
modern,4,a_N100_V3+3D,1.6515839379280806
modern,4,a_N100_V3+3D,1.6975000035017729
modern,4,a_N100_V3+3D,1.6646250151097775
modern,4,a_N100_V3+3D,1.710916985757649
modern,4,a_N100_V3+3D,1.6724580200389028
modern,4,a_N100_V3+3D,1.6843749908730388
modern,4,a_N100_V3+3D,1.6608750447630882
modern,4,a_N100_V3+3D,1.6875420697033405
modern,4,a_N100_V3+3D,1.6825830098241568
modern,4,a_N100_V3+3D,1.6948750708252192
modern,4,a_N100_V3+3D,1.6738330014050007
modern,4,a_N100_V3+3D,1.6681249253451824
modern,4,a_N100_V3+3D,1.6807919600978494
modern,4,a_N100_V3+3D,1.720957923680544
modern,4,a_N100_V3+3D,1.7187920166179538
modern,4,a_N100_V3+3D,1.7041249666363
modern,4,a_N100_V3+3D,1.6907919198274612
modern,4,a_N100_V3+3D,1.6959159402176738
modern,4,a_N100_V3+3D,1.6742500010877848
modern,4,a_N100_V3+3D,1.6557920025661588
modern,4,a_N100_V3+3D,1.689292024821043
modern,4,a_N100_V3+3D,1.650916994549334
modern,4,a_N100_V3+3D,1.6588750295341015
modern,4,a_N100_V3+3D,1.6723750159144402
modern,4,a_N100_V3+3D,1.6387089854106307
modern,4,a_N100_V3+3D,1.684500020928681
modern,4,a_N100_V3+3D,2.1153748966753483
modern,4,a_N100_V3+3D,1.2852089712396264
modern,4,a_N100_V3+3D,1.2405840680003166
modern,4,a_N100_V3+3D,1.2645840179175138
modern,4,a_N100_V3+3D,1.2544159544631839
modern,4,a_N100_V3+3D,1.2556669535115361
modern,4,a_N100_V3+3D,1.2797919334843755
modern,4,a_N100_V3+3D,1.2765839928761125
modern,4,a_N100_V3+3D,1.243624952621758
modern,4,a_N100_V3+3D,1.2348329182714224
modern,4,a_N100_V3+3D,1.2455419637262821
modern,4,a_N100_V3+3D,1.2336670188233256
modern,4,a_N100_V3+3D,1.9855420105159283
modern,4,a_N100_V3+3D,1.358833978883922
modern,4,a_N100_V3+3D,1.2903750175610185
modern,4,a_N100_V3+3D,1.7885840497910976
modern,4,a_N100_V3+3D,1.791666029021144
modern,4,a_N100_V3+3D,1.7431670567020774
modern,4,a_N100_V3+3D,1.7175000393763185
modern,4,a_N100_V3+3D,1.7070838948711753
modern,4,a_N100_V3+3D,1.688291085883975
modern,4,a_N100_V3+3D,1.6666669398546219
modern,4,a_N100_V3+3D,1.744916895404458
modern,4,a_N100_V3+3D,1.6665839357301593
modern,4,a_N100_V3+3D,1.6853749984875321
modern,4,a_N100_V3+3D,1.6690419288352132
modern,4,a_N100_V3+3D,2.121084020473063
modern,4,a_N100_V3+3D,1.7227500211447477
modern,4,a_N100_V3+3D,1.6652499325573444
modern,4,a_N100_V3+3D,1.6786250052973628
modern,4,a_N100_V3+3D,1.6700000269338489
modern,4,a_N100_V3+3D,1.6898750327527523
modern,4,a_N100_V3+3D,1.7209580400958657
modern,4,a_N100_V3+3D,1.6632080078125
modern,4,a_N100_V3+3D,1.674917060881853
modern,4,a_N100_V3+3D,1.6849589301273227
modern,4,a_N100_V3+3D,1.6395829152315855
modern,4,a_N100_V3+3D,1.650625024922192
modern,4,a_N100_V3+3D,1.6480829799547791
modern,4,a_N100_V3+3D,1.6356250271201134
modern,4,a_N100_V3+3D,1.6588749131187797
modern,4,a_N100_V3+3D,1.6619159141555429
modern,4,a_N100_V3+3D,1.650791964493692
modern,4,a_N100_V3+3D,1.648374949581921
modern,4,a_N100_V3+3D,1.6360420268028975
modern,4,a_N100_V3+3D,1.6503329388797283
modern,4,a_N100_V3+3D,1.6851669643074274
modern,4,a_N100_V3+3D,1.649833982810378
modern,4,a_N100_V3+3D,1.6718750121071935
modern,4,a_N100_V3+3D,1.6789999790489674
modern,4,a_N100_V3+3D,1.6464589862152934
modern,4,a_N100_V3+3D,1.9557499326765537
modern,4,a_N100_V3+3D,1.2587079545482993
modern,4,a_N100_V3+3D,1.240708981640637
modern,4,a_N100_V3+3D,1.2458749115467072
modern,4,a_N100_V3+3D,1.2313749175518751
modern,4,a_N100_V3+3D,1.2188339605927467
modern,4,a_N100_V3+3D,1.2242919765412807
modern,4,a_N100_V3+3D,1.2331249890848994
modern,4,a_N100_V3+3D,1.2365420116111636
modern,4,a_N100_V3+3D,1.2315830681473017
modern,4,a_N100_V3+3D,1.2357080122455955
modern,4,a_N100_V3+3D,1.2265840778127313
modern,4,a_N100_V3+3D,1.2708749854937196
modern,4,a_N100_V3+3D,1.2453329982236028
modern,4,a_N100_V3+3D,1.221541897393763
modern,4,a_N100_V3+3D,1.2036249972879887
modern,4,a_N100_V3+3D,1.2897079577669501
modern,4,a_N100_V3+3D,1.2152920244261622
modern,4,a_N100_V3+3D,1.2224169913679361
modern,4,a_N100_V3+3D,1.2374590151011944
modern,4,a_N100_V3+3D,1.2143750209361315
modern,4,a_N100_V3+3D,1.2239579809829593
modern,4,a_N100_V3+3D,1.2152920244261622
modern,4,a_N100_V3+3D,1.206291955895722
modern,4,a_N100_V3+3D,1.763541018590331
modern,4,a_N100_V3+3D,1.7317499732598662
modern,4,a_N100_V3+3D,1.7115409718826413
modern,4,a_N100_V3+3D,1.6902920324355364
modern,4,a_N100_V3+3D,1.6815830022096634
modern,4,a_N100_V3+3D,1.6766670159995556
modern,4,a_N100_V3+3D,1.6656670486554503
modern,4,a_N100_V3+3D,1.6877501038834453
modern,4,a_N100_V3+3D,1.6781669110059738
modern,4,a_N100_V3+3D,1.666958094574511
modern,4,a_N100_V3+3D,1.6632919432595372
modern,4,a_N100_V3+3D,1.6675000078976154
modern,4,a_N100_V3+3D,1.7279579769819975
modern,4,a_N100_V3+3D,1.7082500271499157
modern,4,a_N100_V3+3D,1.6510840505361557
modern,4,a_N100_V3+3D,1.6508330591022968
modern,4,a_N100_V3+3D,1.646582968533039
modern,4,a_N100_V3+3D,1.9691670313477516
modern,4,a_N100_V3+3D,1.661833026446402
modern,4,a_N100_V3+3D,1.6592079773545265
modern,4,a_N100_V3+3D,1.8067080527544022
modern,4,a_N100_V3+3D,1.6620830865576863
modern,4,a_N100_V3+3D,1.6621670220047235
modern,4,a_N100_V3+3D,1.6418339218944311
modern,4,a_N100_V3+3D,1.6711249481886625
modern,4,a_N100_V3+3D,1.6458749305456877
modern,4,a_N100_V3+3D,1.6437090234830976
modern,4,a_N100_V3+3D,1.6393749974668026
modern,4,a_N100_V3+3D,1.6411659307777882
modern,4,a_N100_V3+3D,1.6399590531364083
modern,4,a_N100_V3+3D,1.6568329883739352
modern,4,a_N100_V3+3D,1.6575419576838613
modern,4,a_N100_V3+3D,1.6921249916777015
modern,4,a_N100_V3+3D,1.6460410552099347
modern,4,a_N100_V3+3D,1.642958028241992
modern,4,a_N100_V3+3D,1.6377500724047422
modern,4,a_N100_V3+3D,1.6448750393465161
modern,4,a_N100_V3+3D,1.6729999333620071
modern,4,a_N100_V3+3D,1.6399589367210865
modern,4,a_N100_V3+3D,1.65350001771003
modern,4,a_N100_V3+3D,1.6386249335482717
modern,4,a_N100_V3+3D,1.6333339735865593
modern,4,a_N100_V3+3D,1.6442920314148068
modern,4,a_N100_V3+3D,1.6514159506186843
modern,4,a_N100_V3+3D,1.6535839531570673
modern,4,a_N100_V3+3D,1.6688749892637134
modern,4,a_N100_V3+3D,1.6683329595252872
modern,4,a_N100_V3+3D,1.631665974855423
modern,4,a_N100_V3+3D,1.641875016503036
modern,4,a_N100_V3+3D,1.9541250076144934
modern,4,a_N100_V3+3D,1.2682500528171659
modern,4,a_N100_V3+3D,1.2358330423012376
modern,4,a_N100_V3+3D,1.3336250558495522
modern,4,a_N100_V3+3D,1.2376250233501196
modern,4,a_N100_V3+3D,1.2306669959798455
modern,4,a_N100_V3+3D,1.5440419083461165
modern,4,a_N100_V3+3D,1.2290839804336429
modern,4,a_N100_V3+3D,1.238625030964613
modern,4,a_N100_V3+3D,1.2278750073164701
modern,4,a_N100_V3+3D,1.221291022375226
modern,4,a_N100_V3+3D,1.7933750059455633
modern,4,a_N100_V3+3D,1.7249580705538392
modern,4,a_N100_V3+3D,1.7025000415742397
modern,4,a_N100_V3+3D,1.6888329992070794
modern,4,a_N100_V3+3D,1.6802920727059245
modern,4,a_N100_V3+3D,1.6606670105829835
modern,4,a_N100_V3+3D,1.6571249580010772
modern,4,a_N100_V3+3D,1.6516249161213636
modern,4,a_N100_V3+3D,1.651249942369759
modern,4,a_N100_V3+3D,1.6554580070078373
modern,4,a_N100_V3+3D,1.6485420055687428
modern,4,a_N100_V3+3D,1.6445840010419488
modern,4,a_N100_V3+3D,1.6471249982714653
modern,4,a_N100_V3+3D,1.6500829951837659
modern,4,a_N100_V3+3D,1.6439580358564854
modern,4,a_N100_V3+3D,1.6797500429674983
modern,4,a_N100_V3+3D,1.7166250618174672
modern,4,a_N100_V3+3D,1.681625028140843
modern,4,a_N100_V3+3D,1.6462920466437936
modern,4,a_N100_V3+3D,1.6687080496922135
modern,4,a_N100_V3+3D,1.6587089048698545
modern,4,a_N100_V3+3D,1.6600419767200947
modern,4,a_N100_V3+3D,1.6552089946344495
modern,4,a_N100_V3+3D,1.6702499706298113
modern,4,a_N100_V3+3D,1.646250020712614
modern,4,a_N100_V3+3D,1.6697919927537441
modern,4,a_N100_V3+3D,1.637500012293458
modern,4,a_N100_V3+3D,1.9447909435257316
modern,4,a_N100_V3+3D,1.6629589954391122
modern,4,a_N100_V3+3D,1.6467090463265777
modern,4,a_N100_V3+3D,1.7476249486207962
modern,4,a_N100_V3+3D,1.7412920715287328
modern,4,a_N100_V3+3D,1.6496250173076987
modern,4,a_N100_V3+3D,1.6801250167191029
modern,4,a_N100_V3+3D,1.6376670682802796
modern,4,a_N100_V3+3D,1.6479999758303165
modern,4,a_N100_V3+3D,1.661374932155013
modern,4,a_N100_V3+3D,1.6419579042121768
modern,4,a_N100_V3+3D,1.671500038355589
modern,4,a_N100_V3+3D,1.6665830044075847
modern,4,a_N100_V3+3D,1.6299579292535782
modern,4,a_N100_V3+3D,1.6555410111323
modern,4,a_N100_V3+3D,1.6511250287294388
modern,4,a_N100_V3+3D,1.6535420436412096
modern,4,a_N100_V3+3D,1.6209159512072802
modern,4,a_N100_V3+3D,1.6710830386728048
modern,4,a_N100_V3+3D,1.6557920025661588
modern,4,a_N100_V3+3D,1.6607920406386256
modern,4,a_N100_V3+3D,1.6359580913558602
modern,4,a_N100_V3+3D,1.6482500359416008
modern,4,a_N100_V3+3D,1.6312499064952135
modern,4,a_N100_V3+3D,1.642166986130178
modern,4,a_N100_V3+3D,1.6508750850334764
modern,4,a_N100_V3+3D,1.6691669588908553
modern,4,a_N100_V3+3D,1.6423750203102827
modern,4,a_N100_V3+3D,1.661374932155013
modern,4,a_N100_V3+3D,1.6471670242026448
modern,4,a_N100_V3+3D,1.6522500663995743
modern,4,a_N100_V3+3D,1.655583968386054
modern,4,a_N100_V3+3D,1.6591669991612434
modern,4,a_N100_V3+3D,2.1430000197142363
modern,4,a_N100_V3+3D,2.0923749543726444
modern,4,a_N100_V3+3D,1.7867919523268938
modern,4,a_N100_V3+3D,1.9732079235836864
modern,4,a_N100_V3+3D,1.9696669187396765
modern,4,a_N100_V3+3D,1.9727499457076192
modern,4,a_N100_V3+3D,1.3947919942438602
modern,4,a_N100_V3+3D,1.5476250555366278
modern,4,a_N100_V3+3D,1.6017500311136246
modern,4,a_N100_V3+3D,1.5908749774098396
modern,4,a_N100_V3+3D,1.5123329358175397
modern,4,a_N100_V3+3D,1.3787089847028255
modern,4,a_N100_V3+3D,1.4977080281823874
modern,4,a_N100_V3+3D,1.3688330072909594
modern,4,a_N100_V3+3D,1.2808749452233315
modern,4,a_N100_V3+3D,1.4823329402133822
modern,4,a_N100_V3+3D,1.5774579951539636
modern,4,a_N100_V3+3D,1.2882089940831065
modern,4,a_N100_V3+3D,1.6004579374566674
modern,4,a_N100_V3+3D,1.611792016774416
modern,4,a_N100_V3+3D,1.4731669798493385
modern,4,a_N100_V3+3D,1.411292003467679
modern,4,a_N100_V3+3D,1.385000068694353
modern,4,a_N100_V3+3D,1.5713339671492577
modern,4,a_N100_V3+3D,1.3274160446599126
modern,4,a_N100_V3+3D,1.2724580010399222
modern,4,a_N100_V3+3D,1.2682500528171659
modern,4,a_N100_V3+3D,1.3578750658780336
modern,4,a_N100_V3+3D,1.2641670182347298
modern,4,a_N100_V3+3D,1.3726669130846858
modern,4,a_N100_V3+3D,1.7115410882979631
modern,4,a_N100_V3+3D,1.5168749960139394
modern,4,a_N100_V3+3D,1.2897079577669501
modern,4,a_N100_V3+3D,1.2784579303115606
modern,4,a_N100_V3+3D,1.5098329167813063
modern,4,a_N100_V3+3D,1.5685409307479858
modern,4,a_N100_V3+3D,1.5236249892041087
modern,4,a_N100_V3+3D,1.5203329967334867
modern,4,a_N100_V3+3D,1.6163750551640987
modern,4,a_N100_V3+3D,1.3547500129789114
modern,4,a_N100_V3+3D,1.5928329667076468
modern,4,a_N100_V3+3D,1.7951249610632658
modern,4,a_N100_V3+3D,1.078665954992175
modern,4,a_N100_V3+3D,1.0511670261621475
modern,4,a_N100_V3+3D,1.665875082835555
modern,4,a_N100_V3+3D,0.9871668880805373
modern,4,a_N100_V3+3D,1.1342919897288084
modern,4,a_N100_V3+3D,1.104332972317934
modern,4,a_N100_V3+3D,1.1025419225916266
modern,4,a_N100_V3+3D,1.0797081049531698
modern,4,a_N100_V3+3D,1.085959025658667
modern,4,a_N100_V3+3D,1.0701660066843033
modern,4,a_N100_V3+3D,0.8416249183937907
modern,4,a_N100_V3+3D,1.0739590507000685
modern,4,a_N100_V3+3D,1.0650409385561943
modern,4,a_N100_V3+3D,1.0657500242814422
modern,4,a_N100_V3+3D,1.0849590180441737
modern,4,a_N100_V3+3D,1.0583329712972045
modern,4,a_N100_V3+3D,0.8505830774083734
modern,4,a_N100_V3+3D,1.0731660295277834
modern,4,a_N100_V3+3D,1.7888749716803432
modern,4,a_N100_V3+3D,1.8334999913349748
modern,4,a_N100_V3+3D,1.7012909520417452
modern,4,a_N100_V3+3D,1.6915419837459922
modern,4,a_N100_V3+3D,1.6835419228300452
modern,4,a_N100_V3+3D,1.6558750066906214
modern,4,a_N100_V3+3D,1.6601670067757368
modern,4,a_N100_V3+3D,1.67254195548594
modern,4,a_N100_V3+3D,1.6555420588701963
modern,4,a_N100_V3+3D,1.7806249670684338
modern,4,a_N100_V3+3D,1.6705000307410955
modern,4,a_N100_V3+3D,1.6895420849323273
modern,4,a_N100_V3+3D,1.644000061787665
modern,4,a_N100_V3+3D,1.6443750355392694
modern,4,a_N100_V3+3D,1.6402910696342587
modern,4,a_N100_V3+3D,1.6294160159304738
modern,4,a_N100_V3+3D,1.6944999806582928
modern,4,a_N100_V3+3D,1.7362089129164815
modern,4,a_N100_V3+3D,1.642958028241992
modern,4,a_N100_V3+3D,1.630999962799251
modern,4,a_N100_V3+3D,1.6292920336127281
modern,4,a_N100_V3+3D,1.6282090218737721
modern,4,a_N100_V3+3D,1.6230830224230886
modern,4,a_N100_V3+3D,1.6203749692067504
modern,4,a_N100_V3+3D,1.6226250445470214
modern,4,a_N100_V3+3D,1.6152500174939632
modern,4,a_N100_V3+3D,1.6170000890269876
modern,4,a_N100_V3+3D,1.6452500130981207
modern,4,a_N100_V3+3D,1.6289170598611236
modern,4,a_N100_V3+3D,1.6333330422639847
modern,4,a_N100_V3+3D,1.6187499277293682
modern,4,a_N100_V3+3D,1.646541990339756
modern,4,a_N100_V3+3D,1.6213329508900642
modern,4,a_N100_V3+3D,2.0014579640701413
modern,4,a_N100_V3+3D,1.6261249547824264
modern,4,a_N100_V3+3D,1.623125048354268
modern,4,a_N100_V3+3D,1.6235000221058726
modern,4,a_N100_V3+3D,1.6224579885601997
modern,4,a_N100_V3+3D,1.6239590477198362
modern,4,a_N100_V3+3D,2.077415934763849
modern,4,a_N100_V3+3D,1.6864159842953086
modern,4,a_N100_V3+3D,1.6375420382246375
modern,4,a_N100_V3+3D,1.6586660640314221
modern,4,a_N100_V3+3D,1.645917072892189
modern,4,a_N100_V3+3D,1.6673749778419733
modern,4,a_N100_V3+3D,1.643874915316701
modern,4,a_N100_V3+3D,1.6296249814331532
modern,4,a_N100_V3+3D,1.6210000030696392
modern,4,a_N100_V3+3D,1.6492499271407723
modern,4,a_N100_V3+3D,1.8282500095665455
modern,4,a_N100_V3+3D,1.6262499848380685
modern,4,a_N100_V3+3D,1.6295419773086905
modern,4,a_N100_V3+3D,1.6839579911902547
modern,4,a_N100_V3+3D,1.6192910261452198
modern,4,a_N100_V3+3D,1.614707987755537
modern,4,a_N100_V3+3D,1.6189999878406525
modern,4,a_N100_V3+3D,1.604542019777
modern,4,a_N100_V3+3D,1.646250020712614
modern,4,a_N100_V3+3D,1.6243330901488662
modern,4,a_N100_V3+3D,1.6275419620797038
modern,4,a_N100_V3+3D,1.8908330239355564
modern,4,a_N100_V3+3D,1.7654169350862503
modern,4,a_N100_V3+3D,1.802916987799108
modern,4,a_N100_V3+3D,1.7074579373002052
modern,4,a_N100_V3+3D,1.7026669811457396
modern,4,a_N100_V3+3D,1.788125024177134
modern,4,a_N100_V3+3D,1.7895830096676946
modern,4,a_N100_V3+3D,1.6904169460758567
modern,4,a_N100_V3+3D,1.7662920290604234
modern,4,a_N100_V3+3D,1.7970410408452153
modern,4,a_N100_V3+3D,1.7657920252531767
modern,4,a_N100_V3+3D,1.737917074933648
modern,4,a_N100_V3+3D,1.7684580525383353
modern,4,a_N100_V3+3D,1.6806250205263495
modern,4,a_N100_V3+3D,1.661666901782155
modern,4,a_N100_V3+3D,1.735541969537735
modern,4,a_N100_V3+3D,1.7409579595550895
modern,4,a_N100_V3+3D,1.711333985440433
modern,4,a_N100_V3+3D,1.759749953635037
modern,4,a_N100_V3+3D,1.7043330008164048
modern,4,a_N100_V3+3D,1.726584043353796
modern,4,a_N100_V3+3D,1.6598330112174153
modern,4,a_N100_V3+3D,1.7587499460205436
modern,4,a_N100_V3+3D,1.6358749708160758
modern,4,a_N100_V3+3D,1.7391659785062075
modern,4,a_N100_V3+3D,1.7145000165328383
modern,4,a_N100_V3+3D,1.671500038355589
modern,4,a_N100_V3+3D,1.6564159886911511
modern,4,a_N100_V3+3D,1.7352080903947353
modern,4,a_N100_V3+3D,1.6650839243084192
modern,4,a_N100_V3+3D,1.7287079244852066
modern,4,a_N100_V3+3D,1.7408749554306269
modern,4,a_N100_V3+3D,1.7723749624565244
modern,4,a_N100_V3+3D,1.639332971535623
modern,4,a_N100_V3+3D,1.7321249470114708
modern,4,a_N100_V3+3D,1.6257499810308218
modern,4,a_N100_V3+3D,1.675875042565167
modern,4,a_N100_V3+3D,1.7935000360012054
modern,4,a_N100_V3+3D,1.7325839726254344
modern,4,a_N100_V3+3D,1.702000037766993
modern,4,a_N100_V3+3D,1.7350410344079137
modern,4,a_N100_V3+3D,1.6438340535387397
modern,4,a_N100_V3+3D,1.7097500385716558
modern,4,a_N100_V3+3D,1.7456670757383108
modern,4,a_N100_V3+3D,1.7151249339804053
modern,4,a_N100_V3+3D,1.6826249193400145
modern,4,a_N100_V3+3D,1.6790410736575723
modern,4,a_N100_V3+3D,1.629167003557086
modern,4,a_N100_V3+3D,1.7100829863920808
modern,4,a_N100_V3+3D,1.7727080266922712
modern,4,a_N100_V3+3D,1.69291696511209
modern,4,a_N100_V3+3D,1.6395000275224447
modern,4,a_N100_V3+3D,1.7369580455124378
modern,4,a_N100_V3+3D,1.630541984923184
modern,4,a_N100_V3+3D,1.716707949526608
modern,4,a_N100_V3+3D,1.6695000231266022
modern,4,a_N100_V3+3D,1.6466659726575017
modern,4,a_N100_V3+3D,1.65200000628829
modern,4,a_N100_V3+3D,1.7426670528948307
modern,4,a_N100_V3+3D,1.7093750648200512
modern,4,a_N100_V3+3D,1.8051249207928777
modern,4,a_N100_V3+3D,1.7264590132981539
modern,4,a_N100_V3+3D,1.6855000285431743
modern,4,a_N100_V3+3D,1.6786669148132205
modern,4,a_N100_V3+3D,1.673041027970612
modern,4,a_N100_V3+3D,1.6580839874222875
modern,4,a_N100_V3+3D,1.6683329595252872
modern,4,a_N100_V3+3D,1.6475829761475325
modern,4,a_N100_V3+3D,1.6570829320698977
modern,4,a_N100_V3+3D,1.7916250508278608
modern,4,a_N100_V3+3D,1.6891249688342214
modern,4,a_N100_V3+3D,1.644750009290874
modern,4,a_N100_V3+3D,1.674792030826211
modern,4,a_N100_V3+3D,1.6526670660823584
modern,4,a_N100_V3+3D,1.6380420420318842
modern,4,a_N100_V3+3D,1.650208025239408
modern,4,a_N100_V3+3D,1.6565840924158692
modern,4,a_N100_V3+3D,1.9578750943765044
modern,4,a_N100_V3+3D,1.6513339942321181
modern,4,a_N100_V3+3D,1.6478750621899962
modern,4,a_N100_V3+3D,1.6623749397695065
modern,4,a_N100_V3+3D,1.66787498164922
modern,4,a_N100_V3+3D,1.6467919340357184
modern,4,a_N100_V3+3D,1.6484579537063837
modern,4,a_N100_V3+3D,1.6467079985886812
modern,4,a_N100_V3+3D,1.6232499619945884
modern,4,a_N100_V3+3D,1.6576250782236457
modern,4,a_N100_V3+3D,1.62658398039639
modern,4,a_N100_V3+3D,1.6629589954391122
modern,4,a_N100_V3+3D,1.6258329851552844
modern,4,a_N100_V3+3D,1.6570000443607569
modern,4,a_N100_V3+3D,1.6745420871302485
modern,4,a_N100_V3+3D,1.684333081357181
modern,4,a_N100_V3+3D,1.6318330308422446
modern,4,a_N100_V3+3D,1.6319580608978868
modern,4,a_N100_V3+3D,1.6307919286191463
modern,4,a_N100_V3+3D,1.6403340268880129
modern,4,a_N100_V3+3D,1.626916928216815
modern,4,a_N100_V3+3D,1.665291958488524
modern,4,a_N100_V3+3D,1.6919589834287763
modern,4,a_N100_V3+3D,1.6872920095920563
modern,4,a_N100_V3+3D,1.9597499631345272
modern,4,a_N100_V3+3D,1.5860419953241944
modern,4,a_N100_V3+3D,1.342040952295065
modern,4,a_N100_V3+3D,1.3048750115558505
modern,4,a_N100_V3+3D,1.2865840690210462
modern,4,a_N100_V3+3D,1.3110000872984529
modern,4,a_N100_V3+3D,1.278500072658062
modern,4,a_N100_V3+3D,1.2838749680668116
modern,4,a_N100_V3+3D,1.26895890571177
modern,4,a_N100_V3+3D,1.3014168944209814
modern,4,a_N100_V3+3D,1.2472919188439846
modern,4,a_N100_V3+3D,1.2343749403953552
modern,4,a_N100_V3+3D,1.2498339638113976
modern,4,a_N100_V3+3D,1.2325419811531901
modern,4,a_N100_V3+3D,1.2295839842408895
modern,4,a_N100_V3+3D,1.239707926288247
modern,4,a_N100_V3+3D,1.2306669959798455
modern,4,a_N100_V3+3D,1.2493750546127558
modern,4,a_N100_V3+3D,1.2429580092430115
modern,4,a_N100_V3+3D,1.7935000360012054
modern,4,a_N100_V3+3D,1.764083979651332
modern,4,a_N100_V3+3D,1.7242920584976673
modern,4,a_N100_V3+3D,1.716415979899466
modern,4,a_N100_V3+3D,1.7025830456987023
modern,4,a_N100_V3+3D,1.6866250662133098
modern,4,a_N100_V3+3D,1.6954579623416066
modern,4,a_N100_V3+3D,1.6774580581113696
modern,4,a_N100_V3+3D,1.6777919372543693
modern,4,a_N100_V3+3D,1.6774580581113696
modern,4,a_N100_V3+3D,1.739625004120171
modern,4,a_N100_V3+3D,1.6745829489082098
modern,4,a_N100_V3+3D,1.671082922257483
modern,4,a_N100_V3+3D,1.6645420109853148
modern,4,a_N100_V3+3D,1.6603750409558415
modern,4,a_N100_V3+3D,1.6561659285798669
modern,4,a_N100_V3+3D,1.6992080491036177
modern,4,a_N100_V3+3D,1.724041998386383
modern,4,a_N100_V3+3D,1.6720830462872982
modern,4,a_N100_V3+3D,1.6615829663351178
modern,4,a_N100_V3+3D,1.680667046457529
modern,4,a_N100_V3+3D,1.6740000573918223
modern,4,a_N100_V3+3D,1.6605420969426632
modern,4,a_N100_V3+3D,1.701416913419962
modern,4,a_N100_V3+3D,1.66937499307096
modern,4,a_N100_V3+3D,1.6555410111323
modern,4,a_N100_V3+3D,1.6604999545961618
modern,4,a_N100_V3+3D,1.6660409746691585
modern,4,a_N100_V3+3D,1.668082899414003
modern,4,a_N100_V3+3D,1.667083939537406
modern,4,a_N100_V3+3D,2.6740829925984144
modern,4,a_N100_V3+3D,1.8737079808488488
modern,4,a_N100_V3+3D,1.7813750309869647
modern,4,a_N100_V3+3D,1.7725409707054496
modern,4,a_N100_V3+3D,1.7342499922960997
modern,4,a_N100_V3+3D,1.6900000628083944
modern,4,a_N100_V3+3D,1.7035830533131957
modern,4,a_N100_V3+3D,1.6774580581113696
modern,4,a_N100_V3+3D,1.6769999638199806
modern,4,a_N100_V3+3D,1.6854999121278524
modern,4,a_N100_V3+3D,2.1237499313429
modern,4,a_N100_V3+3D,1.3027499662712216
modern,4,a_N100_V3+3D,1.2749999295920134
modern,4,a_N100_V3+3D,1.2528329389169812
modern,4,a_N100_V3+3D,1.3133339816704392
modern,4,a_N100_V3+3D,1.2621249770745635
modern,4,a_N100_V3+3D,1.2882499722763896
modern,4,a_N100_V3+3D,1.2546670623123646
modern,4,a_N100_V3+3D,1.2655409518629313
modern,4,a_N100_V3+3D,1.246499945409596
modern,4,a_N100_V3+3D,1.2486249906942248
modern,4,a_N100_V3+3D,1.2497500283643603
modern,4,a_N100_V3+3D,1.2433330994099379
modern,4,a_N100_V3+3D,1.2461249716579914
modern,4,a_N100_V3+3D,1.2627909891307354
modern,4,a_N100_V3+3D,1.3053750153630972
modern,4,a_N100_V3+3D,1.244375016540289
modern,4,a_N100_V3+3D,1.254540984518826
modern,4,a_N100_V3+3D,1.2430829228833318
modern,4,a_N100_V3+3D,1.2478750431910157
modern,4,a_N100_V3+3D,1.8777919467538595
modern,4,a_N100_V3+3D,1.8600410548970103
modern,4,a_N100_V3+3D,1.7629589419811964
modern,4,a_N100_V3+3D,1.8152500269934535
modern,4,a_N100_V3+3D,1.6780829755589366
modern,4,a_N100_V3+3D,1.792500028386712
modern,4,a_N100_V3+3D,1.7713329289108515
modern,4,a_N100_V3+3D,1.7672500107437372
modern,4,a_N100_V3+3D,1.6651250189170241
modern,4,a_N100_V3+3D,1.756667043082416
modern,4,a_N100_V3+3D,1.7690419917926192
modern,4,a_N100_V3+3D,1.745249959640205
modern,4,a_N100_V3+3D,1.7328750109300017
modern,4,a_N100_V3+3D,1.7281250329688191
modern,4,a_N100_V3+3D,1.6478340839967132
modern,4,a_N100_V3+3D,1.736333011649549
modern,4,a_N100_V3+3D,1.814124989323318
modern,4,a_N100_V3+3D,1.8283749232068658
modern,4,a_N100_V3+3D,1.737541053444147
modern,4,a_N100_V3+3D,1.739916973747313
modern,4,a_N100_V3+3D,1.6733750235289335
modern,4,a_N100_V3+3D,1.7456249333918095
modern,4,a_N100_V3+3D,1.7648329958319664
modern,4,a_N100_V3+3D,1.7581669380888343
modern,4,a_N100_V3+3D,1.6475419979542494
modern,4,a_N100_V3+3D,1.7696249997243285
modern,4,a_N100_V3+3D,1.7861250089481473
modern,4,a_N100_V3+3D,1.6465840162709355
modern,4,a_N100_V3+3D,1.656707958318293
modern,4,a_N100_V3+3D,1.7405409598723054
modern,4,a_N100_V3+3D,1.6299160197377205
modern,4,a_N100_V3+3D,1.7652909737080336
modern,4,a_N100_V3+3D,1.7399170901626348
modern,4,a_N100_V3+3D,1.7407078994438052
modern,4,a_N100_V3+3D,1.8660830100998282
modern,4,a_N100_V3+3D,1.746834022924304
modern,4,a_N100_V3+3D,1.654457999393344
modern,4,a_N100_V3+3D,1.72820792067796
modern,4,a_N100_V3+3D,1.7247499199584126
modern,4,a_N100_V3+3D,1.729500014334917
modern,4,a_N100_V3+3D,1.7323329811915755
modern,4,a_N100_V3+3D,1.657749991863966
modern,4,a_N100_V3+3D,1.6735830577090383
modern,4,a_N100_V3+3D,1.7328750109300017
modern,4,a_N100_V3+3D,1.7163340235128999
modern,4,a_N100_V3+3D,2.035125042311847
modern,4,a_N100_V3+3D,1.6705830348655581
modern,4,a_N100_V3+3D,1.7920839600265026
modern,4,a_N100_V3+3D,1.7445000121369958
modern,4,a_N100_V3+3D,1.7390830907970667
modern,4,a_N100_V3+3D,1.7679999582469463
modern,4,a_N100_V3+3D,2.1539159351959825
modern,4,a_N100_V3+3D,1.8292079912498593
modern,4,a_N100_V3+3D,1.8076669657602906
modern,4,a_N100_V3+3D,1.7205829499289393
modern,4,a_N100_V3+3D,1.7889169976115227
modern,4,a_N100_V3+3D,1.6717920079827309
modern,4,a_N100_V3+3D,1.7768749967217445
modern,4,a_N100_V3+3D,1.795083051547408
modern,4,a_N100_V3+3D,1.77183304913342
modern,4,a_N100_V3+3D,1.770750037394464
modern,4,a_N100_V3+3D,1.749292016029358
modern,4,a_N100_V3+3D,1.7065838910639286
modern,4,a_N100_V3+3D,1.6994168981909752
modern,4,a_N100_V3+3D,1.701291068457067
modern,4,a_N100_V3+3D,1.6757919220253825
modern,4,a_N100_V3+3D,1.686665927991271
modern,4,a_N100_V3+3D,1.679666107520461
modern,4,a_N100_V3+3D,1.6847499646246433
modern,4,a_N100_V3+3D,1.6639590030536056
modern,4,a_N100_V3+3D,1.679374952800572
modern,4,a_N100_V3+3D,1.7180839786306024
modern,4,a_N100_V3+3D,1.6876249574124813
modern,4,a_N100_V3+3D,1.6790420049801469
modern,4,a_N100_V3+3D,1.6653750790283084
modern,4,a_N100_V3+3D,1.6602500109001994
modern,4,a_N100_V3+3D,1.6880420735105872
modern,4,a_N100_V3+3D,2.098499913699925
modern,4,a_N100_V3+3D,1.7287919763475657
modern,4,a_N100_V3+3D,1.7269160598516464
modern,4,a_N100_V3+3D,1.7003340180963278
modern,4,a_N100_V3+3D,1.664999988861382
modern,4,a_N100_V3+3D,1.655750093050301
modern,4,a_N100_V3+3D,1.6630419995635748
modern,4,a_N100_V3+3D,1.6448749229311943
modern,4,a_N100_V3+3D,1.643582945689559
modern,4,a_N100_V3+3D,1.6547499690204859
modern,4,a_N100_V3+3D,1.65350001771003
modern,4,a_N100_V3+3D,1.6522500663995743
modern,4,a_N100_V3+3D,1.6509590204805136
modern,4,a_N100_V3+3D,1.649040961638093
modern,4,a_N100_V3+3D,1.6711250646039844
modern,4,a_N100_V3+3D,1.6562918899580836
modern,4,a_N100_V3+3D,1.6511250287294388
modern,4,a_N100_V3+3D,1.9888749811798334
modern,4,a_N100_V3+3D,1.267957966774702
modern,4,a_N100_V3+3D,1.4881659299135208
modern,4,a_N100_V3+3D,0.8407910354435444
modern,4,a_N100_V3+3D,0.8197079878300428
modern,4,a_N100_V3+3D,0.8128340123221278
modern,4,a_N100_V3+3D,0.8106249151751399
modern,4,a_N100_V3+3D,0.8384169777855277
modern,4,a_N100_V3+3D,0.8113749790936708
modern,4,a_N100_V3+3D,0.7990830345079303
modern,4,a_N100_V3+3D,0.7964590331539512
modern,4,a_N100_V3+3D,0.7996250642463565
modern,4,a_N100_V3+3D,0.8020000532269478
modern,4,a_N100_V3+3D,0.8052079938352108
modern,4,a_N100_V3+3D,0.8174580289050937
modern,4,a_N100_V3+3D,0.8079579565674067
modern,4,a_N100_V3+3D,0.8099169936031103
modern,4,a_N100_V3+3D,0.8023330010473728
modern,4,a_N100_V3+3D,0.8007920114323497
modern,4,a_N100_V3+3D,0.8005419513210654
modern,4,a_N100_V3+3D,0.8118340047076344
modern,4,a_N100_V3+3D,0.8686670335009694
modern,4,a_N100_V3+3D,0.8217500289902091
modern,4,a_N100_V3+3D,0.8110000053420663
modern,4,a_N100_V3+3D,0.808333046734333
modern,4,a_N100_V3+3D,0.8048750460147858
modern,4,a_N100_V3+3D,1.8023750744760036
modern,4,a_N100_V3+3D,1.734208082780242
modern,4,a_N100_V3+3D,1.7166249454021454
modern,4,a_N100_V3+3D,1.7081249970942736
modern,4,a_N100_V3+3D,1.6947499243542552
modern,4,a_N100_V3+3D,1.6805839259177446
modern,4,a_N100_V3+3D,1.6855830326676369
modern,4,a_N100_V3+3D,1.6696249367669225
modern,4,a_N100_V3+3D,1.6752079827710986
modern,4,a_N100_V3+3D,1.6783330356702209
modern,4,a_N100_V3+3D,1.660624984651804
modern,4,a_N100_V3+3D,1.6926670214161277
modern,4,a_N100_V3+3D,1.6832080436870456
modern,4,a_N100_V3+3D,1.6666250303387642
modern,4,a_N100_V3+3D,1.676207990385592
modern,4,a_N100_V3+3D,1.6685830196365714
modern,4,a_N100_V3+3D,1.7069170717149973
modern,4,a_N100_V3+3D,1.6592089086771011
modern,4,a_N100_V3+3D,1.6743330052122474
modern,4,a_N100_V3+3D,1.6639579553157091
modern,4,a_N100_V3+3D,1.6485420055687428
modern,4,a_N100_V3+3D,1.6604579286649823
modern,4,a_N100_V3+3D,1.68841693084687
modern,4,a_N100_V3+3D,1.6568750143051147
modern,4,a_N100_V3+3D,1.6592079773545265
modern,4,a_N100_V3+3D,1.6470419941470027
modern,4,a_N100_V3+3D,1.6543749952688813
modern,4,a_N100_V3+3D,1.6616249922662973
modern,4,a_N100_V3+3D,1.6452909912914038
modern,4,a_N100_V3+3D,1.637459034100175
modern,4,a_N100_V3+3D,1.6519580967724323
modern,4,a_N100_V3+3D,1.6697500832378864
modern,4,a_N100_V3+3D,1.6574159963056445
modern,4,a_N100_V3+3D,1.6601249808445573
modern,4,a_N100_V3+3D,1.6462079947814345
modern,4,a_N100_V3+3D,1.643666997551918
modern,4,a_N100_V3+3D,1.6437500016763806
modern,4,a_N100_V3+3D,1.64733303245157
modern,4,a_N100_V3+3D,1.6458339523524046
modern,4,a_N100_V3+3D,1.6499579651281238
modern,4,a_N100_V3+3D,1.6519170021638274
modern,4,a_N100_V3+3D,1.6528340056538582
modern,4,a_N100_V3+3D,1.6619170783087611
modern,4,a_N100_V3+3D,1.669083023443818
modern,4,a_N100_V3+3D,1.6431660624220967
modern,4,a_N100_V3+3D,1.6677080420777202
modern,4,a_N100_V3+3D,1.6489169793203473
modern,4,a_N100_V3+3D,1.654457999393344
modern,4,a_N100_V3+3D,1.653083018027246
modern,4,a_N100_V3+3D,1.6427499940618873
modern,4,a_N100_V3+3D,1.6464169602841139
modern,4,a_N100_V3+3D,1.6886669909581542
modern,4,a_N100_V3+3D,1.6416249563917518
modern,4,a_N100_V3+3D,1.6453330172225833
modern,4,a_N100_V3+3D,1.6877499874681234
modern,4,a_N100_V3+3D,1.641749986447394
modern,4,a_N100_V3+3D,1.6496670432388783
modern,4,a_N100_V3+3D,1.628124970011413
modern,4,a_N100_V3+3D,1.6670409822836518
modern,4,a_N100_V3+3D,1.6367090865969658
modern,4,a_N100_V3+3D,1.866249949671328
modern,4,a_N100_V3+3D,1.8711660522967577
modern,4,a_N100_V3+3D,1.8337909132242203
modern,4,a_N100_V3+3D,1.8020829884335399
modern,4,a_N100_V3+3D,1.79387500975281
modern,4,a_N100_V3+3D,1.7034589545801282
modern,4,a_N100_V3+3D,1.7839580541476607
modern,4,a_N100_V3+3D,1.7824580427259207
modern,4,a_N100_V3+3D,1.7891250317916274
modern,4,a_N100_V3+3D,1.7062090337276459
modern,4,a_N100_V3+3D,1.7467079451307654
modern,4,a_N100_V3+3D,1.693375059403479
modern,4,a_N100_V3+3D,1.7667909851297736
modern,4,a_N100_V3+3D,1.7394580645486712
modern,4,a_N100_V3+3D,1.7750411061570048
modern,4,a_N100_V3+3D,1.6726250760257244
modern,4,a_N100_V3+3D,2.3248340003192425
modern,4,a_N100_V3+3D,1.8847089959308505
modern,4,a_N100_V3+3D,1.8382499692961574
modern,4,a_N100_V3+3D,1.9989999709650874
modern,4,a_N100_V3+3D,1.7781249480322003
modern,4,a_N100_V3+3D,1.703415997326374
modern,4,a_N100_V3+3D,1.7552500357851386
modern,4,a_N100_V3+3D,1.752292038872838
modern,4,a_N100_V3+3D,1.768167014233768
modern,4,a_N100_V3+3D,1.702958019450307
modern,4,a_N100_V3+3D,1.7985840095207095
modern,4,a_N100_V3+3D,1.787999994121492
modern,4,a_N100_V3+3D,1.7555831000208855
modern,4,a_N100_V3+3D,1.6875839792191982
modern,4,a_N100_V3+3D,1.7608330817893147
modern,4,a_N100_V3+3D,1.6705410089343786
modern,4,a_N100_V3+3D,1.760583953000605
modern,4,a_N100_V3+3D,1.8017919501289725
modern,4,a_N100_V3+3D,1.7581250285729766
modern,4,a_N100_V3+3D,1.692499965429306
modern,4,a_N100_V3+3D,1.7668750369921327
modern,4,a_N100_V3+3D,1.7722080228850245
modern,4,a_N100_V3+3D,1.7650839872658253
modern,4,a_N100_V3+3D,1.6746249748393893
modern,4,a_N100_V3+3D,1.7755420412868261
modern,4,a_N100_V3+3D,1.6594170592725277
modern,4,a_N100_V3+3D,1.8214579904451966
modern,4,a_N100_V3+3D,1.6919170739129186
modern,4,a_N100_V3+3D,1.7620839644223452
modern,4,a_N100_V3+3D,1.73091609030962
modern,4,a_N100_V3+3D,1.7519169487059116
modern,4,a_N100_V3+3D,1.6867920057848096
modern,4,a_N100_V3+3D,1.7827919218689203
modern,4,a_N100_V3+3D,1.7662079771980643
modern,4,a_N100_V3+3D,1.7738749738782644
modern,4,a_N100_V3+3D,1.6635829815641046
modern,4,a_N100_V3+3D,1.769250025972724
modern,4,a_N100_V3+3D,1.6842919867485762
modern,4,a_N100_V3+3D,1.7692920519039035
modern,4,a_N100_V3+3D,1.7093750648200512
modern,4,a_N100_V3+3D,1.6639170935377479
modern,4,a_N100_V3+3D,1.6550000291317701
modern,4,a_N100_V3+3D,1.739791943691671
modern,4,a_N100_V3+3D,1.6557089984416962
modern,4,a_N100_V3+3D,1.7714580753818154
modern,4,a_N100_V3+3D,1.7268330557271838
modern,4,a_N100_V3+3D,1.6842919867485762
modern,4,a_N100_V3+3D,1.6854999121278524
modern,4,a_N100_V3+3D,1.6819169977679849
modern,4,a_N100_V3+3D,1.6666250303387642
modern,4,a_N100_V3+3D,1.6688749892637134
modern,4,a_N100_V3+3D,1.676624990068376
modern,4,a_N100_V3+3D,1.677999971434474
modern,4,a_N100_V3+3D,1.6779579455032945
modern,4,a_N100_V3+3D,1.6633749473839998
modern,4,a_N100_V3+3D,1.6520830104127526
modern,4,a_N100_V3+3D,1.6813339898362756
modern,4,a_N100_V3+3D,1.6526670660823584
modern,4,a_N100_V3+3D,1.6507500549778342
modern,4,a_N100_V3+3D,1.6519580967724323
modern,4,a_N100_V3+3D,1.6464999644085765
modern,4,a_N100_V3+3D,1.706250011920929
modern,4,a_N100_V3+3D,1.6564580146223307
modern,4,a_N100_V3+3D,1.6965830000117421
modern,4,a_N100_V3+3D,2.0003749523311853
modern,4,a_N100_V3+3D,1.766375033184886
modern,4,a_N100_V3+3D,1.7227079952135682
modern,4,a_N100_V3+3D,1.6998749924823642
modern,4,a_N100_V3+3D,1.6851660329848528
modern,4,a_N100_V3+3D,1.6822919715195894
modern,4,a_N100_V3+3D,1.687792013399303
modern,4,a_N100_V3+3D,1.6764580504968762
modern,4,a_N100_V3+3D,1.6625000862404704
modern,4,a_N100_V3+3D,1.6600420931354165
modern,4,a_N100_V3+3D,1.6770000802353024
modern,4,a_N100_V3+3D,1.6906249802559614
modern,4,a_N100_V3+3D,1.67741603218019
modern,4,a_N100_V3+3D,1.6523749800398946
modern,4,a_N100_V3+3D,1.653791987337172
modern,4,a_N100_V3+3D,1.6579999355599284
modern,4,a_N100_V3+3D,1.6529579879716039
modern,4,a_N100_V3+3D,1.6484159277752042
modern,4,a_N100_V3+3D,1.6607920406386256
modern,4,a_N100_V3+3D,1.650625024922192
modern,4,a_N100_V3+3D,1.6540409997105598
modern,4,a_N100_V3+3D,1.657834043726325
modern,4,a_N100_V3+3D,1.6997919883579016
modern,4,a_N100_V3+3D,1.6592920292168856
modern,4,a_N100_V3+3D,1.6647500451654196
modern,4,a_N100_V3+3D,1.6942920628935099
modern,4,a_N100_V3+3D,1.651583006605506
modern,4,a_N100_V3+3D,1.6542499652132392
modern,4,a_N100_V3+3D,1.6448749229311943
modern,4,a_N100_V3+3D,1.6508330591022968
modern,4,a_N100_V3+3D,1.6619169618934393
modern,4,a_N100_V3+3D,1.6493749571964145
modern,4,a_N100_V3+3D,1.6393749974668026
modern,4,a_N100_V3+3D,1.6439170576632023
modern,4,a_N100_V3+3D,1.6386249335482717
modern,4,a_N100_V3+3D,1.6367080388590693
modern,4,a_N100_V3+3D,1.6442079795524478
modern,4,a_N100_V3+3D,1.643334049731493
modern,4,a_N100_V3+3D,1.6707920003682375
modern,4,a_N100_V3+3D,1.6509579727426171
modern,4,a_N100_V3+3D,1.7698339652270079
modern,4,a_N100_V3+3D,1.7472920008003712
modern,4,a_N100_V3+3D,1.8987079383805394
modern,4,a_N100_V3+3D,1.7683329060673714
modern,4,a_N100_V3+3D,1.6847919905558228
modern,4,a_N100_V3+3D,1.6913339495658875
modern,4,a_N100_V3+3D,1.6832080436870456
modern,4,a_N100_V3+3D,1.6687919851392508
modern,4,a_N100_V3+3D,1.82862498331815
modern,4,a_N100_V3+3D,1.73054204788059
modern,4,a_N100_V3+3D,1.673332997597754
modern,4,a_N100_V3+3D,1.6799169825389981
modern,4,a_N100_V3+3D,1.6734580276533961
modern,4,a_N100_V3+3D,1.703792018815875
modern,4,a_N100_V3+3D,1.653374987654388
modern,4,a_N100_V3+3D,1.661375048570335
modern,4,a_N100_V3+3D,1.645666896365583
modern,4,a_N100_V3+3D,1.7265420174226165
modern,4,a_N100_V3+3D,1.6498749610036612
modern,4,a_N100_V3+3D,1.6520419158041477
modern,4,a_N100_V3+3D,1.662124996073544
modern,4,a_N100_V3+3D,1.6602500109001994
modern,4,a_N100_V3+3D,1.6564580146223307
modern,4,a_N100_V3+3D,1.6452500130981207
modern,4,a_N100_V3+3D,1.6730419592931867
modern,4,a_N100_V3+3D,1.656375010497868
modern,4,a_N100_V3+3D,1.6575830522924662
modern,4,a_N100_V3+3D,1.6895830631256104
modern,4,a_N100_V3+3D,1.6606668941676617
modern,4,a_N100_V3+3D,1.6516669420525432
modern,4,a_N100_V3+3D,1.654583029448986
modern,4,a_N100_V3+3D,1.6606670105829835
modern,4,a_N100_V3+3D,1.6760840080678463
modern,4,a_N100_V3+3D,1.6724169254302979
modern,4,a_N100_V3+3D,1.6492080176249146
modern,4,a_N100_V3+3D,1.641749986447394
modern,4,a_N100_V3+3D,1.8616659799590707
modern,4,a_N100_V3+3D,1.753667020238936
modern,4,a_N100_V3+3D,1.6650420147925615
modern,4,a_N100_V3+3D,1.6597090288996696
modern,4,a_N100_V3+3D,1.6724170418456197
modern,4,a_N100_V3+3D,1.6538340132683516
modern,4,a_N100_V3+3D,1.6452500130981207
modern,4,a_N100_V3+3D,1.6870000399649143
modern,4,a_N100_V3+3D,1.6522499499842525
modern,4,a_N100_V3+3D,1.9437919836491346
modern,4,a_N100_V3+3D,1.672833925113082
modern,4,a_N100_V3+3D,1.6594999469816685
modern,4,a_N100_V3+3D,1.6554170288145542
modern,4,a_N100_V3+3D,1.659874920733273
modern,4,a_N100_V3+3D,1.6537499614059925
modern,4,a_N100_V3+3D,1.6452500130981207
modern,4,a_N100_V3+3D,1.653042039833963
modern,4,a_N100_V3+3D,1.6547919949516654
modern,4,a_N100_V3+3D,1.9320420688018203
modern,4,a_N100_V3+3D,1.2757920194417238
modern,4,a_N100_V3+3D,1.252374961040914
modern,4,a_N100_V3+3D,1.2382500572130084
modern,4,a_N100_V3+3D,1.2350420001894236
modern,4,a_N100_V3+3D,1.2382089626044035
modern,4,a_N100_V3+3D,1.80620898026973
modern,4,a_N100_V3+3D,1.8577500013634562
modern,4,a_N100_V3+3D,1.6974169993773103
modern,4,a_N100_V3+3D,1.809790963307023
modern,4,a_N100_V3+3D,1.9388749497011304
modern,4,a_N100_V3+3D,1.7673750407993793
modern,4,a_N100_V3+3D,1.6631250036880374
modern,4,a_N100_V3+3D,1.7702080076560378
modern,4,a_N100_V3+3D,1.7578750848770142
modern,4,a_N100_V3+3D,1.6710410127416253
modern,4,a_N100_V3+3D,1.6787919448688626
modern,4,a_N100_V3+3D,1.734499935992062
modern,4,a_N100_V3+3D,1.6472910065203905
modern,4,a_N100_V3+3D,1.7999160336330533
modern,4,a_N100_V3+3D,1.7450000159442425
modern,4,a_N100_V3+3D,1.662040944211185
modern,4,a_N100_V3+3D,1.7021249514073133
modern,4,a_N100_V3+3D,1.7370840068906546
modern,4,a_N100_V3+3D,1.6505829989910126
modern,4,a_N100_V3+3D,1.7344170482829213
modern,4,a_N100_V3+3D,1.7285000067204237
modern,4,a_N100_V3+3D,1.7462909454479814
modern,4,a_N100_V3+3D,1.6266669845208526
modern,4,a_N100_V3+3D,1.7270420212298632
modern,4,a_N100_V3+3D,1.7472499748691916
modern,4,a_N100_V3+3D,1.7324580112472177
modern,4,a_N100_V3+3D,1.7315419390797615
modern,4,a_N100_V3+3D,1.743583008646965
modern,4,a_N100_V3+3D,1.618166919797659
modern,4,a_N100_V3+3D,1.7229169607162476
modern,4,a_N100_V3+3D,1.7631249502301216
modern,4,a_N100_V3+3D,1.7341249622404575
modern,4,a_N100_V3+3D,1.6630410682410002
modern,4,a_N100_V3+3D,1.7310830298811197
modern,4,a_N100_V3+3D,1.6349999932572246
modern,4,a_N100_V3+3D,1.734166988171637
modern,4,a_N100_V3+3D,1.730457996018231
modern,4,a_N100_V3+3D,1.7035420751199126
modern,4,a_N100_V3+3D,1.6352090751752257
modern,4,a_N100_V3+3D,1.7622499726712704
modern,4,a_N100_V3+3D,1.7750830156728625
modern,4,a_N100_V3+3D,1.733291894197464
modern,4,a_N100_V3+3D,1.6348750796169043
modern,4,a_N100_V3+3D,1.7929580062627792
modern,4,a_N100_V3+3D,1.6330420039594173
modern,4,a_N100_V3+3D,1.817207899875939
modern,4,a_N100_V3+3D,1.6937080072239041
modern,4,a_N100_V3+3D,1.7429590225219727
modern,4,a_N100_V3+3D,1.6358749708160758
modern,4,a_N100_V3+3D,1.7204160103574395
modern,4,a_N100_V3+3D,1.6254170332103968
modern,4,a_N100_V3+3D,1.7414999892935157
modern,4,a_N100_V3+3D,1.684292103163898
modern,4,a_N100_V3+3D,1.7024590633809566
modern,4,a_N100_V3+3D,1.624208060093224
modern,4,a_N100_V3+3D,1.7017920035868883
modern,4,a_N100_V3+3D,1.6201249090954661
modern,4,a_N100_V3+3D,1.9798330031335354
modern,4,a_N100_V3+3D,2.253041951917112
modern,4,a_N100_V3+3D,1.8720419611781836
modern,4,a_N100_V3+3D,1.8945829942822456
modern,4,a_N100_V3+3D,1.8486669287085533
modern,4,a_N100_V3+3D,1.7271250253543258
modern,4,a_N100_V3+3D,2.7202500496059656
modern,4,a_N100_V3+3D,1.847415929660201
modern,4,a_N100_V3+3D,1.7947499873116612
modern,4,a_N100_V3+3D,1.8060830188915133
modern,4,a_N100_V3+3D,1.7419999931007624
modern,4,a_N100_V3+3D,1.7812089063227177
modern,4,a_N100_V3+3D,1.7105410806834698
modern,4,a_N100_V3+3D,1.7023748951032758
modern,4,a_N100_V3+3D,1.7058750381693244
modern,4,a_N100_V3+3D,1.6929999692365527
modern,4,a_N100_V3+3D,1.772749936208129
modern,4,a_N100_V3+3D,1.6927910037338734
modern,4,a_N100_V3+3D,1.701541943475604
modern,4,a_N100_V3+3D,1.6809579683467746
modern,4,a_N100_V3+3D,1.7686670180410147
modern,4,a_N100_V3+3D,1.6880829352885485
modern,4,a_N100_V3+3D,1.671832986176014
modern,4,a_N100_V3+3D,1.684166956692934
modern,4,a_N100_V3+3D,1.6818750882521272
modern,4,a_N100_V3+3D,1.6767920460551977
modern,4,a_N100_V3+3D,1.6836669528856874
modern,4,a_N100_V3+3D,1.6759999562054873
modern,4,a_N100_V3+3D,1.6844169003888965
modern,4,a_N100_V3+3D,1.6573339235037565
modern,4,a_N100_V3+3D,1.6701669665053487
modern,4,a_N100_V3+3D,1.6652080230414867
modern,4,a_N100_V3+3D,1.6752500087022781
modern,4,a_N100_V3+3D,1.6615829663351178
modern,4,a_N100_V3+3D,1.709416974335909
modern,4,a_N100_V3+3D,1.6622080001980066
modern,4,a_N100_V3+3D,1.660417066887021
modern,4,a_N100_V3+3D,1.6478330362588167
modern,4,a_N100_V3+3D,1.6605000710114837
modern,4,a_N100_V3+3D,1.6614170745015144
modern,4,a_N100_V3+3D,1.6536250477656722
modern,4,a_N100_V3+3D,1.6681249253451824
modern,4,a_N100_V3+3D,1.6758749261498451
modern,4,a_N100_V3+3D,1.6975828912109137
modern,4,a_N100_V3+3D,1.666791969910264
modern,4,a_N100_V3+3D,1.6599169466644526
modern,4,a_N100_V3+3D,1.7582919681444764
modern,4,a_N100_V3+3D,1.7114590154960752
modern,4,a_N100_V3+3D,1.7162079457193613
modern,4,a_N100_V3+3D,1.673916936852038
modern,4,a_N100_V3+3D,1.665416988544166
modern,4,a_N100_V3+3D,1.6702919965609908
modern,4,a_N100_V3+3D,1.6776249976828694
modern,4,a_N100_V3+3D,1.6665409784764051
modern,4,a_N100_V3+3D,1.6679998952895403
modern,4,a_N100_V3+3D,1.6840830212458968
modern,4,a_N100_V3+3D,1.6848339000716805
modern,4,a_N100_V3+3D,1.6604999545961618
modern,4,a_N100_V3+3D,1.6717079561203718
modern,4,a_N100_V3+3D,1.6770840156823397
modern,4,a_N100_V3+3D,1.6643749549984932
modern,4,a_N100_V3+3D,1.6830419190227985
modern,4,a_N100_V3+3D,1.6674170037731528
modern,4,a_N100_V3+3D,1.816792064346373
modern,4,a_N100_V3+3D,1.7357919132336974
modern,4,a_N100_V3+3D,1.7440419178456068
modern,4,a_N100_V3+3D,1.6879589529708028
modern,4,a_N100_V3+3D,1.7838749336078763
modern,4,a_N100_V3+3D,1.7243330366909504
modern,4,a_N100_V3+3D,1.7070419853553176
modern,4,a_N100_V3+3D,1.6844590427353978
modern,4,a_N100_V3+3D,1.6899170586839318
modern,4,a_N100_V3+3D,1.6787080094218254
modern,4,a_N100_V3+3D,1.6825000056996942
modern,4,a_N100_V3+3D,1.6691670753061771
modern,4,a_N100_V3+3D,1.715666032396257
modern,4,a_N100_V3+3D,1.6725000459700823
modern,4,a_N100_V3+3D,1.6835830174386501
modern,4,a_N100_V3+3D,1.6910000704228878
modern,4,a_N100_V3+3D,1.6832910478115082
modern,4,a_N100_V3+3D,1.6575419576838613
modern,4,a_N100_V3+3D,1.7536249943077564
modern,4,a_N100_V3+3D,1.6813329420983791
modern,4,a_N100_V3+3D,1.6844170168042183
modern,4,a_N100_V3+3D,1.6814590198919177
modern,4,a_N100_V3+3D,1.684666029177606
modern,4,a_N100_V3+3D,1.6507090767845511
modern,4,a_N100_V3+3D,1.66470801923424
modern,4,a_N100_V3+3D,1.6698749968782067
modern,4,a_N100_V3+3D,1.7852920573204756
modern,4,a_N100_V3+3D,1.693667029030621
modern,4,a_N100_V3+3D,1.6684170113876462
modern,4,a_N100_V3+3D,1.6552500892430544
modern,4,a_N100_V3+3D,1.663000090047717
modern,4,a_N100_V3+3D,1.6761249862611294
modern,4,a_N100_V3+3D,1.700707944110036
modern,4,a_N100_V3+3D,1.6849999083206058
modern,4,a_N100_V3+3D,1.6869999235495925
modern,4,a_N100_V3+3D,1.650832942686975
modern,4,a_N100_V3+3D,1.664999988861382
modern,4,a_N100_V3+3D,1.7050000606104732
modern,4,a_N100_V3+3D,1.6852919943630695
modern,4,a_N100_V3+3D,1.6760829603299499
modern,4,a_N100_V3+3D,1.6812500543892384
modern,4,a_N100_V3+3D,1.6687080496922135
modern,4,a_N100_V3+3D,1.6561669763177633
modern,4,a_N100_V3+3D,1.6272079665213823
modern,4,a_N100_V3+3D,1.7841251101344824
modern,4,a_N100_V3+3D,1.676292042247951
modern,4,a_N100_V3+3D,1.7082919366657734
modern,4,a_N100_V3+3D,1.6653749626129866
modern,4,a_N100_V3+3D,1.6611249884590507
modern,4,a_N100_V3+3D,1.7043750267475843
modern,4,a_N100_V3+3D,1.6689159674569964
modern,4,a_N100_V3+3D,1.6535420436412096
modern,4,a_N100_V3+3D,1.677999971434474
modern,4,a_N100_V3+3D,1.6808330547064543
modern,4,a_N100_V3+3D,1.6531250439584255
modern,4,a_N100_V3+3D,1.6687499592080712
modern,4,a_N100_V3+3D,1.670458004809916
modern,4,a_N100_V3+3D,1.6632500337436795
modern,4,a_N100_V3+3D,1.6749590868130326
modern,4,a_N100_V3+3D,1.7115420196205378
modern,4,a_N100_V3+3D,1.8031250219792128
modern,4,a_N100_V3+3D,1.7907499568536878
modern,4,a_N100_V3+3D,1.7394579481333494
modern,4,a_N100_V3+3D,1.7149589257314801
modern,4,a_N100_V3+3D,1.7036249628290534
modern,4,a_N100_V3+3D,1.6955420142039657
modern,4,a_N100_V3+3D,1.7132919747382402
modern,4,a_N100_V3+3D,1.6839170129969716
modern,4,a_N100_V3+3D,1.700832974165678
modern,4,a_N100_V3+3D,1.6710830386728048
modern,4,a_N100_V3+3D,1.6892499988898635
modern,4,a_N100_V3+3D,1.6635829815641046
modern,4,a_N100_V3+3D,1.6841250471770763
modern,4,a_N100_V3+3D,1.6771249938756227
modern,4,a_N100_V3+3D,1.722958986647427
modern,4,a_N100_V3+3D,1.6711670905351639
modern,4,a_N100_V3+3D,1.6842089826241136
modern,4,a_N100_V3+3D,1.7089169705286622
modern,4,a_N100_V3+3D,1.6763339517638087
modern,4,a_N100_V3+3D,1.6518339980393648
modern,4,a_N100_V3+3D,1.6883329953998327
modern,4,a_N100_V3+3D,1.6641670372337103
modern,4,a_N100_V3+3D,1.68020895216614
modern,4,a_N100_V3+3D,1.6701249405741692
modern,4,a_N100_V3+3D,1.6679170075803995
modern,4,a_N100_V3+3D,1.6629999736323953
modern,4,a_N100_V3+3D,1.699125044979155
modern,4,a_N100_V3+3D,1.6682499554008245
modern,4,a_N100_V3+3D,1.661792048253119
modern,4,a_N100_V3+3D,1.6435000579804182
modern,4,a_N100_V3+3D,1.6692080534994602
modern,4,a_N100_V3+3D,1.674541039392352
modern,4,a_N100_V3+3D,1.6815419076010585
modern,4,a_N100_V3+3D,1.654124935157597
modern,4,a_N100_V3+3D,1.671499921940267
modern,4,a_N100_V3+3D,1.676540938206017
modern,4,a_N100_V3+3D,1.6671250341460109
modern,4,a_N100_V3+3D,1.6630840254947543
modern,4,a_N100_V3+3D,1.6667909221723676
modern,4,a_N100_V3+3D,1.6523749800398946
modern,4,a_N100_V3+3D,1.6626659780740738
modern,4,a_N100_V3+3D,1.686332980170846
modern,4,a_N100_V3+3D,1.6735830577090383
modern,4,a_N100_V3+3D,1.6519170021638274
modern,4,a_N100_V3+3D,1.7177920090034604
modern,4,a_N100_V3+3D,1.7091669142246246
modern,4,a_N100_V3+3D,1.668291981332004
modern,4,a_N100_V3+3D,1.943332958035171
modern,4,a_N100_V3+3D,1.6484999796375632
modern,4,a_N100_V3+3D,1.6539589269086719
modern,4,a_N100_V3+3D,1.675542094744742
modern,4,a_N100_V3+3D,1.6695000231266022
modern,4,a_N100_V3+3D,1.6718750121071935
modern,4,a_N100_V3+3D,1.6654159408062696
modern,4,a_N100_V3+3D,1.6670830082148314
modern,4,a_N100_V3+3D,1.652417005971074
modern,4,a_N100_V3+3D,1.6410830430686474
modern,4,a_N100_V3+3D,1.6489169793203473
modern,4,a_N100_V3+3D,1.674375031143427
modern,4,a_N100_V3+3D,1.660750014707446
modern,4,a_N100_V3+3D,1.7810839926823974
modern,4,a_N100_V3+3D,1.7360419733449817
modern,4,a_N100_V3+3D,1.7058750381693244
modern,4,a_N100_V3+3D,1.694665988907218
modern,4,a_N100_V3+3D,1.6928750555962324
modern,4,a_N100_V3+3D,1.681333058513701
modern,4,a_N100_V3+3D,1.6798750730231404
modern,4,a_N100_V3+3D,1.658208086155355
modern,4,a_N100_V3+3D,1.6674160724505782
modern,4,a_N100_V3+3D,1.6742910956963897
modern,4,a_N100_V3+3D,1.6640420071780682
modern,4,a_N100_V3+3D,1.6585829434916377
modern,4,a_N100_V3+3D,1.6645409632474184
modern,4,a_N100_V3+3D,1.6655829967930913
modern,4,a_N100_V3+3D,1.6639999812468886
modern,4,a_N100_V3+3D,1.6987499548122287
modern,4,a_N100_V3+3D,1.6595000633969903
modern,4,a_N100_V3+3D,1.6967080300673842
modern,4,a_N100_V3+3D,1.9693750655278563
modern,4,a_N100_V3+3D,1.8971660174429417
modern,4,a_N100_V3+3D,1.6590000595897436
modern,4,a_N100_V3+3D,1.664250041358173
modern,4,a_N100_V3+3D,1.6365830088034272
modern,4,a_N100_V3+3D,1.6392499674111605
modern,4,a_N100_V3+3D,1.6477500321343541
modern,4,a_N100_V3+3D,1.7069169552996755
modern,4,a_N100_V3+3D,1.6449999529868364
modern,4,a_N100_V3+3D,1.6342919552698731
modern,4,a_N100_V3+3D,1.631957944482565
modern,4,a_N100_V3+3D,1.6301249852403998
modern,4,a_N100_V3+3D,1.6402920009568334
modern,4,a_N100_V3+3D,1.9067079992964864
modern,4,a_N100_V3+3D,1.6561669763177633
modern,4,a_N100_V3+3D,1.6448330134153366
modern,4,a_N100_V3+3D,1.633457955904305
modern,4,a_N100_V3+3D,1.6386250499635935
modern,4,a_N100_V3+3D,1.6359579749405384
modern,4,a_N100_V3+3D,1.6248330939561129
modern,4,a_N100_V3+3D,1.9148330902680755
modern,4,a_N100_V3+3D,1.2571250554174185
modern,4,a_N100_V3+3D,1.2322081020101905
modern,4,a_N100_V3+3D,1.2260419316589832
modern,4,a_N100_V3+3D,1.2354579521343112
modern,4,a_N100_V3+3D,1.2067079078406096
modern,4,a_N100_V3+3D,1.2178750475868583
modern,4,a_N100_V3+3D,1.2385000009089708
modern,4,a_N100_V3+3D,1.2226250255480409
modern,4,a_N100_V3+3D,1.257208059541881
modern,4,a_N100_V3+3D,1.2163330102339387
modern,4,a_N100_V3+3D,1.7384580569341779
modern,4,a_N100_V3+3D,1.3332091039046645
modern,4,a_N100_V3+3D,1.2847500620409846
modern,4,a_N100_V3+3D,1.271583023481071
modern,4,a_N100_V3+3D,1.2539589079096913
modern,4,a_N100_V3+3D,1.2439169222489
modern,4,a_N100_V3+3D,1.2486670166254044
modern,4,a_N100_V3+3D,1.2439589481800795
modern,4,a_N100_V3+3D,1.2299999361857772
modern,4,a_N100_V3+3D,1.24074995983392
modern,4,a_N100_V3+3D,1.2286249548196793
modern,4,a_N100_V3+3D,1.8048329511657357
modern,4,a_N100_V3+3D,1.7851670272648335
modern,4,a_N100_V3+3D,1.725624897517264
modern,4,a_N100_V3+3D,1.7283749766647816
modern,4,a_N100_V3+3D,1.710207900032401
modern,4,a_N100_V3+3D,1.6964159440249205
modern,4,a_N100_V3+3D,1.717875013127923
modern,4,a_N100_V3+3D,1.6969580901786685
modern,4,a_N100_V3+3D,1.6698329709470272
modern,4,a_N100_V3+3D,1.6907500103116035
modern,4,a_N100_V3+3D,1.6872499836608768
modern,4,a_N100_V3+3D,1.6651670448482037
modern,4,a_N100_V3+3D,1.6864159842953086
modern,4,a_N100_V3+3D,1.6872499836608768
modern,4,a_N100_V3+3D,1.6619589878246188
modern,4,a_N100_V3+3D,1.7097500385716558
modern,4,a_N100_V3+3D,1.6730830539017916
modern,4,a_N100_V3+3D,1.7624589381739497
modern,4,a_N100_V3+3D,1.6938750632107258
modern,4,a_N100_V3+3D,1.6650418983772397
modern,4,a_N100_V3+3D,1.6590419691056013
modern,4,a_N100_V3+3D,1.6484159277752042
modern,4,a_N100_V3+3D,1.6785410698503256
modern,4,a_N100_V3+3D,1.689624972641468
modern,4,a_N100_V3+3D,1.647916971705854
modern,4,a_N100_V3+3D,1.6717920079827309
modern,4,a_N100_V3+3D,1.6745839966461062
modern,4,a_N100_V3+3D,1.6753330128267407
modern,4,a_N100_V3+3D,1.675124978646636
modern,4,a_N100_V3+3D,1.6589590813964605
modern,4,a_N100_V3+3D,1.6572079621255398
modern,4,a_N100_V3+3D,1.7145420424640179
modern,4,a_N100_V3+3D,1.653374987654388
modern,4,a_N100_V3+3D,1.666832948103547
modern,4,a_N100_V3+3D,1.6814169939607382
modern,4,a_N100_V3+3D,1.6450830735266209
modern,4,a_N100_V3+3D,1.6643329290673137
modern,4,a_N100_V3+3D,1.6856249421834946
modern,4,a_N100_V3+3D,1.6726249596104026
modern,4,a_N100_V3+3D,1.6473749419674277
modern,4,a_N100_V3+3D,1.6966660041362047
modern,4,a_N100_V3+3D,1.656249980442226
modern,4,a_N100_V3+3D,1.670749974437058
modern,4,a_N100_V3+3D,1.6735830577090383
modern,4,a_N100_V3+3D,1.6583329997956753
modern,4,a_N100_V3+3D,1.7313749995082617
modern,4,a_N100_V3+3D,1.6572499880567193
modern,4,a_N100_V3+3D,1.6569159924983978
modern,4,a_N100_V3+3D,1.6657079104334116
modern,4,a_N100_V3+3D,1.6683749854564667
modern,4,a_N100_V3+3D,1.6506669344380498
modern,4,a_N100_V3+3D,1.6567909624427557
modern,4,a_N100_V3+3D,1.6408329829573631
modern,4,a_N100_V3+3D,1.64433300960809
modern,4,a_N100_V3+3D,1.961041009053588
modern,4,a_N100_V3+3D,1.3336249394342303
modern,4,a_N100_V3+3D,1.262167003005743
modern,4,a_N100_V3+3D,1.2392919743433595
modern,4,a_N100_V3+3D,1.2716250494122505
modern,4,a_N100_V3+3D,1.2810000916942954
modern,4,a_N100_V3+3D,1.7862499225884676
modern,4,a_N100_V3+3D,1.7693749396130443
modern,4,a_N100_V3+3D,1.7187499906867743
modern,4,a_N100_V3+3D,1.721167005598545
modern,4,a_N100_V3+3D,1.7150839557871222
modern,4,a_N100_V3+3D,1.7152499640360475
modern,4,a_N100_V3+3D,1.9894590368494391
modern,4,a_N100_V3+3D,2.023042063228786
modern,4,a_N100_V3+3D,1.7575420206412673
modern,4,a_N100_V3+3D,1.776625053025782
modern,4,a_N100_V3+3D,1.7329159891232848
modern,4,a_N100_V3+3D,1.7187499906867743
modern,4,a_N100_V3+3D,1.6720419516786933
modern,4,a_N100_V3+3D,1.721333945170045
modern,4,a_N100_V3+3D,1.7027499852702022
modern,4,a_N100_V3+3D,1.723207999020815
modern,4,a_N100_V3+3D,1.7339579062536359
modern,4,a_N100_V3+3D,1.7641669837757945
modern,4,a_N100_V3+3D,1.6664169961586595
modern,4,a_N100_V3+3D,1.7130000051110983
modern,4,a_N100_V3+3D,1.6555000329390168
modern,4,a_N100_V3+3D,1.944374991580844
modern,4,a_N100_V3+3D,2.2450840333476663
modern,4,a_N100_V3+3D,2.4781249230727553
modern,4,a_N100_V3+3D,1.868374994955957
modern,4,a_N100_V3+3D,1.8032920779660344
modern,4,a_N100_V3+3D,1.6989170107990503
modern,4,a_N100_V3+3D,1.7598329577594995
modern,4,a_N100_V3+3D,1.6957910265773535
modern,4,a_N100_V3+3D,1.7307499656453729
modern,4,a_N100_V3+3D,1.729374984279275
modern,4,a_N100_V3+3D,1.7690840177237988
modern,4,a_N100_V3+3D,1.7153749940916896
modern,4,a_N100_V3+3D,1.7430840525776148
modern,4,a_N100_V3+3D,1.6730419592931867
modern,4,a_N100_V3+3D,1.7244999762624502
modern,4,a_N100_V3+3D,1.703334040939808
modern,4,a_N100_V3+3D,1.711333985440433
modern,4,a_N100_V3+3D,1.6466249944642186
modern,4,a_N100_V3+3D,1.7245829803869128
modern,4,a_N100_V3+3D,1.6550000291317701
modern,4,a_N100_V3+3D,1.713625038973987
modern,4,a_N100_V3+3D,1.647625002078712
modern,4,a_N100_V3+3D,1.6572088934481144
modern,4,a_N100_V3+3D,1.6572499880567193
modern,4,a_N100_V3+3D,1.7640419537201524
modern,4,a_N100_V3+3D,1.7332090064883232
modern,4,a_N100_V3+3D,1.7177079571411014
modern,4,a_N100_V3+3D,1.6696249367669225
modern,4,a_N100_V3+3D,1.7006249399855733
modern,4,a_N100_V3+3D,1.650625024922192
modern,4,a_N100_V3+3D,1.6957090701907873
modern,4,a_N100_V3+3D,1.6810420202091336
modern,4,a_N100_V3+3D,1.6916249878704548
modern,4,a_N100_V3+3D,1.6750410431995988
modern,4,a_N100_V3+3D,2.001499990001321
modern,4,a_N100_V3+3D,1.7457919893786311
modern,4,a_N100_V3+3D,1.662916038185358
modern,4,a_N100_V3+3D,1.968249911442399
modern,4,a_N100_V3+3D,1.6724169254302979
modern,4,a_N100_V3+3D,1.7767499666661024
modern,4,a_N100_V3+3D,1.7748749814927578
modern,4,a_N100_V3+3D,1.7131250351667404
modern,4,a_N100_V3+3D,1.699791057035327
modern,4,a_N100_V3+3D,1.7035830533131957
modern,4,a_N100_V3+3D,1.6903749201446772
modern,4,a_N100_V3+3D,1.674374914728105
modern,4,a_N100_V3+3D,1.6690829070284963
modern,4,a_N100_V3+3D,1.6629999736323953
modern,4,a_N100_V3+3D,1.6643329290673137
modern,4,a_N100_V3+3D,1.6794169787317514
modern,4,a_N100_V3+3D,1.9538749475032091
modern,4,a_N100_V3+3D,1.2824999867007136
modern,4,a_N100_V3+3D,1.2413329677656293
modern,4,a_N100_V3+3D,1.2446250766515732
modern,4,a_N100_V3+3D,1.2376250233501196
modern,4,a_N100_V3+3D,1.258542062714696
modern,4,a_N100_V3+3D,1.2483340688049793
modern,4,a_N100_V3+3D,1.3124160468578339
modern,4,a_N100_V3+3D,1.2348750606179237
modern,4,a_N100_V3+3D,1.238583936356008
modern,4,a_N100_V3+3D,1.2425410095602274
modern,4,a_N100_V3+3D,1.2333750491961837
modern,4,a_N100_V3+3D,1.2366250157356262
modern,4,a_N100_V3+3D,1.233791932463646
modern,4,a_N100_V3+3D,1.253416994586587
modern,4,a_N100_V3+3D,1.2329589808359742
modern,4,a_N100_V3+3D,1.2380420230329037
modern,4,a_N100_V3+3D,1.2377919629216194
modern,4,a_N100_V3+3D,1.2304590782150626
modern,4,a_N100_V3+3D,1.3945000246167183
modern,4,a_N100_V3+3D,1.2315830681473017
modern,4,a_N100_V3+3D,1.2245840625837445
modern,4,a_N100_V3+3D,1.2246660189703107
modern,4,a_N100_V3+3D,1.236167037859559
modern,4,a_N100_V3+3D,1.231667003594339
modern,4,a_N100_V3+3D,1.2264169054105878
modern,4,a_N100_V3+3D,1.2254168977960944
modern,4,a_N100_V3+3D,1.2726669665426016
modern,4,a_N100_V3+3D,1.2373749632388353
modern,4,a_N100_V3+3D,1.22337497305125
modern,4,a_N100_V3+3D,1.2214999878779054
modern,4,a_N100_V3+3D,1.2229159474372864
modern,4,a_N100_V3+3D,1.2194999726489186
modern,4,a_N100_V3+3D,1.2235420290380716
modern,4,a_N100_V3+3D,1.2330410536378622
modern,4,a_N100_V3+3D,1.2526250211521983
modern,4,a_N100_V3+3D,1.228500041179359
modern,4,a_N100_V3+3D,1.2219160562381148
modern,4,a_N100_V3+3D,1.2330000754445791
modern,4,a_N100_V3+3D,1.2267910642549396
modern,4,a_N100_V3+3D,1.2224590172991157
modern,4,a_N100_V3+3D,1.2235420290380716
modern,4,a_N100_V3+3D,1.2229590211063623
modern,4,a_N100_V3+3D,1.2356250081211329
modern,4,a_N100_V3+3D,1.2212079018354416
modern,4,a_N100_V3+3D,1.255334005691111
modern,4,a_N100_V3+3D,1.23458297457546
modern,4,a_N100_V3+3D,1.2220829958096147
modern,4,a_N100_V3+3D,1.2228339910507202
modern,4,a_N100_V3+3D,1.777208992280066
modern,4,a_N100_V3+3D,1.7462499672546983
modern,4,a_N100_V3+3D,1.7574999947100878
modern,4,a_N100_V3+3D,1.73670903313905
modern,4,a_N100_V3+3D,1.7129170009866357
modern,4,a_N100_V3+3D,1.7284579807892442
modern,4,a_N100_V3+3D,1.686000032350421
modern,4,a_N100_V3+3D,1.6985840629786253
modern,4,a_N100_V3+3D,1.6942080110311508
modern,4,a_N100_V3+3D,1.665416988544166
modern,4,a_N100_V3+3D,1.6594170592725277
modern,4,a_N100_V3+3D,1.6752500087022781
modern,4,a_N100_V3+3D,1.6652080230414867
modern,4,a_N100_V3+3D,1.6698340186849236
modern,4,a_N100_V3+3D,1.6721250722184777
modern,4,a_N100_V3+3D,1.6664169961586595
modern,4,a_N100_V3+3D,1.7200830625370145
modern,4,a_N100_V3+3D,1.6867080703377724
modern,4,a_N100_V3+3D,1.661374932155013
modern,4,a_N100_V3+3D,1.671917038038373
modern,4,a_N100_V3+3D,1.6596670029684901
modern,4,a_N100_V3+3D,1.680250046774745
modern,4,a_N100_V3+3D,1.6746670007705688
modern,4,a_N100_V3+3D,1.6581250820308924
modern,4,a_N100_V3+3D,1.646250020712614
modern,4,a_N100_V3+3D,1.679374952800572
modern,4,a_N100_V3+3D,1.624083030037582
modern,4,a_N100_V3+3D,1.6337500419467688
modern,4,a_N100_V3+3D,1.6316670225933194
modern,4,a_N100_V3+3D,1.6679170075803995
modern,4,a_N100_V3+3D,1.6539170173928142
modern,4,a_N100_V3+3D,1.7013750039041042
modern,4,a_N100_V3+3D,1.6641669208183885
modern,4,a_N100_V3+3D,1.681166933849454
modern,4,a_N100_V3+3D,1.6778749413788319
modern,4,a_N100_V3+3D,2.225375035777688
modern,4,a_N100_V3+3D,1.7646659398451447
modern,4,a_N100_V3+3D,1.7344170482829213
modern,4,a_N100_V3+3D,1.7188329948112369
modern,4,a_N100_V3+3D,1.7140000127255917
modern,4,a_N100_V3+3D,1.7212500097230077
modern,4,a_N100_V3+3D,1.7318750033155084
modern,4,a_N100_V3+3D,1.6890830593183637
modern,4,a_N100_V3+3D,1.6923330258578062
modern,4,a_N100_V3+3D,1.6859170282259583
modern,4,a_N100_V3+3D,1.717124949209392
modern,4,a_N100_V3+3D,1.6698749968782067
modern,4,a_N100_V3+3D,1.8445419846102595
modern,4,a_N100_V3+3D,1.8048329511657357
modern,4,a_N100_V3+3D,2.0213749958202243
modern,4,a_N100_V3+3D,1.743542030453682
modern,4,a_N100_V3+3D,1.696542021818459
modern,4,a_N100_V3+3D,1.6676669474691153
modern,4,a_N100_V3+3D,1.6556669725105166
modern,4,a_N100_V3+3D,1.6832919791340828
modern,4,a_N100_V3+3D,1.7086659790948033
modern,4,a_N100_V3+3D,1.704583060927689
modern,4,a_N100_V3+3D,1.6967500559985638
modern,4,a_N100_V3+3D,1.732249977067113
modern,4,a_N100_V3+3D,1.6594169428572059
modern,4,a_N100_V3+3D,1.7784159863367677
modern,4,a_N100_V3+3D,1.7510000616312027
modern,4,a_N100_V3+3D,1.7152091022580862
modern,4,a_N100_V3+3D,1.6995830228552222
modern,4,a_N100_V3+3D,1.7074589850381017
modern,4,a_N100_V3+3D,1.6857499722391367
modern,4,a_N100_V3+3D,1.7405410762876272
modern,4,a_N100_V3+3D,1.6862089978531003
modern,4,a_N100_V3+3D,1.6843749908730388
modern,4,a_N100_V3+3D,1.708374940790236
modern,4,a_N100_V3+3D,1.6835000133141875
modern,4,a_N100_V3+3D,1.6597500070929527
modern,4,a_N100_V3+3D,1.6609160229563713
modern,4,a_N100_V3+3D,1.6684579895809293
modern,4,a_N100_V3+3D,1.6612500185146928
modern,4,a_N100_V3+3D,1.6682500718161464
modern,4,a_N100_V3+3D,1.6547919949516654
modern,4,a_N100_V3+3D,1.782334060408175
modern,4,a_N100_V3+3D,1.6782500315457582
modern,4,a_N100_V3+3D,1.6594169428572059
modern,4,a_N100_V3+3D,1.6601660754531622
modern,4,a_N100_V3+3D,1.6629999736323953
modern,4,a_N100_V3+3D,1.6475829761475325
modern,4,a_N100_V3+3D,1.6494999872520566
modern,4,a_N100_V3+3D,1.6769159119576216
modern,4,a_N100_V3+3D,1.6803749604150653
modern,4,a_N100_V3+3D,1.674375031143427
modern,4,a_N100_V3+3D,1.6712499782443047
modern,4,a_N100_V3+3D,1.6651250189170241
modern,4,a_N100_V3+3D,1.6767909983173013
modern,4,a_N100_V3+3D,1.67554197832942
modern,4,a_N100_V3+3D,1.9440840696915984
modern,4,a_N100_V3+3D,1.6923750517889857
modern,4,a_N100_V3+3D,1.6709170304238796
modern,4,a_N100_V3+3D,1.6679170075803995
modern,4,a_N100_V3+3D,1.672249985858798
modern,4,a_N100_V3+3D,2.031250041909516
modern,4,a_N100_V3+3D,1.8242920050397515
modern,4,a_N100_V3+3D,1.7475419444963336
modern,4,a_N100_V3+3D,1.7281249165534973
modern,4,a_N100_V3+3D,1.7057909863069654
modern,4,a_N100_V3+3D,1.6890839906409383
modern,4,a_N100_V3+3D,1.7027909634634852
modern,4,a_N100_V3+3D,1.7088749445974827
modern,4,a_N100_V3+3D,1.6934169689193368
modern,4,a_N100_V3+3D,1.7183329910039902
modern,4,a_N100_V3+3D,1.6742500010877848
modern,4,a_N100_V3+3D,1.727583003230393
modern,4,a_N100_V3+3D,1.6862080665305257
modern,4,a_N100_V3+3D,1.6936250030994415
modern,4,a_N100_V3+3D,1.6659589018672705
modern,4,a_N100_V3+3D,1.6855410067364573
modern,4,a_N100_V3+3D,1.6713329823687673
modern,4,a_N100_V3+3D,1.6705410089343786
modern,4,a_N100_V3+3D,1.6849159728735685
modern,4,a_N100_V3+3D,1.6748750349506736
modern,4,a_N100_V3+3D,1.6748750349506736
modern,4,a_N100_V3+3D,1.6667080344632268
modern,4,a_N100_V3+3D,1.6811250243335962
modern,4,a_N100_V3+3D,1.6951250145211816
modern,4,a_N100_V3+3D,1.784833031706512
modern,4,a_N100_V3+3D,1.7396659823134542
modern,4,a_N100_V3+3D,1.714959042146802
modern,4,a_N100_V3+3D,1.6875830478966236
modern,4,a_N100_V3+3D,1.6735000535845757
modern,4,a_N100_V3+3D,1.6756660770624876
modern,4,a_N100_V3+3D,1.6749160131439567
modern,4,a_N100_V3+3D,1.657749991863966
modern,4,a_N100_V3+3D,1.669958932325244
modern,4,a_N100_V3+3D,1.654457999393344
modern,4,a_N100_V3+3D,1.6517499461770058
modern,4,a_N100_V3+3D,1.698208972811699
modern,4,a_N100_V3+3D,1.650415943004191
modern,4,a_N100_V3+3D,1.7034580232575536
modern,4,a_N100_V3+3D,1.657709013670683
modern,4,a_N100_V3+3D,1.6416660510003567
modern,4,a_N100_V3+3D,1.634916989132762
modern,4,a_N100_V3+3D,1.740416046231985
modern,4,a_N100_V3+3D,1.6329580685123801
modern,4,a_N100_V3+3D,1.6368749784305692
modern,4,a_N100_V3+3D,1.6332919476553798
modern,4,a_N100_V3+3D,1.6395410057157278
modern,4,a_N100_V3+3D,1.6276249662041664
modern,4,a_N100_V3+3D,1.6267920145764947
modern,4,a_N100_V3+3D,1.6359169967472553
modern,4,a_N100_V3+3D,1.6332499217242002
modern,4,a_N100_V3+3D,1.628750003874302
modern,4,a_N100_V3+3D,1.6148339491337538
modern,4,a_N100_V3+3D,1.6380409942939878
modern,4,a_N100_V3+3D,1.6539590433239937
modern,4,a_N100_V3+3D,1.6191659960895777
modern,4,a_N100_V3+3D,1.6451659612357616
modern,4,a_N100_V3+3D,1.6740420833230019
modern,4,a_N100_V3+3D,1.646124990656972
modern,4,a_N100_V3+3D,1.6256250673905015
modern,4,a_N100_V3+3D,1.6249999171122909
modern,4,a_N100_V3+3D,1.628750003874302
modern,4,a_N100_V3+3D,1.6303749289363623
modern,4,a_N100_V3+3D,1.9597499631345272
modern,4,a_N100_V3+3D,1.2442499864846468
modern,4,a_N100_V3+3D,1.2299999361857772
modern,4,a_N100_V3+3D,1.2162920320406556
modern,4,a_N100_V3+3D,1.2160829501226544
modern,4,a_N100_V3+3D,1.2229999992996454
modern,4,a_N100_V3+3D,1.213375013321638
modern,4,a_N100_V3+3D,1.2360829859972
modern,4,a_N100_V3+3D,1.214125077240169
modern,4,a_N100_V3+3D,1.2985420180484653
modern,4,a_N100_V3+3D,1.2558751041069627
modern,4,a_N100_V3+3D,1.2136670993641019
modern,4,a_N100_V3+3D,1.2086669448763132
modern,4,a_N100_V3+3D,1.207208028063178
modern,4,a_N100_V3+3D,1.206416985951364
modern,4,a_N100_V3+3D,1.203833962790668
modern,4,a_N100_V3+3D,1.2014589738100767
modern,4,a_N100_V3+3D,1.1948749888688326
modern,4,a_N100_V3+3D,1.2316249776631594
modern,4,a_N100_V3+3D,1.2060829903930426
modern,4,a_N100_V3+3D,1.204957952722907
modern,4,a_N100_V3+3D,1.212917035445571
modern,4,b_N100_V4,2.4806669680401683
modern,4,b_N100_V4,2.3839579662308097
modern,4,b_N100_V4,2.222167095169425
modern,4,b_N100_V4,2.2190420422703028
modern,4,b_N100_V4,2.184125012718141
modern,4,b_N100_V4,2.2231669863685966
modern,4,b_N100_V4,2.2591250017285347
modern,4,b_N100_V4,2.1581249311566353
modern,4,b_N100_V4,2.1730419248342514
modern,4,b_N100_V4,2.2077499888837337
modern,4,b_N100_V4,2.1719170035794377
modern,4,b_N100_V4,2.1762920077890158
modern,4,b_N100_V4,2.1816249936819077
modern,4,b_N100_V4,2.2129579447209835
modern,4,b_N100_V4,2.179834060370922
modern,4,b_N100_V4,2.195499953813851
modern,4,b_N100_V4,2.1756250644102693
modern,4,b_N100_V4,2.200875082053244
modern,4,b_N100_V4,2.152291010133922
modern,4,b_N100_V4,2.1528330398723483
modern,4,b_N100_V4,2.1548749646171927
modern,4,b_N100_V4,2.18008307274431
modern,4,b_N100_V4,2.1357910009101033
modern,4,b_N100_V4,2.16916692443192
modern,4,b_N100_V4,2.156707923859358
modern,4,b_N100_V4,2.1609999239444733
modern,4,b_N100_V4,2.1254169987514615
modern,4,b_N100_V4,2.1422499557957053
modern,4,b_N100_V4,2.1359159145504236
modern,4,b_N100_V4,2.3259170120581985
modern,4,b_N100_V4,3.212000010535121
modern,4,b_N100_V4,3.047166974283755
modern,4,b_N100_V4,2.522542024962604
modern,4,b_N100_V4,2.7476249961182475
modern,4,b_N100_V4,2.3917920188978314
modern,4,b_N100_V4,2.2748749470338225
modern,4,b_N100_V4,2.2430419921875
modern,4,b_N100_V4,2.2683748975396156
modern,4,b_N100_V4,2.2167499409988523
modern,4,b_N100_V4,2.2146248957142234
modern,4,b_N100_V4,2.70791701041162
modern,4,b_N100_V4,2.226124983280897
modern,4,b_N100_V4,2.231582999229431
modern,4,b_N100_V4,2.2012919653207064
modern,4,b_N100_V4,2.189790946431458
modern,4,b_N100_V4,2.2382079623639584
modern,4,b_N100_V4,2.2207919973880053
modern,4,b_N100_V4,2.262125024572015
modern,4,b_N100_V4,2.2123330272734165
modern,4,b_N100_V4,2.1997500443831086
modern,4,b_N100_V4,2.1879998967051506
modern,4,b_N100_V4,2.1868750918656588
modern,4,b_N100_V4,2.194457920268178
modern,4,b_N100_V4,2.2116670152172446
modern,4,b_N100_V4,2.1941669983789325
modern,4,b_N100_V4,2.590541960671544
modern,4,b_N100_V4,2.2988340351730585
modern,4,b_N100_V4,2.235791995190084
modern,4,b_N100_V4,2.2219999227672815
modern,4,b_N100_V4,2.2597500355914235
modern,4,b_N100_V4,2.276625018566847
modern,4,b_N100_V4,2.2830830421298742
modern,4,b_N100_V4,2.1821249974891543
modern,4,b_N100_V4,2.1678750636056066
modern,4,b_N100_V4,2.17720796354115
modern,4,b_N100_V4,2.1798339439556003
modern,4,b_N100_V4,2.1737079368904233
modern,4,b_N100_V4,2.173417015001178
modern,4,b_N100_V4,2.181457937695086
modern,4,b_N100_V4,2.204374992288649
modern,4,b_N100_V4,2.200125018134713
modern,4,b_N100_V4,2.1505000768229365
modern,4,b_N100_V4,2.1665410604327917
modern,4,b_N100_V4,2.2134999744594097
modern,4,b_N100_V4,2.1578340092673898
modern,4,b_N100_V4,2.146042068488896
modern,4,b_N100_V4,2.15616705827415
modern,4,b_N100_V4,2.1702919621020555
modern,4,b_N100_V4,2.211541053839028
modern,4,b_N100_V4,2.143291989341378
modern,4,b_N100_V4,2.162833930924535
modern,4,b_N100_V4,2.1559579763561487
modern,4,b_N100_V4,2.175500034354627
modern,4,b_N100_V4,2.1257500629872084
modern,4,b_N100_V4,2.142666024155915
modern,4,b_N100_V4,2.182333031669259
modern,4,b_N100_V4,2.136124996468425
modern,4,b_N100_V4,2.136916038580239
modern,4,b_N100_V4,2.365165972150862
modern,4,b_N100_V4,2.1353340707719326
modern,4,b_N100_V4,2.131375018507242
modern,4,b_N100_V4,2.1202920470386744
modern,4,b_N100_V4,2.1086661145091057
modern,4,b_N100_V4,2.64195806812495
modern,4,b_N100_V4,2.1635829471051693
modern,4,b_N100_V4,2.1166669903323054
modern,4,b_N100_V4,2.1262909285724163
modern,4,b_N100_V4,2.152582979761064
modern,4,b_N100_V4,2.1175419678911567
modern,4,b_N100_V4,2.117833006195724
modern,4,b_N100_V4,2.1195419831201434
modern,4,b_N100_V4,2.1068750647827983
modern,4,b_N100_V4,2.1654170705005527
modern,4,b_N100_V4,2.1177500020712614
modern,4,b_N100_V4,2.1213750587776303
modern,4,b_N100_V4,2.1992078982293606
modern,4,b_N100_V4,2.12658301461488
modern,4,b_N100_V4,2.116624964401126
modern,4,b_N100_V4,2.217500004917383
modern,4,b_N100_V4,2.144375001080334
modern,4,b_N100_V4,2.135374932549894
modern,4,b_N100_V4,2.1363329142332077
modern,4,b_N100_V4,2.168416976928711
modern,4,b_N100_V4,2.1284170215949416
modern,4,b_N100_V4,2.1334170596674085
modern,4,b_N100_V4,2.1485830657184124
modern,4,b_N100_V4,2.1271250443533063
modern,4,b_N100_V4,2.175415982492268
modern,4,b_N100_V4,2.146083046682179
modern,4,b_N100_V4,2.1310840966179967
modern,4,b_N100_V4,2.2410419769585133
modern,4,b_N100_V4,2.237125067040324
modern,4,b_N100_V4,2.237208071164787
modern,4,b_N100_V4,2.1862079156562686
modern,4,b_N100_V4,2.1911660442128778
modern,4,b_N100_V4,2.1937090205028653
modern,4,b_N100_V4,2.191833918914199
modern,4,b_N100_V4,2.1556669380515814
modern,4,b_N100_V4,2.185167046263814
modern,4,b_N100_V4,2.182750031352043
modern,4,b_N100_V4,2.17504205647856
modern,4,b_N100_V4,2.158708986826241
modern,4,b_N100_V4,2.197416964918375
modern,4,b_N100_V4,2.1748340222984552
modern,4,b_N100_V4,2.179834060370922
modern,4,b_N100_V4,2.1857080282643437
modern,4,b_N100_V4,2.1659170743077993
modern,4,b_N100_V4,2.155125024728477
modern,4,b_N100_V4,2.1638330072164536
modern,4,b_N100_V4,2.219207934103906
modern,4,b_N100_V4,2.1668749395757914
modern,4,b_N100_V4,2.144290949217975
modern,4,b_N100_V4,2.1334169432520866
modern,4,b_N100_V4,2.218874986283481
modern,4,b_N100_V4,2.1956670098006725
modern,4,b_N100_V4,2.1595420548692346
modern,4,b_N100_V4,2.7587920194491744
modern,4,b_N100_V4,2.2808749927207828
modern,4,b_N100_V4,2.25575000513345
modern,4,b_N100_V4,2.199250040575862
modern,4,b_N100_V4,2.2845830535516143
modern,4,b_N100_V4,2.2133750608190894
modern,4,b_N100_V4,2.1799999522045255
modern,4,b_N100_V4,2.2217079531401396
modern,4,b_N100_V4,2.21933308057487
modern,4,b_N100_V4,2.1681670332327485
modern,4,b_N100_V4,2.19141598790884
modern,4,b_N100_V4,2.195207984186709
modern,4,b_N100_V4,2.201459021307528
modern,4,b_N100_V4,2.183082979172468
modern,4,b_N100_V4,2.1870830096304417
modern,4,b_N100_V4,2.152875065803528
modern,4,b_N100_V4,2.1660419879481196
modern,4,b_N100_V4,2.164000063203275
modern,4,b_N100_V4,2.216875087469816
modern,4,b_N100_V4,2.192458021454513
modern,4,b_N100_V4,2.2009999956935644
modern,4,b_N100_V4,2.133999951183796
modern,4,b_N100_V4,2.1374160423874855
modern,4,b_N100_V4,2.283583045937121
modern,4,b_N100_V4,2.1821249974891543
modern,4,b_N100_V4,2.1743749966844916
modern,4,b_N100_V4,2.19091703183949
modern,4,b_N100_V4,2.158583956770599
modern,4,b_N100_V4,2.229291945695877
modern,4,b_N100_V4,2.1691250149160624
modern,4,b_N100_V4,2.179584000259638
modern,4,b_N100_V4,2.1774170454591513
modern,4,b_N100_V4,2.17870797496289
modern,4,b_N100_V4,2.1621250780299306
modern,4,b_N100_V4,2.2149999858811498
modern,4,b_N100_V4,2.187832957133651
modern,4,b_N100_V4,2.178875030949712
modern,4,b_N100_V4,2.138292067684233
modern,4,b_N100_V4,2.1836250089108944
modern,4,b_N100_V4,2.13479099329561
modern,4,b_N100_V4,2.1456669783219695
modern,4,b_N100_V4,2.1461250726133585
modern,4,b_N100_V4,2.1354160271584988
modern,4,b_N100_V4,2.122957957908511
modern,4,b_N100_V4,2.1233330480754375
modern,4,b_N100_V4,2.141958917491138
modern,4,b_N100_V4,2.1390420151874423
modern,4,b_N100_V4,2.130375010892749
modern,4,b_N100_V4,2.1230409620329738
modern,4,b_N100_V4,2.1499579306691885
modern,4,b_N100_V4,2.1341670071706176
modern,4,b_N100_V4,2.1300000371411443
modern,4,b_N100_V4,2.1152079571038485
modern,4,b_N100_V4,2.117375028319657
modern,4,b_N100_V4,2.1979580633342266
modern,4,b_N100_V4,2.127791987732053
modern,4,b_N100_V4,2.1303329849615693
modern,4,b_N100_V4,2.1370419999584556
modern,4,b_N100_V4,2.1109579829499125
modern,4,b_N100_V4,2.1600419422611594
modern,4,b_N100_V4,2.128708059899509
modern,4,b_N100_V4,2.0998340332880616
modern,4,b_N100_V4,2.1106249187141657
modern,4,b_N100_V4,2.115334034897387
modern,4,b_N100_V4,2.10937496740371
modern,4,b_N100_V4,2.123874961398542
modern,4,b_N100_V4,2.102209022268653
modern,4,b_N100_V4,2.1059580612927675
modern,4,b_N100_V4,2.1081670420244336
modern,4,b_N100_V4,2.113291062414646
modern,4,b_N100_V4,2.2277500247582793
modern,4,b_N100_V4,2.0938750822097063
modern,4,b_N100_V4,2.0952080376446247
modern,4,b_N100_V4,2.109791967086494
modern,4,b_N100_V4,2.104584011249244
modern,4,b_N100_V4,2.1300410153344274
modern,4,b_N100_V4,2.0921669201925397
modern,4,b_N100_V4,2.104374929331243
modern,4,b_N100_V4,2.0962499547749758
modern,4,b_N100_V4,2.088792040012777
modern,4,b_N100_V4,2.1535420091822743
modern,4,b_N100_V4,2.1090840455144644
modern,4,b_N100_V4,2.0941670518368483
modern,4,b_N100_V4,2.104667015373707
modern,4,b_N100_V4,2.140500000678003
modern,4,b_N100_V4,2.1143750054761767
modern,4,b_N100_V4,2.0988748874515295
modern,4,b_N100_V4,2.136250026524067
modern,4,b_N100_V4,2.102124970406294
modern,4,b_N100_V4,2.101792022585869
modern,4,b_N100_V4,2.115291077643633
modern,4,b_N100_V4,2.1370419999584556
modern,4,b_N100_V4,2.105250023305416
modern,4,b_N100_V4,2.119916956871748
modern,4,b_N100_V4,2.2475840523838997
modern,4,b_N100_V4,2.1975840209051967
modern,4,b_N100_V4,2.16599996201694
modern,4,b_N100_V4,2.1544169867411256
modern,4,b_N100_V4,2.1419170079752803
modern,4,b_N100_V4,2.1430000197142363
modern,4,b_N100_V4,2.1288749994710088
modern,4,b_N100_V4,2.176125068217516
modern,4,b_N100_V4,2.098291995935142
modern,4,b_N100_V4,2.1071669179946184
modern,4,b_N100_V4,2.1293340250849724
modern,4,b_N100_V4,2.115999930538237
modern,4,b_N100_V4,2.125833067111671
modern,4,b_N100_V4,2.1416659001260996
modern,4,b_N100_V4,2.093082992359996
modern,4,b_N100_V4,2.1150419488549232
modern,4,b_N100_V4,2.1244590170681477
modern,4,b_N100_V4,2.141500008292496
modern,4,b_N100_V4,2.1252500591799617
modern,4,b_N100_V4,2.125584054738283
modern,4,b_N100_V4,2.097583026625216
modern,4,b_N100_V4,2.144875004887581
modern,4,b_N100_V4,2.1274170139804482
modern,4,b_N100_V4,2.1280000219121575
modern,4,b_N100_V4,2.0991249475628138
modern,4,b_N100_V4,2.142084063962102
modern,4,b_N100_V4,2.0846249535679817
modern,4,b_N100_V4,2.097250078804791
modern,4,b_N100_V4,2.1505419863387942
modern,4,b_N100_V4,2.1139999153092504
modern,4,b_N100_V4,2.0894589833915234
modern,4,b_N100_V4,2.1236249012872577
modern,4,b_N100_V4,2.116292016580701
modern,4,b_N100_V4,2.148458966985345
modern,4,b_N100_V4,2.1030419738963246
modern,4,b_N100_V4,2.1443329751491547
modern,4,b_N100_V4,2.0977089880034328
modern,4,b_N100_V4,2.105958992615342
modern,4,b_N100_V4,2.1392920752987266
modern,4,b_N100_V4,2.0839169155806303
modern,4,b_N100_V4,2.1133340196684003
modern,4,b_N100_V4,2.121624886058271
modern,4,b_N100_V4,2.12441710755229
modern,4,b_N100_V4,2.1328749135136604
modern,4,b_N100_V4,2.110249944962561
modern,4,b_N100_V4,2.1082499297335744
modern,4,b_N100_V4,2.112082904204726
modern,4,b_N100_V4,2.124332939274609
modern,4,b_N100_V4,2.1192909916862845
modern,4,b_N100_V4,2.164916950277984
modern,4,b_N100_V4,2.095291973091662
modern,4,b_N100_V4,2.1168329985812306
modern,4,b_N100_V4,2.1119590383023024
modern,4,b_N100_V4,2.1297920029610395
modern,4,b_N100_V4,2.096499898470938
modern,4,b_N100_V4,2.127292100340128
modern,4,b_N100_V4,2.096707932651043
modern,4,b_N100_V4,2.101916936226189
modern,4,b_N100_V4,2.120791934430599
modern,4,b_N100_V4,2.147457911632955
modern,4,b_N100_V4,2.201708033680916
modern,4,b_N100_V4,2.1698339842259884
modern,4,b_N100_V4,2.13945796713233
modern,4,b_N100_V4,2.1284170215949416
modern,4,b_N100_V4,2.1112090907990932
modern,4,b_N100_V4,2.1170410327613354
modern,4,b_N100_V4,2.130791894160211
modern,4,b_N100_V4,2.1185838850215077
modern,4,b_N100_V4,2.1210000850260258
modern,4,b_N100_V4,2.1512089297175407
modern,4,b_N100_V4,2.113208989612758
modern,4,b_N100_V4,2.1137919975444674
modern,4,b_N100_V4,2.111625042743981
modern,4,b_N100_V4,2.1113340044394135
modern,4,b_N100_V4,2.101792022585869
modern,4,b_N100_V4,2.109042019583285
modern,4,b_N100_V4,2.120958990417421
modern,4,b_N100_V4,2.119665965437889
modern,4,b_N100_V4,2.117583993822336
modern,4,b_N100_V4,2.1284170215949416
modern,4,b_N100_V4,2.125167055055499
modern,4,b_N100_V4,2.210958977229893
modern,4,b_N100_V4,2.1518339635804296
modern,4,b_N100_V4,2.10937496740371
modern,4,b_N100_V4,2.112249960191548
modern,4,b_N100_V4,2.1054999670013785
modern,4,b_N100_V4,2.1137919975444674
modern,4,b_N100_V4,2.116083982400596
modern,4,b_N100_V4,2.110249944962561
modern,4,b_N100_V4,2.138374955393374
modern,4,b_N100_V4,2.159625058993697
modern,4,b_N100_V4,2.119417069479823
modern,4,b_N100_V4,2.104499959386885
modern,4,b_N100_V4,2.1499170688912272
modern,4,b_N100_V4,2.1089590154588223
modern,4,b_N100_V4,2.103333012200892
modern,4,b_N100_V4,2.105208928696811
modern,4,b_N100_V4,2.091041998937726
modern,4,b_N100_V4,2.0928329322487116
modern,4,b_N100_V4,2.0918339723721147
modern,4,b_N100_V4,2.25575000513345
modern,4,b_N100_V4,2.1124170161783695
modern,4,b_N100_V4,2.1113749826326966
modern,4,b_N100_V4,2.138459007255733
modern,4,b_N100_V4,2.1024999441578984
modern,4,b_N100_V4,2.1043330198153853
modern,4,b_N100_V4,2.100124955177307
modern,4,b_N100_V4,2.102875034324825
modern,4,b_N100_V4,2.1102090831846
modern,4,b_N100_V4,2.0882090320810676
modern,4,b_N100_V4,2.083500032313168
modern,4,b_N100_V4,2.1216250024735928
modern,4,b_N100_V4,2.14208394754678
modern,4,b_N100_V4,2.096625044941902
modern,4,b_N100_V4,2.099874895066023
modern,4,b_N100_V4,2.0867909770458937
modern,4,b_N100_V4,2.0984580041840672
modern,4,b_N100_V4,2.0899169612675905
modern,4,b_N100_V4,2.1014169324189425
modern,4,b_N100_V4,2.1155410213395953
modern,4,b_N100_V4,2.1905420580878854
modern,4,b_N100_V4,2.2554160095751286
modern,4,b_N100_V4,2.2015830036252737
modern,4,b_N100_V4,2.1677090553566813
modern,4,b_N100_V4,2.1563339978456497
modern,4,b_N100_V4,2.1556660067290068
modern,4,b_N100_V4,2.1316250786185265
modern,4,b_N100_V4,2.1372500341385603
modern,4,b_N100_V4,2.1394160576164722
modern,4,b_N100_V4,2.1352500189095736
modern,4,b_N100_V4,2.1292089950293303
modern,4,b_N100_V4,2.2323750890791416
modern,4,b_N100_V4,2.138791955076158
modern,4,b_N100_V4,2.1234999876469374
modern,4,b_N100_V4,2.7200840413570404
modern,4,b_N100_V4,2.2660410031676292
modern,4,b_N100_V4,2.2325420286506414
modern,4,b_N100_V4,2.2171250311657786
modern,4,b_N100_V4,2.197750029154122
modern,4,b_N100_V4,2.566333976574242
modern,4,b_N100_V4,2.584708039648831
modern,4,b_N100_V4,2.2055840818211436
modern,4,b_N100_V4,2.2753330413252115
modern,4,b_N100_V4,2.185833058319986
modern,4,b_N100_V4,2.177458954975009
modern,4,b_N100_V4,2.173416898585856
modern,4,b_N100_V4,2.8436670545488596
modern,4,b_N100_V4,2.6962500996887684
modern,4,b_N100_V4,2.3561669513583183
modern,4,b_N100_V4,2.196833025664091
modern,4,b_N100_V4,2.2175840567797422
modern,4,b_N100_V4,2.1544169867411256
modern,4,b_N100_V4,2.2090000566095114
modern,4,b_N100_V4,2.4952500825747848
modern,4,b_N100_V4,2.161166979931295
modern,4,b_N100_V4,2.1720409858971834
modern,4,b_N100_V4,2.5740000419318676
modern,4,b_N100_V4,2.1823750576004386
modern,4,b_N100_V4,2.166000078432262
modern,4,b_N100_V4,2.165541984140873
modern,4,b_N100_V4,2.1714589092880487
modern,4,b_N100_V4,2.1592079428955913
modern,4,b_N100_V4,2.16083403211087
modern,4,b_N100_V4,2.175249974243343
modern,4,b_N100_V4,2.144666970707476
modern,4,b_N100_V4,2.1422089776024222
modern,4,b_N100_V4,2.2085419623181224
modern,4,b_N100_V4,2.1499169524759054
modern,4,b_N100_V4,2.1460839780047536
modern,4,b_N100_V4,2.139250049367547
modern,4,b_N100_V4,2.174749970436096
modern,4,b_N100_V4,2.1274170139804482
modern,4,b_N100_V4,2.854582970030606
modern,4,b_N100_V4,2.3469170555472374
modern,4,b_N100_V4,2.237499924376607
modern,4,b_N100_V4,2.203666022978723
modern,4,b_N100_V4,2.2282080026343465
modern,4,b_N100_V4,2.1758750081062317
modern,4,b_N100_V4,2.175917034037411
modern,4,b_N100_V4,2.187000005505979
modern,4,b_N100_V4,2.300166990607977
modern,4,b_N100_V4,2.24974995944649
modern,4,b_N100_V4,2.236749976873398
modern,4,b_N100_V4,2.213000087067485
modern,4,b_N100_V4,2.1976670250296593
modern,4,b_N100_V4,2.196833025664091
modern,4,b_N100_V4,2.2216669749468565
modern,4,b_N100_V4,2.1927080815657973
modern,4,b_N100_V4,2.214458887465298
modern,4,b_N100_V4,2.173541928641498
modern,4,b_N100_V4,2.170667052268982
modern,4,b_N100_V4,2.1733749890699983
modern,4,b_N100_V4,2.1870419150218368
modern,4,b_N100_V4,2.183582982979715
modern,4,b_N100_V4,2.2040000185370445
modern,4,b_N100_V4,2.1869579795747995
modern,4,b_N100_V4,2.179750008508563
modern,4,b_N100_V4,2.153957961127162
modern,4,b_N100_V4,2.199999988079071
modern,4,b_N100_V4,2.184875076636672
modern,4,b_N100_V4,2.203000010922551
modern,4,b_N100_V4,2.1689169807359576
modern,4,b_N100_V4,2.1588330855593085
modern,4,b_N100_V4,2.2120000794529915
modern,4,b_N100_V4,2.214707899838686
modern,4,b_N100_V4,2.1748750004917383
modern,4,b_N100_V4,2.180999959819019
modern,4,b_N100_V4,2.1627090172842145
modern,4,b_N100_V4,2.168332925066352
modern,4,b_N100_V4,2.151041990146041
modern,4,b_N100_V4,2.1750000305473804
modern,4,b_N100_V4,2.151708002202213
modern,4,b_N100_V4,2.1916250698268414
modern,4,b_N100_V4,2.1869579795747995
modern,4,b_N100_V4,2.169916988350451
modern,4,b_N100_V4,2.253792015835643
modern,4,b_N100_V4,2.1886250469833612
modern,4,b_N100_V4,2.324917004443705
modern,4,b_N100_V4,2.1930410293862224
modern,4,b_N100_V4,2.160041010938585
modern,4,b_N100_V4,2.1477090194821358
modern,4,b_N100_V4,2.175249974243343
modern,4,b_N100_V4,2.1659169578924775
modern,4,b_N100_V4,2.154999994672835
modern,4,b_N100_V4,2.169499988667667
modern,4,b_N100_V4,2.2890419932082295
modern,4,b_N100_V4,2.169291954487562
modern,4,b_N100_V4,2.1611249540001154
modern,4,b_N100_V4,2.187333069741726
modern,4,b_N100_V4,2.1502500167116523
modern,4,b_N100_V4,2.172415959648788
modern,4,b_N100_V4,2.188374986872077
modern,4,b_N100_V4,2.1513330284506083
modern,4,b_N100_V4,2.195041044615209
modern,4,b_N100_V4,2.1665000822395086
modern,4,b_N100_V4,2.15466704685241
modern,4,b_N100_V4,2.1827499149367213
modern,4,b_N100_V4,2.153332927264273
modern,4,b_N100_V4,2.1512919338420033
modern,4,b_N100_V4,2.1588749950751662
modern,4,b_N100_V4,2.258041058667004
modern,4,b_N100_V4,2.227041986770928
modern,4,b_N100_V4,2.2056250600144267
modern,4,b_N100_V4,2.20062502194196
modern,4,b_N100_V4,2.177292015403509
modern,4,b_N100_V4,2.18458310700953
modern,4,b_N100_V4,2.2111251018941402
modern,4,b_N100_V4,2.153583918698132
modern,4,b_N100_V4,2.1695420145988464
modern,4,b_N100_V4,2.182167023420334
modern,4,b_N100_V4,2.1765000419691205
modern,4,b_N100_V4,2.177624963223934
modern,4,b_N100_V4,2.141374978236854
modern,4,b_N100_V4,2.137750037945807
modern,4,b_N100_V4,2.140500000678003
modern,4,b_N100_V4,2.1364170825108886
modern,4,b_N100_V4,2.1732919849455357
modern,4,b_N100_V4,2.1730000153183937
modern,4,b_N100_V4,2.187208039686084
modern,4,b_N100_V4,2.1480420837178826
modern,4,b_N100_V4,2.1639999467879534
modern,4,b_N100_V4,2.143458928912878
modern,4,b_N100_V4,2.144541940651834
modern,4,b_N100_V4,2.1532499231398106
modern,4,b_N100_V4,2.178124967031181
modern,4,b_N100_V4,2.1565420320257545
modern,4,b_N100_V4,2.216291963122785
modern,4,b_N100_V4,2.1915000397711992
modern,4,b_N100_V4,2.13591696228832
modern,4,b_N100_V4,2.1483340533450246
modern,4,b_N100_V4,2.150750020518899
modern,4,b_N100_V4,2.1390420151874423
modern,4,b_N100_V4,2.1441250573843718
modern,4,b_N100_V4,2.1222500363364816
modern,4,b_N100_V4,2.12958303745836
modern,4,b_N100_V4,2.153625013306737
modern,4,b_N100_V4,2.1388750756159425
modern,4,b_N100_V4,2.1754999179393053
modern,4,b_N100_V4,2.1355830831453204
modern,4,b_N100_V4,2.148957923054695
modern,4,b_N100_V4,2.1388749592006207
modern,4,b_N100_V4,2.1642500068992376
modern,4,b_N100_V4,2.165667014196515
modern,4,b_N100_V4,2.1527500357478857
modern,4,b_N100_V4,2.13729206006974
modern,4,b_N100_V4,2.134333015419543
modern,4,b_N100_V4,2.149334060959518
modern,4,b_N100_V4,2.141208969987929
modern,4,b_N100_V4,2.185000106692314
modern,4,b_N100_V4,2.1373750641942024
modern,4,b_N100_V4,2.1412500645965338
modern,4,b_N100_V4,2.1446249447762966
modern,4,b_N100_V4,2.1326669957488775
modern,4,b_N100_V4,2.1476669935509562
modern,4,b_N100_V4,2.1568340016528964
modern,4,b_N100_V4,2.1432089852169156
modern,4,b_N100_V4,2.151082968339324
modern,4,b_N100_V4,2.1369579480960965
modern,4,b_N100_V4,2.18475004658103
modern,4,b_N100_V4,2.1427919855341315
modern,4,b_N100_V4,2.199291018769145
modern,4,b_N100_V4,2.2050419356673956
modern,4,b_N100_V4,2.156832953915
modern,4,b_N100_V4,2.1454590605571866
modern,4,b_N100_V4,2.1386250155046582
modern,4,b_N100_V4,2.1267919801175594
modern,4,b_N100_V4,2.132458030246198
modern,4,b_N100_V4,2.149124979041517
modern,4,b_N100_V4,2.1805419819429517
modern,4,b_N100_V4,2.12004198692739
modern,4,b_N100_V4,2.133042085915804
modern,4,b_N100_V4,2.124332939274609
modern,4,b_N100_V4,2.122042002156377
modern,4,b_N100_V4,2.1124170161783695
modern,4,b_N100_V4,2.1595419384539127
modern,4,b_N100_V4,2.1367919398471713
modern,4,b_N100_V4,2.1150839747861028
modern,4,b_N100_V4,2.130958018824458
modern,4,b_N100_V4,2.150416956283152
modern,4,b_N100_V4,2.1352500189095736
modern,4,b_N100_V4,2.159958006814122
modern,4,b_N100_V4,2.1145420614629984
modern,4,b_N100_V4,2.112167072482407
modern,4,b_N100_V4,2.107667038217187
modern,4,b_N100_V4,2.115416922606528
modern,4,b_N100_V4,2.1338750375434756
modern,4,b_N100_V4,2.117082942277193
modern,4,b_N100_V4,2.111458918079734
modern,4,b_N100_V4,2.1112089743837714
modern,4,b_N100_V4,2.1514580585062504
modern,4,b_N100_V4,2.1157499868422747
modern,4,b_N100_V4,2.1095419069752097
modern,4,b_N100_V4,2.114166971296072
modern,4,b_N100_V4,2.121416968293488
modern,4,b_N100_V4,2.124666003510356
modern,4,b_N100_V4,2.123291022144258
modern,4,b_N100_V4,2.1121669560670853
modern,4,b_N100_V4,2.11991707328707
modern,4,b_N100_V4,2.121041063219309
modern,4,b_N100_V4,2.1455419482663274
modern,4,b_N100_V4,2.121791010722518
modern,4,b_N100_V4,2.1156249567866325
modern,4,b_N100_V4,2.1113749826326966
modern,4,b_N100_V4,2.104208921082318
modern,4,b_N100_V4,2.6235830737277865
modern,4,b_N100_V4,2.155542024411261
modern,4,b_N100_V4,2.1247919648885727
modern,4,b_N100_V4,2.1150419488549232
modern,4,b_N100_V4,2.1186249796301126
modern,4,b_N100_V4,2.1161249605938792
modern,4,b_N100_V4,2.2512919967994094
modern,4,b_N100_V4,2.1235840395092964
modern,4,b_N100_V4,2.1068750647827983
modern,4,b_N100_V4,2.1044170716777444
modern,4,b_N100_V4,2.1165419602766633
modern,4,b_N100_V4,2.1371670300140977
modern,4,b_N100_V4,2.1142499754205346
modern,4,b_N100_V4,2.1068750647827983
modern,4,b_N100_V4,2.1200840128585696
modern,4,b_N100_V4,2.1096660057082772
modern,4,b_N100_V4,2.2507919929921627
modern,4,b_N100_V4,2.2146670380607247
modern,4,b_N100_V4,2.6569589972496033
modern,4,b_N100_V4,2.2802919847890735
modern,4,b_N100_V4,2.2277500247582793
modern,4,b_N100_V4,2.1896250545978546
modern,4,b_N100_V4,2.1853750804439187
modern,4,b_N100_V4,2.4746250128373504
modern,4,b_N100_V4,2.1782919066026807
modern,4,b_N100_V4,2.175541943870485
modern,4,b_N100_V4,2.214249921962619
modern,4,b_N100_V4,2.1727089770138264
modern,4,b_N100_V4,2.163541968911886
modern,4,b_N100_V4,2.165250014513731
modern,4,b_N100_V4,2.1427919855341315
modern,4,b_N100_V4,2.161207958124578
modern,4,b_N100_V4,2.1564170019701123
modern,4,b_N100_V4,2.161417040042579
modern,4,b_N100_V4,2.1371670300140977
modern,4,b_N100_V4,2.143500023521483
modern,4,b_N100_V4,2.1480420837178826
modern,4,b_N100_V4,2.166416961699724
modern,4,b_N100_V4,2.153625013306737
modern,4,b_N100_V4,2.6528749149292707
modern,4,b_N100_V4,2.269666991196573
modern,4,b_N100_V4,2.200457965955138
modern,4,b_N100_V4,2.2495000157505274
modern,4,b_N100_V4,2.192416926845908
modern,4,b_N100_V4,2.1938749123364687
modern,4,b_N100_V4,2.201333991251886
modern,4,b_N100_V4,2.188374986872077
modern,4,b_N100_V4,2.2048329701647162
modern,4,b_N100_V4,2.169709070585668
modern,4,b_N100_V4,2.1727909334003925
modern,4,b_N100_V4,2.170250052586198
modern,4,b_N100_V4,2.1847919560968876
modern,4,b_N100_V4,2.1923750173300505
modern,4,b_N100_V4,2.1615830482915044
modern,4,b_N100_V4,2.289292053319514
modern,4,b_N100_V4,2.5229169987142086
modern,4,b_N100_V4,2.2304579615592957
modern,4,b_N100_V4,2.1789580350741744
modern,4,b_N100_V4,2.2063329815864563
modern,4,b_N100_V4,2.173291053622961
modern,4,b_N100_V4,2.1922090090811253
modern,4,b_N100_V4,2.1766669815406203
modern,4,b_N100_V4,2.189665916375816
modern,4,b_N100_V4,2.183667034842074
modern,4,b_N100_V4,2.15479196049273
modern,4,b_N100_V4,2.18941702041775
modern,4,b_N100_V4,2.1737089846283197
modern,4,b_N100_V4,2.1552080288529396
modern,4,b_N100_V4,2.185082994401455
modern,4,b_N100_V4,2.176416921429336
modern,4,b_N100_V4,2.165124984458089
modern,4,b_N100_V4,2.1626249654218554
modern,4,b_N100_V4,2.192624961026013
modern,4,b_N100_V4,2.169208019040525
modern,4,b_N100_V4,2.146666985936463
modern,4,b_N100_V4,2.157874987460673
modern,4,b_N100_V4,2.245957963168621
modern,4,b_N100_V4,2.1992919500917196
modern,4,b_N100_V4,2.1897919941693544
modern,4,b_N100_V4,2.1372499177232385
modern,4,b_N100_V4,2.1381659898906946
modern,4,b_N100_V4,2.1228749537840486
modern,4,b_N100_V4,2.1295410115271807
modern,4,b_N100_V4,2.121709054335952
modern,4,b_N100_V4,2.1167079685255885
modern,4,b_N100_V4,2.105750027112663
modern,4,b_N100_V4,2.1042500156909227
modern,4,b_N100_V4,2.1097500575706363
modern,4,b_N100_V4,2.1854579681530595
modern,4,b_N100_V4,2.146625076420605
modern,4,b_N100_V4,2.140917000360787
modern,4,b_N100_V4,2.1250410936772823
modern,4,b_N100_V4,2.1398330572992563
modern,4,b_N100_V4,2.1068330388516188
modern,4,b_N100_V4,2.1114590344950557
modern,4,b_N100_V4,2.1262079244479537
modern,4,b_N100_V4,2.1381669212132692
modern,4,b_N100_V4,2.132458961568773
modern,4,b_N100_V4,2.12058296892792
modern,4,b_N100_V4,2.1335419733077288
modern,4,b_N100_V4,2.116458024829626
modern,4,b_N100_V4,2.1147499792277813
modern,4,b_N100_V4,2.1285840775817633
modern,4,b_N100_V4,2.1428329637274146
modern,4,b_N100_V4,2.5783750461414456
modern,4,b_N100_V4,2.2641250398010015
modern,4,b_N100_V4,2.2042919881641865
modern,4,b_N100_V4,2.1961249876767397
modern,4,b_N100_V4,2.1715000038966537
modern,4,b_N100_V4,2.1765839774161577
modern,4,b_N100_V4,2.1869170013815165
modern,4,b_N100_V4,2.144834026694298
modern,4,b_N100_V4,2.1657090401276946
modern,4,b_N100_V4,2.135957940481603
modern,4,b_N100_V4,2.1419579861685634
modern,4,b_N100_V4,2.136582974344492
modern,4,b_N100_V4,2.1371670300140977
modern,4,b_N100_V4,2.135624992661178
modern,4,b_N100_V4,2.1219169721007347
modern,4,b_N100_V4,2.1244999952614307
modern,4,b_N100_V4,2.1539170993492007
modern,4,b_N100_V4,2.1308339200913906
modern,4,b_N100_V4,2.146999933756888
modern,4,b_N100_V4,2.1306249545887113
modern,4,b_N100_V4,2.110666944645345
modern,4,b_N100_V4,2.119957935065031
modern,4,b_N100_V4,2.1290420554578304
modern,4,b_N100_V4,2.1327079739421606
modern,4,b_N100_V4,2.1238329354673624
modern,4,b_N100_V4,2.1364999702200294
modern,4,b_N100_V4,2.128500025719404
modern,4,b_N100_V4,2.240166999399662
modern,4,b_N100_V4,2.135624992661178
modern,4,b_N100_V4,2.185916993767023
modern,4,b_N100_V4,2.1316250786185265
modern,4,b_N100_V4,2.1195830777287483
modern,4,b_N100_V4,2.284207963384688
modern,4,b_N100_V4,2.3402919759973884
modern,4,b_N100_V4,2.2345000179484487
modern,4,b_N100_V4,2.2418329026550055
modern,4,b_N100_V4,2.2071669809520245
modern,4,b_N100_V4,2.2763339802622795
modern,4,b_N100_V4,2.207541954703629
modern,4,b_N100_V4,2.230999991297722
modern,4,b_N100_V4,2.1951249800622463
modern,4,b_N100_V4,2.1987080108374357
modern,4,b_N100_V4,2.204791991971433
modern,4,b_N100_V4,2.195624983869493
modern,4,b_N100_V4,2.170833060517907
modern,4,b_N100_V4,2.188374986872077
modern,4,b_N100_V4,2.1810000762343407
modern,4,b_N100_V4,2.2029579849913716
modern,4,b_N100_V4,2.2036670707166195
modern,4,b_N100_V4,2.2114169551059604
modern,4,b_N100_V4,2.1863330621272326
modern,4,b_N100_V4,2.218749956227839
modern,4,b_N100_V4,2.1837499225512147
modern,4,b_N100_V4,2.199749927967787
modern,4,b_N100_V4,2.18841596506536
modern,4,b_N100_V4,2.207249985076487
modern,4,b_N100_V4,2.174958004616201
modern,4,b_N100_V4,2.224833006039262
modern,4,b_N100_V4,2.215375076048076
modern,4,b_N100_V4,2.2208329755812883
modern,4,b_N100_V4,2.231750055216253
modern,4,b_N100_V4,2.1972920512780547
modern,4,b_N100_V4,2.1978330332785845
modern,4,b_N100_V4,2.1990410750731826
modern,4,b_N100_V4,2.1754999179393053
modern,4,b_N100_V4,2.195957931689918
modern,4,b_N100_V4,2.192332991398871
modern,4,b_N100_V4,2.1865839371457696
modern,4,b_N100_V4,2.1973749389871955
modern,4,b_N100_V4,2.184165990911424
modern,4,b_N100_V4,2.163665951229632
modern,4,b_N100_V4,2.1872499492019415
modern,4,b_N100_V4,2.241124981082976
modern,4,b_N100_V4,2.246792078949511
modern,4,b_N100_V4,2.174417022615671
modern,4,b_N100_V4,2.181124989874661
modern,4,b_N100_V4,2.1702920785173774
modern,4,b_N100_V4,2.176667097955942
modern,4,b_N100_V4,2.1887500770390034
modern,4,b_N100_V4,2.2130839060992002
modern,4,b_N100_V4,2.1712499437853694
modern,4,b_N100_V4,2.190958010032773
modern,4,b_N100_V4,2.1663339575752616
modern,4,b_N100_V4,2.138167037628591
modern,4,b_N100_V4,2.167999977245927
modern,4,b_N100_V4,2.201042021624744
modern,4,b_N100_V4,2.1654170705005527
modern,4,b_N100_V4,2.1810829639434814
modern,4,b_N100_V4,2.1876670653000474
modern,4,b_N100_V4,2.3792500142008066
modern,4,b_N100_V4,2.206083037890494
modern,4,b_N100_V4,2.2045420482754707
modern,4,b_N100_V4,2.3149580229073763
modern,4,b_N100_V4,2.224417054094374
modern,4,b_N100_V4,2.1636669989675283
modern,4,b_N100_V4,2.182291937060654
modern,4,b_N100_V4,2.156166941858828
modern,4,b_N100_V4,2.1501670125871897
modern,4,b_N100_V4,2.1568749798461795
modern,4,b_N100_V4,2.1697080228477716
modern,4,b_N100_V4,2.1435420494526625
modern,4,b_N100_V4,2.1686250111088157
modern,4,b_N100_V4,2.1496249828487635
modern,4,b_N100_V4,2.183792064897716
modern,4,b_N100_V4,2.1608329843729734
modern,4,b_N100_V4,2.143291989341378
modern,4,b_N100_V4,2.120917080901563
modern,4,b_N100_V4,2.1296250633895397
modern,4,b_N100_V4,2.120500081218779
modern,4,b_N100_V4,2.1418749820441008
modern,4,b_N100_V4,2.1304169204086065
modern,4,b_N100_V4,2.1251669386401772
modern,4,b_N100_V4,2.1382919512689114
modern,4,b_N100_V4,2.1532499231398106
modern,4,b_N100_V4,2.156957983970642
modern,4,b_N100_V4,2.1552499383687973
modern,4,b_N100_V4,2.1653749281540513
modern,4,b_N100_V4,2.1537080174311996
modern,4,b_N100_V4,2.152999979443848
modern,4,b_N100_V4,2.1765000419691205
modern,4,b_N100_V4,2.2102920338511467
modern,4,b_N100_V4,2.66100000590086
modern,4,b_N100_V4,2.180667011998594
modern,4,b_N100_V4,2.1699999924749136
modern,4,b_N100_V4,2.191708073951304
modern,4,b_N100_V4,2.1194169530645013
modern,4,b_N100_V4,2.1425829036161304
modern,4,b_N100_V4,2.114166971296072
modern,4,b_N100_V4,2.1363749401643872
modern,4,b_N100_V4,2.1588749950751662
modern,4,b_N100_V4,2.148583997040987
modern,4,b_N100_V4,2.1509580546990037
modern,4,b_N100_V4,2.113124937750399
modern,4,b_N100_V4,2.138999989256263
modern,4,b_N100_V4,2.1255830070003867
modern,4,b_N100_V4,2.140791970305145
modern,4,b_N100_V4,2.110792091116309
modern,4,b_N100_V4,2.1227500401437283
modern,4,b_N100_V4,2.169665996916592
modern,4,b_N100_V4,2.1089999936521053
modern,4,b_N100_V4,2.125666942447424
modern,4,b_N100_V4,2.1419579861685634
modern,4,b_N100_V4,2.703833975829184
modern,4,b_N100_V4,2.271082950755954
modern,4,b_N100_V4,2.230666927061975
modern,4,b_N100_V4,2.2120840149000287
modern,4,b_N100_V4,2.1618750179186463
modern,4,b_N100_V4,2.182957949116826
modern,4,b_N100_V4,2.1757499780505896
modern,4,b_N100_V4,2.1919170394539833
modern,4,b_N100_V4,2.161500044167042
modern,4,b_N100_V4,3.045083023607731
modern,4,b_N100_V4,2.20845895819366
modern,4,b_N100_V4,2.2204170236364007
modern,4,b_N100_V4,2.2294590016826987
modern,4,b_N100_V4,2.186166006140411
modern,4,b_N100_V4,2.1524170879274607
modern,4,b_N100_V4,2.154959016479552
modern,4,b_N100_V4,2.1562500623986125
modern,4,b_N100_V4,2.1631669951602817
modern,4,b_N100_V4,2.1490840008482337
modern,4,b_N100_V4,2.185666002333164
modern,4,b_N100_V4,2.1525000920519233
modern,4,b_N100_V4,2.1532499231398106
modern,4,b_N100_V4,2.154958085156977
modern,4,b_N100_V4,2.143832971341908
modern,4,b_N100_V4,2.1744169062003493
modern,4,b_N100_V4,2.1534159313887358
modern,4,b_N100_V4,2.1432499634101987
modern,4,b_N100_V4,2.1503340685740113
modern,4,b_N100_V4,2.1414170041680336
modern,4,b_N100_V4,2.14245798997581
modern,4,b_N100_V4,2.173834014683962
modern,4,b_N100_V4,2.149250009097159
modern,4,b_N100_V4,2.1481250878423452
modern,4,b_N100_V4,2.1346670109778643
modern,4,b_N100_V4,2.131583052687347
modern,4,b_N100_V4,2.135500079020858
modern,4,b_N100_V4,2.136666909791529
modern,4,b_N100_V4,2.1194169530645013
modern,4,b_N100_V4,2.1210419945418835
modern,4,b_N100_V4,2.130666980519891
modern,4,b_N100_V4,2.168749924749136
modern,4,b_N100_V4,2.1262499503791332
modern,4,b_N100_V4,2.126000006683171
modern,4,b_N100_V4,2.129790955223143
modern,4,b_N100_V4,2.134417067281902
modern,4,b_N100_V4,2.135417074896395
modern,4,b_N100_V4,2.1257910411804914
modern,4,b_N100_V4,2.1147499792277813
modern,4,b_N100_V4,2.1160420728847384
modern,4,b_N100_V4,2.1198750473558903
modern,4,b_N100_V4,2.1154170390218496
modern,4,b_N100_V4,2.152708941139281
modern,4,b_N100_V4,2.1315000485628843
modern,4,b_N100_V4,2.1367919398471713
modern,4,b_N100_V4,2.1204169606789947
modern,4,b_N100_V4,2.1304580150172114
modern,4,b_N100_V4,2.1142499754205346
modern,4,b_N100_V4,2.1359589882194996
modern,4,b_N100_V4,2.1254579769447446
modern,4,b_N100_V4,2.121416968293488
modern,4,b_N100_V4,2.1151669789105654
modern,4,b_N100_V4,2.143666031770408
modern,4,b_N100_V4,2.1221661008894444
modern,4,b_N100_V4,2.1208340767771006
modern,4,b_N100_V4,2.122625010088086
modern,4,b_N100_V4,2.1234160521999
modern,4,b_N100_V4,2.1214999724179506
modern,4,b_N100_V4,2.1199160255491734
modern,4,b_N100_V4,2.1178749157115817
modern,4,b_N100_V4,2.1207089303061366
modern,4,b_N100_V4,2.2469169925898314
modern,4,b_N100_V4,2.249542041681707
modern,4,b_N100_V4,2.1933340467512608
modern,4,b_N100_V4,2.18270905315876
modern,4,b_N100_V4,2.1836248924955726
modern,4,b_N100_V4,2.1467499900609255
modern,4,b_N100_V4,2.138458890840411
modern,4,b_N100_V4,2.109791967086494
modern,4,b_N100_V4,2.1237499313429
modern,4,b_N100_V4,2.102416940033436
modern,4,b_N100_V4,2.1231670398265123
modern,4,b_N100_V4,2.1208329126238823
modern,4,b_N100_V4,2.1400420228019357
modern,4,b_N100_V4,2.8273339848965406
modern,4,b_N100_V4,2.2577079944312572
modern,4,b_N100_V4,2.151041990146041
modern,4,b_N100_V4,2.1932090166956186
modern,4,b_N100_V4,2.1235409658402205
modern,4,b_N100_V4,2.1826670272275805
modern,4,b_N100_V4,2.160250092856586
modern,4,b_N100_V4,2.16133298818022
modern,4,b_N100_V4,2.1038339473307133
modern,4,b_N100_V4,2.1517499117180705
modern,4,b_N100_V4,2.192624961026013
modern,4,b_N100_V4,2.166750025935471
modern,4,b_N100_V4,2.1204169606789947
modern,4,b_N100_V4,2.1462079603224993
modern,4,b_N100_V4,2.1174169378355145
modern,4,b_N100_V4,2.2355839610099792
modern,4,b_N100_V4,2.171416999772191
modern,4,b_N100_V4,2.315416932106018
modern,4,b_N100_V4,2.3793750442564487
modern,4,b_N100_V4,2.166416961699724
modern,4,b_N100_V4,2.164167002774775
modern,4,b_N100_V4,2.1758340299129486
modern,4,b_N100_V4,2.1210419945418835
modern,4,b_N100_V4,2.1168749080970883
modern,4,b_N100_V4,2.1230418933555484
modern,4,b_N100_V4,2.189457998611033
modern,4,b_N100_V4,2.16916692443192
modern,4,b_N100_V4,2.131124958395958
modern,4,b_N100_V4,2.1080829901620746
modern,4,b_N100_V4,2.193416003137827
modern,4,b_N100_V4,2.226750017143786
modern,4,b_N100_V4,2.111332956701517
modern,4,b_N100_V4,2.1191659616306424
modern,4,b_N100_V4,2.162958960980177
modern,4,b_N100_V4,2.1015419624745846
modern,4,b_N100_V4,2.152334083802998
modern,4,b_N100_V4,2.1744590485468507
modern,4,b_N100_V4,2.150624990463257
modern,4,b_N100_V4,2.120374934747815
modern,4,b_N100_V4,2.1172910928726196
modern,4,b_N100_V4,2.116916934028268
modern,4,b_N100_V4,2.1898329723626375
modern,4,b_N100_V4,2.1487500052899122
modern,4,b_N100_V4,2.169541083276272
modern,4,b_N100_V4,2.1105409832671285
modern,4,b_N100_V4,2.1855420200154185
modern,4,b_N100_V4,2.0980830304324627
modern,4,b_N100_V4,2.2021250333637
modern,4,b_N100_V4,2.1965419873595238
modern,4,b_N100_V4,2.237749984487891
modern,4,b_N100_V4,2.3068749578669667
modern,4,b_N100_V4,2.2692499915137887
modern,4,b_N100_V4,2.165375044569373
modern,4,b_N100_V4,2.1819170797243714
modern,4,b_N100_V4,2.158125047571957
modern,4,b_N100_V4,2.174791065044701
modern,4,b_N100_V4,2.147583058103919
modern,4,b_N100_V4,2.1731669548898935
modern,4,b_N100_V4,2.1487920312210917
modern,4,b_N100_V4,2.1453750086948276
modern,4,b_N100_V4,2.1329999435693026
modern,4,b_N100_V4,2.1717919735237956
modern,4,b_N100_V4,2.1446249447762966
modern,4,b_N100_V4,2.165874931961298
modern,4,b_N100_V4,2.1684160456061363
modern,4,b_N100_V4,2.1431660279631615
modern,4,b_N100_V4,2.1334170596674085
modern,4,b_N100_V4,2.239417051896453
modern,4,b_N100_V4,2.141416072845459
modern,4,b_N100_V4,2.1675830939784646
modern,4,b_N100_V4,2.144249971024692
modern,4,b_N100_V4,2.179499948397279
modern,4,b_N100_V4,2.141374978236854
modern,4,b_N100_V4,2.1758750081062317
modern,4,b_N100_V4,2.1260830108076334
modern,4,b_N100_V4,2.144707948900759
modern,4,b_N100_V4,2.13425001129508
modern,4,b_N100_V4,2.130207954905927
modern,4,b_N100_V4,2.124040969647467
modern,4,b_N100_V4,2.184875076636672
modern,4,b_N100_V4,2.149792038835585
modern,4,b_N100_V4,2.1375420037657022
modern,4,b_N100_V4,2.1744590485468507
modern,4,b_N100_V4,2.122541074641049
modern,4,b_N100_V4,2.1262920927256346
modern,4,b_N100_V4,2.132166991941631
modern,4,b_N100_V4,2.130958018824458
modern,4,b_N100_V4,2.145499922335148
modern,4,b_N100_V4,2.128415973857045
modern,4,b_N100_V4,2.1703329402953386
modern,4,b_N100_V4,2.1252919686958194
modern,4,b_N100_V4,2.1545409690588713
modern,4,b_N100_V4,2.173457993194461
modern,4,b_N100_V4,2.1453750086948276
modern,4,b_N100_V4,2.1710830042138696
modern,4,b_N100_V4,2.1357079967856407
modern,4,b_N100_V4,2.1494580432772636
modern,4,b_N100_V4,2.135709044523537
modern,4,b_N100_V4,2.127000014297664
modern,4,b_N100_V4,2.1357079967856407
modern,4,b_N100_V4,2.1402089623734355
modern,4,b_N100_V4,2.12491606362164
modern,4,b_N100_V4,2.1282079396769404
modern,4,b_N100_V4,2.1490409271791577
modern,4,b_N100_V4,2.1219999762251973
modern,4,b_N100_V4,2.149582956917584
modern,4,b_N100_V4,2.1375840296968818
modern,4,b_N100_V4,2.2351249353960156
modern,4,b_N100_V4,2.1685418905690312
modern,4,b_N100_V4,2.1432499634101987
modern,4,b_N100_V4,2.2055829176679254
modern,4,b_N100_V4,2.135207992978394
modern,4,b_N100_V4,2.1896669641137123
modern,4,b_N100_V4,2.234457992017269
modern,4,b_N100_V4,2.1802500123158097
modern,4,b_N100_V4,2.1654999582096934
modern,4,b_N100_V4,2.173125045374036
modern,4,b_N100_V4,2.1865409798920155
modern,4,b_N100_V4,2.1315839840099216
modern,4,b_N100_V4,2.2863750346004963
modern,4,b_N100_V4,2.2687080781906843
modern,4,b_N100_V4,2.167249913327396
modern,4,b_N100_V4,2.2017499431967735
modern,4,b_N100_V4,2.2065419470891356
modern,4,b_N100_V4,2.1823339629918337
modern,4,b_N100_V4,2.1702079102396965
modern,4,b_N100_V4,2.1813749335706234
modern,4,b_N100_V4,2.1386250155046582
modern,4,b_N100_V4,2.108332933858037
modern,4,b_N100_V4,2.148166997358203
modern,4,b_N100_V4,2.149290987290442
modern,4,b_N100_V4,2.2009999956935644
modern,4,b_N100_V4,2.202250063419342
modern,4,b_N100_V4,2.1486670011654496
modern,4,b_N100_V4,2.1597500890493393
modern,4,b_N100_V4,2.1710419096052647
modern,4,b_N100_V4,2.1789580350741744
modern,4,b_N100_V4,2.1744169062003493
modern,4,b_N100_V4,2.1909589413553476
modern,4,b_N100_V4,2.1639169426634908
modern,4,b_N100_V4,2.17066693585366
modern,4,b_N100_V4,2.1326669957488775
modern,4,b_N100_V4,2.17104097828269
modern,4,b_N100_V4,2.1668749395757914
modern,4,b_N100_V4,2.141083008609712
modern,4,b_N100_V4,2.7476249961182475
modern,4,b_N100_V4,2.2880409378558397
modern,4,b_N100_V4,2.229916979558766
modern,4,b_N100_V4,2.2461670450866222
modern,4,b_N100_V4,2.196416025981307
modern,4,b_N100_V4,2.219291985966265
modern,4,b_N100_V4,2.203624928370118
modern,4,b_N100_V4,2.171957981772721
modern,4,b_N100_V4,2.285707974806428
modern,4,b_N100_V4,2.1514169638976455
modern,4,b_N100_V4,2.237832988612354
modern,4,b_N100_V4,2.2256249794736505
modern,4,b_N100_V4,2.190708997659385
modern,4,b_N100_V4,2.2035830188542604
modern,4,b_N100_V4,2.1664579398930073
modern,4,b_N100_V4,2.198957954533398
modern,4,b_N100_V4,2.2070830455049872
modern,4,b_N100_V4,2.1911250660195947
modern,4,b_N100_V4,2.1823340794071555
modern,4,b_N100_V4,2.4850000627338886
modern,4,b_N100_V4,2.214792068116367
modern,4,b_N100_V4,2.2167919669300318
modern,4,b_N100_V4,2.2450839169323444
modern,4,b_N100_V4,2.271000063046813
modern,4,b_N100_V4,2.234957995824516
modern,4,b_N100_V4,2.343042055144906
modern,4,b_N100_V4,2.2499579936265945
modern,4,b_N100_V4,2.2120000794529915
modern,4,b_N100_V4,2.1774580236524343
modern,4,b_N100_V4,2.220542053692043
modern,4,b_N100_V4,2.291791024617851
modern,4,b_N100_V4,2.2084169322624803
modern,4,b_N100_V4,2.1767920115962625
modern,4,b_N100_V4,2.184250042773783
modern,4,b_N100_V4,2.2037499584257603
modern,4,b_N100_V4,2.1791670005768538
modern,4,b_N100_V4,2.173457993194461
modern,4,b_N100_V4,2.2104590898379683
modern,4,b_N100_V4,2.168250037357211
modern,4,b_N100_V4,2.176000038161874
modern,4,b_N100_V4,2.2761250147596
modern,4,b_N100_V4,2.225792035460472
modern,4,b_N100_V4,2.211500075645745
modern,4,b_N100_V4,2.351375063881278
modern,4,b_N100_V4,2.291083917953074
modern,4,b_N100_V4,2.2003749618306756
modern,4,b_N100_V4,2.2175420308485627
modern,4,b_N100_V4,2.171416999772191
modern,4,b_N100_V4,2.1552909165620804
modern,4,b_N100_V4,2.1834169747307897
modern,4,b_N100_V4,2.170374966226518
modern,4,b_N100_V4,2.1948330104351044
modern,4,b_N100_V4,2.5931670097634196
modern,4,b_N100_V4,2.2998329950496554
modern,4,b_N100_V4,2.2846669889986515
modern,4,b_N100_V4,2.2711249766871333
modern,4,b_N100_V4,2.2937500616535544
modern,4,b_N100_V4,2.225250005722046
modern,4,b_N100_V4,2.214249921962619
modern,4,b_N100_V4,2.209791913628578
modern,4,b_N100_V4,2.2292499197646976
modern,4,b_N100_V4,2.2203329717740417
modern,4,b_N100_V4,2.2527920082211494
modern,4,b_N100_V4,2.210833947174251
modern,4,b_N100_V4,2.1914580138400197
modern,4,b_N100_V4,2.1950840018689632
modern,4,b_N100_V4,2.1845829905942082
modern,4,b_N100_V4,2.210750011727214
modern,4,b_N100_V4,2.208458026871085
modern,4,b_N100_V4,2.2074170410633087
modern,4,b_N100_V4,2.207249985076487
modern,4,b_N100_V4,2.2013330599293113
modern,4,b_N100_V4,2.2394590778276324
modern,4,b_N100_V4,2.213000087067485
modern,4,b_N100_V4,2.1805830765515566
modern,4,b_N100_V4,2.192624961026013
modern,4,b_N100_V4,2.1739579970017076
modern,4,b_N100_V4,2.218207926489413
modern,4,b_N100_V4,2.174749970436096
modern,4,b_N100_V4,2.2008329397067428
modern,4,b_N100_V4,2.1564170019701123
modern,4,b_N100_V4,2.182584023103118
modern,4,b_N100_V4,2.2772500524297357
modern,4,b_N100_V4,2.190208062529564
modern,4,b_N100_V4,2.166125108487904
modern,4,b_N100_V4,2.4605831131339073
modern,4,b_N100_V4,2.3343750508502126
modern,4,b_N100_V4,2.1972910035401583
modern,4,b_N100_V4,2.180707990191877
modern,4,b_N100_V4,2.191250096075237
modern,4,b_N100_V4,2.1779999369755387
modern,4,b_N100_V4,2.1644580410793424
modern,4,b_N100_V4,2.175500034354627
modern,4,b_N100_V4,2.1850840421393514
modern,4,b_N100_V4,2.1680829813703895
modern,4,b_N100_V4,2.185916993767023
modern,4,b_N100_V4,2.1562500623986125
modern,4,b_N100_V4,2.1539160516113043
modern,4,b_N100_V4,2.1546250209212303
modern,4,b_N100_V4,2.133792033419013
modern,4,b_N100_V4,2.1400830009952188
modern,4,b_N100_V4,2.1436670795083046
modern,4,b_N100_V4,2.1329999435693026
modern,4,b_N100_V4,2.1663749357685447
modern,4,b_N100_V4,2.155749942176044
modern,4,b_N100_V4,2.128334017470479
modern,4,b_N100_V4,2.1214999724179506
modern,4,b_N100_V4,2.1422499557957053
modern,4,b_N100_V4,2.136124996468425
modern,4,b_N100_V4,2.138833049684763
modern,4,b_N100_V4,2.151207998394966
modern,4,b_N100_V4,2.1372500341385603
modern,4,b_N100_V4,2.1493330132216215
modern,4,b_N100_V4,2.1567080402746797
modern,4,b_N100_V4,2.1807090379297733
modern,4,b_N100_V4,2.136250026524067
modern,4,b_N100_V4,2.1972079994156957
modern,4,b_N100_V4,2.1714589092880487
modern,4,b_N100_V4,2.2824169136583805
modern,4,b_N100_V4,2.294124918989837
modern,4,b_N100_V4,2.143832971341908
modern,4,b_N100_V4,2.1378749515861273
modern,4,b_N100_V4,2.1370829781517386
modern,4,b_N100_V4,2.1272499579936266
modern,4,b_N100_V4,2.1686250111088157
modern,4,b_N100_V4,2.141042030416429
modern,4,b_N100_V4,2.146166982129216
modern,4,b_N100_V4,2.1299580112099648
modern,4,b_N100_V4,2.150458050891757
modern,4,b_N100_V4,2.1420420380309224
modern,4,b_N100_V4,2.1446250611916184
modern,4,b_N100_V4,2.1483750315383077
modern,4,b_N100_V4,2.126291044987738
modern,4,b_N100_V4,2.1354160271584988
modern,4,b_N100_V4,2.1983329206705093
modern,4,b_N100_V4,2.184291952289641
modern,4,b_N100_V4,2.144458005204797
modern,4,b_N100_V4,2.136708004400134
modern,4,b_N100_V4,2.142084063962102
modern,4,b_N100_V4,2.128583029843867
modern,4,b_N100_V4,2.13945796713233
modern,4,b_N100_V4,2.1400420228019357
modern,4,b_N100_V4,2.3426249390468
modern,4,b_N100_V4,2.2645830176770687
modern,4,b_N100_V4,2.333250013180077
modern,4,b_N100_V4,2.1949169458821416
modern,4,b_N100_V4,2.2912080166861415
modern,4,b_N100_V4,2.205207943916321
modern,4,b_N100_V4,2.264832961373031
modern,4,b_N100_V4,2.142417011782527
modern,4,b_N100_V4,2.2461250191554427
modern,4,b_N100_V4,2.288916031830013
modern,4,b_N100_V4,2.256958046928048
modern,4,b_N100_V4,2.163750003091991
modern,4,b_N100_V4,2.2490000119432807
modern,4,b_N100_V4,2.2792500676587224
modern,4,b_N100_V4,2.1782079711556435
modern,4,b_N100_V4,2.2371670929715037
modern,4,b_N100_V4,2.258958062157035
modern,4,b_N100_V4,2.118958975188434
modern,4,b_N100_V4,2.2338329581543803
modern,4,b_N100_V4,2.1603750064969063
modern,4,b_N100_V4,2.239457913674414
modern,4,b_N100_V4,2.24454200360924
modern,4,b_N100_V4,2.259082975797355
modern,4,b_N100_V4,2.182916970923543
modern,4,b_N100_V4,2.2351660300046206
modern,4,b_N100_V4,2.167667029425502
modern,4,b_N100_V4,2.2390420781448483
modern,4,b_N100_V4,2.1812079939991236
modern,4,b_N100_V4,2.2802090970799327
modern,4,b_N100_V4,2.1702920785173774
modern,4,b_N100_V4,2.2507921094074845
modern,4,b_N100_V4,2.2209170274436474
modern,4,b_N100_V4,2.212999970652163
modern,4,b_N100_V4,2.149582956917584
modern,4,b_N100_V4,2.290249918587506
modern,4,b_N100_V4,2.2236249642446637
modern,4,b_N100_V4,2.256499952636659
modern,4,b_N100_V4,2.244874951429665
modern,4,b_N100_V4,2.2328749764710665
modern,4,b_N100_V4,2.191290957853198
modern,4,b_N100_V4,2.248957986012101
modern,4,b_N100_V4,2.181667019613087
modern,4,b_N100_V4,2.2431249963119626
modern,4,b_N100_V4,2.1211670245975256
modern,4,b_N100_V4,2.2690410260111094
modern,4,b_N100_V4,2.1395001094788313
modern,4,b_N100_V4,2.2407080978155136
modern,4,b_N100_V4,2.2024589125066996
modern,4,b_N100_V4,2.260457957163453
modern,4,b_N100_V4,2.1321249660104513
modern,4,b_N100_V4,2.236417029052973
modern,4,b_N100_V4,2.1574170095846057
modern,4,b_N100_V4,2.2363750031217933
modern,4,b_N100_V4,2.2167919669300318
modern,4,b_N100_V4,2.2409999510273337
modern,4,b_N100_V4,2.413415932096541
modern,4,b_N100_V4,2.174750086851418
modern,4,b_N100_V4,2.169499988667667
modern,4,b_N100_V4,2.1877919789403677
modern,4,b_N100_V4,2.248333999887109
modern,4,b_N100_V4,2.2152080200612545
modern,4,b_N100_V4,2.1710420260205865
modern,4,b_N100_V4,2.1777499932795763
modern,4,b_N100_V4,2.1358339581638575
modern,4,b_N100_V4,2.136249910108745
modern,4,b_N100_V4,2.170874970033765
modern,4,b_N100_V4,2.147874911315739
modern,4,b_N100_V4,2.117791911587119
modern,4,b_N100_V4,2.1193339489400387
modern,4,b_N100_V4,2.117375028319657
modern,4,b_N100_V4,2.127957995980978
modern,4,b_N100_V4,2.131165936589241
modern,4,b_N100_V4,2.1275420440360904
modern,4,b_N100_V4,2.1140420576557517
modern,4,b_N100_V4,2.1062090527266264
modern,4,b_N100_V4,2.125292085111141
modern,4,b_N100_V4,2.11220805067569
modern,4,b_N100_V4,2.111583948135376
modern,4,b_N100_V4,2.1407079184427857
modern,4,b_N100_V4,2.1180830663070083
modern,4,b_N100_V4,2.1207089303061366
modern,4,b_N100_V4,2.1141249453648925
modern,4,b_N100_V4,2.129708998836577
modern,4,b_N100_V4,2.1107919747009873
modern,4,b_N100_V4,2.112917019985616
modern,4,b_N100_V4,2.120667020790279
modern,4,b_N100_V4,2.746499958448112
modern,4,b_N100_V4,2.3285000352188945
modern,4,b_N100_V4,2.2125409450381994
modern,4,b_N100_V4,2.243667026050389
modern,4,b_N100_V4,2.1857080282643437
modern,4,b_N100_V4,2.1940830629318953
modern,4,b_N100_V4,2.1779160015285015
modern,4,b_N100_V4,2.169750048778951
modern,4,b_N100_V4,2.165457932278514
modern,4,b_N100_V4,2.175041940063238
modern,4,b_N100_V4,2.2427079966291785
modern,4,b_N100_V4,2.171457977965474
modern,4,b_N100_V4,2.1571250399574637
modern,4,b_N100_V4,2.1623329957947135
modern,4,b_N100_V4,2.156917005777359
modern,4,b_N100_V4,2.148583997040987
modern,4,b_N100_V4,2.1434579975903034
modern,4,b_N100_V4,2.144583035260439
modern,4,b_N100_V4,2.145834034308791
modern,4,b_N100_V4,2.1470830542966723
modern,4,b_N100_V4,2.153040957637131
modern,4,b_N100_V4,2.1642919164150953
modern,4,b_N100_V4,2.140208031050861
modern,4,b_N100_V4,2.134458045475185
modern,4,b_N100_V4,2.1467499900609255
modern,4,b_N100_V4,2.1392919588834047
modern,4,b_N100_V4,2.148041967302561
modern,4,b_N100_V4,2.1465419558808208
modern,4,b_N100_V4,2.136874943971634
modern,4,b_N100_V4,2.1389579633250833
modern,4,b_N100_V4,2.135499962605536
modern,4,b_N100_V4,2.1602080669254065
modern,4,b_N100_V4,2.1455000387504697
modern,4,b_N100_V4,2.13425001129508
modern,4,b_N100_V4,2.233166014775634
modern,4,b_N100_V4,2.228083088994026
modern,4,b_N100_V4,2.2768749622628093
modern,4,b_N100_V4,2.185290912166238
modern,4,b_N100_V4,2.191707957535982
modern,4,b_N100_V4,2.1756249479949474
modern,4,b_N100_V4,2.1829159231856465
modern,4,b_N100_V4,2.27762502618134
modern,4,b_N100_V4,2.2157090716063976
modern,4,b_N100_V4,2.1739170188084245
modern,4,b_N100_V4,2.201833063736558
modern,4,b_N100_V4,2.1650000708177686
modern,4,b_N100_V4,2.177415997721255
modern,4,b_N100_V4,2.159208059310913
modern,4,b_N100_V4,2.1767918951809406
modern,4,b_N100_V4,2.158791059628129
modern,4,b_N100_V4,2.174916910007596
modern,4,b_N100_V4,2.447166945785284
modern,4,b_N100_V4,2.28749995585531
modern,4,b_N100_V4,2.1888749906793237
modern,4,b_N100_V4,2.1594170248135924
modern,4,b_N100_V4,2.170249936170876
modern,4,b_N100_V4,2.1707919659093022
modern,4,b_N100_V4,2.1650419803336263
modern,4,b_N100_V4,2.1638330072164536
modern,4,b_N100_V4,2.190291997976601
modern,4,b_N100_V4,2.155125024728477
modern,4,b_N100_V4,2.161625074222684
modern,4,b_N100_V4,2.1814170759171247
modern,4,b_N100_V4,2.1596249425783753
modern,4,b_N100_V4,2.1759169176220894
modern,4,b_N100_V4,2.1683749509975314
modern,4,b_N100_V4,2.174000022932887
modern,4,b_N100_V4,2.2042079363018274
modern,4,b_N100_V4,2.1707499399781227
modern,4,b_N100_V4,2.1491670049726963
modern,4,b_N100_V4,2.161958022043109
modern,4,b_N100_V4,2.2263340651988983
modern,4,b_N100_V4,2.1698749624192715
modern,4,b_N100_V4,2.1977919386699796
modern,4,b_N100_V4,2.1682080114260316
modern,4,b_N100_V4,2.180917072109878
modern,4,b_N100_V4,2.152375061996281
modern,4,b_N100_V4,2.155583002604544
modern,4,b_N100_V4,2.1625410299748182
modern,4,b_N100_V4,2.15916708111763
modern,4,b_N100_V4,2.1603329805657268
modern,4,b_N100_V4,2.182082971557975
modern,4,b_N100_V4,2.178457914851606
modern,4,b_N100_V4,2.2002080222591758
modern,4,b_N100_V4,2.1902089938521385
modern,4,b_N100_V4,2.2191250463947654
modern,4,b_N100_V4,2.1689579589292407
modern,4,b_N100_V4,2.2504590451717377
modern,4,b_N100_V4,2.1691250149160624
modern,4,b_N100_V4,2.150834072381258
modern,4,b_N100_V4,2.18120904173702
modern,4,b_N100_V4,2.145041013136506
modern,4,b_N100_V4,2.153916982933879
modern,4,b_N100_V4,2.175792003981769
modern,4,b_N100_V4,2.247166004963219
modern,4,b_N100_V4,2.226000069640577
modern,4,b_N100_V4,2.1914580138400197
modern,4,b_N100_V4,2.210709033533931
modern,4,b_N100_V4,2.189542050473392
modern,4,b_N100_V4,2.2046250523999333
modern,4,b_N100_V4,2.203500014729798
modern,4,b_N100_V4,2.1938749123364687
modern,4,b_N100_V4,2.214916981756687
modern,4,b_N100_V4,2.177333924919367
modern,4,b_N100_V4,2.2041669581085443
modern,4,b_N100_V4,2.183667034842074
modern,4,b_N100_V4,2.170459018088877
modern,4,b_N100_V4,2.167667029425502
modern,4,b_N100_V4,2.150292042642832
modern,4,b_N100_V4,2.1702920785173774
modern,4,b_N100_V4,2.171125030145049
modern,4,b_N100_V4,2.1532500395551324
modern,4,b_N100_V4,2.1447920007631183
modern,4,b_N100_V4,2.1757089998573065
modern,4,b_N100_V4,2.1804580464959145
modern,4,b_N100_V4,2.1697089541703463
modern,4,b_N100_V4,2.1204999648034573
modern,4,b_N100_V4,2.1613750141113997
modern,4,b_N100_V4,2.154374960809946
modern,4,b_N100_V4,2.177624963223934
modern,4,b_N100_V4,2.1647500107064843
modern,4,b_N100_V4,2.1649999544024467
modern,4,b_N100_V4,2.163083991035819
modern,4,b_N100_V4,2.171291969716549
modern,4,b_N100_V4,2.1848330507054925
modern,4,b_N100_V4,2.212541992776096
modern,4,b_N100_V4,2.1676250034943223
modern,4,b_N100_V4,2.1837090607732534
modern,4,b_N100_V4,2.1666670218110085
modern,4,b_N100_V4,2.1613750141113997
modern,4,b_N100_V4,2.206499921157956
modern,4,b_N100_V4,2.7199590113013983
modern,4,b_N100_V4,2.653582952916622
modern,4,b_N100_V4,2.3610839853063226
modern,4,b_N100_V4,2.2698339307680726
modern,4,b_N100_V4,2.2707500029355288
modern,4,b_N100_V4,2.2245419677346945
modern,4,b_N100_V4,2.239416935481131
modern,4,b_N100_V4,2.2179579827934504
modern,4,b_N100_V4,2.2272090427577496
modern,4,b_N100_V4,2.2190000163391232
modern,4,b_N100_V4,2.2052499698475003
modern,4,b_N100_V4,2.200333052314818
modern,4,b_N100_V4,2.230375073850155
modern,4,b_N100_V4,2.2147500421851873
modern,4,b_N100_V4,2.1962919272482395
modern,4,b_N100_V4,2.2127499105408788
modern,4,b_N100_V4,2.186249941587448
modern,4,b_N100_V4,2.1639169426634908
modern,4,b_N100_V4,2.2191249299794436
modern,4,b_N100_V4,2.1550829987972975
modern,4,b_N100_V4,2.1836250089108944
modern,4,b_N100_V4,2.173249959014356
modern,4,b_N100_V4,2.1725420374423265
modern,4,b_N100_V4,2.2466250229626894
modern,4,b_N100_V4,2.2840830497443676
modern,4,b_N100_V4,2.217042027041316
modern,4,b_N100_V4,2.2117079934105277
modern,4,b_N100_V4,2.1883330773562193
modern,4,b_N100_V4,2.2066669771447778
modern,4,b_N100_V4,2.166166086681187
modern,4,b_N100_V4,2.1587079390883446
modern,4,b_N100_V4,2.182291937060654
modern,4,b_N100_V4,2.2123330272734165
modern,4,b_N100_V4,2.2030830150470138
modern,4,b_N100_V4,2.185625024139881
modern,4,b_N100_V4,2.2093330044299364
modern,4,b_N100_V4,2.184957964345813
modern,4,b_N100_V4,2.1661249920725822
modern,4,b_N100_V4,2.184416982345283
modern,4,b_N100_V4,2.160458010621369
modern,4,b_N100_V4,2.1636250894516706
modern,4,b_N100_V4,2.313958015292883
modern,4,b_N100_V4,2.32195807620883
modern,4,b_N100_V4,2.1834999788552523
modern,4,b_N100_V4,2.163457917049527
modern,4,b_N100_V4,2.2804168984293938
modern,4,b_N100_V4,2.1537919528782368
modern,4,b_N100_V4,2.164833014830947
modern,4,b_N100_V4,2.214208012446761
modern,4,b_N100_V4,2.1364169660955667
modern,4,b_N100_V4,2.1533749531954527
modern,4,b_N100_V4,2.1435830276459455
modern,4,b_N100_V4,2.135292044840753
modern,4,b_N100_V4,2.162792021408677
modern,4,b_N100_V4,2.14712496381253
modern,4,b_N100_V4,2.152125001884997
modern,4,b_N100_V4,2.179458038881421
modern,4,b_N100_V4,2.1681670332327485
modern,4,b_N100_V4,2.1497919224202633
modern,4,b_N100_V4,2.1565419156104326
modern,4,b_N100_V4,2.1378329256549478
modern,4,b_N100_V4,2.1302499808371067
modern,4,b_N100_V4,2.1661249920725822
modern,4,b_N100_V4,2.2291250061243773
modern,4,b_N100_V4,2.2038340102881193
modern,4,b_N100_V4,2.134541980922222
modern,4,b_N100_V4,2.163000055588782
modern,4,b_N100_V4,2.1299170330166817
modern,4,b_N100_V4,2.1382500417530537
modern,4,b_N100_V4,2.1352500189095736
modern,4,b_N100_V4,2.1222500363364816
modern,4,b_N100_V4,2.1350830793380737
modern,4,b_N100_V4,2.1399169927462935
modern,4,b_N100_V4,2.136958995833993
modern,4,b_N100_V4,2.1400420228019357
modern,4,b_N100_V4,2.13741697371006
modern,4,b_N100_V4,2.1300839725881815
modern,4,b_N100_V4,2.1541250171139836
modern,4,b_N100_V4,2.1359999664127827
modern,4,b_N100_V4,2.113749971613288
modern,4,b_N100_V4,2.1182920318096876
modern,4,b_N100_V4,2.120833029039204
modern,4,b_N100_V4,2.128791995346546
modern,4,b_N100_V4,2.204334014095366
modern,4,b_N100_V4,2.2035830188542604
modern,4,b_N100_V4,2.170792082324624
modern,4,b_N100_V4,2.1281250519677997
modern,4,b_N100_V4,2.1901660365983844
modern,4,b_N100_V4,2.154249930754304
modern,4,b_N100_V4,2.1563339978456497
modern,4,b_N100_V4,2.144375001080334
modern,4,b_N100_V4,2.1452909568324685
modern,4,b_N100_V4,2.0980830304324627
modern,4,b_N100_V4,2.168749924749136
modern,4,b_N100_V4,2.136874943971634
modern,4,b_N100_V4,2.1630419651046395
modern,4,b_N100_V4,2.1433329675346613
modern,4,b_N100_V4,2.151167020201683
modern,4,b_N100_V4,3.3052500803023577
modern,4,b_N100_V4,2.315000048838556
modern,4,b_N100_V4,2.207375015132129
modern,4,b_N100_V4,2.216875087469816
modern,4,b_N100_V4,2.4894580710679293
modern,4,b_N100_V4,2.291208948008716
modern,4,b_N100_V4,2.253832994028926
modern,4,b_N100_V4,2.2477079182863235
modern,4,b_N100_V4,2.17683392111212
modern,4,b_N100_V4,2.212874940596521
modern,4,b_N100_V4,2.2052499698475003
modern,4,b_N100_V4,2.186042023822665
modern,4,b_N100_V4,2.172290929593146
modern,4,b_N100_V4,2.1762079559266567
modern,4,b_N100_V4,2.1540840389207006
modern,4,b_N100_V4,2.1773750195279717
modern,4,b_N100_V4,2.1712500602006912
modern,4,b_N100_V4,2.1672920556738973
modern,4,b_N100_V4,2.1527500357478857
modern,4,b_N100_V4,2.1651251008734107
modern,4,b_N100_V4,2.168874954804778
modern,4,b_N100_V4,2.1650829585269094
modern,4,b_N100_V4,2.1542919566854835
modern,4,b_N100_V4,2.168291946873069
modern,4,b_N100_V4,2.1272499579936266
modern,4,b_N100_V4,2.2239999379962683
modern,4,b_N100_V4,2.14195903390646
modern,4,b_N100_V4,2.158749965019524
modern,4,b_N100_V4,2.1322909742593765
modern,4,b_N100_V4,2.1244999952614307
modern,4,b_N100_V4,2.2132080048322678
modern,4,b_N100_V4,2.190832979977131
modern,4,b_N100_V4,2.1374589996412396
modern,4,b_N100_V4,2.6507090078666806
modern,4,b_N100_V4,2.323750057257712
modern,4,b_N100_V4,2.2808749927207828
modern,4,b_N100_V4,2.335999975912273
modern,4,b_N100_V4,2.265124931000173
modern,4,b_N100_V4,2.2342089796438813
modern,4,b_N100_V4,2.2525839740410447
modern,4,b_N100_V4,2.222290961071849
modern,4,b_N100_V4,2.2864999482408166
modern,4,b_N100_V4,2.2219170350581408
modern,4,b_N100_V4,2.229957957752049
modern,4,b_N100_V4,2.211709041148424
modern,4,b_N100_V4,2.273541991598904
modern,4,b_N100_V4,2.2735000820830464
modern,4,b_N100_V4,2.2316250251606107
modern,4,b_N100_V4,2.2190839517861605
modern,4,b_N100_V4,2.2075839806348085
modern,4,b_N100_V4,2.5424580089747906
modern,4,b_N100_V4,2.3189580533653498
modern,4,b_N100_V4,2.2423339542001486
modern,4,b_N100_V4,2.243791939690709
modern,4,b_N100_V4,2.226709038950503
modern,4,b_N100_V4,2.2098750341683626
modern,4,b_N100_V4,2.301041968166828
modern,4,b_N100_V4,2.1886250469833612
modern,4,b_N100_V4,2.1939590806141496
modern,4,b_N100_V4,2.2119160275906324
modern,4,b_N100_V4,2.2002910263836384
modern,4,b_N100_V4,2.1806249860674143
modern,4,b_N100_V4,2.2935420274734497
modern,4,b_N100_V4,2.1902089938521385
modern,4,b_N100_V4,2.188334008678794
modern,4,b_N100_V4,2.1787919104099274
modern,4,b_N100_V4,2.1746669663116336
modern,4,b_N100_V4,2.1758340299129486
modern,4,b_N100_V4,2.1946659544482827
modern,4,b_N100_V4,2.1557919681072235
modern,4,b_N100_V4,2.1533339750021696
modern,4,b_N100_V4,2.153208013623953
modern,4,b_N100_V4,2.2648749873042107
modern,4,b_N100_V4,2.1660419879481196
modern,4,b_N100_V4,2.1613750141113997
modern,4,b_N100_V4,2.1571250399574637
modern,4,b_N100_V4,2.1572080440819263
modern,4,b_N100_V4,2.1499170688912272
modern,4,b_N100_V4,2.1600419422611594
modern,4,b_N100_V4,2.172666951082647
modern,4,b_N100_V4,2.1661670180037618
modern,4,b_N100_V4,2.152542001567781
modern,4,b_N100_V4,2.1611249540001154
modern,4,b_N100_V4,2.1847079042345285
modern,4,b_N100_V4,2.1589590469375253
modern,4,b_N100_V4,2.153084031306207
modern,4,b_N100_V4,2.216416993178427
modern,4,b_N100_V4,2.1735840709879994
modern,4,b_N100_V4,2.144208992831409
modern,4,b_N100_V4,2.1585000213235617
modern,4,b_N100_V4,2.1525000920519233
modern,4,b_N100_V4,2.1520410664379597
modern,4,b_N100_V4,2.1575000137090683
modern,4,b_N100_V4,2.180667011998594
modern,4,b_N100_V4,2.191666979342699
modern,4,b_N100_V4,2.1649579284712672
modern,4,b_N100_V4,2.145000034943223
modern,4,b_N100_V4,2.153416979126632
modern,4,b_N100_V4,2.167833037674427
modern,4,b_N100_V4,2.152959001250565
modern,4,b_N100_V4,2.1487920312210917
modern,4,b_N100_V4,2.162666991353035
modern,4,b_N100_V4,2.141374978236854
modern,4,b_N100_V4,2.1560840541496873
modern,4,b_N100_V4,2.1870420314371586
modern,4,b_N100_V4,2.2430840181186795
modern,4,b_N100_V4,2.216957975178957
modern,4,b_N100_V4,2.1826670272275805
modern,4,b_N100_V4,2.157374983653426
modern,4,b_N100_V4,2.1666670218110085
modern,4,b_N100_V4,2.161750104278326
modern,4,b_N100_V4,2.147833933122456
modern,4,b_N100_V4,2.1485829493030906
modern,4,b_N100_V4,2.1401250269263983
modern,4,b_N100_V4,2.200332935899496
modern,4,b_N100_V4,2.1630829432979226
modern,4,b_N100_V4,2.151499968022108
modern,4,b_N100_V4,2.2224580170586705
modern,4,b_N100_V4,2.1310000447556376
modern,4,b_N100_V4,2.1364589920267463
modern,4,b_N100_V4,2.1351249888539314
modern,4,b_N100_V4,2.1219999762251973
modern,4,b_N100_V4,2.1374160423874855
modern,4,b_N100_V4,2.1288749994710088
modern,4,b_N100_V4,2.1679160417988896
modern,4,b_N100_V4,2.147874911315739
modern,4,b_N100_V4,2.2574999602511525
modern,4,b_N100_V4,2.1328750299289823
modern,4,b_N100_V4,2.150708925910294
modern,4,b_N100_V4,2.1254579769447446
modern,4,b_N100_V4,2.1275420440360904
modern,4,b_N100_V4,2.127500018104911
modern,4,b_N100_V4,2.1289170254021883
modern,4,b_N100_V4,2.1262919763103127
modern,4,b_N100_V4,2.125791972503066
modern,4,b_N100_V4,2.18104210216552
modern,4,b_N100_V4,2.1448329789564013
modern,4,b_N100_V4,2.1359591046348214
modern,4,b_N100_V4,2.130042063072324
modern,4,b_N100_V4,2.1218330366536975
modern,4,b_N100_V4,2.1235839230939746
modern,4,b_N100_V4,2.1336249774321914
modern,4,b_N100_V4,2.1309579024091363
modern,4,b_N100_V4,2.145749982446432
modern,4,b_N100_V4,2.117458963766694
modern,4,b_N100_V4,2.153916982933879
modern,4,b_N100_V4,2.1213750587776303
modern,4,b_N100_V4,2.235167077742517
modern,4,b_N100_V4,2.131583052687347
modern,4,b_N100_V4,2.1323340479284525
modern,4,b_N100_V4,2.1222090581431985
modern,4,b_N100_V4,2.127625048160553
modern,4,b_N100_V4,2.121834084391594
modern,4,b_N100_V4,2.1186250960454345
modern,4,b_N100_V4,2.129417029209435
modern,4,b_N100_V4,2.12824996560812
modern,4,b_N100_V4,2.17870797496289
modern,4,b_N100_V4,2.151041990146041
modern,4,b_N100_V4,2.1553339902311563
modern,4,b_N100_V4,2.1494999527931213
modern,4,b_N100_V4,2.149041974917054
modern,4,b_N100_V4,2.2077499888837337
modern,4,b_N100_V4,2.1619999315589666
modern,4,b_N100_V4,2.142040990293026
modern,4,b_N100_V4,2.1680420031771064
modern,4,b_N100_V4,3.0118749709799886
modern,4,b_N100_V4,2.919082995504141
modern,4,b_N100_V4,2.9074170161038637
modern,4,b_N100_V4,2.4626250378787518
modern,4,b_N100_V4,2.8949170373380184
modern,4,b_N100_V4,2.679959055967629
modern,4,b_N100_V4,2.843082998879254
modern,4,b_N100_V4,2.645040978677571
modern,4,b_N100_V4,2.8760419227182865
modern,4,b_N100_V4,2.905124914832413
modern,4,b_N100_V4,3.079083049669862
modern,4,b_N100_V4,2.9213749803602695
modern,4,b_N100_V4,2.639167010784149
modern,4,b_N100_V4,2.723041921854019
modern,4,b_N100_V4,3.2750419341027737
modern,4,b_N100_V4,2.8285420266911387
modern,4,b_N100_V4,2.7319169603288174
modern,4,b_N100_V4,2.953166957013309
modern,4,b_N100_V4,2.9079170199111104
modern,4,b_N100_V4,2.9176659882068634
modern,4,b_N100_V4,2.680917037650943
modern,4,b_N100_V4,2.5028750533238053
modern,4,b_N100_V4,2.2406670032069087
modern,4,b_N100_V4,2.965708961710334
modern,4,b_N100_V4,2.6522079715505242
modern,4,b_N100_V4,2.840750035829842
modern,4,b_N100_V4,2.6607089675962925
modern,4,b_N100_V4,2.826916053891182
modern,4,b_N100_V4,3.0384999699890614
modern,4,b_N100_V4,2.894958946853876
modern,4,b_N100_V4,2.6267500361427665
modern,4,b_N100_V4,2.6500000385567546
modern,4,b_N100_V4,3.162750042974949
modern,4,b_N100_V4,2.4465000024065375
modern,4,b_N100_V4,2.6300830068066716
modern,4,b_N100_V4,3.0630420660600066
modern,4,b_N100_V4,2.626582980155945
modern,4,b_N100_V4,2.839916036464274
modern,4,b_N100_V4,2.6356669841334224
modern,4,b_N100_V4,2.6222080923616886
modern,4,b_N100_V4,2.8516671154648066
modern,4,b_N100_V4,2.6434999890625477
modern,4,b_N100_V4,2.652958035469055
modern,4,b_N100_V4,2.9259169241413474
modern,4,b_N100_V4,2.810165984556079
modern,4,b_N100_V4,2.4306669365614653
modern,4,b_N100_V4,2.613374963402748
modern,4,b_N100_V4,2.6377500034868717
modern,4,b_N100_V4,3.066292032599449
modern,4,b_N100_V4,3.05954203940928
modern,4,b_N100_V4,2.844333997927606
modern,4,b_N100_V4,2.8440000023692846
modern,4,b_N100_V4,3.0354170594364405
modern,4,b_N100_V4,2.9329999815672636
modern,4,b_N100_V4,3.0546669149771333
modern,4,b_N100_V4,2.6391251012682915
modern,4,b_N100_V4,2.631249953992665
modern,4,b_N100_V4,2.6407919358462095
modern,4,b_N100_V4,2.3789169499650598
modern,4,b_N100_V4,2.650334034115076
modern,4,b_N100_V4,2.2312499349936843
modern,4,b_N100_V4,2.1842920687049627
modern,4,b_N100_V4,2.1470830542966723
modern,4,b_N100_V4,2.6940410025417805
modern,4,b_N100_V4,2.2325419122353196
modern,4,b_N100_V4,2.2168749710544944
modern,4,b_N100_V4,2.1692499285563827
modern,4,b_N100_V4,2.1524159237742424
modern,4,b_N100_V4,2.4368329904973507
modern,4,b_N100_V4,2.2292500361800194
modern,4,b_N100_V4,2.142708981409669
modern,4,b_N100_V4,2.149541978724301
modern,4,b_N100_V4,2.134958980605006
modern,4,b_N100_V4,2.1707919659093022
modern,4,b_N100_V4,2.1983750630170107
modern,4,b_N100_V4,2.131458022631705
modern,4,b_N100_V4,2.1310410229489207
modern,4,b_N100_V4,2.1284589311107993
modern,4,b_N100_V4,2.123333979398012
modern,4,b_N100_V4,2.1355830831453204
modern,4,b_N100_V4,2.133041969500482
modern,4,b_N100_V4,2.115333918482065
modern,4,b_N100_V4,2.105582971125841
modern,4,b_N100_V4,2.1254579769447446
modern,4,b_N100_V4,2.1441669669002295
modern,4,b_N100_V4,2.1187090314924717
modern,4,b_N100_V4,2.124916994944215
modern,4,b_N100_V4,2.123916056007147
modern,4,b_N100_V4,2.1113749826326966
modern,4,b_N100_V4,2.107542008161545
modern,4,b_N100_V4,2.1417910465970635
modern,4,b_N100_V4,2.1257910411804914
modern,4,b_N100_V4,2.121749916113913
modern,4,b_N100_V4,2.1134589333087206
modern,4,b_N100_V4,2.1376669174060225
modern,4,b_N100_V4,2.129417029209435
modern,4,b_N100_V4,2.1187090314924717
modern,4,b_N100_V4,2.1100420271977782
modern,4,b_N100_V4,2.126332954503596
modern,4,b_N100_V4,2.1199160255491734
modern,4,b_N100_V4,2.1105000050738454
modern,4,b_N100_V4,2.121416968293488
modern,4,b_N100_V4,2.1133749978616834
modern,4,b_N100_V4,2.1176249720156193
modern,4,b_N100_V4,2.1560409804806113
modern,4,b_N100_V4,2.1594580030068755
modern,4,b_N100_V4,2.140208031050861
modern,4,b_N100_V4,2.1514580585062504
modern,4,b_N100_V4,2.1124999038875103
modern,4,b_N100_V4,2.1121660247445107
modern,4,b_N100_V4,2.123874961398542
modern,4,b_N100_V4,2.125374972820282
modern,4,b_N100_V4,2.111166948452592
modern,4,b_N100_V4,2.126874984242022
modern,4,b_N100_V4,2.103540929965675
modern,4,b_N100_V4,2.1606669761240482
modern,4,b_N100_V4,2.12208298034966
modern,4,b_N100_V4,2.1233749575912952
modern,4,b_N100_V4,2.115083043463528
modern,4,b_N100_V4,2.112500020302832
modern,4,b_N100_V4,2.2335409885272384
modern,4,b_N100_V4,2.73499998729676
modern,4,b_N100_V4,2.2193329641595483
modern,4,b_N100_V4,2.192834042944014
modern,4,b_N100_V4,2.1803340641781688
modern,4,b_N100_V4,2.184457960538566
modern,4,b_N100_V4,2.2080420749261975
modern,4,b_N100_V4,2.1588329691439867
modern,4,b_N100_V4,2.169167040847242
modern,4,b_N100_V4,2.1637919126078486
modern,4,b_N100_V4,2.156750066205859
modern,4,b_N100_V4,2.1476250840350986
modern,4,b_N100_V4,2.162833930924535
modern,4,b_N100_V4,2.1551669342443347
modern,4,b_N100_V4,2.1508749341592193
modern,4,b_N100_V4,2.1880839485675097
modern,4,b_N100_V4,2.189000020734966
modern,4,b_N100_V4,2.14695802424103
modern,4,b_N100_V4,2.145417034626007
modern,4,b_N100_V4,2.1233749575912952
modern,4,b_N100_V4,2.1722910460084677
modern,4,b_N100_V4,2.1407920867204666
modern,4,b_N100_V4,2.165792044252157
modern,4,b_N100_V4,2.133667003363371
modern,4,b_N100_V4,2.1526250056922436
modern,4,b_N100_V4,2.1465419558808208
modern,4,b_N100_V4,2.177832997404039
modern,4,b_N100_V4,2.1435829112306237
modern,4,b_N100_V4,2.159541007131338
modern,4,b_N100_V4,2.1471669897437096
modern,4,b_N100_V4,2.1538749570026994
modern,4,b_N100_V4,2.1547910291701555
modern,4,b_N100_V4,2.1318329963833094
modern,4,b_N100_V4,2.1487079793587327
modern,4,b_N100_V4,2.142125042155385
modern,4,b_N100_V4,2.139542018994689
modern,4,b_N100_V4,2.1388750756159425
modern,4,b_N100_V4,2.2451250115409493
modern,4,b_N100_V4,2.1419160766527057
modern,4,b_N100_V4,2.1487500052899122
modern,4,b_N100_V4,2.1541250171139836
modern,4,b_N100_V4,2.15329194907099
modern,4,b_N100_V4,2.1620409097522497
modern,4,b_N100_V4,2.1272089798003435
modern,4,b_N100_V4,2.146082930266857
modern,4,b_N100_V4,2.1689999848604202
modern,4,b_N100_V4,2.168874954804778
modern,4,b_N100_V4,2.171874977648258
modern,4,b_N100_V4,2.1631669951602817
modern,4,b_N100_V4,2.1538749570026994
modern,4,b_N100_V4,2.1371670300140977
modern,4,b_N100_V4,2.141500008292496
modern,4,b_N100_V4,2.1545409690588713
modern,4,b_N100_V4,2.1432500798255205
modern,4,b_N100_V4,2.471207990311086
modern,4,b_N100_V4,2.618999918922782
modern,4,b_N100_V4,2.9736249707639217
modern,4,b_N100_V4,2.407749998383224
modern,4,b_N100_V4,2.3190840147435665
modern,4,b_N100_V4,2.2232909686863422
modern,4,b_N100_V4,2.2897919407114387
modern,4,b_N100_V4,2.2279999684542418
modern,4,b_N100_V4,2.201374969445169
modern,4,b_N100_V4,2.1810829639434814
modern,4,b_N100_V4,2.1689999848604202
modern,4,b_N100_V4,2.338874968700111
modern,4,b_N100_V4,2.1834999788552523
modern,4,b_N100_V4,2.1541250171139836
modern,4,b_N100_V4,2.194209024310112
modern,4,b_N100_V4,2.1511251106858253
modern,4,b_N100_V4,2.144458005204797
modern,4,b_N100_V4,2.159791998565197
modern,4,b_N100_V4,3.066416014917195
modern,4,b_N100_V4,2.3243329487740993
modern,4,b_N100_V4,2.236417029052973
modern,4,b_N100_V4,2.212582970969379
modern,4,b_N100_V4,2.228332916274667
modern,4,b_N100_V4,2.1734590409323573
modern,4,b_N100_V4,2.242750022560358
modern,4,b_N100_V4,2.165250014513731
modern,4,b_N100_V4,2.14795907959342
modern,4,b_N100_V4,2.1533750696107745
modern,4,b_N100_V4,2.1617920137941837
modern,4,b_N100_V4,2.150292042642832
modern,4,b_N100_V4,2.1580830216407776
modern,4,b_N100_V4,2.15466704685241
modern,4,b_N100_V4,2.1520419977605343
modern,4,b_N100_V4,2.1446250611916184
modern,4,b_N100_V4,2.1811670158058405
modern,4,b_N100_V4,2.1815409418195486
modern,4,b_N100_V4,2.1639169426634908
modern,4,b_N100_V4,2.1414170041680336
modern,4,b_N100_V4,2.1510840160772204
modern,4,b_N100_V4,2.1517500281333923
modern,4,b_N100_V4,2.1435420494526625
modern,4,b_N100_V4,2.1315839840099216
modern,4,b_N100_V4,2.154999994672835
modern,4,b_N100_V4,2.182625001296401
modern,4,b_N100_V4,2.1451670909300447
modern,4,b_N100_V4,2.1658330224454403
modern,4,b_N100_V4,2.159500028938055
modern,4,b_N100_V4,2.1355419885367155
modern,4,b_N100_V4,2.146083046682179
modern,4,b_N100_V4,2.131124958395958
modern,4,b_N100_V4,2.2647499572485685
modern,4,b_N100_V4,2.1419170079752803
modern,4,b_N100_V4,2.17204203363508
modern,4,b_N100_V4,2.1224169759079814
modern,4,b_N100_V4,2.1169999381527305
modern,4,b_N100_V4,2.1369580645114183
modern,4,b_N100_V4,2.1924590691924095
modern,4,b_N100_V4,2.136667026206851
modern,4,b_N100_V4,2.128667081706226
modern,4,b_N100_V4,2.1278340136632323
modern,4,b_N100_V4,2.1223750663921237
modern,4,b_N100_V4,2.140417112968862
modern,4,b_N100_V4,2.135374932549894
modern,4,b_N100_V4,2.132333000190556
modern,4,b_N100_V4,2.1390829933807254
modern,4,b_N100_V4,2.1401250269263983
modern,4,b_N100_V4,2.2583749378100038
modern,4,b_N100_V4,2.2107920376583934
modern,4,b_N100_V4,2.361792023293674
modern,4,b_N100_V4,2.188707934692502
modern,4,b_N100_V4,2.191124949604273
modern,4,b_N100_V4,2.1642089122906327
modern,4,b_N100_V4,2.1506670163944364
modern,4,b_N100_V4,2.152874949388206
modern,4,b_N100_V4,2.15816602576524
modern,4,b_N100_V4,2.1629580296576023
modern,4,b_N100_V4,2.1778750233352184
modern,4,b_N100_V4,2.1511249942705035
modern,4,b_N100_V4,2.138292067684233
modern,4,b_N100_V4,2.1690420107915998
modern,4,b_N100_V4,2.152209053747356
modern,4,b_N100_V4,2.1723750978708267
modern,4,b_N100_V4,2.2712500067427754
modern,4,b_N100_V4,2.153916982933879
modern,4,b_N100_V4,2.1487500052899122
modern,4,b_N100_V4,2.153416979126632
modern,4,b_N100_V4,2.155208960175514
modern,4,b_N100_V4,2.1839579567313194
modern,4,b_N100_V4,2.1519579458981752
modern,4,b_N100_V4,2.137125004082918
modern,4,b_N100_V4,2.161207958124578
modern,4,b_N100_V4,2.1615419536828995
modern,4,b_N100_V4,2.164082950912416
modern,4,b_N100_V4,2.142874989658594
modern,4,b_N100_V4,2.153416979126632
modern,4,b_N100_V4,2.1483750315383077
modern,4,b_N100_V4,2.154708025045693
modern,4,b_N100_V4,2.144458005204797
modern,4,b_N100_V4,2.136250026524067
modern,4,b_N100_V4,2.139999996870756
modern,4,b_N100_V4,2.1457079565152526
modern,4,b_N100_V4,2.1642500068992376
modern,4,b_N100_V4,2.138832933269441
modern,4,b_N100_V4,2.132624969817698
modern,4,b_N100_V4,2.1312499884516
modern,4,b_N100_V4,2.1639169426634908
modern,4,b_N100_V4,2.1654580486938357
modern,4,b_N100_V4,2.276833984069526
modern,4,b_N100_V4,2.1600420586764812
modern,4,b_N100_V4,2.145417034626007
modern,4,b_N100_V4,2.1415420342236757
modern,4,b_N100_V4,2.1473329979926348
modern,4,b_N100_V4,2.177000045776367
modern,4,b_N100_V4,2.198791946284473
modern,4,b_N100_V4,2.1377078955993056
modern,4,b_N100_V4,2.14112491812557
modern,4,b_N100_V4,2.6599999982863665
modern,4,b_N100_V4,2.2661659168079495
modern,4,b_N100_V4,2.277208026498556
modern,4,b_N100_V4,2.2305840393528342
modern,4,b_N100_V4,2.222041948698461
modern,4,b_N100_V4,2.2438749438151717
modern,4,b_N100_V4,2.1872089710086584
modern,4,b_N100_V4,2.177500049583614
modern,4,b_N100_V4,2.183708013035357
modern,4,b_N100_V4,2.1895840764045715
modern,4,b_N100_V4,2.2568339481949806
modern,4,b_N100_V4,2.4044589372351766
modern,4,b_N100_V4,2.2776660043746233
modern,4,b_N100_V4,2.1932499948889017
modern,4,b_N100_V4,2.197333029471338
modern,4,b_N100_V4,2.203957992605865
modern,4,b_N100_V4,2.598915947601199
modern,4,b_N100_V4,2.273709047585726
modern,4,b_N100_V4,2.2427079966291785
modern,4,b_N100_V4,2.211916958913207
modern,4,b_N100_V4,2.2313339868560433
modern,4,b_N100_V4,2.2462920751422644
modern,4,b_N100_V4,2.2122079972177744
modern,4,b_N100_V4,2.185916993767023
modern,4,b_N100_V4,2.2293749498203397
modern,4,b_N100_V4,2.1787919104099274
modern,4,b_N100_V4,2.1852919599041343
modern,4,b_N100_V4,2.2353749955073
modern,4,b_N100_V4,2.1950840018689632
modern,4,b_N100_V4,2.160124946385622
modern,4,b_N100_V4,2.1770839812234044
modern,4,b_N100_V4,2.181124989874661
modern,4,b_N100_V4,2.221709000878036
modern,4,b_N100_V4,2.2274579387158155
modern,4,b_N100_V4,2.146999933756888
modern,4,b_N100_V4,2.178124967031181
modern,4,b_N100_V4,2.170250052586198
modern,4,b_N100_V4,2.2012500558048487
modern,4,b_N100_V4,2.1730830194428563
modern,4,b_N100_V4,2.201916999183595
modern,4,b_N100_V4,2.1880839485675097
modern,4,b_N100_V4,2.1758750081062317
modern,4,b_N100_V4,2.1733749890699983
modern,4,b_N100_V4,2.1885839523747563
modern,4,b_N100_V4,2.178792026825249
modern,4,b_N100_V4,2.2520419443026185
modern,4,b_N100_V4,2.5913750287145376
modern,4,b_N100_V4,2.232917002402246
modern,4,b_N100_V4,2.6736250147223473
modern,4,b_N100_V4,2.3366250097751617
modern,4,b_N100_V4,2.312124939635396
modern,4,b_N100_V4,2.3163750302046537
modern,4,b_N100_V4,2.286458038724959
modern,4,b_N100_V4,2.265250077471137
modern,4,b_N100_V4,2.292499993927777
modern,4,b_N100_V4,2.204416901804507
modern,4,b_N100_V4,2.2511669667437673
modern,4,b_N100_V4,2.2794160759076476
modern,4,b_N100_V4,2.2450839169323444
modern,4,b_N100_V4,2.2360419388860464
modern,4,b_N100_V4,2.2109999554231763
modern,4,b_N100_V4,2.226916956715286
modern,4,b_N100_V4,2.2124580573290586
modern,4,b_N100_V4,2.220875001512468
modern,4,b_N100_V4,2.2359159775078297
modern,4,b_N100_V4,2.2263750433921814
modern,4,b_N100_V4,2.2279999684542418
modern,4,b_N100_V4,2.207249985076487
modern,4,b_N100_V4,2.201333991251886
modern,4,b_N100_V4,2.211333019658923
modern,4,b_N100_V4,2.2806249326094985
modern,4,b_N100_V4,2.2598339710384607
modern,4,b_N100_V4,2.2283749422058463
modern,4,b_N100_V4,2.2141250083222985
modern,4,b_N100_V4,2.2326669422909617
modern,4,b_N100_V4,2.1895000245422125
modern,4,b_N100_V4,2.19458295032382
modern,4,b_N100_V4,2.189208986237645
modern,4,b_N100_V4,2.191667095758021
modern,4,b_N100_V4,2.1933329990133643
modern,4,b_N100_V4,2.182208001613617
modern,4,b_N100_V4,2.530833939090371
modern,4,b_N100_V4,2.3018750362098217
modern,4,b_N100_V4,2.2106670076027513
modern,4,b_N100_V4,2.2147089475765824
modern,4,b_N100_V4,2.2229159949347377
modern,4,b_N100_V4,2.193041960708797
modern,4,b_N100_V4,2.172500011511147
modern,4,b_N100_V4,2.225209027528763
modern,4,b_N100_V4,2.206083037890494
modern,4,b_N100_V4,2.1873340010643005
modern,4,b_N100_V4,2.160915988497436
modern,4,b_N100_V4,2.1487500052899122
modern,4,b_N100_V4,2.1736250491812825
modern,4,b_N100_V4,2.142791054211557
modern,4,b_N100_V4,2.1646670065820217
modern,4,b_N100_V4,2.1389169851318
modern,4,b_N100_V4,2.154541085474193
modern,4,b_N100_V4,2.158708986826241
modern,4,b_N100_V4,2.144999918527901
modern,4,b_N100_V4,2.143707941286266
modern,4,b_N100_V4,2.128541935235262
modern,4,b_N100_V4,2.127500018104911
modern,4,b_N100_V4,2.1562499459832907
modern,4,b_N100_V4,2.154582994990051
modern,4,b_N100_V4,2.1327079739421606
modern,4,b_N100_V4,2.162249991670251
modern,4,b_N100_V4,2.1265000104904175
modern,4,b_N100_V4,2.1389590110629797
modern,4,b_N100_V4,2.1442080615088344
modern,4,b_N100_V4,2.1317499922588468
modern,4,b_N100_V4,2.138333977200091
modern,4,b_N100_V4,2.1437080577015877
modern,4,b_N100_V4,2.135207992978394
modern,4,b_N100_V4,2.1200840128585696
modern,4,b_N100_V4,2.127332962118089
modern,4,b_N100_V4,2.2524999221786857
modern,4,b_N100_V4,2.152999979443848
modern,4,b_N100_V4,2.1726660197600722
modern,4,b_N100_V4,2.130666980519891
modern,4,b_N100_V4,2.1344589767977595
modern,4,b_N100_V4,2.136124996468425
modern,4,b_N100_V4,2.145417034626007
modern,4,b_N100_V4,2.1465830504894257
modern,4,b_N100_V4,2.139416988939047
modern,4,b_N100_V4,2.1487920312210917
modern,4,b_N100_V4,2.153708948753774
modern,4,b_N100_V4,2.174750086851418
modern,4,b_N100_V4,2.1527078934013844
modern,4,b_N100_V4,2.148207975551486
modern,4,b_N100_V4,2.2305831080302596
modern,4,b_N100_V4,2.197665977291763
modern,4,b_N100_V4,2.1499580470845103
modern,4,b_N100_V4,2.1438749972730875
modern,4,b_N100_V4,2.1507919300347567
modern,4,b_N100_V4,2.153041074052453
modern,4,b_N100_V4,2.133582951501012
modern,4,b_N100_V4,2.1609578980132937
modern,4,b_N100_V4,2.1239579655230045
modern,4,b_N100_V4,2.1475000539794564
modern,4,b_N100_V4,2.1157090086489916
modern,4,b_N100_V4,2.1270420402288437
modern,4,b_N100_V4,2.123959013260901
modern,4,b_N100_V4,2.1273340098559856
modern,4,b_N100_V4,2.1077500423416495
modern,4,b_N100_V4,2.117666997946799
modern,4,b_N100_V4,2.1164159988984466
modern,4,b_N100_V4,2.1576250437647104
modern,4,b_N100_V4,2.1248749690130353
modern,4,b_N100_V4,2.149916021153331
modern,4,b_N100_V4,2.113332971930504
modern,4,b_N100_V4,2.112832968123257
modern,4,b_N100_V4,2.2730419877916574
modern,4,b_N100_V4,2.113124937750399
modern,4,b_N100_V4,2.11537501309067
modern,4,b_N100_V4,2.1196670131757855
modern,4,b_N100_V4,2.132499939762056
modern,4,b_N100_V4,2.114625065587461
modern,4,b_N100_V4,2.145417034626007
modern,4,b_N100_V4,2.1207500249147415
modern,4,b_N100_V4,2.127084066160023
modern,4,b_N100_V4,2.124125021509826
modern,4,b_N100_V4,2.119167009368539
modern,4,b_N100_V4,2.110208966769278
modern,4,b_N100_V4,2.1124999038875103
modern,4,b_N100_V4,2.1244999952614307
modern,4,b_N100_V4,2.12154199834913
modern,4,b_N100_V4,2.127166953869164
modern,4,b_N100_V4,2.151041990146041
modern,4,b_N100_V4,2.1201249910518527
modern,4,b_N100_V4,2.1106250351294875
modern,4,b_N100_V4,2.1108329528942704
modern,4,b_N100_V4,2.106709056533873
modern,4,b_N100_V4,2.134709036909044
modern,4,b_N100_V4,2.119333017617464
modern,4,b_N100_V4,2.1105840569362044
modern,4,b_N100_V4,2.104500075802207
modern,4,b_N100_V4,2.1086670458316803
modern,4,b_N100_V4,2.1004589507356286
modern,4,b_N100_V4,2.1742499666288495
modern,4,b_N100_V4,2.138833049684763
modern,4,b_N100_V4,2.118083997629583
modern,4,b_N100_V4,2.1026249742135406
modern,4,b_N100_V4,2.1117919823154807
modern,4,b_N100_V4,2.1141250617802143
modern,4,b_N100_V4,2.100417041219771
modern,4,b_N100_V4,2.129207947291434
modern,4,b_N100_V4,2.116542076691985
modern,4,b_N100_V4,2.119417069479823
modern,4,b_N100_V4,2.1375420037657022
modern,4,b_N100_V4,2.216208027675748
modern,4,b_N100_V4,2.2547499975189567
modern,4,b_N100_V4,2.1812920458614826
modern,4,b_N100_V4,2.1786250872537494
modern,4,b_N100_V4,2.156459027901292
modern,4,b_N100_V4,2.174125052988529
modern,4,b_N100_V4,2.1602920023724437
modern,4,b_N100_V4,2.1500419825315475
modern,4,b_N100_V4,2.1406670566648245
modern,4,b_N100_V4,2.1914580138400197
modern,4,b_N100_V4,2.166916965506971
modern,4,b_N100_V4,2.152667031623423
modern,4,b_N100_V4,2.1464170422405005
modern,4,b_N100_V4,2.1438749972730875
modern,4,b_N100_V4,2.1457079565152526
modern,4,b_N100_V4,2.1745830308645964
modern,4,b_N100_V4,2.1449170308187604
modern,4,b_N100_V4,2.152250031940639
modern,4,b_N100_V4,2.141083008609712
modern,4,b_N100_V4,2.1607079543173313
modern,4,b_N100_V4,2.4290839210152626
modern,4,b_N100_V4,2.186542027629912
modern,4,b_N100_V4,2.1516670240089297
modern,4,b_N100_V4,2.150583080947399
modern,4,b_N100_V4,2.133375033736229
modern,4,b_N100_V4,2.1923750173300505
modern,4,b_N100_V4,2.4979579029604793
modern,4,b_N100_V4,2.1574170095846057
modern,4,b_N100_V4,2.1461249561980367
modern,4,b_N100_V4,2.149833017028868
modern,4,b_N100_V4,2.168959006667137
modern,4,b_N100_V4,2.1505419863387942
modern,4,b_N100_V4,2.1198750473558903
modern,4,b_N100_V4,2.1560000022873282
modern,4,b_N100_V4,2.147334045730531
modern,4,b_N100_V4,2.1474160021170974
modern,4,b_N100_V4,2.13741697371006
modern,4,b_N100_V4,2.1544169867411256
modern,4,b_N100_V4,2.146041952073574
modern,4,b_N100_V4,2.932832925580442
modern,4,b_N100_V4,2.351041999645531
modern,4,b_N100_V4,2.2505419328808784
modern,4,b_N100_V4,2.215250045992434
modern,4,b_N100_V4,2.2130419965833426
modern,4,b_N100_V4,2.173583023250103
modern,4,b_N100_V4,2.2004160564392805
modern,4,b_N100_V4,2.1920830477029085
modern,4,b_N100_V4,2.217167057096958
modern,4,b_N100_V4,2.2098750341683626
modern,4,b_N100_V4,2.196375047788024
modern,4,b_N100_V4,2.264541923068464
modern,4,b_N100_V4,2.3045840207487345
modern,4,b_N100_V4,2.19408399425447
modern,4,b_N100_V4,2.2990000434219837
modern,4,b_N100_V4,2.7306670090183616
modern,4,b_N100_V4,2.683958038687706
modern,4,b_N100_V4,2.274167025461793
modern,4,b_N100_V4,2.231416990980506
modern,4,b_N100_V4,2.243792056106031
modern,4,b_N100_V4,2.21129204146564
modern,4,b_N100_V4,2.268834039568901
modern,4,b_N100_V4,2.275291015394032
modern,4,b_N100_V4,2.1834999788552523
modern,4,b_N100_V4,2.2432500263676047
modern,4,b_N100_V4,2.175541943870485
modern,4,b_N100_V4,2.195207984186709
modern,4,b_N100_V4,2.158790943212807
modern,4,b_N100_V4,2.1568749798461795
modern,4,b_N100_V4,2.153499983251095
modern,4,b_N100_V4,2.1621669875457883
modern,4,b_N100_V4,2.149582956917584
modern,4,b_N100_V4,2.202542033046484
modern,4,b_N100_V4,2.160125062800944
modern,4,b_N100_V4,2.1481250878423452
modern,4,b_N100_V4,2.1387500455603004
modern,4,b_N100_V4,2.1436670795083046
modern,4,b_N100_V4,2.135624992661178
modern,4,b_N100_V4,2.1715000038966537
modern,4,b_N100_V4,2.158791059628129
modern,4,b_N100_V4,2.152457949705422
modern,4,b_N100_V4,2.1291659213602543
modern,4,b_N100_V4,2.184624900110066
modern,4,b_N100_V4,2.165541984140873
modern,4,b_N100_V4,2.157290931791067
modern,4,b_N100_V4,2.1742499666288495
modern,4,b_N100_V4,2.194250002503395
modern,4,b_N100_V4,2.1384169813245535
modern,4,b_N100_V4,2.1498340647667646
modern,4,b_N100_V4,2.1852500503882766
modern,4,b_N100_V4,2.124457969330251
modern,4,b_N100_V4,2.142749959602952
modern,4,b_N100_V4,2.162792021408677
modern,4,b_N100_V4,2.1426669554784894
modern,4,b_N100_V4,2.11891601793468
modern,4,b_N100_V4,2.1148748928681016
modern,4,b_N100_V4,2.113417023792863
modern,4,b_N100_V4,2.132499939762056
modern,4,b_N100_V4,2.128208987414837
modern,4,b_N100_V4,2.1260420326143503
modern,4,b_N100_V4,2.123542013578117
modern,4,b_N100_V4,2.1167920203879476
modern,4,b_N100_V4,2.1150410175323486
modern,4,b_N100_V4,2.103624981828034
modern,4,b_N100_V4,2.152708009816706
modern,4,b_N100_V4,2.105750027112663
modern,4,b_N100_V4,2.101207966916263
modern,4,b_N100_V4,2.0925409626215696
modern,4,b_N100_V4,2.116624964401126
modern,4,b_N100_V4,2.106499974615872
modern,4,b_N100_V4,2.1375420037657022
modern,4,b_N100_V4,2.118958975188434
modern,4,b_N100_V4,2.170082996599376
modern,4,b_N100_V4,2.1154170390218496
modern,4,b_N100_V4,2.165250014513731
modern,4,b_N100_V4,2.1152079571038485
modern,4,b_N100_V4,2.1136669674888253
modern,4,b_N100_V4,2.1098339930176735
modern,4,b_N100_V4,2.595708006992936
modern,4,b_N100_V4,2.2709170589223504
modern,4,b_N100_V4,2.2164579713717103
modern,4,b_N100_V4,2.269042073749006
modern,4,b_N100_V4,2.27312499191612
modern,4,b_N100_V4,2.2410419769585133
modern,4,b_N100_V4,2.2721659624949098
modern,4,b_N100_V4,2.22116697113961
modern,4,b_N100_V4,2.207083976827562
modern,4,b_N100_V4,2.4042919976636767
modern,4,b_N100_V4,2.845583949238062
modern,4,b_N100_V4,2.381416969001293
modern,4,b_N100_V4,2.2185000125318766
modern,4,b_N100_V4,2.2400410380214453
modern,4,b_N100_V4,2.2021250333637
modern,4,b_N100_V4,2.229417092166841
modern,4,b_N100_V4,2.180667011998594
modern,4,b_N100_V4,2.2525000385940075
modern,4,b_N100_V4,2.1785000571981072
modern,4,b_N100_V4,2.1948330104351044
modern,4,b_N100_V4,2.2005420178174973
modern,4,b_N100_V4,2.207790967077017
modern,4,b_N100_V4,2.1773340413346887
modern,4,b_N100_V4,2.209582948125899
modern,4,b_N100_V4,2.1864169975742698
modern,4,b_N100_V4,2.250000019557774
modern,4,b_N100_V4,2.1842920687049627
modern,4,b_N100_V4,2.2370420629158616
modern,4,b_N100_V4,2.1775419590994716
modern,4,b_N100_V4,2.1714590257033706
modern,4,b_N100_V4,2.2037080489099026
modern,4,b_N100_V4,2.1819580579176545
modern,4,b_N100_V4,2.1696669282391667
modern,4,b_N100_V4,2.6157500687986612
modern,4,b_N100_V4,2.3685419000685215
modern,4,b_N100_V4,2.271708915941417
modern,4,b_N100_V4,2.285290975123644
modern,4,b_N100_V4,2.219917019829154
modern,4,b_N100_V4,2.2931669373065233
modern,4,b_N100_V4,2.261208021081984
modern,4,b_N100_V4,2.2122919326648116
modern,4,b_N100_V4,2.1967500215396285
modern,4,b_N100_V4,2.2342499578371644
modern,4,b_N100_V4,2.20662506762892
modern,4,b_N100_V4,2.212375053204596
modern,4,b_N100_V4,2.218166016973555
modern,4,b_N100_V4,2.1785000571981072
modern,4,b_N100_V4,2.198333968408406
modern,4,b_N100_V4,2.255166065879166
modern,4,b_N100_V4,2.2210829192772508
modern,4,b_N100_V4,2.1599169122055173
modern,4,b_N100_V4,2.235582913272083
modern,4,b_N100_V4,2.1860419074073434
modern,4,b_N100_V4,2.1843749564141035
modern,4,b_N100_V4,2.1893749944865704
modern,4,b_N100_V4,2.2298749536275864
modern,4,b_N100_V4,2.1926669869571924
modern,4,b_N100_V4,2.207834040746093
modern,4,b_N100_V4,2.1610830444842577
modern,4,b_N100_V4,2.269832999445498
modern,4,b_N100_V4,2.2124580573290586
modern,4,b_N100_V4,2.206042059697211
modern,4,b_N100_V4,2.1941669983789325
modern,4,b_N100_V4,2.270249999128282
modern,4,b_N100_V4,2.2172500612214208
modern,4,b_N100_V4,2.2067080717533827
modern,4,b_N100_V4,2.2109170677140355
modern,4,b_N100_V4,2.1864169975742698
modern,4,b_N100_V4,2.2061250638216734
modern,4,b_N100_V4,2.194250002503395
modern,4,b_N100_V4,2.192666055634618
modern,4,b_N100_V4,2.186083933338523
modern,4,b_N100_V4,2.1505419863387942
modern,4,b_N100_V4,2.1744159748777747
modern,4,b_N100_V4,2.1802500123158097
modern,4,b_N100_V4,2.1446250611916184
modern,4,b_N100_V4,2.160583040677011
modern,4,b_N100_V4,2.1630420815199614
modern,4,b_N100_V4,2.145749982446432
modern,4,b_N100_V4,2.1819580579176545
modern,4,b_N100_V4,2.163790981285274
modern,4,b_N100_V4,2.1409160690382123
modern,4,b_N100_V4,2.150750020518899
modern,4,b_N100_V4,2.1548749646171927
modern,4,b_N100_V4,2.1545840427279472
modern,4,b_N100_V4,2.167791943065822
modern,4,b_N100_V4,2.185166929848492
modern,4,b_N100_V4,2.174291992560029
modern,4,b_N100_V4,2.158417017199099
modern,4,b_N100_V4,2.1554999984800816
modern,4,b_N100_V4,2.193041960708797
modern,4,b_N100_V4,2.1468750201165676
modern,4,b_N100_V4,2.150750020518899
modern,4,b_N100_V4,2.19595804810524
modern,4,b_N100_V4,2.1791249746456742
modern,4,b_N100_V4,2.160250092856586
modern,4,b_N100_V4,2.125792088918388
modern,4,b_N100_V4,2.1458331029862165
modern,4,b_N100_V4,2.1436249371618032
modern,4,b_N100_V4,2.158750081434846
modern,4,b_N100_V4,2.2097500041127205
modern,4,b_N100_V4,2.1609170362353325
modern,4,b_N100_V4,2.1643330110237002
modern,4,b_N100_V4,2.1180419716984034
modern,4,b_N100_V4,2.1436249371618032
modern,4,b_N100_V4,2.1569159580394626
modern,4,b_N100_V4,2.1617920137941837
modern,4,b_N100_V4,2.156207920052111
modern,4,b_N100_V4,2.1335419733077288
modern,4,b_N100_V4,2.116542076691985
modern,4,b_N100_V4,2.1405420266091824
modern,4,b_N100_V4,2.167958067730069
modern,4,b_N100_V4,2.120500081218779
modern,4,b_N100_V4,2.1736249327659607
modern,4,b_N100_V4,2.1342920372262597
modern,4,b_N100_V4,2.1440000273287296
modern,4,b_N100_V4,2.181999967433512
modern,4,b_N100_V4,2.136041992343962
modern,4,b_N100_V4,2.1429579937830567
modern,4,b_N100_V4,2.1369169699028134
modern,4,b_N100_V4,2.1266669500619173
modern,4,b_N100_V4,2.149374922737479
modern,4,b_N100_V4,2.141500008292496
modern,4,b_N100_V4,2.2129169665277004
modern,4,b_N100_V4,2.2442920599132776
modern,4,b_N100_V4,2.192624961026013
modern,4,b_N100_V4,2.169625018723309
modern,4,b_N100_V4,2.1756250644102693
modern,4,b_N100_V4,2.1745000267401338
modern,4,b_N100_V4,2.156333066523075
modern,4,b_N100_V4,2.1575840655714273
modern,4,b_N100_V4,2.209250000305474
modern,4,b_N100_V4,2.2235839860513806
modern,4,b_N100_V4,2.174291992560029
modern,4,b_N100_V4,2.1623329957947135
modern,4,b_N100_V4,2.148041967302561
modern,4,b_N100_V4,2.147958963178098
modern,4,b_N100_V4,2.1686250111088157
modern,4,b_N100_V4,2.1775419590994716
modern,4,b_N100_V4,2.1432499634101987
modern,4,b_N100_V4,2.14712496381253
modern,4,b_N100_V4,2.1697080228477716
modern,4,b_N100_V4,2.1410840563476086
modern,4,b_N100_V4,2.158542047254741
modern,4,b_N100_V4,2.1518749417737126
modern,4,b_N100_V4,2.1454159868881106
modern,4,b_N100_V4,2.152124885469675
modern,4,b_N100_V4,2.5737090036273003
modern,4,b_N100_V4,2.2704589646309614
modern,4,b_N100_V4,2.2232079645618796
modern,4,b_N100_V4,2.7223749784752727
modern,4,b_N100_V4,2.28899996727705
modern,4,b_N100_V4,2.2661249386146665
modern,4,b_N100_V4,2.2198340157046914
modern,4,b_N100_V4,2.199833979830146
modern,4,b_N100_V4,2.222958020865917
modern,4,b_N100_V4,2.195917069911957
modern,4,b_N100_V4,2.1821249974891543
modern,4,b_N100_V4,2.169750048778951
modern,4,b_N100_V4,2.1722910460084677
modern,4,b_N100_V4,2.1650410490110517
modern,4,b_N100_V4,2.151041990146041
modern,4,b_N100_V4,2.1958339493721724
modern,4,b_N100_V4,2.1856249077245593
modern,4,b_N100_V4,2.1857499377802014
modern,4,b_N100_V4,2.1640839986503124
modern,4,b_N100_V4,2.15629197191447
modern,4,b_N100_V4,2.1545420167967677
modern,4,b_N100_V4,2.1704999962821603
modern,4,b_N100_V4,2.1795410430058837
modern,4,b_N100_V4,2.151292050257325
modern,4,b_N100_V4,2.157959039323032
modern,4,b_N100_V4,2.164584002457559
modern,4,b_N100_V4,2.1766250720247626
modern,4,b_N100_V4,2.168083912692964
modern,4,b_N100_V4,2.1603750064969063
modern,4,b_N100_V4,2.1463329903781414
modern,4,b_N100_V4,2.18487496022135
modern,4,b_N100_V4,2.156917005777359
modern,4,b_N100_V4,2.5504999794065952
modern,4,b_N100_V4,2.297166967764497
modern,4,b_N100_V4,2.2423339542001486
modern,4,b_N100_V4,2.243458991870284
modern,4,b_N100_V4,2.3671670351177454
modern,4,b_N100_V4,2.35183397307992
modern,4,b_N100_V4,2.2039590403437614
modern,4,b_N100_V4,2.252417034469545
modern,4,b_N100_V4,2.2351250518113375
modern,4,b_N100_V4,2.3093330673873425
modern,4,b_N100_V4,2.163291093893349
modern,4,b_N100_V4,2.2721249843016267
modern,4,b_N100_V4,2.21649999730289
modern,4,b_N100_V4,2.1928749047219753
modern,4,b_N100_V4,2.1849159384146333
modern,4,b_N100_V4,2.225874923169613
modern,4,b_N100_V4,2.149999956600368
modern,4,b_N100_V4,2.15329194907099
modern,4,b_N100_V4,2.248791977763176
modern,4,b_N100_V4,2.227624994702637
modern,4,b_N100_V4,2.1689999848604202
modern,4,b_N100_V4,2.2528329864144325
modern,4,b_N100_V4,2.1823340794071555
modern,4,b_N100_V4,2.2830840898677707
modern,4,b_N100_V4,2.349750022403896
modern,4,b_N100_V4,2.2986249532550573
modern,4,b_N100_V4,2.1312499884516
modern,4,b_N100_V4,2.2568339481949806
modern,4,b_N100_V4,2.238165936432779
modern,4,b_N100_V4,2.31308292131871
modern,4,b_N100_V4,2.131375018507242
modern,4,b_N100_V4,2.253000042401254
modern,4,b_N100_V4,2.1196670131757855
modern,4,b_N100_V4,2.2283330326899886
modern,4,b_N100_V4,2.2446250077337027
modern,4,b_N100_V4,2.2675839718431234
modern,4,b_N100_V4,2.154833055101335
modern,4,b_N100_V4,2.226084005087614
modern,4,b_N100_V4,2.1367500303313136
modern,4,b_N100_V4,2.2245830623432994
modern,4,b_N100_V4,2.166624995879829
modern,4,b_N100_V4,2.2266670130193233
modern,4,b_N100_V4,2.1187079837545753
modern,4,b_N100_V4,2.2518750047311187
modern,4,b_N100_V4,2.132000052370131
modern,4,b_N100_V4,2.241416019387543
modern,4,b_N100_V4,2.2646250436082482
modern,4,b_N100_V4,2.252542064525187
modern,4,b_N100_V4,2.2853330010548234
modern,4,b_N100_V4,2.54250003490597
modern,4,b_N100_V4,2.129000029526651
modern,4,b_N100_V4,2.221542061306536
modern,4,b_N100_V4,2.2077920148149133
modern,4,b_N100_V4,2.2330000065267086
modern,4,b_N100_V4,2.1269170101732016
modern,4,b_N100_V4,2.218749956227839
modern,4,b_N100_V4,2.148584113456309
modern,4,b_N100_V4,2.2522079525515437
modern,4,b_N100_V4,2.1592079428955913
modern,4,b_N100_V4,2.2099589696154
modern,4,b_N100_V4,2.147874911315739
modern,4,b_N100_V4,2.2364999167621136
modern,4,b_N100_V4,2.2280829725787044
modern,4,b_N100_V4,2.2484170040115714
modern,4,b_N100_V4,2.2132500307634473
modern,4,b_N100_V4,2.222459064796567
modern,4,b_N100_V4,2.211374929174781
modern,4,b_N100_V4,2.1566669456660748
modern,4,b_N100_V4,2.158417017199099
modern,4,b_N100_V4,2.1708329441025853
modern,4,b_N100_V4,2.147833933122456
modern,4,b_N100_V4,2.1446249447762966
modern,4,b_N100_V4,2.1404169965535402
modern,4,b_N100_V4,2.143832971341908
modern,4,b_N100_V4,2.1381250116974115
modern,4,b_N100_V4,2.1372080082073808
modern,4,b_N100_V4,2.151958062313497
modern,4,b_N100_V4,2.1538339788094163
modern,4,b_N100_V4,2.1364170825108886
modern,4,b_N100_V4,2.129624946974218
modern,4,b_N100_V4,2.1242500515654683
modern,4,b_N100_V4,2.142000012099743
modern,4,b_N100_V4,2.162333927117288
modern,4,b_N100_V4,2.1568340016528964
modern,4,b_N100_V4,2.1884579909965396
modern,4,b_N100_V4,2.15233291964978
modern,4,b_N100_V4,2.139708958566189
modern,4,b_N100_V4,2.17570795211941
modern,4,b_N100_V4,2.1494999527931213
modern,4,b_N100_V4,2.133958972990513
modern,4,b_N100_V4,2.196167013607919
modern,4,b_N100_V4,2.146375016309321
modern,4,b_N100_V4,2.1312499884516
modern,4,b_N100_V4,2.1338750375434756
modern,4,b_N100_V4,2.1172499982640147
modern,4,b_N100_V4,2.8010840760543942
modern,4,b_N100_V4,2.230666927061975
modern,4,b_N100_V4,2.1559579763561487
modern,4,b_N100_V4,2.21295899245888
modern,4,b_N100_V4,2.1766669815406203
modern,4,b_N100_V4,2.136124996468425
modern,4,b_N100_V4,2.133958972990513
modern,4,b_N100_V4,2.1392919588834047
modern,4,b_N100_V4,2.1234999876469374
modern,4,b_N100_V4,2.1219589980319142
modern,4,b_N100_V4,2.1292499732226133
modern,4,b_N100_V4,2.1260420326143503
modern,4,b_N100_V4,2.1284170215949416
modern,4,b_N100_V4,2.157874987460673
modern,4,b_N100_V4,2.124333055689931
modern,4,b_N100_V4,2.1374160423874855
modern,4,b_N100_V4,2.138707903213799
modern,4,b_N100_V4,2.1207500249147415
modern,4,b_N100_V4,2.113749971613288
modern,4,b_N100_V4,2.1464580204337835
modern,4,b_N100_V4,2.126000006683171
modern,4,b_N100_V4,2.1265000104904175
modern,4,b_N100_V4,2.1378330420702696
modern,4,b_N100_V4,2.121416968293488
modern,4,b_N100_V4,2.1470000501722097
modern,4,b_N100_V4,2.169374958612025
modern,4,b_N100_V4,2.148292027413845
modern,4,b_N100_V4,2.138584037311375
modern,4,b_N100_V4,2.144042053259909
modern,4,b_N100_V4,2.258499967865646
modern,4,b_N100_V4,2.2339579882100224
modern,4,b_N100_V4,2.22550006583333
modern,4,b_N100_V4,2.18008307274431
modern,4,b_N100_V4,2.16283299960196
modern,4,b_N100_V4,2.2576249903067946
modern,4,b_N100_V4,2.172791981138289
modern,4,b_N100_V4,2.1623329957947135
modern,4,b_N100_V4,2.1779589587822556
modern,4,b_N100_V4,2.144249971024692
modern,4,b_N100_V4,2.124208025634289
modern,4,b_N100_V4,2.3293750127777457
modern,4,b_N100_V4,2.1656249882653356
modern,4,b_N100_V4,2.1595830330625176
modern,4,b_N100_V4,2.123542013578117
modern,4,b_N100_V4,2.191375009715557
modern,4,b_N100_V4,2.1317499922588468
modern,4,b_N100_V4,2.1402500569820404
modern,4,b_N100_V4,2.155542024411261
modern,4,b_N100_V4,2.152708009816706
modern,4,b_N100_V4,2.122166915796697
modern,4,b_N100_V4,2.1523339673876762
modern,4,b_N100_V4,2.1669999696314335
modern,4,b_N100_V4,2.138374955393374
modern,4,b_N100_V4,2.158708986826241
modern,4,b_N100_V4,2.1570000099018216
modern,4,b_N100_V4,2.2047089878469706
modern,4,b_N100_V4,2.1804169518873096
modern,4,b_N100_V4,2.1542919566854835
modern,4,b_N100_V4,2.116000046953559
modern,4,b_N100_V4,2.1740420488640666
modern,4,b_N100_V4,2.153750043362379
modern,4,b_N100_V4,2.140167052857578
modern,4,b_N100_V4,2.140875090844929
modern,4,b_N100_V4,2.143917023204267
modern,4,b_N100_V4,2.1125830244272947
modern,4,b_N100_V4,2.1486670011654496
modern,4,b_N100_V4,2.1598750026896596
modern,4,b_N100_V4,2.1111249225214124
modern,4,b_N100_V4,2.111917012371123
modern,4,b_N100_V4,2.1287499694153666
modern,4,b_N100_V4,2.105958992615342
modern,4,b_N100_V4,2.1161669865250587
modern,4,b_N100_V4,2.1222910145297647
modern,4,b_N100_V4,2.144875004887581
modern,4,b_N100_V4,2.135333023034036
modern,4,b_N100_V4,2.1546250209212303
modern,4,b_N100_V4,2.1541250171139836
modern,4,b_N100_V4,2.146625076420605
modern,4,b_N100_V4,2.1386250155046582
modern,4,b_N100_V4,2.136333961971104
modern,4,b_N100_V4,2.1493330132216215
modern,4,b_N100_V4,2.1289170254021883
modern,4,b_N100_V4,2.1265000104904175
modern,4,b_N100_V4,2.1855829982087016
modern,4,b_N100_V4,2.1548749646171927
modern,4,b_N100_V4,2.1098339930176735
modern,4,b_N100_V4,2.1762920077890158
modern,4,b_N100_V4,2.139874966815114
modern,4,b_N100_V4,2.1259159548208117
modern,4,b_N100_V4,2.251541009172797
modern,4,b_N100_V4,2.250583958812058
modern,4,b_N100_V4,2.216291963122785
modern,4,b_N100_V4,2.1954169496893883
modern,4,b_N100_V4,2.22883396781981
modern,4,b_N100_V4,2.1576249273493886
modern,4,b_N100_V4,2.1874159574508667
modern,4,b_N100_V4,2.213916974142194
modern,4,b_N100_V4,2.1788340527564287
modern,4,b_N100_V4,2.196167013607919
modern,4,b_N100_V4,2.2091249702498317
modern,4,b_N100_V4,2.1783330012112856
modern,4,b_N100_V4,2.1905830362811685
modern,4,b_N100_V4,2.176915993914008
modern,4,b_N100_V4,2.1806249860674143
modern,4,b_N100_V4,2.778958063572645
modern,4,b_N100_V4,2.326916088350117
modern,4,b_N100_V4,2.3455829359591007
modern,4,b_N100_V4,2.257124986499548
modern,4,b_N100_V4,2.2215829230844975
modern,4,b_N100_V4,2.2249999456107616
modern,4,b_N100_V4,2.245167037472129
modern,4,b_N100_V4,2.24604201503098
modern,4,b_N100_V4,2.2037499584257603
modern,4,b_N100_V4,2.2232920164242387
modern,4,b_N100_V4,2.20429094042629
modern,4,b_N100_V4,2.521082991734147
modern,4,b_N100_V4,2.2115419851616025
modern,4,b_N100_V4,2.3424170212820172
modern,4,b_N100_V4,2.1988750668242574
modern,4,b_N100_V4,2.21016607247293
modern,4,b_N100_V4,2.198166912421584
modern,4,b_N100_V4,2.2059999173507094
modern,4,b_N100_V4,2.2127500269562006
modern,4,b_N100_V4,2.2234999341890216
modern,4,b_N100_V4,2.1824579453095794
modern,4,b_N100_V4,2.1999169839546084
modern,4,b_N100_V4,2.176624955609441
modern,4,b_N100_V4,2.2289579501375556
modern,4,b_N100_V4,2.2075000451877713
modern,4,b_N100_V4,2.2306250175461173
modern,4,b_N100_V4,2.1486670011654496
modern,4,b_N100_V4,2.1795000648126006
modern,4,b_N100_V4,2.19858402851969
modern,4,b_N100_V4,2.198500093072653
modern,4,b_N100_V4,2.2040000185370445
modern,4,b_N100_V4,2.215375076048076
modern,4,b_N100_V4,2.175249974243343
modern,4,b_N100_V4,2.192083979025483
modern,4,b_N100_V4,2.2100419737398624
modern,4,b_N100_V4,2.199959009885788
modern,4,b_N100_V4,2.203917014412582
modern,4,b_N100_V4,2.210709033533931
modern,4,b_N100_V4,2.168582985177636
modern,4,b_N100_V4,2.1458750125020742
modern,4,b_N100_V4,2.1925419569015503
modern,4,b_N100_V4,2.215999993495643
modern,4,b_N100_V4,2.1870830096304417
modern,4,b_N100_V4,2.2900840267539024
modern,4,b_N100_V4,2.244125003926456
modern,4,b_N100_V4,2.2567500127479434
modern,4,b_N100_V4,2.195499953813851
modern,4,b_N100_V4,2.171583939343691
modern,4,b_N100_V4,2.1704159444198012
modern,4,b_N100_V4,2.179499948397279
modern,4,b_N100_V4,2.156625036150217
modern,4,b_N100_V4,2.144790953025222
modern,4,b_N100_V4,2.1536670392379165
modern,4,b_N100_V4,2.1392920752987266
modern,4,b_N100_V4,2.2503749933093786
modern,4,b_N100_V4,2.1440000273287296
modern,4,b_N100_V4,2.1326669957488775
modern,4,b_N100_V4,2.1210000850260258
modern,4,b_N100_V4,2.1166669903323054
modern,4,b_N100_V4,2.118833945132792
modern,4,b_N100_V4,2.126000006683171
modern,4,b_N100_V4,2.1271250443533063
modern,4,b_N100_V4,2.133334055542946
modern,4,b_N100_V4,2.127957995980978
modern,4,b_N100_V4,2.1384169813245535
modern,4,b_N100_V4,2.175249974243343
modern,4,b_N100_V4,2.136708004400134
modern,4,b_N100_V4,2.119000069797039
modern,4,b_N100_V4,2.1283329697325826
modern,4,b_N100_V4,2.124957973137498
modern,4,b_N100_V4,2.133667003363371
modern,4,b_N100_V4,2.12770898360759
modern,4,b_N100_V4,2.121791010722518
modern,4,b_N100_V4,2.191999927163124
modern,4,b_N100_V4,2.1598340244963765
modern,4,b_N100_V4,2.1574579877778888
modern,4,b_N100_V4,2.1385829895734787
modern,4,b_N100_V4,2.117999945767224
modern,4,b_N100_V4,2.1312079625204206
modern,4,b_N100_V4,2.178124967031181
modern,4,b_N100_V4,2.118250005878508
modern,4,b_N100_V4,2.119750017300248
modern,4,b_N100_V4,2.10320798214525
modern,4,b_N100_V4,2.1690420107915998
modern,4,b_N100_V4,2.0973329665139318
modern,4,b_N100_V4,2.105750027112663
modern,4,b_N100_V4,2.142542041838169
modern,4,b_N100_V4,2.1162080811336637
modern,4,b_N100_V4,2.1022080909460783
modern,4,b_N100_V4,2.1030419738963246
modern,4,b_N100_V4,2.118915901519358
modern,4,b_N100_V4,2.098624943755567
modern,4,b_N100_V4,2.107959007844329
modern,4,b_N100_V4,2.121416968293488
modern,4,b_N100_V4,2.101082936860621
modern,4,b_N100_V4,2.102375030517578
modern,4,b_N100_V4,2.1292499732226133
modern,4,b_N100_V4,2.1234999876469374
modern,4,b_N100_V4,2.0924170967191458
modern,4,b_N100_V4,2.11441598366946
modern,4,b_N100_V4,2.100749989040196
modern,4,b_N100_V4,2.108624903485179
modern,4,b_N100_V4,2.092791022732854
modern,4,b_N100_V4,2.082958002574742
modern,4,b_N100_V4,2.137708943337202
modern,4,b_N100_V4,2.2158330539241433
modern,4,b_N100_V4,2.3055829806253314
modern,4,b_N100_V4,2.1752500906586647
modern,4,b_N100_V4,2.207249985076487
modern,4,b_N100_V4,2.1667080000042915
modern,4,b_N100_V4,2.6601250283420086
modern,4,b_N100_V4,2.276457962580025
modern,4,b_N100_V4,2.28733301628381
modern,4,b_N100_V4,2.2628329461440444
modern,4,b_N100_V4,2.2701669950038195
modern,4,b_N100_V4,2.240957925096154
modern,4,b_N100_V4,2.3137079551815987
modern,4,b_N100_V4,2.2911670384928584
modern,4,b_N100_V4,2.2543329978361726
modern,4,b_N100_V4,2.1928329952061176
modern,4,b_N100_V4,2.2000829922035336
modern,4,b_N100_V4,2.211624989286065
modern,4,b_N100_V4,2.2592090535908937
modern,4,b_N100_V4,2.21129204146564
modern,4,b_N100_V4,2.2288330364972353
modern,4,b_N100_V4,2.1571250399574637
modern,4,b_N100_V4,2.263207919895649
modern,4,b_N100_V4,2.2612500470131636
modern,4,b_N100_V4,2.2614169865846634
modern,4,b_N100_V4,2.1839169785380363
modern,4,b_N100_V4,2.2475000005215406
modern,4,b_N100_V4,2.2562500089406967
modern,4,b_N100_V4,2.218291978351772
modern,4,b_N100_V4,2.1817079978063703
modern,4,b_N100_V4,2.294291974976659
modern,4,b_N100_V4,2.1838750690221786
modern,4,b_N100_V4,2.229750039987266
modern,4,b_N100_V4,2.233667066320777
modern,4,b_N100_V4,2.229458070360124
modern,4,b_N100_V4,2.1457079565152526
modern,4,b_N100_V4,2.2634590277448297
modern,4,b_N100_V4,2.1556250285357237
modern,4,b_N100_V4,2.233667066320777
modern,4,b_N100_V4,2.239749999716878
modern,4,b_N100_V4,2.1886249305680394
modern,4,b_N100_V4,2.151708002202213
modern,4,b_N100_V4,2.218708978034556
modern,4,b_N100_V4,2.186583005823195
modern,4,b_N100_V4,2.2421670146286488
modern,4,b_N100_V4,2.1642500068992376
modern,4,b_N100_V4,2.195917069911957
modern,4,b_N100_V4,2.1515419939532876
modern,4,b_N100_V4,2.1953750401735306
modern,4,b_N100_V4,2.1950830705463886
modern,4,b_N100_V4,2.232500002719462
modern,4,b_N100_V4,2.1495830733329058
modern,4,b_N100_V4,2.220541937276721
modern,4,b_N100_V4,2.17520899605006
modern,4,b_N100_V4,2.2077090106904507
modern,4,b_N100_V4,2.1625410299748182
modern,4,b_N100_V4,2.202541916631162
modern,4,b_N100_V4,2.1976249990984797
modern,4,b_N100_V4,2.181958989240229
modern,4,b_N100_V4,2.1934169344604015
modern,4,b_N100_V4,2.233374980278313
modern,4,b_N100_V4,2.220458001829684
modern,4,b_N100_V4,2.2088750265538692
modern,4,b_N100_V4,2.154249930754304
modern,4,b_N100_V4,2.1966249914839864
modern,4,b_N100_V4,2.1599169122055173
modern,4,b_N100_V4,2.140917000360787
modern,4,b_N100_V4,2.1578329615294933
modern,4,b_N100_V4,2.157666953280568
modern,4,b_N100_V4,2.142084063962102
modern,4,b_N100_V4,2.1692910231649876
modern,4,b_N100_V4,2.735291956923902
modern,4,b_N100_V4,2.243458991870284
modern,4,b_N100_V4,2.165124984458089
modern,4,b_N100_V4,2.156917005777359
modern,4,b_N100_V4,2.2727499017491937
modern,4,b_N100_V4,2.144249971024692
modern,4,b_N100_V4,2.1377919474616647
modern,4,b_N100_V4,2.1231669234111905
modern,4,b_N100_V4,2.127041923813522
modern,4,b_N100_V4,2.128833089955151
modern,4,b_N100_V4,2.136833965778351
modern,4,b_N100_V4,2.124208025634289
modern,4,b_N100_V4,2.112707938067615
modern,4,b_N100_V4,2.13274999987334
modern,4,b_N100_V4,2.1502500167116523
modern,4,b_N100_V4,2.126708044670522
modern,4,b_N100_V4,2.1220840280875564
modern,4,b_N100_V4,2.138708019629121
modern,4,b_N100_V4,2.1254580933600664
modern,4,b_N100_V4,2.147833933122456
modern,4,b_N100_V4,2.1567499497905374
modern,4,b_N100_V4,2.1184999495744705
modern,4,b_N100_V4,2.12620897218585
modern,4,b_N100_V4,2.1447920007631183
modern,4,b_N100_V4,2.1320419618859887
modern,4,b_N100_V4,2.1607920061796904
modern,4,b_N100_V4,2.1265000104904175
modern,4,b_N100_V4,2.144375001080334
modern,4,b_N100_V4,2.1103749750182033
modern,4,b_N100_V4,2.1640410413965583
modern,4,b_N100_V4,2.131042070686817
modern,4,b_N100_V4,2.128959051333368
modern,4,b_N100_V4,2.1818330278620124
modern,4,b_N100_V4,2.135500079020858
modern,4,b_N100_V4,2.1226248936727643
modern,4,b_N100_V4,2.1531248930841684
modern,4,b_N100_V4,2.1317919017747045
modern,4,b_N100_V4,2.128165913745761
modern,4,b_N100_V4,2.1393749630078673
modern,4,b_N100_V4,2.1302920067682862
modern,4,b_N100_V4,2.125500002875924
modern,4,b_N100_V4,2.130041946657002
modern,4,b_N100_V4,2.10620800498873
modern,4,b_N100_V4,2.117583993822336
modern,4,b_N100_V4,2.12958303745836
modern,4,b_N100_V4,2.1240829955786467
modern,4,b_N100_V4,2.1478330017998815
modern,4,b_N100_V4,2.126874984242022
modern,4,b_N100_V4,2.1132919937372208
modern,4,b_N100_V4,2.11254192981869
modern,4,b_N100_V4,2.226292039267719
modern,4,b_N100_V4,2.2535830503329635
modern,4,b_N100_V4,2.191209001466632
modern,4,b_N100_V4,3.109708079136908
modern,4,b_N100_V4,2.338708029128611
modern,4,b_N100_V4,2.2441670298576355
modern,4,b_N100_V4,2.256375038996339
modern,4,b_N100_V4,2.221625065430999
modern,4,b_N100_V4,2.226833952590823
modern,4,b_N100_V4,2.2194170160219073
modern,4,b_N100_V4,2.183666918426752
modern,4,b_N100_V4,2.4388330057263374
modern,4,b_N100_V4,2.1946249762549996
modern,4,b_N100_V4,2.182082971557975
modern,4,b_N100_V4,2.191249979659915
modern,4,b_N100_V4,2.1764999255537987
modern,4,b_N100_V4,2.2138330386951566
modern,4,b_N100_V4,2.1956670098006725
modern,4,b_N100_V4,2.17720796354115
modern,4,b_N100_V4,2.17204203363508
modern,4,b_N100_V4,2.172292093746364
modern,4,b_N100_V4,2.1695831092074513
modern,4,b_N100_V4,2.195125096477568
modern,4,b_N100_V4,2.1953749237582088
modern,4,b_N100_V4,2.1740830270573497
modern,4,b_N100_V4,2.1724581019952893
modern,4,b_N100_V4,2.210250007919967
modern,4,b_N100_V4,2.202583011239767
modern,4,b_N100_V4,2.165541984140873
modern,4,b_N100_V4,2.1577499574050307
modern,4,b_N100_V4,2.1747919963672757
modern,4,b_N100_V4,2.212165971286595
modern,4,b_N100_V4,2.1907499758526683
modern,4,b_N100_V4,2.1524580661207438
modern,4,b_N100_V4,2.1643330110237002
modern,4,b_N100_V4,2.153750043362379
modern,4,b_N100_V4,2.219957998022437
modern,4,b_N100_V4,2.1933329990133643
modern,4,b_N100_V4,2.175375004298985
modern,4,b_N100_V4,2.162500051781535
modern,4,b_N100_V4,2.1600829204544425
modern,4,b_N100_V4,2.178792026825249
modern,4,b_N100_V4,2.165124984458089
modern,4,b_N100_V4,2.244416973553598
modern,4,b_N100_V4,2.1468750201165676
modern,4,b_N100_V4,2.19745805952698
modern,4,b_N100_V4,2.6253750547766685
modern,4,b_N100_V4,2.226541982963681
modern,4,b_N100_V4,2.21183302346617
modern,4,b_N100_V4,2.157042035833001
modern,4,b_N100_V4,2.1652920404449105
modern,4,b_N100_V4,2.1730420412495732
modern,4,b_N100_V4,2.1689580753445625
modern,4,b_N100_V4,2.155916066840291
modern,4,b_N100_V4,2.140208031050861
modern,4,b_N100_V4,2.15000007301569
modern,4,b_N100_V4,2.1374999778345227
modern,4,b_N100_V4,2.1554999984800816
modern,4,b_N100_V4,2.1895000245422125
modern,4,b_N100_V4,2.166084013879299
modern,4,b_N100_V4,2.2738330299034715
modern,4,b_N100_V4,2.2254589712247252
modern,4,b_N100_V4,2.2754590027034283
modern,4,b_N100_V4,2.2443339694291353
modern,4,b_N100_V4,2.2227090084925294
modern,4,b_N100_V4,2.1692500449717045
modern,4,b_N100_V4,2.203000010922551
modern,4,b_N100_V4,2.1860840497538447
modern,4,b_N100_V4,2.2259170655161142
modern,4,b_N100_V4,2.161791897378862
modern,4,b_N100_V4,2.213416970334947
modern,4,b_N100_V4,2.157208975404501
modern,4,b_N100_V4,2.167584025301039
modern,4,b_N100_V4,2.1690839203074574
modern,4,b_N100_V4,2.166832913644612
modern,4,b_N100_V4,2.124540973454714
modern,4,b_N100_V4,2.206292003393173
modern,4,b_N100_V4,2.1604999201372266
modern,4,b_N100_V4,2.1857499377802014
modern,4,b_N100_V4,2.2531249560415745
modern,4,b_N100_V4,2.1752920001745224
modern,4,b_N100_V4,2.1465839818120003
modern,4,b_N100_V4,2.19858402851969
modern,4,b_N100_V4,2.1328750299289823
modern,4,b_N100_V4,2.144666970707476
modern,4,b_N100_V4,2.161749987863004
modern,4,b_N100_V4,2.1847919560968876
modern,4,b_N100_V4,2.174291992560029
modern,4,b_N100_V4,2.179416944272816
modern,4,b_N100_V4,2.1965419873595238
modern,4,b_N100_V4,2.167458995245397
modern,4,b_N100_V4,2.1590839605778456
modern,4,b_N100_V4,2.198333037085831
modern,4,b_N100_V4,2.1507920464500785
modern,4,b_N100_V4,2.1831250051036477
modern,4,b_N100_V4,2.152375061996281
modern,4,b_N100_V4,2.16066709253937
modern,4,b_N100_V4,2.146707964129746
modern,4,b_N100_V4,2.1568749798461795
modern,4,b_N100_V4,2.159166964702308
modern,4,b_N100_V4,2.2003339836373925
modern,4,b_N100_V4,2.157124923542142
modern,4,b_N100_V4,2.148583997040987
modern,4,b_N100_V4,2.17887491453439
modern,4,b_N100_V4,2.179499948397279
modern,4,b_N100_V4,2.1483750315383077
modern,4,b_N100_V4,2.6642080629244447
modern,4,b_N100_V4,2.1154580172151327
modern,4,b_N100_V4,2.1656249882653356
modern,4,b_N100_V4,2.151584019884467
modern,4,b_N100_V4,2.1899580024182796
modern,4,b_N100_V4,2.1384579595178366
modern,4,b_N100_V4,2.1997500443831086
modern,4,b_N100_V4,2.1400830009952188
modern,4,b_N100_V4,2.1532499231398106
modern,4,b_N100_V4,2.218624926172197
modern,4,b_N100_V4,2.16587504837662
modern,4,b_N100_V4,2.126874984242022
modern,4,b_N100_V4,2.179416944272816
modern,4,b_N100_V4,2.1265000104904175
