tool,replicate,config,sub_ms
legacy,0,a_N100_V3+3D,6.3937499653548
legacy,0,a_N100_V3+3D,5.214959033764899
legacy,0,a_N100_V3+3D,5.191208096221089
legacy,0,a_N100_V3+3D,5.171666969545186
legacy,0,a_N100_V3+3D,5.134708946570754
legacy,0,a_N100_V3+3D,5.097124958410859
legacy,0,a_N100_V3+3D,5.0791249377653
legacy,0,a_N100_V3+3D,5.107374978251755
legacy,0,a_N100_V3+3D,5.0822499906644225
legacy,0,a_N100_V3+3D,5.081832990981638
legacy,0,a_N100_V3+3D,5.109083955176175
legacy,0,a_N100_V3+3D,5.087041994556785
legacy,0,a_N100_V3+3D,5.099665955640376
legacy,0,a_N100_V3+3D,5.098000052385032
legacy,0,a_N100_V3+3D,5.095625063404441
legacy,0,a_N100_V3+3D,5.105750053189695
legacy,0,a_N100_V3+3D,4.99579100869596
legacy,0,a_N100_V3+3D,5.049999919719994
legacy,0,a_N100_V3+3D,5.040541989728808
legacy,0,a_N100_V3+3D,5.137916887179017
legacy,0,a_N100_V3+3D,5.1129579078406096
legacy,0,a_N100_V3+3D,5.0391670083627105
legacy,0,a_N100_V3+3D,5.208041984587908
legacy,0,a_N100_V3+3D,5.020458018407226
legacy,0,a_N100_V3+3D,5.003124941140413
legacy,0,a_N100_V3+3D,5.025833961553872
legacy,0,a_N100_V3+3D,5.024167010560632
legacy,0,a_N100_V3+3D,5.038333008997142
legacy,0,a_N100_V3+3D,5.051166983321309
legacy,0,a_N100_V3+3D,4.99733304604888
legacy,0,a_N100_V3+3D,5.013042013160884
legacy,0,a_N100_V3+3D,5.024499958381057
legacy,0,a_N100_V3+3D,4.995458060875535
legacy,0,a_N100_V3+3D,5.043833050876856
legacy,0,a_N100_V3+3D,4.988666973076761
legacy,0,a_N100_V3+3D,4.995082970708609
legacy,0,a_N100_V3+3D,4.9637919291853905
legacy,0,a_N100_V3+3D,4.944333923049271
legacy,0,a_N100_V3+3D,4.950041999109089
legacy,0,a_N100_V3+3D,4.961667000316083
legacy,0,a_N100_V3+3D,4.995833965949714
legacy,0,a_N100_V3+3D,4.961958969943225
legacy,0,a_N100_V3+3D,5.035792011767626
legacy,0,a_N100_V3+3D,5.003666039556265
legacy,0,a_N100_V3+3D,4.927125060930848
legacy,0,a_N100_V3+3D,5.027333041653037
legacy,0,a_N100_V3+3D,4.967750050127506
legacy,0,a_N100_V3+3D,5.071833962574601
legacy,0,a_N100_V3+3D,4.988624947145581
legacy,0,a_N100_V3+3D,5.081249983049929
legacy,0,a_N100_V3+3D,5.002166959457099
legacy,0,a_N100_V3+3D,5.075542023405433
legacy,0,a_N100_V3+3D,4.9577089957892895
legacy,0,a_N100_V3+3D,5.0334170227870345
legacy,0,a_N100_V3+3D,5.030500004068017
legacy,0,a_N100_V3+3D,5.014333059079945
legacy,0,a_N100_V3+3D,4.9877079436555505
legacy,0,a_N100_V3+3D,5.044540972448885
legacy,0,a_N100_V3+3D,5.35304204095155
legacy,0,a_N100_V3+3D,4.971957998350263
legacy,0,a_N100_V3+3D,6.221165996976197
legacy,0,a_N100_V3+3D,5.48720802180469
legacy,0,a_N100_V3+3D,5.563082988373935
legacy,0,a_N100_V3+3D,5.466750008054078
legacy,0,a_N100_V3+3D,5.4307919926941395
legacy,0,a_N100_V3+3D,5.436416016891599
legacy,0,a_N100_V3+3D,5.405667005106807
legacy,0,a_N100_V3+3D,5.432458012364805
legacy,0,a_N100_V3+3D,5.419000051915646
legacy,0,a_N100_V3+3D,5.427291034720838
legacy,0,a_N100_V3+3D,5.399542045779526
legacy,0,a_N100_V3+3D,5.419749999418855
legacy,0,a_N100_V3+3D,5.38999994751066
legacy,0,a_N100_V3+3D,5.377207999117672
legacy,0,a_N100_V3+3D,5.357292015105486
legacy,0,a_N100_V3+3D,5.445874994620681
legacy,0,a_N100_V3+3D,6.940582999959588
legacy,0,a_N100_V3+3D,5.742999957874417
legacy,0,a_N100_V3+3D,5.561792058870196
legacy,0,a_N100_V3+3D,5.522208055481315
legacy,0,a_N100_V3+3D,5.47083409037441
legacy,0,a_N100_V3+3D,5.486208014190197
legacy,0,a_N100_V3+3D,5.532416980713606
legacy,0,a_N100_V3+3D,5.492250085808337
legacy,0,a_N100_V3+3D,5.4347909754142165
legacy,0,a_N100_V3+3D,5.410500103607774
legacy,0,a_N100_V3+3D,5.469708936288953
legacy,0,a_N100_V3+3D,5.368333077058196
legacy,0,a_N100_V3+3D,5.517042009159923
legacy,0,a_N100_V3+3D,5.422958987765014
legacy,0,a_N100_V3+3D,5.432707956060767
legacy,0,a_N100_V3+3D,5.418957909569144
legacy,0,a_N100_V3+3D,5.425499984994531
legacy,0,a_N100_V3+3D,5.43825002387166
legacy,0,a_N100_V3+3D,5.424542003311217
legacy,0,a_N100_V3+3D,5.411584046669304
legacy,0,a_N100_V3+3D,5.484624998643994
legacy,0,a_N100_V3+3D,5.419166991487145
legacy,0,a_N100_V3+3D,5.462500033900142
legacy,0,a_N100_V3+3D,5.473875091411173
legacy,0,a_N100_V3+3D,5.449417047202587
legacy,0,a_N100_V3+3D,5.43579098302871
legacy,0,a_N100_V3+3D,5.420666071586311
legacy,0,a_N100_V3+3D,5.407707998529077
legacy,0,a_N100_V3+3D,5.371541948989034
legacy,0,a_N100_V3+3D,5.4406250128522515
legacy,0,a_N100_V3+3D,5.424416973255575
legacy,0,a_N100_V3+3D,5.408709053881466
legacy,0,a_N100_V3+3D,5.3747090278193355
legacy,0,a_N100_V3+3D,5.384957999922335
legacy,0,a_N100_V3+3D,5.402749986387789
legacy,0,a_N100_V3+3D,5.412458092905581
legacy,0,a_N100_V3+3D,5.416500032879412
legacy,0,a_N100_V3+3D,5.347417085431516
legacy,0,a_N100_V3+3D,5.418207962065935
legacy,0,a_N100_V3+3D,5.310125066898763
legacy,0,a_N100_V3+3D,5.305791972205043
legacy,0,a_N100_V3+3D,5.376416025683284
legacy,0,a_N100_V3+3D,5.366374971345067
legacy,0,a_N100_V3+3D,5.33466599881649
legacy,0,a_N100_V3+3D,5.796291981823742
legacy,0,a_N100_V3+3D,5.095999920740724
legacy,0,a_N100_V3+3D,5.201791995204985
legacy,0,a_N100_V3+3D,5.066458019427955
legacy,0,a_N100_V3+3D,5.046374979428947
legacy,0,a_N100_V3+3D,5.050292005762458
legacy,0,a_N100_V3+3D,5.018959054723382
legacy,0,a_N100_V3+3D,5.0134999910369515
legacy,0,a_N100_V3+3D,5.530667025595903
legacy,0,a_N100_V3+3D,5.306167062371969
legacy,0,a_N100_V3+3D,5.142417037859559
legacy,0,a_N100_V3+3D,5.081332987174392
legacy,0,a_N100_V3+3D,5.063708056695759
legacy,0,a_N100_V3+3D,5.07449998985976
legacy,0,a_N100_V3+3D,5.057583912275732
legacy,0,a_N100_V3+3D,5.1148750353604555
legacy,0,a_N100_V3+3D,5.016417009755969
legacy,0,a_N100_V3+3D,5.0253329100087285
legacy,0,a_N100_V3+3D,5.029957974329591
legacy,0,a_N100_V3+3D,5.005832994356751
legacy,0,a_N100_V3+3D,5.012499983422458
legacy,0,a_N100_V3+3D,5.060042021796107
legacy,0,a_N100_V3+3D,5.056291003711522
legacy,0,a_N100_V3+3D,4.9827920738607645
legacy,0,a_N100_V3+3D,5.006790976040065
legacy,0,a_N100_V3+3D,5.046583013609052
legacy,0,a_N100_V3+3D,5.0559170776978135
legacy,0,a_N100_V3+3D,5.049792001955211
legacy,0,a_N100_V3+3D,5.095375003293157
legacy,0,a_N100_V3+3D,5.002166959457099
legacy,0,a_N100_V3+3D,4.998291959054768
legacy,0,a_N100_V3+3D,4.996249917894602
legacy,0,a_N100_V3+3D,5.014583934098482
legacy,0,a_N100_V3+3D,5.073749925941229
legacy,0,a_N100_V3+3D,4.984249942936003
legacy,0,a_N100_V3+3D,4.995958996005356
legacy,0,a_N100_V3+3D,5.004875012673438
legacy,0,a_N100_V3+3D,4.972625058144331
legacy,0,a_N100_V3+3D,4.99429099727422
legacy,0,a_N100_V3+3D,4.97637502849102
legacy,0,a_N100_V3+3D,5.008207983337343
legacy,0,a_N100_V3+3D,5.033125053159893
legacy,0,a_N100_V3+3D,4.985666018910706
legacy,0,a_N100_V3+3D,4.994042101316154
legacy,0,a_N100_V3+3D,4.994458984583616
legacy,0,a_N100_V3+3D,5.001333076506853
legacy,0,a_N100_V3+3D,5.028999992646277
legacy,0,a_N100_V3+3D,5.043999990448356
legacy,0,a_N100_V3+3D,4.978124983608723
legacy,0,a_N100_V3+3D,4.985999898053706
legacy,0,a_N100_V3+3D,4.998625023290515
legacy,0,a_N100_V3+3D,4.960290971212089
legacy,0,a_N100_V3+3D,4.9964169738814235
legacy,0,a_N100_V3+3D,4.982333048246801
legacy,0,a_N100_V3+3D,4.965250031091273
legacy,0,a_N100_V3+3D,4.988792003132403
legacy,0,a_N100_V3+3D,5.551625043153763
legacy,0,a_N100_V3+3D,5.524875014089048
legacy,0,a_N100_V3+3D,5.269667017273605
legacy,0,a_N100_V3+3D,5.162291927263141
legacy,0,a_N100_V3+3D,6.270249956287444
legacy,0,a_N100_V3+3D,5.523000028915703
legacy,0,a_N100_V3+3D,5.6458329781889915
legacy,0,a_N100_V3+3D,5.713624996133149
legacy,0,a_N100_V3+3D,6.306209019385278
legacy,0,a_N100_V3+3D,6.113208015449345
legacy,0,a_N100_V3+3D,5.551291978918016
legacy,0,a_N100_V3+3D,5.507666966877878
legacy,0,a_N100_V3+3D,5.428917007520795
legacy,0,a_N100_V3+3D,5.404416937381029
legacy,0,a_N100_V3+3D,5.410582991316915
legacy,0,a_N100_V3+3D,5.8702920796349645
legacy,0,a_N100_V3+3D,5.408833967521787
legacy,0,a_N100_V3+3D,5.389958037994802
legacy,0,a_N100_V3+3D,5.382249946705997
legacy,0,a_N100_V3+3D,5.4353749146685
legacy,0,a_N100_V3+3D,5.362416966818273
legacy,0,a_N100_V3+3D,5.4452919866889715
legacy,0,a_N100_V3+3D,5.403749994002283
legacy,0,a_N100_V3+3D,5.389583995565772
legacy,0,a_N100_V3+3D,5.398042034357786
legacy,0,a_N100_V3+3D,5.4262090707197785
legacy,0,a_N100_V3+3D,5.3649169858545065
legacy,0,a_N100_V3+3D,5.418000044301152
legacy,0,a_N100_V3+3D,5.36741700489074
legacy,0,a_N100_V3+3D,5.363082978874445
legacy,0,a_N100_V3+3D,5.386542063206434
legacy,0,a_N100_V3+3D,5.976500106044114
legacy,0,a_N100_V3+3D,5.380124901421368
legacy,0,a_N100_V3+3D,5.391957936808467
legacy,0,a_N100_V3+3D,5.413208971731365
legacy,0,a_N100_V3+3D,5.434916936792433
legacy,0,a_N100_V3+3D,5.447249975986779
legacy,0,a_N100_V3+3D,5.399291985668242
legacy,0,a_N100_V3+3D,5.397625034675002
legacy,0,a_N100_V3+3D,5.372666986659169
legacy,0,a_N100_V3+3D,5.387958022765815
legacy,0,a_N100_V3+3D,5.4761250503361225
legacy,0,a_N100_V3+3D,5.360750015825033
legacy,0,a_N100_V3+3D,5.366833065636456
legacy,0,a_N100_V3+3D,5.340584088116884
legacy,0,a_N100_V3+3D,5.36125001963228
legacy,0,a_N100_V3+3D,5.3631250048056245
legacy,0,a_N100_V3+3D,5.660708993673325
legacy,0,a_N100_V3+3D,5.3562920074909925
legacy,0,a_N100_V3+3D,5.350249935872853
legacy,0,a_N100_V3+3D,5.35783392842859
legacy,0,a_N100_V3+3D,5.3729580249637365
legacy,0,a_N100_V3+3D,5.355790955945849
legacy,0,a_N100_V3+3D,5.363459000363946
legacy,0,a_N100_V3+3D,5.341166979633272
legacy,0,a_N100_V3+3D,5.34854200668633
legacy,0,a_N100_V3+3D,5.333791021257639
legacy,0,a_N100_V3+3D,5.408958066254854
legacy,0,a_N100_V3+3D,5.362957948818803
legacy,0,a_N100_V3+3D,5.331917083822191
legacy,0,a_N100_V3+3D,5.351667059585452
legacy,0,a_N100_V3+3D,5.606749909929931
legacy,0,a_N100_V3+3D,5.3565839771181345
legacy,0,a_N100_V3+3D,5.380124901421368
legacy,0,a_N100_V3+3D,5.782124935649335
legacy,0,a_N100_V3+3D,5.096458015032113
legacy,0,a_N100_V3+3D,5.183042027056217
legacy,0,a_N100_V3+3D,5.24658290669322
legacy,0,a_N100_V3+3D,5.375042092055082
legacy,0,a_N100_V3+3D,5.123541108332574
legacy,0,a_N100_V3+3D,5.059082992374897
legacy,0,a_N100_V3+3D,5.067292018793523
legacy,0,a_N100_V3+3D,5.064666969701648
legacy,0,a_N100_V3+3D,5.043708020821214
legacy,0,a_N100_V3+3D,5.05712500307709
legacy,0,a_N100_V3+3D,5.016125040128827
legacy,0,a_N100_V3+3D,5.030250060372055
legacy,0,a_N100_V3+3D,5.034042056649923
legacy,0,a_N100_V3+3D,5.030709085986018
legacy,0,a_N100_V3+3D,5.659874994307756
legacy,0,a_N100_V3+3D,5.2804999286308885
legacy,0,a_N100_V3+3D,5.108333076350391
legacy,0,a_N100_V3+3D,5.084957927465439
legacy,0,a_N100_V3+3D,5.292708054184914
legacy,0,a_N100_V3+3D,5.545458989217877
legacy,0,a_N100_V3+3D,6.43674994353205
legacy,0,a_N100_V3+3D,5.631124950014055
legacy,0,a_N100_V3+3D,5.2132499404251575
legacy,0,a_N100_V3+3D,5.063040996901691
legacy,0,a_N100_V3+3D,5.5394170340150595
legacy,0,a_N100_V3+3D,5.225959001109004
legacy,0,a_N100_V3+3D,5.171542055904865
legacy,0,a_N100_V3+3D,5.0851249834522605
legacy,0,a_N100_V3+3D,5.075708031654358
legacy,0,a_N100_V3+3D,5.0695419777184725
legacy,0,a_N100_V3+3D,5.032957997173071
legacy,0,a_N100_V3+3D,5.027082981541753
legacy,0,a_N100_V3+3D,5.027624894864857
legacy,0,a_N100_V3+3D,5.0524999387562275
legacy,0,a_N100_V3+3D,5.043125012889504
legacy,0,a_N100_V3+3D,5.045333062298596
legacy,0,a_N100_V3+3D,5.036249989643693
legacy,0,a_N100_V3+3D,5.003041005693376
legacy,0,a_N100_V3+3D,5.032583023421466
legacy,0,a_N100_V3+3D,5.028791958466172
legacy,0,a_N100_V3+3D,4.993790993466973
legacy,0,a_N100_V3+3D,5.606499966233969
legacy,0,a_N100_V3+3D,5.110417027026415
legacy,0,a_N100_V3+3D,5.0707090413197875
legacy,0,a_N100_V3+3D,5.059042014181614
legacy,0,a_N100_V3+3D,5.046083009801805
legacy,0,a_N100_V3+3D,5.060167051851749
legacy,0,a_N100_V3+3D,4.973082919605076
legacy,0,a_N100_V3+3D,5.007833009585738
legacy,0,a_N100_V3+3D,4.980749916285276
legacy,0,a_N100_V3+3D,5.008709034882486
legacy,0,a_N100_V3+3D,4.999958095140755
legacy,0,a_N100_V3+3D,4.982959013432264
legacy,0,a_N100_V3+3D,4.974666982889175
legacy,0,a_N100_V3+3D,4.993124981410801
legacy,0,a_N100_V3+3D,4.968542023561895
legacy,0,a_N100_V3+3D,5.322332959622145
legacy,0,a_N100_V3+3D,5.024292040616274
legacy,0,a_N100_V3+3D,5.021625082008541
legacy,0,a_N100_V3+3D,6.214083987288177
legacy,0,a_N100_V3+3D,5.511375027708709
legacy,0,a_N100_V3+3D,5.617624963633716
legacy,0,a_N100_V3+3D,5.498916027136147
legacy,0,a_N100_V3+3D,5.437167012132704
legacy,0,a_N100_V3+3D,5.508084082975984
legacy,0,a_N100_V3+3D,5.663916002959013
legacy,0,a_N100_V3+3D,5.5116250878199935
legacy,0,a_N100_V3+3D,5.511959083378315
legacy,0,a_N100_V3+3D,5.436166073195636
legacy,0,a_N100_V3+3D,5.348250037059188
legacy,0,a_N100_V3+3D,5.436791921965778
legacy,0,a_N100_V3+3D,5.487916059792042
legacy,0,a_N100_V3+3D,5.475458106957376
legacy,0,a_N100_V3+3D,5.3825839422643185
legacy,0,a_N100_V3+3D,5.465416936203837
legacy,0,a_N100_V3+3D,5.405792035162449
legacy,0,a_N100_V3+3D,5.431917030364275
legacy,0,a_N100_V3+3D,5.613874993287027
legacy,0,a_N100_V3+3D,5.426167044788599
legacy,0,a_N100_V3+3D,5.32200001180172
legacy,0,a_N100_V3+3D,5.421000067144632
legacy,0,a_N100_V3+3D,5.444167065434158
legacy,0,a_N100_V3+3D,5.448542069643736
legacy,0,a_N100_V3+3D,5.411833059042692
legacy,0,a_N100_V3+3D,5.431167082861066
legacy,0,a_N100_V3+3D,5.385791999287903
legacy,0,a_N100_V3+3D,5.88725006673485
legacy,0,a_N100_V3+3D,5.442042020149529
legacy,0,a_N100_V3+3D,5.3434999426826835
legacy,0,a_N100_V3+3D,5.352124921046197
legacy,0,a_N100_V3+3D,5.421124980784953
legacy,0,a_N100_V3+3D,5.323791992850602
legacy,0,a_N100_V3+3D,5.47149998601526
legacy,0,a_N100_V3+3D,5.589582957327366
legacy,0,a_N100_V3+3D,5.439500091597438
legacy,0,a_N100_V3+3D,5.380957969464362
legacy,0,a_N100_V3+3D,5.423958064056933
legacy,0,a_N100_V3+3D,5.434417049400508
legacy,0,a_N100_V3+3D,5.396916996687651
legacy,0,a_N100_V3+3D,5.405207979492843
legacy,0,a_N100_V3+3D,5.453541991300881
legacy,0,a_N100_V3+3D,5.293666967190802
legacy,0,a_N100_V3+3D,5.275791976600885
legacy,0,a_N100_V3+3D,5.370499915443361
legacy,0,a_N100_V3+3D,5.396583932451904
legacy,0,a_N100_V3+3D,5.353874992579222
legacy,0,a_N100_V3+3D,5.491291987709701
legacy,0,a_N100_V3+3D,5.460083018988371
legacy,0,a_N100_V3+3D,5.440125009045005
legacy,0,a_N100_V3+3D,5.404333001933992
legacy,0,a_N100_V3+3D,5.398249952122569
legacy,0,a_N100_V3+3D,5.350375082343817
legacy,0,a_N100_V3+3D,5.432250094600022
legacy,0,a_N100_V3+3D,5.471291020512581
legacy,0,a_N100_V3+3D,5.436292034573853
legacy,0,a_N100_V3+3D,5.441916990093887
legacy,0,a_N100_V3+3D,5.494041019119322
legacy,0,a_N100_V3+3D,5.36875007674098
legacy,0,a_N100_V3+3D,5.4377500200644135
legacy,0,a_N100_V3+3D,5.836250027641654
legacy,0,a_N100_V3+3D,5.153249949216843
legacy,0,a_N100_V3+3D,5.218459060415626
legacy,0,a_N100_V3+3D,5.09020802564919
legacy,0,a_N100_V3+3D,5.134082981385291
legacy,0,a_N100_V3+3D,5.11679204646498
legacy,0,a_N100_V3+3D,5.249915993772447
legacy,0,a_N100_V3+3D,4.982625017873943
legacy,0,a_N100_V3+3D,4.991334048099816
legacy,0,a_N100_V3+3D,5.0615419168025255
legacy,0,a_N100_V3+3D,5.042458069510758
legacy,0,a_N100_V3+3D,5.053291912190616
legacy,0,a_N100_V3+3D,5.017957999370992
legacy,0,a_N100_V3+3D,5.023499950766563
legacy,0,a_N100_V3+3D,5.03766699694097
legacy,0,a_N100_V3+3D,5.07095898501575
legacy,0,a_N100_V3+3D,5.0742499297484756
legacy,0,a_N100_V3+3D,5.022500059567392
legacy,0,a_N100_V3+3D,5.04141696728766
legacy,0,a_N100_V3+3D,5.019749980419874
legacy,0,a_N100_V3+3D,4.950750037096441
legacy,0,a_N100_V3+3D,5.046667065471411
legacy,0,a_N100_V3+3D,5.190958036109805
legacy,0,a_N100_V3+3D,5.0425000954419374
legacy,0,a_N100_V3+3D,5.022416939027607
legacy,0,a_N100_V3+3D,5.022917059250176
legacy,0,a_N100_V3+3D,5.059249931946397
legacy,0,a_N100_V3+3D,5.101791932247579
legacy,0,a_N100_V3+3D,5.0507920095697045
legacy,0,a_N100_V3+3D,4.976333933882415
legacy,0,a_N100_V3+3D,5.0587080186232924
legacy,0,a_N100_V3+3D,5.033541936427355
legacy,0,a_N100_V3+3D,5.032166955061257
legacy,0,a_N100_V3+3D,5.003083031624556
legacy,0,a_N100_V3+3D,5.039709038101137
legacy,0,a_N100_V3+3D,5.017250077798963
legacy,0,a_N100_V3+3D,5.103417090140283
legacy,0,a_N100_V3+3D,5.034417030401528
legacy,0,a_N100_V3+3D,5.028167041018605
legacy,0,a_N100_V3+3D,5.04941598046571
legacy,0,a_N100_V3+3D,5.068125086836517
legacy,0,a_N100_V3+3D,5.038124974817038
legacy,0,a_N100_V3+3D,4.9950419925153255
legacy,0,a_N100_V3+3D,5.013457965105772
legacy,0,a_N100_V3+3D,5.006292019970715
legacy,0,a_N100_V3+3D,5.003707949072123
legacy,0,a_N100_V3+3D,5.008999956771731
legacy,0,a_N100_V3+3D,5.07149996701628
legacy,0,a_N100_V3+3D,5.028167041018605
legacy,0,a_N100_V3+3D,5.031667067669332
legacy,0,a_N100_V3+3D,5.001584067940712
legacy,0,a_N100_V3+3D,4.988749977201223
legacy,0,a_N100_V3+3D,5.037000053562224
legacy,0,a_N100_V3+3D,5.00291702337563
legacy,0,a_N100_V3+3D,5.522749968804419
legacy,0,a_N100_V3+3D,5.182000109925866
legacy,0,a_N100_V3+3D,5.098333000205457
legacy,0,a_N100_V3+3D,5.486791953444481
legacy,0,a_N100_V3+3D,5.177707993425429
legacy,0,a_N100_V3+3D,5.101458984427154
legacy,0,a_N100_V3+3D,6.189375068061054
legacy,0,a_N100_V3+3D,5.455333972349763
legacy,0,a_N100_V3+3D,5.51595794968307
legacy,0,a_N100_V3+3D,5.391167011111975
legacy,0,a_N100_V3+3D,5.413124919869006
legacy,0,a_N100_V3+3D,5.3659999975934625
legacy,0,a_N100_V3+3D,5.382040981203318
legacy,0,a_N100_V3+3D,5.394084029830992
legacy,0,a_N100_V3+3D,5.359124974347651
legacy,0,a_N100_V3+3D,5.328667000867426
legacy,0,a_N100_V3+3D,5.377084016799927
legacy,0,a_N100_V3+3D,5.372916930355132
legacy,0,a_N100_V3+3D,5.3509160643443465
legacy,0,a_N100_V3+3D,5.331749911420047
legacy,0,a_N100_V3+3D,5.324166966602206
legacy,0,a_N100_V3+3D,5.371749983169138
legacy,0,a_N100_V3+3D,5.318499985150993
legacy,0,a_N100_V3+3D,5.321207921952009
legacy,0,a_N100_V3+3D,5.33166597597301
legacy,0,a_N100_V3+3D,5.361499963328242
legacy,0,a_N100_V3+3D,5.316667025908828
legacy,0,a_N100_V3+3D,5.328124971129
legacy,0,a_N100_V3+3D,5.338000017218292
legacy,0,a_N100_V3+3D,5.331499967724085
legacy,0,a_N100_V3+3D,5.296415998600423
legacy,0,a_N100_V3+3D,5.358375026844442
legacy,0,a_N100_V3+3D,6.033582962118089
legacy,0,a_N100_V3+3D,5.527083994820714
legacy,0,a_N100_V3+3D,5.442166933789849
legacy,0,a_N100_V3+3D,5.4111669305711985
legacy,0,a_N100_V3+3D,5.4166249465197325
legacy,0,a_N100_V3+3D,5.374374915845692
legacy,0,a_N100_V3+3D,5.384832969866693
legacy,0,a_N100_V3+3D,5.459083942696452
legacy,0,a_N100_V3+3D,5.34537504427135
legacy,0,a_N100_V3+3D,5.373375024646521
legacy,0,a_N100_V3+3D,5.382791976444423
legacy,0,a_N100_V3+3D,5.346499965526164
legacy,0,a_N100_V3+3D,5.34837506711483
legacy,0,a_N100_V3+3D,5.3605829598382115
legacy,0,a_N100_V3+3D,5.3345420164987445
legacy,0,a_N100_V3+3D,5.339917028322816
legacy,0,a_N100_V3+3D,5.387915996834636
legacy,0,a_N100_V3+3D,5.348833976313472
legacy,0,a_N100_V3+3D,5.3605419816449285
legacy,0,a_N100_V3+3D,5.378040950745344
legacy,0,a_N100_V3+3D,5.345041980035603
legacy,0,a_N100_V3+3D,5.403458024375141
legacy,0,a_N100_V3+3D,5.3558750078082085
legacy,0,a_N100_V3+3D,5.335084046237171
legacy,0,a_N100_V3+3D,5.324375000782311
legacy,0,a_N100_V3+3D,5.346792051568627
legacy,0,a_N100_V3+3D,5.349709070287645
legacy,0,a_N100_V3+3D,5.347708007320762
legacy,0,a_N100_V3+3D,5.3226250456646085
legacy,0,a_N100_V3+3D,5.315084010362625
legacy,0,a_N100_V3+3D,5.485375062562525
legacy,0,a_N100_V3+3D,5.377708934247494
legacy,0,a_N100_V3+3D,5.341166979633272
legacy,0,a_N100_V3+3D,5.349874962121248
legacy,0,a_N100_V3+3D,5.810749949887395
legacy,0,a_N100_V3+3D,5.116417072713375
legacy,0,a_N100_V3+3D,5.180792068131268
legacy,0,a_N100_V3+3D,5.119499983265996
legacy,0,a_N100_V3+3D,5.062833079136908
legacy,0,a_N100_V3+3D,5.042417091317475
legacy,0,a_N100_V3+3D,5.025082966312766
legacy,0,a_N100_V3+3D,5.0847920356318355
legacy,0,a_N100_V3+3D,5.014208960346878
legacy,0,a_N100_V3+3D,5.01729198731482
legacy,0,a_N100_V3+3D,5.437374929897487
legacy,0,a_N100_V3+3D,5.012416979297996
legacy,0,a_N100_V3+3D,4.9888750072568655
legacy,0,a_N100_V3+3D,5.117499968037009
legacy,0,a_N100_V3+3D,5.0047499826177955
legacy,0,a_N100_V3+3D,5.021083052270114
legacy,0,a_N100_V3+3D,5.05708297714591
legacy,0,a_N100_V3+3D,5.058542010374367
legacy,0,a_N100_V3+3D,5.008667008951306
legacy,0,a_N100_V3+3D,5.1322500221431255
legacy,0,a_N100_V3+3D,4.9867500783875585
legacy,0,a_N100_V3+3D,4.980375058948994
legacy,0,a_N100_V3+3D,4.989167093299329
legacy,0,a_N100_V3+3D,5.034624948166311
legacy,0,a_N100_V3+3D,4.965082975104451
legacy,0,a_N100_V3+3D,5.501959007233381
legacy,0,a_N100_V3+3D,6.0214579571038485
legacy,0,a_N100_V3+3D,5.165666923858225
legacy,0,a_N100_V3+3D,5.057667032815516
legacy,0,a_N100_V3+3D,5.52570796571672
legacy,0,a_N100_V3+3D,5.0131670432165265
legacy,0,a_N100_V3+3D,5.015500006265938
legacy,0,a_N100_V3+3D,4.985374980606139
legacy,0,a_N100_V3+3D,5.028250045143068
legacy,0,a_N100_V3+3D,5.024290992878377
legacy,0,a_N100_V3+3D,5.047084065154195
legacy,0,a_N100_V3+3D,5.003917030990124
legacy,0,a_N100_V3+3D,5.02070807851851
legacy,0,a_N100_V3+3D,4.967166925780475
legacy,0,a_N100_V3+3D,4.968707915395498
legacy,0,a_N100_V3+3D,4.9725419376045465
legacy,0,a_N100_V3+3D,5.005916929803789
legacy,0,a_N100_V3+3D,5.4365419782698154
legacy,0,a_N100_V3+3D,4.995541996322572
legacy,0,a_N100_V3+3D,4.948333953507245
legacy,0,a_N100_V3+3D,5.270416964776814
legacy,0,a_N100_V3+3D,4.96720802038908
legacy,0,a_N100_V3+3D,5.002791993319988
legacy,0,a_N100_V3+3D,4.9717080546543
legacy,0,a_N100_V3+3D,5.045791971497238
legacy,0,a_N100_V3+3D,4.9512500409036875
legacy,0,a_N100_V3+3D,4.9860000144690275
legacy,0,a_N100_V3+3D,4.968583001755178
legacy,0,a_N100_V3+3D,4.976333933882415
legacy,0,a_N100_V3+3D,4.99241694342345
legacy,0,a_N100_V3+3D,5.041000084020197
legacy,0,a_N100_V3+3D,5.03620901145041
legacy,0,a_N100_V3+3D,5.21429197397083
legacy,0,a_N100_V3+3D,4.975999938324094
legacy,0,a_N100_V3+3D,5.01429196447134
legacy,0,a_N100_V3+3D,6.1446670442819595
legacy,0,a_N100_V3+3D,5.468750023283064
legacy,0,a_N100_V3+3D,5.534374970011413
legacy,0,a_N100_V3+3D,5.382415954954922
legacy,0,a_N100_V3+3D,5.390500067733228
legacy,0,a_N100_V3+3D,5.385500029660761
legacy,0,a_N100_V3+3D,5.397540982812643
legacy,0,a_N100_V3+3D,5.372542073018849
legacy,0,a_N100_V3+3D,5.351333995349705
legacy,0,a_N100_V3+3D,5.323541001416743
legacy,0,a_N100_V3+3D,5.337499896995723
legacy,0,a_N100_V3+3D,5.374583997763693
legacy,0,a_N100_V3+3D,5.388915888033807
legacy,0,a_N100_V3+3D,5.369541933760047
legacy,0,a_N100_V3+3D,5.386375007219613
legacy,0,a_N100_V3+3D,5.370082915760577
legacy,0,a_N100_V3+3D,5.363875068724155
legacy,0,a_N100_V3+3D,5.356083973310888
legacy,0,a_N100_V3+3D,5.389458034187555
legacy,0,a_N100_V3+3D,5.333375069312751
legacy,0,a_N100_V3+3D,5.344292032532394
legacy,0,a_N100_V3+3D,5.465624970383942
legacy,0,a_N100_V3+3D,5.694958032108843
legacy,0,a_N100_V3+3D,5.362250027246773
legacy,0,a_N100_V3+3D,5.371625069528818
legacy,0,a_N100_V3+3D,5.354249966330826
legacy,0,a_N100_V3+3D,5.4351669969037175
legacy,0,a_N100_V3+3D,5.332165979780257
legacy,0,a_N100_V3+3D,5.3279579151421785
legacy,0,a_N100_V3+3D,5.334791960194707
legacy,0,a_N100_V3+3D,5.334625020623207
legacy,0,a_N100_V3+3D,5.38533297367394
legacy,0,a_N100_V3+3D,5.325875012204051
legacy,0,a_N100_V3+3D,5.327833001501858
legacy,0,a_N100_V3+3D,5.338874994777143
legacy,0,a_N100_V3+3D,5.318625015206635
legacy,0,a_N100_V3+3D,5.344916018657386
legacy,0,a_N100_V3+3D,5.364082986488938
legacy,0,a_N100_V3+3D,5.342249991372228
legacy,0,a_N100_V3+3D,5.332999979145825
legacy,0,a_N100_V3+3D,5.344707984477282
legacy,0,a_N100_V3+3D,5.312083987519145
legacy,0,a_N100_V3+3D,5.30924997292459
legacy,0,a_N100_V3+3D,5.32962498255074
legacy,0,a_N100_V3+3D,5.3160840179771185
legacy,0,a_N100_V3+3D,5.324332974851131
legacy,0,a_N100_V3+3D,5.324582918547094
legacy,0,a_N100_V3+3D,5.35454205237329
legacy,0,a_N100_V3+3D,5.321040982380509
legacy,0,a_N100_V3+3D,5.378209054470062
legacy,0,a_N100_V3+3D,5.333791021257639
legacy,0,a_N100_V3+3D,5.302082980051637
legacy,0,a_N100_V3+3D,5.289542023092508
legacy,0,a_N100_V3+3D,5.31858392059803
legacy,0,a_N100_V3+3D,5.329666077159345
legacy,0,a_N100_V3+3D,5.314916023053229
legacy,0,a_N100_V3+3D,5.354208988137543
legacy,0,a_N100_V3+3D,5.377957946620882
legacy,0,a_N100_V3+3D,5.336917005479336
legacy,0,a_N100_V3+3D,5.349374958314002
legacy,0,a_N100_V3+3D,5.769334034994245
legacy,0,a_N100_V3+3D,5.078125046566129
legacy,0,a_N100_V3+3D,5.199583945795894
legacy,0,a_N100_V3+3D,5.023416015319526
legacy,0,a_N100_V3+3D,4.980124998837709
legacy,0,a_N100_V3+3D,5.06629201117903
legacy,0,a_N100_V3+3D,5.034707952290773
legacy,0,a_N100_V3+3D,5.067083053290844
legacy,0,a_N100_V3+3D,4.998542019166052
legacy,0,a_N100_V3+3D,5.012874957174063
legacy,0,a_N100_V3+3D,4.997125011868775
legacy,0,a_N100_V3+3D,5.014542024582624
legacy,0,a_N100_V3+3D,5.035208072513342
legacy,0,a_N100_V3+3D,5.013000103645027
legacy,0,a_N100_V3+3D,5.016916897147894
legacy,0,a_N100_V3+3D,5.036083050072193
legacy,0,a_N100_V3+3D,5.01412502489984
legacy,0,a_N100_V3+3D,4.963584011420608
legacy,0,a_N100_V3+3D,4.986334010027349
legacy,0,a_N100_V3+3D,4.995625000447035
legacy,0,a_N100_V3+3D,4.962624981999397
legacy,0,a_N100_V3+3D,4.966499982401729
legacy,0,a_N100_V3+3D,4.950915928930044
legacy,0,a_N100_V3+3D,4.985291976481676
legacy,0,a_N100_V3+3D,4.952499992214143
legacy,0,a_N100_V3+3D,5.075542023405433
legacy,0,a_N100_V3+3D,5.074084037914872
legacy,0,a_N100_V3+3D,4.98774996958673
legacy,0,a_N100_V3+3D,5.012083100154996
legacy,0,a_N100_V3+3D,4.961208906024694
legacy,0,a_N100_V3+3D,4.9725830322131515
legacy,0,a_N100_V3+3D,4.955041920766234
legacy,0,a_N100_V3+3D,5.02454093657434
legacy,0,a_N100_V3+3D,4.990207962691784
legacy,0,a_N100_V3+3D,5.043999990448356
legacy,0,a_N100_V3+3D,4.997874959371984
legacy,0,a_N100_V3+3D,4.9899580189958215
legacy,0,a_N100_V3+3D,4.994167014956474
legacy,0,a_N100_V3+3D,5.024250014685094
legacy,0,a_N100_V3+3D,4.971791990101337
legacy,0,a_N100_V3+3D,4.978667013347149
legacy,0,a_N100_V3+3D,5.015374976210296
legacy,0,a_N100_V3+3D,4.9634999595582485
legacy,0,a_N100_V3+3D,5.0160420360043645
legacy,0,a_N100_V3+3D,4.969500005245209
legacy,0,a_N100_V3+3D,4.988916916772723
legacy,0,a_N100_V3+3D,5.042957956902683
legacy,0,a_N100_V3+3D,5.021124961785972
legacy,0,a_N100_V3+3D,5.0782079342752695
legacy,0,a_N100_V3+3D,4.958582925610244
legacy,0,a_N100_V3+3D,4.948416957631707
legacy,0,a_N100_V3+3D,5.00662496779114
legacy,0,a_N100_V3+3D,4.972958005964756
legacy,0,a_N100_V3+3D,5.020249984227121
legacy,0,a_N100_V3+3D,5.005417042411864
legacy,0,a_N100_V3+3D,5.0992920296266675
legacy,0,a_N100_V3+3D,5.033209105022252
legacy,0,a_N100_V3+3D,5.245291977189481
legacy,0,a_N100_V3+3D,4.9917500000447035
legacy,0,a_N100_V3+3D,4.978625103831291
legacy,0,a_N100_V3+3D,6.241500028409064
legacy,0,a_N100_V3+3D,5.517749930731952
legacy,0,a_N100_V3+3D,5.567042040638626
legacy,0,a_N100_V3+3D,5.4963750299066305
legacy,0,a_N100_V3+3D,5.432749981991947
legacy,0,a_N100_V3+3D,5.418375018052757
legacy,0,a_N100_V3+3D,5.504459026269615
legacy,0,a_N100_V3+3D,5.454165977425873
legacy,0,a_N100_V3+3D,5.391874932684004
legacy,0,a_N100_V3+3D,5.420041969045997
legacy,0,a_N100_V3+3D,5.417959066107869
legacy,0,a_N100_V3+3D,5.409208009950817
legacy,0,a_N100_V3+3D,5.399208981543779
legacy,0,a_N100_V3+3D,5.416792002506554
legacy,0,a_N100_V3+3D,5.399832967668772
legacy,0,a_N100_V3+3D,5.575374932959676
legacy,0,a_N100_V3+3D,5.415666964836419
legacy,0,a_N100_V3+3D,5.4079159162938595
legacy,0,a_N100_V3+3D,5.375792039558291
legacy,0,a_N100_V3+3D,5.409792065620422
legacy,0,a_N100_V3+3D,5.350874969735742
legacy,0,a_N100_V3+3D,5.315875052474439
legacy,0,a_N100_V3+3D,5.38479199167341
legacy,0,a_N100_V3+3D,5.428374977782369
legacy,0,a_N100_V3+3D,5.481999949552119
legacy,0,a_N100_V3+3D,5.433167098090053
legacy,0,a_N100_V3+3D,5.444333073683083
legacy,0,a_N100_V3+3D,5.423749913461506
legacy,0,a_N100_V3+3D,5.394750041887164
legacy,0,a_N100_V3+3D,5.478166975080967
legacy,0,a_N100_V3+3D,5.554082919843495
legacy,0,a_N100_V3+3D,5.493917036801577
legacy,0,a_N100_V3+3D,5.313416942954063
legacy,0,a_N100_V3+3D,5.402542068623006
legacy,0,a_N100_V3+3D,5.372417042963207
legacy,0,a_N100_V3+3D,5.37862500641495
legacy,0,a_N100_V3+3D,5.431334022432566
legacy,0,a_N100_V3+3D,5.467750015668571
legacy,0,a_N100_V3+3D,5.34570892341435
legacy,0,a_N100_V3+3D,5.404541036114097
legacy,0,a_N100_V3+3D,5.396125023253262
legacy,0,a_N100_V3+3D,5.4185830522328615
legacy,0,a_N100_V3+3D,5.383290932513773
legacy,0,a_N100_V3+3D,5.314833018928766
legacy,0,a_N100_V3+3D,5.306707927957177
legacy,0,a_N100_V3+3D,5.29354193713516
legacy,0,a_N100_V3+3D,6.478084018453956
legacy,0,a_N100_V3+3D,7.051917025819421
legacy,0,a_N100_V3+3D,7.273667026311159
legacy,0,a_N100_V3+3D,6.503417040221393
legacy,0,a_N100_V3+3D,6.872417056001723
legacy,0,a_N100_V3+3D,7.318417076021433
legacy,0,a_N100_V3+3D,7.157874992117286
legacy,0,a_N100_V3+3D,7.719874964095652
legacy,0,a_N100_V3+3D,7.049041916616261
legacy,0,a_N100_V3+3D,6.821625051088631
legacy,0,a_N100_V3+3D,7.323042023926973
legacy,0,a_N100_V3+3D,5.94595808070153
legacy,0,a_N100_V3+3D,6.621666019782424
legacy,0,a_N100_V3+3D,6.9557910319417715
legacy,0,a_N100_V3+3D,6.882332963868976
legacy,0,a_N100_V3+3D,5.911874934099615
legacy,0,a_N100_V3+3D,5.4557910189032555
legacy,0,a_N100_V3+3D,5.183540983125567
legacy,0,a_N100_V3+3D,5.162375047802925
legacy,0,a_N100_V3+3D,5.0337089924141765
legacy,0,a_N100_V3+3D,6.007792078889906
legacy,0,a_N100_V3+3D,5.5116250878199935
legacy,0,a_N100_V3+3D,5.528208916075528
legacy,0,a_N100_V3+3D,6.331540993414819
legacy,0,a_N100_V3+3D,5.398707929998636
legacy,0,a_N100_V3+3D,5.105874966830015
legacy,0,a_N100_V3+3D,5.175374913960695
legacy,0,a_N100_V3+3D,5.137583008036017
legacy,0,a_N100_V3+3D,5.156459053978324
legacy,0,a_N100_V3+3D,5.101999966427684
legacy,0,a_N100_V3+3D,5.135374958626926
legacy,0,a_N100_V3+3D,5.13358402531594
legacy,0,a_N100_V3+3D,5.301333032548428
legacy,0,a_N100_V3+3D,5.139917018823326
legacy,0,a_N100_V3+3D,5.0992920296266675
legacy,0,a_N100_V3+3D,4.991666064597666
legacy,0,a_N100_V3+3D,5.1593329990282655
legacy,0,a_N100_V3+3D,5.056374939158559
legacy,0,a_N100_V3+3D,5.17020805273205
legacy,0,a_N100_V3+3D,5.146874929778278
legacy,0,a_N100_V3+3D,5.137833999469876
legacy,0,a_N100_V3+3D,4.975665942765772
legacy,0,a_N100_V3+3D,5.046124919317663
legacy,0,a_N100_V3+3D,5.079332971945405
legacy,0,a_N100_V3+3D,5.1408750005066395
legacy,0,a_N100_V3+3D,5.04737498704344
legacy,0,a_N100_V3+3D,4.985749954357743
legacy,0,a_N100_V3+3D,5.018458003178239
legacy,0,a_N100_V3+3D,5.096875014714897
legacy,0,a_N100_V3+3D,5.08200004696846
legacy,0,a_N100_V3+3D,5.124540999531746
legacy,0,a_N100_V3+3D,5.052542081102729
legacy,0,a_N100_V3+3D,5.067708087153733
legacy,0,a_N100_V3+3D,4.9487079959362745
legacy,0,a_N100_V3+3D,4.947457928210497
legacy,0,a_N100_V3+3D,4.950749920681119
legacy,0,a_N100_V3+3D,4.937666933983564
legacy,0,a_N100_V3+3D,4.956500022672117
legacy,0,a_N100_V3+3D,4.9440000439062715
legacy,0,a_N100_V3+3D,4.987000022083521
legacy,0,a_N100_V3+3D,4.924749955534935
legacy,0,a_N100_V3+3D,4.961709026247263
legacy,0,a_N100_V3+3D,5.820916034281254
legacy,0,a_N100_V3+3D,5.165125010535121
legacy,0,a_N100_V3+3D,5.117916036397219
legacy,0,a_N100_V3+3D,5.076957982964814
legacy,0,a_N100_V3+3D,5.075792083516717
legacy,0,a_N100_V3+3D,5.1212499383836985
legacy,0,a_N100_V3+3D,5.090291961096227
legacy,0,a_N100_V3+3D,5.054582958109677
legacy,0,a_N100_V3+3D,5.0955419428646564
legacy,0,a_N100_V3+3D,5.3240410052239895
legacy,0,a_N100_V3+3D,5.090957973152399
legacy,0,a_N100_V3+3D,4.971708985976875
legacy,0,a_N100_V3+3D,6.249916972592473
legacy,0,a_N100_V3+3D,5.509708076715469
legacy,0,a_N100_V3+3D,5.612584063783288
legacy,0,a_N100_V3+3D,5.499875056557357
legacy,0,a_N100_V3+3D,5.430374993011355
legacy,0,a_N100_V3+3D,5.459166946820915
legacy,0,a_N100_V3+3D,5.434957914985716
legacy,0,a_N100_V3+3D,5.4033329943194985
legacy,0,a_N100_V3+3D,5.431041936390102
legacy,0,a_N100_V3+3D,5.409416975453496
legacy,0,a_N100_V3+3D,5.436917068436742
legacy,0,a_N100_V3+3D,5.4015000350773335
legacy,0,a_N100_V3+3D,5.444790935143828
legacy,0,a_N100_V3+3D,5.433832993730903
legacy,0,a_N100_V3+3D,5.434417049400508
legacy,0,a_N100_V3+3D,5.471791024319828
legacy,0,a_N100_V3+3D,5.4764170199632645
legacy,0,a_N100_V3+3D,5.438750027678907
legacy,0,a_N100_V3+3D,5.418500048108399
legacy,0,a_N100_V3+3D,5.413792096078396
legacy,0,a_N100_V3+3D,5.431249970570207
legacy,0,a_N100_V3+3D,5.374541971832514
legacy,0,a_N100_V3+3D,5.414417013525963
legacy,0,a_N100_V3+3D,5.459500011056662
legacy,0,a_N100_V3+3D,5.588541971519589
legacy,0,a_N100_V3+3D,5.465292022563517
legacy,0,a_N100_V3+3D,5.458542029373348
legacy,0,a_N100_V3+3D,5.433875019662082
legacy,0,a_N100_V3+3D,5.414332961663604
legacy,0,a_N100_V3+3D,5.379709065891802
legacy,0,a_N100_V3+3D,5.3744170581921935
legacy,0,a_N100_V3+3D,5.372875020839274
legacy,0,a_N100_V3+3D,5.4076670203357935
legacy,0,a_N100_V3+3D,5.415000021457672
legacy,0,a_N100_V3+3D,5.440708016976714
legacy,0,a_N100_V3+3D,5.427041091024876
legacy,0,a_N100_V3+3D,5.415833089500666
legacy,0,a_N100_V3+3D,5.360166076570749
legacy,0,a_N100_V3+3D,5.389916943386197
legacy,0,a_N100_V3+3D,5.4126669419929385
legacy,0,a_N100_V3+3D,5.41937502566725
legacy,0,a_N100_V3+3D,5.370541010051966
legacy,0,a_N100_V3+3D,5.379874957725406
legacy,0,a_N100_V3+3D,5.399208050221205
legacy,0,a_N100_V3+3D,5.3772920509800315
legacy,0,a_N100_V3+3D,5.392124992795289
legacy,0,a_N100_V3+3D,5.403083050623536
legacy,0,a_N100_V3+3D,5.465417052619159
legacy,0,a_N100_V3+3D,5.363917094655335
legacy,0,a_N100_V3+3D,5.3659999975934625
legacy,0,a_N100_V3+3D,5.361333955079317
legacy,0,a_N100_V3+3D,5.3801670437678695
legacy,0,a_N100_V3+3D,5.410166922956705
legacy,0,a_N100_V3+3D,5.3949590073898435
legacy,0,a_N100_V3+3D,5.517665995284915
legacy,0,a_N100_V3+3D,5.489874980412424
legacy,0,a_N100_V3+3D,5.395625019446015
legacy,0,a_N100_V3+3D,5.419624969363213
legacy,0,a_N100_V3+3D,5.423999973572791
legacy,0,a_N100_V3+3D,5.397832952439785
legacy,0,a_N100_V3+3D,5.76800003182143
legacy,0,a_N100_V3+3D,5.082375020720065
legacy,0,a_N100_V3+3D,5.184208042919636
legacy,0,a_N100_V3+3D,5.045540980063379
legacy,0,a_N100_V3+3D,5.025917082093656
legacy,0,a_N100_V3+3D,5.035208072513342
legacy,0,a_N100_V3+3D,4.997959011234343
legacy,0,a_N100_V3+3D,4.99529205262661
legacy,0,a_N100_V3+3D,5.007125088013709
legacy,0,a_N100_V3+3D,4.992166999727488
legacy,0,a_N100_V3+3D,4.972249967977405
legacy,0,a_N100_V3+3D,4.979457939043641
legacy,0,a_N100_V3+3D,4.988208995200694
legacy,0,a_N100_V3+3D,4.96220903005451
legacy,0,a_N100_V3+3D,5.008499952964485
legacy,0,a_N100_V3+3D,5.020249984227121
legacy,0,a_N100_V3+3D,4.948750021867454
legacy,0,a_N100_V3+3D,4.968667053617537
legacy,0,a_N100_V3+3D,4.96366701554507
legacy,0,a_N100_V3+3D,5.00795803964138
legacy,0,a_N100_V3+3D,4.972417023964226
legacy,0,a_N100_V3+3D,4.972417023964226
legacy,0,a_N100_V3+3D,4.977500066161156
legacy,0,a_N100_V3+3D,4.969083005562425
legacy,0,a_N100_V3+3D,5.027374951168895
legacy,0,a_N100_V3+3D,4.9909589579328895
legacy,0,a_N100_V3+3D,5.081624956801534
legacy,0,a_N100_V3+3D,4.977916949428618
legacy,0,a_N100_V3+3D,5.00816700514406
legacy,0,a_N100_V3+3D,4.965999978594482
legacy,0,a_N100_V3+3D,4.965792060829699
legacy,0,a_N100_V3+3D,4.952540970407426
legacy,0,a_N100_V3+3D,4.981125006452203
legacy,0,a_N100_V3+3D,4.932665964588523
legacy,0,a_N100_V3+3D,4.953667055815458
legacy,0,a_N100_V3+3D,5.000042030587792
legacy,0,a_N100_V3+3D,5.022709025070071
legacy,0,a_N100_V3+3D,4.956417018547654
legacy,0,a_N100_V3+3D,4.927625064738095
legacy,0,a_N100_V3+3D,4.959666985087097
legacy,0,a_N100_V3+3D,4.9704170087352395
legacy,0,a_N100_V3+3D,4.946791916154325
legacy,0,a_N100_V3+3D,4.967874963767827
legacy,0,a_N100_V3+3D,4.96070901863277
legacy,0,a_N100_V3+3D,4.943332984112203
legacy,0,a_N100_V3+3D,4.982291953638196
legacy,0,a_N100_V3+3D,4.987958003766835
legacy,0,a_N100_V3+3D,4.996208008378744
legacy,0,a_N100_V3+3D,4.945083986967802
legacy,0,a_N100_V3+3D,4.943749983794987
legacy,0,a_N100_V3+3D,4.9232919700443745
legacy,0,a_N100_V3+3D,4.945042077451944
legacy,0,a_N100_V3+3D,4.989375011064112
legacy,0,a_N100_V3+3D,4.944832995533943
legacy,0,a_N100_V3+3D,5.03783393651247
legacy,0,a_N100_V3+3D,4.971416899934411
legacy,0,a_N100_V3+3D,4.940291051752865
legacy,0,a_N100_V3+3D,5.961208953522146
legacy,0,a_N100_V3+3D,5.076333996839821
legacy,0,a_N100_V3+3D,5.007124971598387
legacy,0,a_N100_V3+3D,6.137458956800401
legacy,0,a_N100_V3+3D,5.450666998513043
legacy,0,a_N100_V3+3D,5.644750082865357
legacy,0,a_N100_V3+3D,5.386665929108858
legacy,0,a_N100_V3+3D,5.381833994761109
legacy,0,a_N100_V3+3D,5.360416951589286
legacy,0,a_N100_V3+3D,5.712375044822693
legacy,0,a_N100_V3+3D,5.30762504786253
legacy,0,a_N100_V3+3D,5.326332990080118
legacy,0,a_N100_V3+3D,5.336583009921014
legacy,0,a_N100_V3+3D,5.349375074729323
legacy,0,a_N100_V3+3D,5.336292088031769
legacy,0,a_N100_V3+3D,5.4181249579414725
legacy,0,a_N100_V3+3D,5.30912505928427
legacy,0,a_N100_V3+3D,5.322166020050645
legacy,0,a_N100_V3+3D,5.371792009100318
legacy,0,a_N100_V3+3D,5.434624967165291
legacy,0,a_N100_V3+3D,5.3161660907790065
legacy,0,a_N100_V3+3D,5.332084023393691
legacy,0,a_N100_V3+3D,5.3374579874798656
legacy,0,a_N100_V3+3D,5.316999973729253
legacy,0,a_N100_V3+3D,5.3041670471429825
legacy,0,a_N100_V3+3D,5.561584024690092
legacy,0,a_N100_V3+3D,5.302750039845705
legacy,0,a_N100_V3+3D,5.426374962553382
legacy,0,a_N100_V3+3D,5.324250087141991
legacy,0,a_N100_V3+3D,5.3667910397052765
legacy,0,a_N100_V3+3D,5.340708885341883
legacy,0,a_N100_V3+3D,5.30091708060354
legacy,0,a_N100_V3+3D,5.348082981072366
legacy,0,a_N100_V3+3D,5.310082924552262
legacy,0,a_N100_V3+3D,5.326249985955656
legacy,0,a_N100_V3+3D,5.339624942280352
legacy,0,a_N100_V3+3D,5.313416942954063
legacy,0,a_N100_V3+3D,5.2762089762836695
legacy,0,a_N100_V3+3D,5.29858295340091
legacy,0,a_N100_V3+3D,5.3421249613165855
legacy,0,a_N100_V3+3D,5.336750065907836
legacy,0,a_N100_V3+3D,5.705125047825277
legacy,0,a_N100_V3+3D,5.297041963785887
legacy,0,a_N100_V3+3D,5.305917002260685
legacy,0,a_N100_V3+3D,5.281332996673882
legacy,0,a_N100_V3+3D,5.289749940857291
legacy,0,a_N100_V3+3D,5.296709015965462
legacy,0,a_N100_V3+3D,5.326916929334402
legacy,0,a_N100_V3+3D,5.314915906637907
legacy,0,a_N100_V3+3D,5.306040984578431
legacy,0,a_N100_V3+3D,5.362999974749982
legacy,0,a_N100_V3+3D,5.432083969935775
legacy,0,a_N100_V3+3D,5.277083953842521
legacy,0,a_N100_V3+3D,5.295499926432967
legacy,0,a_N100_V3+3D,5.319874966517091
legacy,0,a_N100_V3+3D,5.3628330351784825
legacy,0,a_N100_V3+3D,6.245375028811395
legacy,0,a_N100_V3+3D,5.628666025586426
legacy,0,a_N100_V3+3D,5.445334012620151
legacy,0,a_N100_V3+3D,5.404625087976456
legacy,0,a_N100_V3+3D,5.421791924163699
legacy,0,a_N100_V3+3D,5.416458006948233
legacy,0,a_N100_V3+3D,5.3591670002788305
legacy,0,a_N100_V3+3D,5.781125044450164
legacy,0,a_N100_V3+3D,5.068624974228442
legacy,0,a_N100_V3+3D,5.165625014342368
legacy,0,a_N100_V3+3D,5.026374943554401
legacy,0,a_N100_V3+3D,4.999415948987007
legacy,0,a_N100_V3+3D,5.013667047023773
legacy,0,a_N100_V3+3D,5.012082983739674
legacy,0,a_N100_V3+3D,5.003332975320518
legacy,0,a_N100_V3+3D,4.982459009625018
legacy,0,a_N100_V3+3D,4.959500045515597
legacy,0,a_N100_V3+3D,5.011625005863607
legacy,0,a_N100_V3+3D,4.9599159974604845
legacy,0,a_N100_V3+3D,4.9642500234767795
legacy,0,a_N100_V3+3D,4.962916020303965
legacy,0,a_N100_V3+3D,4.950999980792403
legacy,0,a_N100_V3+3D,4.986583953723311
legacy,0,a_N100_V3+3D,4.96587494853884
legacy,0,a_N100_V3+3D,4.952374962158501
legacy,0,a_N100_V3+3D,4.9464579205960035
legacy,0,a_N100_V3+3D,4.951542010530829
legacy,0,a_N100_V3+3D,4.9793750513345
legacy,0,a_N100_V3+3D,4.939625039696693
legacy,0,a_N100_V3+3D,4.937542020343244
legacy,0,a_N100_V3+3D,5.032209097407758
legacy,0,a_N100_V3+3D,5.051500047557056
legacy,0,a_N100_V3+3D,4.951958078891039
legacy,0,a_N100_V3+3D,4.996083094738424
legacy,0,a_N100_V3+3D,4.963750019669533
legacy,0,a_N100_V3+3D,4.937666933983564
legacy,0,a_N100_V3+3D,4.973415983840823
legacy,0,a_N100_V3+3D,4.960457910783589
legacy,0,a_N100_V3+3D,4.940540995448828
legacy,0,a_N100_V3+3D,5.007375031709671
legacy,0,a_N100_V3+3D,4.96416597161442
legacy,0,a_N100_V3+3D,4.929417045786977
legacy,0,a_N100_V3+3D,4.935792065225542
legacy,0,a_N100_V3+3D,5.007124971598387
legacy,0,a_N100_V3+3D,4.927917034365237
legacy,0,a_N100_V3+3D,4.957375000230968
legacy,0,a_N100_V3+3D,4.964999970979989
legacy,0,a_N100_V3+3D,4.974583047442138
legacy,0,a_N100_V3+3D,4.944249987602234
legacy,0,a_N100_V3+3D,4.962082952260971
legacy,0,a_N100_V3+3D,4.919707891531289
legacy,0,a_N100_V3+3D,4.960833000950515
legacy,0,a_N100_V3+3D,4.937040968798101
legacy,0,a_N100_V3+3D,4.942207946442068
legacy,0,a_N100_V3+3D,4.983667051419616
legacy,0,a_N100_V3+3D,4.927332978695631
legacy,0,a_N100_V3+3D,4.9357080133631825
legacy,0,a_N100_V3+3D,4.944583983160555
legacy,0,a_N100_V3+3D,4.912958014756441
legacy,0,a_N100_V3+3D,4.934500087983906
legacy,0,a_N100_V3+3D,4.9447090132161975
legacy,0,a_N100_V3+3D,4.981541074812412
legacy,0,a_N100_V3+3D,4.930208087898791
legacy,0,a_N100_V3+3D,4.962208913639188
legacy,0,a_N100_V3+3D,5.213250056840479
legacy,0,a_N100_V3+3D,5.000332952477038
legacy,0,a_N100_V3+3D,5.007791914977133
legacy,0,a_N100_V3+3D,6.18595804553479
legacy,0,a_N100_V3+3D,5.465875030495226
legacy,0,a_N100_V3+3D,5.582125042565167
legacy,0,a_N100_V3+3D,5.519874976016581
legacy,0,a_N100_V3+3D,5.453249905258417
legacy,0,a_N100_V3+3D,5.44033304322511
legacy,0,a_N100_V3+3D,5.437790998257697
legacy,0,a_N100_V3+3D,5.349749932065606
legacy,0,a_N100_V3+3D,5.384334013797343
legacy,0,a_N100_V3+3D,5.40587492287159
legacy,0,a_N100_V3+3D,5.403499933890998
legacy,0,a_N100_V3+3D,5.376041983254254
legacy,0,a_N100_V3+3D,5.381374969147146
legacy,0,a_N100_V3+3D,5.349708022549748
legacy,0,a_N100_V3+3D,5.408958997577429
legacy,0,a_N100_V3+3D,5.713333026506007
legacy,0,a_N100_V3+3D,5.677292007021606
legacy,0,a_N100_V3+3D,5.437917076051235
legacy,0,a_N100_V3+3D,5.400584079325199
legacy,0,a_N100_V3+3D,5.369124934077263
legacy,0,a_N100_V3+3D,5.381874972954392
legacy,0,a_N100_V3+3D,5.343916011042893
legacy,0,a_N100_V3+3D,5.360750015825033
legacy,0,a_N100_V3+3D,5.400249967351556
legacy,0,a_N100_V3+3D,5.392667022533715
legacy,0,a_N100_V3+3D,5.418332992121577
legacy,0,a_N100_V3+3D,5.414708983153105
legacy,0,a_N100_V3+3D,5.379625014029443
legacy,0,a_N100_V3+3D,5.405458039604127
legacy,0,a_N100_V3+3D,5.42104197666049
legacy,0,a_N100_V3+3D,5.390375037677586
legacy,0,a_N100_V3+3D,5.42908301576972
legacy,0,a_N100_V3+3D,5.3798750741407275
legacy,0,a_N100_V3+3D,5.390790989622474
legacy,0,a_N100_V3+3D,5.300541990436614
legacy,0,a_N100_V3+3D,5.412374972365797
legacy,0,a_N100_V3+3D,5.374457919970155
legacy,0,a_N100_V3+3D,5.334916990250349
legacy,0,a_N100_V3+3D,5.357624962925911
legacy,0,a_N100_V3+3D,5.356249981559813
legacy,0,a_N100_V3+3D,5.381832947023213
legacy,0,a_N100_V3+3D,5.325582926161587
legacy,0,a_N100_V3+3D,5.362249910831451
legacy,0,a_N100_V3+3D,5.30474993865937
legacy,0,a_N100_V3+3D,5.3472500294446945
legacy,0,a_N100_V3+3D,5.337500013411045
legacy,0,a_N100_V3+3D,5.947667057625949
legacy,0,a_N100_V3+3D,5.544541054405272
legacy,0,a_N100_V3+3D,5.498750018887222
legacy,0,a_N100_V3+3D,5.455292062833905
legacy,0,a_N100_V3+3D,5.450458033010364
legacy,0,a_N100_V3+3D,5.432208068668842
legacy,0,a_N100_V3+3D,5.43070794083178
legacy,0,a_N100_V3+3D,5.47766697127372
legacy,0,a_N100_V3+3D,5.441582994535565
legacy,0,a_N100_V3+3D,5.372832994908094
legacy,0,a_N100_V3+3D,5.405584000982344
legacy,0,a_N100_V3+3D,5.421333014965057
legacy,0,a_N100_V3+3D,5.382708040997386
legacy,0,a_N100_V3+3D,5.396542022936046
legacy,0,a_N100_V3+3D,5.932959029451013
legacy,0,a_N100_V3+3D,5.1557079423218966
legacy,0,a_N100_V3+3D,5.269167013466358
legacy,0,a_N100_V3+3D,5.129166995175183
legacy,0,a_N100_V3+3D,5.090791964903474
legacy,0,a_N100_V3+3D,5.075709079392254
legacy,0,a_N100_V3+3D,5.139375105500221
legacy,0,a_N100_V3+3D,5.0666669849306345
legacy,0,a_N100_V3+3D,5.0917500630021095
legacy,0,a_N100_V3+3D,5.123374983668327
legacy,0,a_N100_V3+3D,5.0573330372571945
legacy,0,a_N100_V3+3D,5.0683749141171575
legacy,0,a_N100_V3+3D,5.17862499691546
legacy,0,a_N100_V3+3D,5.039833020418882
legacy,0,a_N100_V3+3D,5.061457981355488
legacy,0,a_N100_V3+3D,5.139291984960437
legacy,0,a_N100_V3+3D,5.075832945294678
legacy,0,a_N100_V3+3D,5.2487499779090285
legacy,0,a_N100_V3+3D,5.0848330138251185
legacy,0,a_N100_V3+3D,5.008624983020127
legacy,0,a_N100_V3+3D,5.072291009128094
legacy,0,a_N100_V3+3D,5.058082984760404
legacy,0,a_N100_V3+3D,5.061208037659526
legacy,0,a_N100_V3+3D,5.125250085256994
legacy,0,a_N100_V3+3D,5.100541049614549
legacy,0,a_N100_V3+3D,5.066250101663172
legacy,0,a_N100_V3+3D,5.12158393394202
legacy,0,a_N100_V3+3D,5.025749909691513
legacy,0,a_N100_V3+3D,5.017083021812141
legacy,0,a_N100_V3+3D,5.0304579781368375
legacy,0,a_N100_V3+3D,5.066041951067746
legacy,0,a_N100_V3+3D,5.034000030718744
legacy,0,a_N100_V3+3D,5.05508400965482
legacy,0,a_N100_V3+3D,5.040041985921562
legacy,0,a_N100_V3+3D,5.065666977316141
legacy,0,a_N100_V3+3D,5.013374960981309
legacy,0,a_N100_V3+3D,5.0990000599995255
legacy,0,a_N100_V3+3D,4.9567080568522215
legacy,0,a_N100_V3+3D,5.093500018119812
legacy,0,a_N100_V3+3D,5.047125043347478
legacy,0,a_N100_V3+3D,5.025292048230767
legacy,0,a_N100_V3+3D,5.039667012169957
legacy,0,a_N100_V3+3D,5.041124997660518
legacy,0,a_N100_V3+3D,5.005666054785252
legacy,0,a_N100_V3+3D,5.04645798355341
legacy,0,a_N100_V3+3D,5.018249968998134
legacy,0,a_N100_V3+3D,5.042167031206191
legacy,0,a_N100_V3+3D,5.070167011581361
legacy,0,a_N100_V3+3D,5.0126250134781
legacy,0,a_N100_V3+3D,4.98458300717175
legacy,0,a_N100_V3+3D,5.040417076088488
legacy,0,a_N100_V3+3D,5.012542009353638
legacy,0,a_N100_V3+3D,5.036500049754977
legacy,0,a_N100_V3+3D,5.0585001008585095
legacy,0,a_N100_V3+3D,5.064708064310253
legacy,0,a_N100_V3+3D,5.050458014011383
legacy,0,a_N100_V3+3D,5.023333011195064
legacy,0,a_N100_V3+3D,5.268041044473648
legacy,0,a_N100_V3+3D,4.998457967303693
legacy,0,a_N100_V3+3D,5.054292036220431
legacy,0,a_N100_V3+3D,6.207666010595858
legacy,0,a_N100_V3+3D,5.497500067576766
legacy,0,a_N100_V3+3D,5.5657499469816685
legacy,0,a_N100_V3+3D,5.442375084385276
legacy,0,a_N100_V3+3D,5.481166997924447
legacy,0,a_N100_V3+3D,5.426791962236166
legacy,0,a_N100_V3+3D,5.439874948933721
legacy,0,a_N100_V3+3D,5.416707950644195
legacy,0,a_N100_V3+3D,5.420499946922064
legacy,0,a_N100_V3+3D,5.448958952911198
legacy,0,a_N100_V3+3D,5.3762090392410755
legacy,0,a_N100_V3+3D,5.390458973124623
legacy,0,a_N100_V3+3D,5.377582972869277
legacy,0,a_N100_V3+3D,5.431125056929886
legacy,0,a_N100_V3+3D,5.43512508738786
legacy,0,a_N100_V3+3D,5.442333058454096
legacy,0,a_N100_V3+3D,5.409750039689243
legacy,0,a_N100_V3+3D,5.38629200309515
legacy,0,a_N100_V3+3D,5.395708023570478
legacy,0,a_N100_V3+3D,5.396416992880404
legacy,0,a_N100_V3+3D,5.355166969820857
legacy,0,a_N100_V3+3D,5.363332922570407
legacy,0,a_N100_V3+3D,5.334957968443632
legacy,0,a_N100_V3+3D,5.38999994751066
legacy,0,a_N100_V3+3D,5.3348749643191695
legacy,0,a_N100_V3+3D,5.356417037546635
legacy,0,a_N100_V3+3D,5.385167081840336
legacy,0,a_N100_V3+3D,5.330124986357987
legacy,0,a_N100_V3+3D,5.334625020623207
legacy,0,a_N100_V3+3D,5.353459040634334
legacy,0,a_N100_V3+3D,5.374958040192723
legacy,0,a_N100_V3+3D,5.365333985537291
legacy,0,a_N100_V3+3D,5.354499910026789
legacy,0,a_N100_V3+3D,5.321958102285862
legacy,0,a_N100_V3+3D,5.347916972823441
legacy,0,a_N100_V3+3D,5.279249977320433
legacy,0,a_N100_V3+3D,6.0866669518873096
legacy,0,a_N100_V3+3D,5.48591697588563
legacy,0,a_N100_V3+3D,5.416666972450912
legacy,0,a_N100_V3+3D,5.426916992291808
legacy,0,a_N100_V3+3D,6.149749970063567
legacy,0,a_N100_V3+3D,5.455750040709972
legacy,0,a_N100_V3+3D,5.400958005338907
legacy,0,a_N100_V3+3D,5.366208031773567
legacy,0,a_N100_V3+3D,5.367625039070845
legacy,0,a_N100_V3+3D,5.368125042878091
legacy,0,a_N100_V3+3D,5.3576669888570905
legacy,0,a_N100_V3+3D,5.39316690992564
legacy,0,a_N100_V3+3D,5.324208061210811
legacy,0,a_N100_V3+3D,5.319499992765486
legacy,0,a_N100_V3+3D,5.352124921046197
legacy,0,a_N100_V3+3D,5.310207954607904
legacy,0,a_N100_V3+3D,5.307291983626783
legacy,0,a_N100_V3+3D,5.409542005509138
legacy,0,a_N100_V3+3D,5.353959044441581
legacy,0,a_N100_V3+3D,5.3333749528974295
legacy,0,a_N100_V3+3D,5.355542059987783
legacy,0,a_N100_V3+3D,5.391624988988042
legacy,0,a_N100_V3+3D,5.309666972607374
legacy,0,a_N100_V3+3D,5.3591670002788305
legacy,0,a_N100_V3+3D,5.825374973937869
legacy,0,a_N100_V3+3D,5.126791074872017
legacy,0,a_N100_V3+3D,5.277791991829872
legacy,0,a_N100_V3+3D,5.061333067715168
legacy,0,a_N100_V3+3D,5.163416964933276
legacy,0,a_N100_V3+3D,5.023333942517638
legacy,0,a_N100_V3+3D,5.08583290502429
legacy,0,a_N100_V3+3D,5.0160420360043645
legacy,0,a_N100_V3+3D,5.0015420420095325
legacy,0,a_N100_V3+3D,4.99991700053215
legacy,0,a_N100_V3+3D,5.035332986153662
legacy,0,a_N100_V3+3D,4.980084020644426
legacy,0,a_N100_V3+3D,5.065041012130678
legacy,0,a_N100_V3+3D,4.991042078472674
legacy,0,a_N100_V3+3D,5.005125072784722
legacy,0,a_N100_V3+3D,5.040375050157309
legacy,0,a_N100_V3+3D,5.051708081737161
legacy,0,a_N100_V3+3D,5.0279590068385005
legacy,0,a_N100_V3+3D,5.0033750012516975
legacy,0,a_N100_V3+3D,4.977874923497438
legacy,0,a_N100_V3+3D,5.023124977014959
legacy,0,a_N100_V3+3D,4.976790980435908
legacy,0,a_N100_V3+3D,5.1271249540150166
legacy,0,a_N100_V3+3D,5.0189170287922025
legacy,0,a_N100_V3+3D,5.091957980766892
legacy,0,a_N100_V3+3D,4.976583062671125
legacy,0,a_N100_V3+3D,5.027084029279649
legacy,0,a_N100_V3+3D,4.976333002559841
legacy,0,a_N100_V3+3D,4.936250043101609
legacy,0,a_N100_V3+3D,4.970667068846524
legacy,0,a_N100_V3+3D,5.0859160255640745
legacy,0,a_N100_V3+3D,4.9725830322131515
legacy,0,a_N100_V3+3D,4.969583940692246
legacy,0,a_N100_V3+3D,4.957499913871288
legacy,0,a_N100_V3+3D,4.987041931599379
legacy,0,a_N100_V3+3D,4.955249954946339
legacy,0,a_N100_V3+3D,5.018999916501343
legacy,0,a_N100_V3+3D,4.970666952431202
legacy,0,a_N100_V3+3D,4.980833036825061
legacy,0,a_N100_V3+3D,4.961499944329262
legacy,0,a_N100_V3+3D,5.35616697743535
legacy,0,a_N100_V3+3D,4.979250021278858
legacy,0,a_N100_V3+3D,4.986749961972237
legacy,0,a_N100_V3+3D,5.204166984185576
legacy,0,a_N100_V3+3D,4.9631670117378235
legacy,0,a_N100_V3+3D,4.981291014701128
legacy,0,a_N100_V3+3D,5.101750022731721
legacy,0,a_N100_V3+3D,4.992291913367808
legacy,0,a_N100_V3+3D,4.944750107824802
legacy,0,a_N100_V3+3D,4.970166948623955
legacy,0,a_N100_V3+3D,4.9660420045256615
legacy,0,a_N100_V3+3D,4.9663749523460865
legacy,0,a_N100_V3+3D,5.187875009141862
legacy,0,a_N100_V3+3D,4.985749954357743
legacy,0,a_N100_V3+3D,4.953583003953099
legacy,0,a_N100_V3+3D,5.004500038921833
legacy,0,a_N100_V3+3D,4.974666982889175
legacy,0,a_N100_V3+3D,5.234832991845906
legacy,0,a_N100_V3+3D,5.122000002302229
legacy,0,a_N100_V3+3D,4.978917073458433
legacy,0,a_N100_V3+3D,6.1841250862926245
legacy,0,a_N100_V3+3D,5.507125053554773
legacy,0,a_N100_V3+3D,5.56429207790643
legacy,0,a_N100_V3+3D,5.439250031486154
legacy,0,a_N100_V3+3D,5.4307919926941395
legacy,0,a_N100_V3+3D,5.419833003543317
legacy,0,a_N100_V3+3D,5.409999983385205
legacy,0,a_N100_V3+3D,5.418957909569144
legacy,0,a_N100_V3+3D,5.403209012001753
legacy,0,a_N100_V3+3D,5.396749940700829
legacy,0,a_N100_V3+3D,5.468249903060496
legacy,0,a_N100_V3+3D,5.42924995534122
legacy,0,a_N100_V3+3D,5.398624925874174
legacy,0,a_N100_V3+3D,5.428666947409511
legacy,0,a_N100_V3+3D,5.359292030334473
legacy,0,a_N100_V3+3D,5.4985829629004
legacy,0,a_N100_V3+3D,5.428625037893653
legacy,0,a_N100_V3+3D,5.3943340899422765
legacy,0,a_N100_V3+3D,5.406582960858941
legacy,0,a_N100_V3+3D,5.386415985412896
legacy,0,a_N100_V3+3D,5.407083895988762
legacy,0,a_N100_V3+3D,5.349499988369644
legacy,0,a_N100_V3+3D,5.422374932095408
legacy,0,a_N100_V3+3D,5.385666969232261
legacy,0,a_N100_V3+3D,5.355415982194245
legacy,0,a_N100_V3+3D,5.3612079937011
legacy,0,a_N100_V3+3D,5.426499992609024
legacy,0,a_N100_V3+3D,5.402875016443431
legacy,0,a_N100_V3+3D,5.38008299190551
legacy,0,a_N100_V3+3D,5.373000050894916
legacy,0,a_N100_V3+3D,5.356083041988313
legacy,0,a_N100_V3+3D,5.335542024113238
legacy,0,a_N100_V3+3D,5.9379590675234795
legacy,0,a_N100_V3+3D,5.46070805285126
legacy,0,a_N100_V3+3D,5.465249996632338
legacy,0,a_N100_V3+3D,5.407458986155689
legacy,0,a_N100_V3+3D,5.409291945397854
legacy,0,a_N100_V3+3D,5.410832935012877
legacy,0,a_N100_V3+3D,5.374583997763693
legacy,0,a_N100_V3+3D,5.39299997035414
legacy,0,a_N100_V3+3D,5.386082921177149
legacy,0,a_N100_V3+3D,5.412125028669834
legacy,0,a_N100_V3+3D,5.386875011026859
legacy,0,a_N100_V3+3D,5.373041960410774
legacy,0,a_N100_V3+3D,5.399749963544309
legacy,0,a_N100_V3+3D,5.375665961764753
legacy,0,a_N100_V3+3D,5.52716595120728
legacy,0,a_N100_V3+3D,5.451375036500394
legacy,0,a_N100_V3+3D,5.39433304220438
legacy,0,a_N100_V3+3D,5.357917048968375
legacy,0,a_N100_V3+3D,5.566999898292124
legacy,0,a_N100_V3+3D,5.436125095002353
legacy,0,a_N100_V3+3D,5.461875000037253
legacy,0,a_N100_V3+3D,5.4475839715451
legacy,0,a_N100_V3+3D,5.391332902945578
legacy,0,a_N100_V3+3D,5.352374981157482
legacy,0,a_N100_V3+3D,5.3747090278193355
legacy,0,a_N100_V3+3D,5.386082921177149
legacy,0,a_N100_V3+3D,5.410499987192452
legacy,0,a_N100_V3+3D,5.401375005021691
legacy,0,a_N100_V3+3D,5.917584057897329
legacy,0,a_N100_V3+3D,5.167332943528891
legacy,0,a_N100_V3+3D,5.332709057256579
legacy,0,a_N100_V3+3D,5.188707960769534
legacy,0,a_N100_V3+3D,5.151291959919035
legacy,0,a_N100_V3+3D,5.184791050851345
legacy,0,a_N100_V3+3D,5.123666021972895
legacy,0,a_N100_V3+3D,5.099792033433914
legacy,0,a_N100_V3+3D,5.048374994657934
legacy,0,a_N100_V3+3D,5.09204191621393
legacy,0,a_N100_V3+3D,5.123374983668327
legacy,0,a_N100_V3+3D,5.070999963209033
legacy,0,a_N100_V3+3D,5.073833977803588
legacy,0,a_N100_V3+3D,5.045791971497238
legacy,0,a_N100_V3+3D,5.1267920061945915
legacy,0,a_N100_V3+3D,5.095832981169224
legacy,0,a_N100_V3+3D,5.124291987158358
legacy,0,a_N100_V3+3D,5.026333034038544
legacy,0,a_N100_V3+3D,5.098333000205457
legacy,0,a_N100_V3+3D,5.087082972750068
legacy,0,a_N100_V3+3D,5.0990000599995255
legacy,0,a_N100_V3+3D,5.124583025462925
legacy,0,a_N100_V3+3D,5.158542073331773
legacy,0,a_N100_V3+3D,4.98937489464879
legacy,0,a_N100_V3+3D,5.084750009700656
legacy,0,a_N100_V3+3D,5.077374982647598
legacy,0,a_N100_V3+3D,5.1769999554380774
legacy,0,a_N100_V3+3D,5.086999968625605
legacy,0,a_N100_V3+3D,5.112583981826901
legacy,0,a_N100_V3+3D,5.012125009670854
legacy,0,a_N100_V3+3D,5.117250024341047
legacy,0,a_N100_V3+3D,5.078457994386554
legacy,0,a_N100_V3+3D,5.005834042094648
legacy,0,a_N100_V3+3D,5.026333034038544
legacy,0,a_N100_V3+3D,5.1333330338820815
legacy,0,a_N100_V3+3D,5.007375031709671
legacy,0,a_N100_V3+3D,5.115458043292165
legacy,0,a_N100_V3+3D,4.9845409812405705
legacy,0,a_N100_V3+3D,5.097708897665143
legacy,0,a_N100_V3+3D,5.037708091549575
legacy,0,a_N100_V3+3D,5.089374957606196
legacy,0,a_N100_V3+3D,5.089832935482264
legacy,0,a_N100_V3+3D,5.076332949101925
legacy,0,a_N100_V3+3D,5.086041986942291
legacy,0,a_N100_V3+3D,5.0684589659795165
legacy,0,a_N100_V3+3D,4.969624918885529
legacy,0,a_N100_V3+3D,5.077459034509957
legacy,0,a_N100_V3+3D,5.106791970320046
legacy,0,a_N100_V3+3D,5.117791006341577
legacy,0,a_N100_V3+3D,4.990166984498501
legacy,0,a_N100_V3+3D,5.115041043609381
legacy,0,a_N100_V3+3D,5.047583021223545
legacy,0,a_N100_V3+3D,5.163333029486239
legacy,0,a_N100_V3+3D,5.069958046078682
legacy,0,a_N100_V3+3D,5.027665989473462
legacy,0,a_N100_V3+3D,4.988500033505261
legacy,0,a_N100_V3+3D,5.090166931040585
legacy,0,a_N100_V3+3D,5.374624975956976
legacy,0,a_N100_V3+3D,5.1342499209567904
legacy,0,a_N100_V3+3D,5.020124954171479
legacy,0,a_N100_V3+3D,6.234082975424826
legacy,0,a_N100_V3+3D,5.542334052734077
legacy,0,a_N100_V3+3D,5.671709077432752
legacy,0,a_N100_V3+3D,5.5090420646592975
legacy,0,a_N100_V3+3D,5.46837504953146
legacy,0,a_N100_V3+3D,5.392834078520536
legacy,0,a_N100_V3+3D,5.447792005725205
legacy,0,a_N100_V3+3D,5.4359580390155315
legacy,0,a_N100_V3+3D,5.474417004734278
legacy,0,a_N100_V3+3D,5.414457991719246
legacy,0,a_N100_V3+3D,5.464124958962202
legacy,0,a_N100_V3+3D,5.434958962723613
legacy,0,a_N100_V3+3D,5.438457941636443
legacy,0,a_N100_V3+3D,5.422457936219871
legacy,0,a_N100_V3+3D,5.539041943848133
legacy,0,a_N100_V3+3D,5.475791986100376
legacy,0,a_N100_V3+3D,5.417958018369973
legacy,0,a_N100_V3+3D,5.443625035695732
legacy,0,a_N100_V3+3D,5.473625031299889
legacy,0,a_N100_V3+3D,6.0425420524552464
legacy,0,a_N100_V3+3D,6.339499959722161
legacy,0,a_N100_V3+3D,5.674957996234298
legacy,0,a_N100_V3+3D,5.61791704967618
legacy,0,a_N100_V3+3D,5.486333975568414
legacy,0,a_N100_V3+3D,5.451499950140715
legacy,0,a_N100_V3+3D,5.441624904051423
legacy,0,a_N100_V3+3D,5.480916937813163
legacy,0,a_N100_V3+3D,5.403792019933462
legacy,0,a_N100_V3+3D,5.434916936792433
legacy,0,a_N100_V3+3D,5.4102500434964895
legacy,0,a_N100_V3+3D,5.4214580450206995
legacy,0,a_N100_V3+3D,5.425125011242926
legacy,0,a_N100_V3+3D,5.41937502566725
legacy,0,a_N100_V3+3D,5.39299997035414
legacy,0,a_N100_V3+3D,5.40062494110316
legacy,0,a_N100_V3+3D,5.393875064328313
legacy,0,a_N100_V3+3D,5.468292045406997
legacy,0,a_N100_V3+3D,5.330041982233524
legacy,0,a_N100_V3+3D,5.420041037723422
legacy,0,a_N100_V3+3D,5.381957977078855
legacy,0,a_N100_V3+3D,5.4025419522076845
legacy,0,a_N100_V3+3D,5.4238749435171485
legacy,0,a_N100_V3+3D,5.429500015452504
legacy,0,a_N100_V3+3D,5.422207992523909
legacy,0,a_N100_V3+3D,5.411542020738125
legacy,0,a_N100_V3+3D,5.42554201092571
legacy,0,a_N100_V3+3D,5.393416970036924
legacy,0,a_N100_V3+3D,5.416875006631017
legacy,0,a_N100_V3+3D,5.326832993887365
legacy,0,a_N100_V3+3D,5.36425004247576
legacy,0,a_N100_V3+3D,5.360000068321824
legacy,0,a_N100_V3+3D,5.5015000980347395
legacy,0,a_N100_V3+3D,5.506833083927631
legacy,0,a_N100_V3+3D,5.35016693174839
legacy,0,a_N100_V3+3D,5.400207941420376
legacy,0,a_N100_V3+3D,5.398166016675532
legacy,0,a_N100_V3+3D,5.377999972552061
legacy,0,a_N100_V3+3D,5.427332944236696
legacy,0,a_N100_V3+3D,5.424374947324395
legacy,0,a_N100_V3+3D,5.455167032778263
legacy,0,a_N100_V3+3D,5.766332964412868
legacy,0,a_N100_V3+3D,5.088582984171808
legacy,0,a_N100_V3+3D,5.179333966225386
legacy,0,a_N100_V3+3D,5.176041973754764
legacy,0,a_N100_V3+3D,5.048457998782396
legacy,0,a_N100_V3+3D,5.055667017586529
legacy,0,a_N100_V3+3D,5.038540926761925
legacy,0,a_N100_V3+3D,5.502542015165091
legacy,0,a_N100_V3+3D,5.1639999728649855
legacy,0,a_N100_V3+3D,5.112959071993828
legacy,0,a_N100_V3+3D,5.095042055472732
legacy,0,a_N100_V3+3D,5.087834084406495
legacy,0,a_N100_V3+3D,5.056999973021448
legacy,0,a_N100_V3+3D,5.053542088717222
legacy,0,a_N100_V3+3D,5.012291949242353
legacy,0,a_N100_V3+3D,5.066166049800813
legacy,0,a_N100_V3+3D,5.027541890740395
legacy,0,a_N100_V3+3D,5.043625016696751
legacy,0,a_N100_V3+3D,4.978791926987469
legacy,0,a_N100_V3+3D,4.989417036995292
legacy,0,a_N100_V3+3D,4.9982910277321935
legacy,0,a_N100_V3+3D,5.013999994844198
legacy,0,a_N100_V3+3D,5.0102079985663295
legacy,0,a_N100_V3+3D,5.035542068071663
legacy,0,a_N100_V3+3D,5.000874982215464
legacy,0,a_N100_V3+3D,5.028292071074247
legacy,0,a_N100_V3+3D,5.040209041908383
legacy,0,a_N100_V3+3D,5.009958054870367
legacy,0,a_N100_V3+3D,5.0171670736745
legacy,0,a_N100_V3+3D,5.017291055992246
legacy,0,a_N100_V3+3D,4.985540988855064
legacy,0,a_N100_V3+3D,5.024541984312236
legacy,0,a_N100_V3+3D,5.027708946727216
legacy,0,a_N100_V3+3D,4.95312490966171
legacy,0,a_N100_V3+3D,4.997999989427626
legacy,0,a_N100_V3+3D,5.047291982918978
legacy,0,a_N100_V3+3D,5.032500019297004
legacy,0,a_N100_V3+3D,4.991375026293099
legacy,0,a_N100_V3+3D,4.979999968782067
legacy,0,a_N100_V3+3D,5.000708973966539
legacy,0,a_N100_V3+3D,4.983499995432794
legacy,0,a_N100_V3+3D,4.9758750246837735
legacy,0,a_N100_V3+3D,4.963000072166324
legacy,0,a_N100_V3+3D,4.981999984011054
legacy,0,a_N100_V3+3D,4.992291913367808
legacy,0,a_N100_V3+3D,4.988208063878119
legacy,0,a_N100_V3+3D,4.977332893759012
legacy,0,a_N100_V3+3D,5.011749919503927
legacy,0,a_N100_V3+3D,4.962791921570897
legacy,0,a_N100_V3+3D,4.99079201836139
legacy,0,a_N100_V3+3D,4.981499980203807
legacy,0,a_N100_V3+3D,5.0297079142183065
legacy,0,a_N100_V3+3D,4.990083049051464
legacy,0,a_N100_V3+3D,4.95616695843637
legacy,0,a_N100_V3+3D,4.9732920015230775
legacy,0,a_N100_V3+3D,4.980333033017814
legacy,0,a_N100_V3+3D,4.983584047295153
legacy,0,a_N100_V3+3D,5.242165992967784
legacy,0,a_N100_V3+3D,5.006332998163998
legacy,0,a_N100_V3+3D,5.011416971683502
legacy,0,a_N100_V3+3D,6.265665986575186
legacy,0,a_N100_V3+3D,5.495209014043212
legacy,0,a_N100_V3+3D,5.526042077690363
legacy,0,a_N100_V3+3D,5.406374926678836
legacy,0,a_N100_V3+3D,5.379333044402301
legacy,0,a_N100_V3+3D,5.3764579351991415
legacy,0,a_N100_V3+3D,5.373540916480124
legacy,0,a_N100_V3+3D,5.372792016714811
legacy,0,a_N100_V3+3D,5.391041981056333
legacy,0,a_N100_V3+3D,5.359250004403293
legacy,0,a_N100_V3+3D,5.769665935076773
legacy,0,a_N100_V3+3D,5.377458059228957
legacy,0,a_N100_V3+3D,5.371375009417534
legacy,0,a_N100_V3+3D,5.3659999975934625
legacy,0,a_N100_V3+3D,5.3631250048056245
legacy,0,a_N100_V3+3D,5.467167007736862
legacy,0,a_N100_V3+3D,5.413584061898291
legacy,0,a_N100_V3+3D,5.37845806684345
legacy,0,a_N100_V3+3D,5.3825839422643185
legacy,0,a_N100_V3+3D,5.348875070922077
legacy,0,a_N100_V3+3D,5.366125027649105
legacy,0,a_N100_V3+3D,5.437916959635913
legacy,0,a_N100_V3+3D,5.346332909539342
legacy,0,a_N100_V3+3D,5.396416992880404
legacy,0,a_N100_V3+3D,5.330916959792376
legacy,0,a_N100_V3+3D,5.391833954490721
legacy,0,a_N100_V3+3D,5.373166990466416
legacy,0,a_N100_V3+3D,5.334999994374812
legacy,0,a_N100_V3+3D,5.309207946993411
legacy,0,a_N100_V3+3D,5.322708049789071
legacy,0,a_N100_V3+3D,5.3527080453932285
legacy,0,a_N100_V3+3D,5.334875080734491
legacy,0,a_N100_V3+3D,5.346083082258701
legacy,0,a_N100_V3+3D,5.338457995094359
legacy,0,a_N100_V3+3D,5.326333921402693
legacy,0,a_N100_V3+3D,5.3522499511018395
legacy,0,a_N100_V3+3D,5.473332945257425
legacy,0,a_N100_V3+3D,5.35466696601361
legacy,0,a_N100_V3+3D,5.356666981242597
legacy,0,a_N100_V3+3D,5.3265419555827975
legacy,0,a_N100_V3+3D,5.450000055134296
legacy,0,a_N100_V3+3D,5.330792046152055
legacy,0,a_N100_V3+3D,5.34083298407495
legacy,0,a_N100_V3+3D,5.859459051862359
legacy,0,a_N100_V3+3D,5.461500026285648
legacy,0,a_N100_V3+3D,5.347084021195769
legacy,0,a_N100_V3+3D,5.3582499967888
legacy,0,a_N100_V3+3D,5.36729209125042
legacy,0,a_N100_V3+3D,5.341833108104765
legacy,0,a_N100_V3+3D,5.342749995179474
legacy,0,a_N100_V3+3D,5.406624986790121
legacy,0,a_N100_V3+3D,5.4090829798951745
legacy,0,a_N100_V3+3D,5.377584020607173
legacy,0,a_N100_V3+3D,5.356332985684276
legacy,0,a_N100_V3+3D,5.35970798227936
legacy,0,a_N100_V3+3D,5.3631250048056245
legacy,0,a_N100_V3+3D,5.383957992307842
legacy,0,a_N100_V3+3D,5.424416973255575
legacy,0,a_N100_V3+3D,5.382208037190139
legacy,0,a_N100_V3+3D,5.357417045161128
legacy,0,a_N100_V3+3D,5.821000086143613
legacy,0,a_N100_V3+3D,5.184999899938703
legacy,0,a_N100_V3+3D,5.1987499464303255
legacy,0,a_N100_V3+3D,5.108374985866249
legacy,0,a_N100_V3+3D,5.068999947980046
legacy,0,a_N100_V3+3D,5.043791956268251
legacy,0,a_N100_V3+3D,5.071124993264675
legacy,0,a_N100_V3+3D,5.060625029727817
legacy,0,a_N100_V3+3D,5.056875059381127
legacy,0,a_N100_V3+3D,5.050666979514062
legacy,0,a_N100_V3+3D,4.990542074665427
legacy,0,a_N100_V3+3D,5.004750099033117
legacy,0,a_N100_V3+3D,5.027625011280179
legacy,0,a_N100_V3+3D,5.0435420125722885
legacy,0,a_N100_V3+3D,5.023750010877848
legacy,0,a_N100_V3+3D,5.0434579607099295
legacy,0,a_N100_V3+3D,4.978457931429148
legacy,0,a_N100_V3+3D,5.028959014452994
legacy,0,a_N100_V3+3D,5.032540997490287
legacy,0,a_N100_V3+3D,5.046249949373305
legacy,0,a_N100_V3+3D,4.98608301859349
legacy,0,a_N100_V3+3D,5.08266594260931
legacy,0,a_N100_V3+3D,4.984374972991645
legacy,0,a_N100_V3+3D,4.998499993234873
legacy,0,a_N100_V3+3D,5.016291979700327
legacy,0,a_N100_V3+3D,5.051625077612698
legacy,0,a_N100_V3+3D,5.049667088314891
legacy,0,a_N100_V3+3D,5.033374996855855
legacy,0,a_N100_V3+3D,5.023042089305818
legacy,0,a_N100_V3+3D,4.999083932489157
legacy,0,a_N100_V3+3D,5.030791042372584
legacy,0,a_N100_V3+3D,5.0527919083833694
legacy,0,a_N100_V3+3D,5.013457965105772
legacy,0,a_N100_V3+3D,5.008915904909372
legacy,0,a_N100_V3+3D,4.988249973393977
legacy,0,a_N100_V3+3D,4.9920829478651285
legacy,0,a_N100_V3+3D,5.041708005592227
legacy,0,a_N100_V3+3D,5.036917049437761
legacy,0,a_N100_V3+3D,4.994041984900832
legacy,0,a_N100_V3+3D,4.954000003635883
legacy,0,a_N100_V3+3D,4.994124989025295
legacy,0,a_N100_V3+3D,4.9642500234767795
legacy,0,a_N100_V3+3D,4.9769580364227295
legacy,0,a_N100_V3+3D,5.041375057771802
legacy,0,a_N100_V3+3D,4.989875014871359
legacy,0,a_N100_V3+3D,4.987750086002052
legacy,0,a_N100_V3+3D,4.976416938006878
legacy,0,a_N100_V3+3D,5.007375031709671
legacy,0,a_N100_V3+3D,4.970457986928523
legacy,0,a_N100_V3+3D,5.021499935537577
legacy,0,a_N100_V3+3D,4.9870830262079835
legacy,0,a_N100_V3+3D,5.038499948568642
legacy,0,a_N100_V3+3D,4.998374963179231
legacy,0,a_N100_V3+3D,4.968833993189037
legacy,0,a_N100_V3+3D,5.011709057725966
legacy,0,a_N100_V3+3D,5.0124580739066005
legacy,0,a_N100_V3+3D,4.990167100913823
legacy,0,a_N100_V3+3D,5.245000007562339
legacy,0,a_N100_V3+3D,5.037041963078082
legacy,0,a_N100_V3+3D,4.9823339795693755
legacy,0,a_N100_V3+3D,6.2563749961555
legacy,0,a_N100_V3+3D,5.572166992351413
legacy,0,a_N100_V3+3D,5.662916926667094
legacy,0,a_N100_V3+3D,6.348500028252602
legacy,0,a_N100_V3+3D,5.64645801205188
legacy,0,a_N100_V3+3D,5.611583939753473
legacy,0,a_N100_V3+3D,5.524415988475084
legacy,0,a_N100_V3+3D,5.525292013771832
legacy,0,a_N100_V3+3D,5.504708969965577
legacy,0,a_N100_V3+3D,5.529499961994588
legacy,0,a_N100_V3+3D,5.513250012882054
legacy,0,a_N100_V3+3D,5.500916973687708
legacy,0,a_N100_V3+3D,5.522417020983994
legacy,0,a_N100_V3+3D,5.4261250188574195
legacy,0,a_N100_V3+3D,5.529834073968232
legacy,0,a_N100_V3+3D,5.553875002078712
legacy,0,a_N100_V3+3D,5.49191702157259
legacy,0,a_N100_V3+3D,5.384999909438193
legacy,0,a_N100_V3+3D,5.512541043572128
legacy,0,a_N100_V3+3D,5.424250033684075
legacy,0,a_N100_V3+3D,5.595583003014326
legacy,0,a_N100_V3+3D,5.5234580067917705
legacy,0,a_N100_V3+3D,5.449958029203117
legacy,0,a_N100_V3+3D,5.387041950598359
legacy,0,a_N100_V3+3D,5.486208014190197
legacy,0,a_N100_V3+3D,5.480833002366126
legacy,0,a_N100_V3+3D,5.54333406034857
legacy,0,a_N100_V3+3D,5.407750024460256
legacy,0,a_N100_V3+3D,5.487625021487474
legacy,0,a_N100_V3+3D,5.473416997119784
legacy,0,a_N100_V3+3D,5.463458015583456
legacy,0,a_N100_V3+3D,5.587917054072022
legacy,0,a_N100_V3+3D,5.471916985698044
legacy,0,a_N100_V3+3D,5.700749927200377
legacy,0,a_N100_V3+3D,5.4463749984279275
legacy,0,a_N100_V3+3D,5.4380419896915555
legacy,0,a_N100_V3+3D,5.539124947972596
legacy,0,a_N100_V3+3D,5.372875020839274
legacy,0,a_N100_V3+3D,5.47974999062717
legacy,0,a_N100_V3+3D,5.37112494930625
legacy,0,a_N100_V3+3D,5.468833027407527
legacy,0,a_N100_V3+3D,5.472333054058254
legacy,0,a_N100_V3+3D,5.502582993358374
legacy,0,a_N100_V3+3D,5.421124980784953
legacy,0,a_N100_V3+3D,5.474292091093957
legacy,0,a_N100_V3+3D,5.446415976621211
legacy,0,a_N100_V3+3D,5.479249986819923
legacy,0,a_N100_V3+3D,5.514833959750831
legacy,0,a_N100_V3+3D,5.501083098351955
legacy,0,a_N100_V3+3D,5.933666951023042
legacy,0,a_N100_V3+3D,5.942540941759944
legacy,0,a_N100_V3+3D,5.636499961838126
legacy,0,a_N100_V3+3D,5.480582942254841
legacy,0,a_N100_V3+3D,5.58999995701015
legacy,0,a_N100_V3+3D,5.545333959162235
legacy,0,a_N100_V3+3D,5.48570801038295
legacy,0,a_N100_V3+3D,5.538500030525029
legacy,0,a_N100_V3+3D,5.554459057748318
legacy,0,a_N100_V3+3D,5.528125097043812
legacy,0,a_N100_V3+3D,5.385500029660761
legacy,0,a_N100_V3+3D,5.907624959945679
legacy,0,a_N100_V3+3D,5.258332937955856
legacy,0,a_N100_V3+3D,5.368500016629696
legacy,0,a_N100_V3+3D,5.163916968740523
legacy,0,a_N100_V3+3D,5.14533300884068
legacy,0,a_N100_V3+3D,5.137042026035488
legacy,0,a_N100_V3+3D,5.1499999826774
legacy,0,a_N100_V3+3D,5.120791960507631
legacy,0,a_N100_V3+3D,5.111459060572088
legacy,0,a_N100_V3+3D,5.15904207713902
legacy,0,a_N100_V3+3D,5.169208045117557
legacy,0,a_N100_V3+3D,5.1532500656321645
legacy,0,a_N100_V3+3D,5.109541001729667
legacy,0,a_N100_V3+3D,5.083583062514663
legacy,0,a_N100_V3+3D,5.0996249774470925
legacy,0,a_N100_V3+3D,5.118999979458749
legacy,0,a_N100_V3+3D,5.091749946586788
legacy,0,a_N100_V3+3D,5.0869169645011425
legacy,0,a_N100_V3+3D,5.101333023048937
legacy,0,a_N100_V3+3D,5.108915967866778
legacy,0,a_N100_V3+3D,5.131207988597453
legacy,0,a_N100_V3+3D,5.618375027552247
legacy,0,a_N100_V3+3D,5.2302079275250435
legacy,0,a_N100_V3+3D,5.152917001396418
legacy,0,a_N100_V3+3D,5.144333001226187
legacy,0,a_N100_V3+3D,5.097207962535322
legacy,0,a_N100_V3+3D,5.148875061422586
legacy,0,a_N100_V3+3D,5.102291004732251
legacy,0,a_N100_V3+3D,5.089542013593018
legacy,0,a_N100_V3+3D,5.1217080326750875
legacy,0,a_N100_V3+3D,5.113875027745962
legacy,0,a_N100_V3+3D,5.138124921359122
legacy,0,a_N100_V3+3D,5.130333942361176
legacy,0,a_N100_V3+3D,5.079332971945405
legacy,0,a_N100_V3+3D,5.066958023235202
legacy,0,a_N100_V3+3D,5.063834018073976
legacy,0,a_N100_V3+3D,5.113000050187111
legacy,0,a_N100_V3+3D,5.074291955679655
legacy,0,a_N100_V3+3D,5.108167068101466
legacy,0,a_N100_V3+3D,5.089957965537906
legacy,0,a_N100_V3+3D,5.042625009082258
legacy,0,a_N100_V3+3D,5.07750001270324
legacy,0,a_N100_V3+3D,5.094083026051521
legacy,0,a_N100_V3+3D,5.084999953396618
legacy,0,a_N100_V3+3D,5.05220890045166
legacy,0,a_N100_V3+3D,5.076583009213209
legacy,0,a_N100_V3+3D,5.028833984397352
legacy,0,a_N100_V3+3D,5.038874922320247
legacy,0,a_N100_V3+3D,5.066541954874992
legacy,0,a_N100_V3+3D,5.083082942292094
legacy,0,a_N100_V3+3D,5.122166941873729
legacy,0,a_N100_V3+3D,5.035749985836446
legacy,0,a_N100_V3+3D,5.061000003479421
legacy,0,a_N100_V3+3D,5.055250017903745
legacy,0,a_N100_V3+3D,5.019000032916665
legacy,0,a_N100_V3+3D,5.0761670572683215
legacy,0,a_N100_V3+3D,5.084667005576193
legacy,0,a_N100_V3+3D,5.297124967910349
legacy,0,a_N100_V3+3D,5.112708080559969
legacy,0,a_N100_V3+3D,5.056499969214201
legacy,0,a_N100_V3+3D,6.251875078305602
legacy,0,a_N100_V3+3D,5.608250037766993
legacy,0,a_N100_V3+3D,6.257042055949569
legacy,0,a_N100_V3+3D,5.541041027754545
legacy,0,a_N100_V3+3D,5.418709013611078
legacy,0,a_N100_V3+3D,5.4876659996807575
legacy,0,a_N100_V3+3D,5.448749987408519
legacy,0,a_N100_V3+3D,5.42324990965426
legacy,0,a_N100_V3+3D,5.401000031270087
legacy,0,a_N100_V3+3D,5.416207946836948
legacy,0,a_N100_V3+3D,5.40833396371454
legacy,0,a_N100_V3+3D,5.3750419756397605
legacy,0,a_N100_V3+3D,5.442542023956776
legacy,0,a_N100_V3+3D,5.42774994391948
legacy,0,a_N100_V3+3D,5.364791955798864
legacy,0,a_N100_V3+3D,5.461708991788328
legacy,0,a_N100_V3+3D,5.405624979175627
legacy,0,a_N100_V3+3D,5.409292061813176
legacy,0,a_N100_V3+3D,5.4279169999063015
legacy,0,a_N100_V3+3D,5.378000088967383
legacy,0,a_N100_V3+3D,5.364833050407469
legacy,0,a_N100_V3+3D,5.403415998443961
legacy,0,a_N100_V3+3D,5.391041981056333
legacy,0,a_N100_V3+3D,5.396207910962403
legacy,0,a_N100_V3+3D,5.327833932824433
legacy,0,a_N100_V3+3D,5.385124939493835
legacy,0,a_N100_V3+3D,5.412749946117401
legacy,0,a_N100_V3+3D,5.413208971731365
legacy,0,a_N100_V3+3D,5.36441698204726
legacy,0,a_N100_V3+3D,5.432875012047589
legacy,0,a_N100_V3+3D,5.371083039790392
legacy,0,a_N100_V3+3D,5.363292060792446
legacy,0,a_N100_V3+3D,5.388583056628704
legacy,0,a_N100_V3+3D,5.3972500609233975
legacy,0,a_N100_V3+3D,5.403459072113037
legacy,0,a_N100_V3+3D,5.3797910222783685
legacy,0,a_N100_V3+3D,5.423583905212581
legacy,0,a_N100_V3+3D,5.350791965611279
legacy,0,a_N100_V3+3D,5.392874940298498
legacy,0,a_N100_V3+3D,5.409874953329563
legacy,0,a_N100_V3+3D,5.331541993655264
legacy,0,a_N100_V3+3D,5.351624917238951
legacy,0,a_N100_V3+3D,5.36291697062552
legacy,0,a_N100_V3+3D,5.355375004000962
legacy,0,a_N100_V3+3D,5.455874954350293
legacy,0,a_N100_V3+3D,5.403249990195036
legacy,0,a_N100_V3+3D,5.338249960914254
legacy,0,a_N100_V3+3D,5.424167029559612
legacy,0,a_N100_V3+3D,5.392834078520536
legacy,0,a_N100_V3+3D,5.364959011785686
legacy,0,a_N100_V3+3D,5.363542004488409
legacy,0,a_N100_V3+3D,5.385749973356724
legacy,0,a_N100_V3+3D,5.391458980739117
legacy,0,a_N100_V3+3D,5.392082966864109
legacy,0,a_N100_V3+3D,5.324375000782311
legacy,0,a_N100_V3+3D,5.330874933861196
legacy,0,a_N100_V3+3D,5.312916939146817
legacy,0,a_N100_V3+3D,5.451584002003074
legacy,0,a_N100_V3+3D,5.524834035895765
legacy,0,a_N100_V3+3D,5.551291978918016
legacy,0,a_N100_V3+3D,5.795499891974032
legacy,0,a_N100_V3+3D,5.132041056640446
legacy,0,a_N100_V3+3D,5.236166995018721
legacy,0,a_N100_V3+3D,5.110790953040123
legacy,0,a_N100_V3+3D,5.129082943312824
legacy,0,a_N100_V3+3D,5.612417007796466
legacy,0,a_N100_V3+3D,5.020500044338405
legacy,0,a_N100_V3+3D,5.023707984946668
legacy,0,a_N100_V3+3D,5.001834011636674
legacy,0,a_N100_V3+3D,5.037624971009791
legacy,0,a_N100_V3+3D,5.1333330338820815
legacy,0,a_N100_V3+3D,5.004042061045766
legacy,0,a_N100_V3+3D,4.988000029698014
legacy,0,a_N100_V3+3D,5.0087920390069485
legacy,0,a_N100_V3+3D,4.967583925463259
legacy,0,a_N100_V3+3D,5.077916081063449
legacy,0,a_N100_V3+3D,5.005999933928251
legacy,0,a_N100_V3+3D,4.997999989427626
legacy,0,a_N100_V3+3D,4.988207947462797
legacy,0,a_N100_V3+3D,5.069041973911226
legacy,0,a_N100_V3+3D,5.007833940908313
legacy,0,a_N100_V3+3D,5.050082923844457
legacy,0,a_N100_V3+3D,5.064958008006215
legacy,0,a_N100_V3+3D,5.007541971281171
legacy,0,a_N100_V3+3D,4.993833019398153
legacy,0,a_N100_V3+3D,4.991000052541494
legacy,0,a_N100_V3+3D,5.074167042039335
legacy,0,a_N100_V3+3D,4.978124983608723
legacy,0,a_N100_V3+3D,4.986374988220632
legacy,0,a_N100_V3+3D,4.965500091202557
legacy,0,a_N100_V3+3D,4.94849996175617
legacy,0,a_N100_V3+3D,4.979332908987999
legacy,0,a_N100_V3+3D,5.004375008866191
legacy,0,a_N100_V3+3D,4.976041964255273
legacy,0,a_N100_V3+3D,4.968707915395498
legacy,0,a_N100_V3+3D,4.969500005245209
legacy,0,a_N100_V3+3D,5.027499981224537
legacy,0,a_N100_V3+3D,5.037041963078082
legacy,0,a_N100_V3+3D,4.998833988793194
legacy,0,a_N100_V3+3D,5.034708068706095
legacy,0,a_N100_V3+3D,4.991624969989061
legacy,0,a_N100_V3+3D,4.9770420882850885
legacy,0,a_N100_V3+3D,4.978333017788827
legacy,0,a_N100_V3+3D,4.966249922290444
legacy,0,a_N100_V3+3D,5.969999940134585
legacy,0,a_N100_V3+3D,5.2345829317346215
legacy,0,a_N100_V3+3D,5.107874982059002
legacy,0,a_N100_V3+3D,5.874125054106116
legacy,0,a_N100_V3+3D,5.135874962434173
legacy,0,a_N100_V3+3D,5.1007079891860485
legacy,0,a_N100_V3+3D,5.157749983482063
legacy,0,a_N100_V3+3D,5.042291944846511
legacy,0,a_N100_V3+3D,5.029916996136308
legacy,0,a_N100_V3+3D,5.041709053330123
legacy,0,a_N100_V3+3D,5.059708026237786
legacy,0,a_N100_V3+3D,5.044082994572818
legacy,0,a_N100_V3+3D,5.031084059737623
legacy,0,a_N100_V3+3D,5.277625052258372
legacy,0,a_N100_V3+3D,5.01562503632158
legacy,0,a_N100_V3+3D,4.997833049856126
legacy,0,a_N100_V3+3D,6.194000015966594
legacy,0,a_N100_V3+3D,5.446583032608032
legacy,0,a_N100_V3+3D,5.50924998242408
legacy,0,a_N100_V3+3D,5.388166988268495
legacy,0,a_N100_V3+3D,5.382709088735282
legacy,0,a_N100_V3+3D,5.3612079937011
legacy,0,a_N100_V3+3D,5.355790955945849
legacy,0,a_N100_V3+3D,5.377333960495889
legacy,0,a_N100_V3+3D,5.402083043009043
legacy,0,a_N100_V3+3D,5.356165929697454
legacy,0,a_N100_V3+3D,5.365624907426536
legacy,0,a_N100_V3+3D,5.326917045749724
legacy,0,a_N100_V3+3D,5.342209013178945
legacy,0,a_N100_V3+3D,5.36141695920378
legacy,0,a_N100_V3+3D,5.383332958444953
legacy,0,a_N100_V3+3D,5.352834006771445
legacy,0,a_N100_V3+3D,5.336291040293872
legacy,0,a_N100_V3+3D,5.327500053681433
legacy,0,a_N100_V3+3D,5.3478749468922615
legacy,0,a_N100_V3+3D,5.371459061279893
legacy,0,a_N100_V3+3D,5.302666919305921
legacy,0,a_N100_V3+3D,5.315541988238692
legacy,0,a_N100_V3+3D,5.315916961990297
legacy,0,a_N100_V3+3D,5.311249988153577
legacy,0,a_N100_V3+3D,5.29037497472018
legacy,0,a_N100_V3+3D,5.332458997145295
legacy,0,a_N100_V3+3D,5.413540988229215
legacy,0,a_N100_V3+3D,5.35374996252358
legacy,0,a_N100_V3+3D,5.343624972738326
legacy,0,a_N100_V3+3D,5.317582981660962
legacy,0,a_N100_V3+3D,5.362250027246773
legacy,0,a_N100_V3+3D,5.348125007003546
legacy,0,a_N100_V3+3D,5.878000054508448
legacy,0,a_N100_V3+3D,5.533958086743951
legacy,0,a_N100_V3+3D,5.464458023197949
legacy,0,a_N100_V3+3D,5.432749981991947
legacy,0,a_N100_V3+3D,5.439333966933191
legacy,0,a_N100_V3+3D,5.4264579666778445
legacy,0,a_N100_V3+3D,5.404833005741239
legacy,0,a_N100_V3+3D,5.472542019560933
legacy,0,a_N100_V3+3D,5.414417013525963
legacy,0,a_N100_V3+3D,5.391874932684004
legacy,0,a_N100_V3+3D,5.382832954637706
legacy,0,a_N100_V3+3D,5.392624996602535
legacy,0,a_N100_V3+3D,5.382917006500065
legacy,0,a_N100_V3+3D,5.370666040107608
legacy,0,a_N100_V3+3D,5.376624991185963
legacy,0,a_N100_V3+3D,5.391665967181325
legacy,0,a_N100_V3+3D,5.350041086785495
legacy,0,a_N100_V3+3D,5.41637500282377
legacy,0,a_N100_V3+3D,5.397499888204038
legacy,0,a_N100_V3+3D,5.357749992981553
legacy,0,a_N100_V3+3D,5.37354196421802
legacy,0,a_N100_V3+3D,5.362124997191131
legacy,0,a_N100_V3+3D,5.343750002793968
legacy,0,a_N100_V3+3D,5.3660839330405
legacy,0,a_N100_V3+3D,5.375165957957506
legacy,0,a_N100_V3+3D,5.418583983555436
legacy,0,a_N100_V3+3D,5.382791045121849
legacy,0,a_N100_V3+3D,5.352374981157482
legacy,0,a_N100_V3+3D,5.76579209882766
legacy,0,a_N100_V3+3D,5.133874947205186
legacy,0,a_N100_V3+3D,5.160499946214259
legacy,0,a_N100_V3+3D,5.080208997242153
legacy,0,a_N100_V3+3D,5.001625046133995
legacy,0,a_N100_V3+3D,5.088333040475845
legacy,0,a_N100_V3+3D,4.994292045012116
legacy,0,a_N100_V3+3D,5.023709032684565
legacy,0,a_N100_V3+3D,4.994167014956474
legacy,0,a_N100_V3+3D,4.997416981495917
legacy,0,a_N100_V3+3D,4.981250036507845
legacy,0,a_N100_V3+3D,5.056667025201023
legacy,0,a_N100_V3+3D,5.022791912779212
legacy,0,a_N100_V3+3D,4.993541049771011
legacy,0,a_N100_V3+3D,4.994749906472862
legacy,0,a_N100_V3+3D,5.038958974182606
legacy,0,a_N100_V3+3D,4.984791972674429
legacy,0,a_N100_V3+3D,4.990499932318926
legacy,0,a_N100_V3+3D,4.961958038620651
legacy,0,a_N100_V3+3D,5.027499981224537
legacy,0,a_N100_V3+3D,4.9905829364433885
legacy,0,a_N100_V3+3D,4.990083980374038
legacy,0,a_N100_V3+3D,4.965292057022452
legacy,0,a_N100_V3+3D,4.976583062671125
legacy,0,a_N100_V3+3D,4.974125069566071
legacy,0,a_N100_V3+3D,4.944541025906801
legacy,0,a_N100_V3+3D,5.004458944313228
legacy,0,a_N100_V3+3D,4.971124930307269
legacy,0,a_N100_V3+3D,4.993291920982301
legacy,0,a_N100_V3+3D,4.935499979183078
legacy,0,a_N100_V3+3D,4.9606249667704105
legacy,0,a_N100_V3+3D,5.02920791041106
legacy,0,a_N100_V3+3D,4.984959028661251
legacy,0,a_N100_V3+3D,4.958582925610244
legacy,0,a_N100_V3+3D,4.971291986294091
legacy,0,a_N100_V3+3D,5.312707973644137
legacy,0,a_N100_V3+3D,4.980334080755711
legacy,0,a_N100_V3+3D,4.972125054337084
legacy,0,a_N100_V3+3D,4.933500080369413
legacy,0,a_N100_V3+3D,4.952792078256607
legacy,0,a_N100_V3+3D,4.961500060744584
legacy,0,a_N100_V3+3D,4.957625060342252
legacy,0,a_N100_V3+3D,4.928041948005557
legacy,0,a_N100_V3+3D,4.971666960045695
legacy,0,a_N100_V3+3D,4.95520792901516
legacy,0,a_N100_V3+3D,4.953083931468427
legacy,0,a_N100_V3+3D,4.9462920287624
legacy,0,a_N100_V3+3D,4.962624981999397
legacy,0,a_N100_V3+3D,4.959666985087097
legacy,0,a_N100_V3+3D,4.991665948182344
legacy,0,a_N100_V3+3D,4.938957979902625
legacy,0,a_N100_V3+3D,4.946667002514005
legacy,0,a_N100_V3+3D,4.96050005313009
legacy,0,a_N100_V3+3D,4.98158298432827
legacy,0,a_N100_V3+3D,4.960249993018806
legacy,0,a_N100_V3+3D,5.608792067505419
legacy,0,a_N100_V3+3D,5.9579170774668455
legacy,0,a_N100_V3+3D,5.391124985180795
legacy,0,a_N100_V3+3D,5.0767919747158885
legacy,0,a_N100_V3+3D,4.994332906790078
legacy,0,a_N100_V3+3D,6.243166048079729
legacy,0,a_N100_V3+3D,5.503124906681478
legacy,0,a_N100_V3+3D,5.546125001274049
legacy,0,a_N100_V3+3D,5.434875027276576
legacy,0,a_N100_V3+3D,5.469249910674989
legacy,0,a_N100_V3+3D,5.416334024630487
legacy,0,a_N100_V3+3D,5.438040941953659
legacy,0,a_N100_V3+3D,5.440832930617034
legacy,0,a_N100_V3+3D,5.438167019747198
legacy,0,a_N100_V3+3D,5.458374973386526
legacy,0,a_N100_V3+3D,5.417790962383151
legacy,0,a_N100_V3+3D,5.371375009417534
legacy,0,a_N100_V3+3D,5.398417008109391
legacy,0,a_N100_V3+3D,5.342792021110654
legacy,0,a_N100_V3+3D,5.424208007752895
legacy,0,a_N100_V3+3D,5.4282499477267265
legacy,0,a_N100_V3+3D,5.390499951317906
legacy,0,a_N100_V3+3D,5.360707989893854
legacy,0,a_N100_V3+3D,5.390708916820586
legacy,0,a_N100_V3+3D,5.512124975211918
legacy,0,a_N100_V3+3D,5.365582997910678
legacy,0,a_N100_V3+3D,5.354374996386468
legacy,0,a_N100_V3+3D,5.4477909579873085
legacy,0,a_N100_V3+3D,5.40116592310369
legacy,0,a_N100_V3+3D,5.443249945528805
legacy,0,a_N100_V3+3D,5.370959057472646
legacy,0,a_N100_V3+3D,5.44345797970891
legacy,0,a_N100_V3+3D,5.35358302295208
legacy,0,a_N100_V3+3D,5.402792012318969
legacy,0,a_N100_V3+3D,5.362916039302945
legacy,0,a_N100_V3+3D,5.414374987594783
legacy,0,a_N100_V3+3D,5.34537504427135
legacy,0,a_N100_V3+3D,5.360500072129071
legacy,0,a_N100_V3+3D,5.349625018425286
legacy,0,a_N100_V3+3D,5.3892090218141675
legacy,0,a_N100_V3+3D,5.377416964620352
legacy,0,a_N100_V3+3D,5.465249996632338
legacy,0,a_N100_V3+3D,5.34495897591114
legacy,0,a_N100_V3+3D,5.3504579700529575
legacy,0,a_N100_V3+3D,5.358499940484762
legacy,0,a_N100_V3+3D,5.371792009100318
legacy,0,a_N100_V3+3D,5.353832966648042
legacy,0,a_N100_V3+3D,5.317750037647784
legacy,0,a_N100_V3+3D,5.400708061642945
legacy,0,a_N100_V3+3D,5.863667000085115
legacy,0,a_N100_V3+3D,5.40529191493988
legacy,0,a_N100_V3+3D,5.407666903920472
legacy,0,a_N100_V3+3D,5.431957892142236
legacy,0,a_N100_V3+3D,5.409165984019637
legacy,0,a_N100_V3+3D,5.475874990224838
legacy,0,a_N100_V3+3D,5.4452079348266125
legacy,0,a_N100_V3+3D,5.369665916077793
legacy,0,a_N100_V3+3D,5.4220829624682665
legacy,0,a_N100_V3+3D,5.373749998398125
legacy,0,a_N100_V3+3D,5.445084068924189
legacy,0,a_N100_V3+3D,5.766917020082474
legacy,0,a_N100_V3+3D,5.470165982842445
legacy,0,a_N100_V3+3D,5.334959016181529
legacy,0,a_N100_V3+3D,5.289584049023688
legacy,0,a_N100_V3+3D,5.308333085849881
legacy,0,a_N100_V3+3D,5.754583980888128
legacy,0,a_N100_V3+3D,5.037166993133724
legacy,0,a_N100_V3+3D,5.121499998494983
legacy,0,a_N100_V3+3D,5.084167001768947
legacy,0,a_N100_V3+3D,5.013708025217056
legacy,0,a_N100_V3+3D,5.044959019869566
legacy,0,a_N100_V3+3D,5.015500006265938
legacy,0,a_N100_V3+3D,5.41266705840826
legacy,0,a_N100_V3+3D,5.800124956294894
legacy,0,a_N100_V3+3D,5.354124936275184
legacy,0,a_N100_V3+3D,6.046875030733645
legacy,0,a_N100_V3+3D,5.284999962896109
legacy,0,a_N100_V3+3D,5.6511249858886
legacy,0,a_N100_V3+3D,5.254250019788742
legacy,0,a_N100_V3+3D,5.253665964119136
legacy,0,a_N100_V3+3D,5.19916694611311
legacy,0,a_N100_V3+3D,5.096583045087755
legacy,0,a_N100_V3+3D,5.079708993434906
legacy,0,a_N100_V3+3D,5.188125069253147
legacy,0,a_N100_V3+3D,5.485333036631346
legacy,0,a_N100_V3+3D,5.198167054913938
legacy,0,a_N100_V3+3D,5.074874963611364
legacy,0,a_N100_V3+3D,5.056500085629523
legacy,0,a_N100_V3+3D,5.085084005258977
legacy,0,a_N100_V3+3D,5.05874992813915
legacy,0,a_N100_V3+3D,5.0929998978972435
legacy,0,a_N100_V3+3D,5.049124942161143
legacy,0,a_N100_V3+3D,5.078917020000517
legacy,0,a_N100_V3+3D,5.06174995098263
legacy,0,a_N100_V3+3D,5.065165925770998
legacy,0,a_N100_V3+3D,5.556958029046655
legacy,0,a_N100_V3+3D,5.170000018551946
legacy,0,a_N100_V3+3D,5.11224998626858
legacy,0,a_N100_V3+3D,5.078332964330912
legacy,0,a_N100_V3+3D,5.093667074106634
legacy,0,a_N100_V3+3D,5.1077090902253985
legacy,0,a_N100_V3+3D,5.079583032056689
legacy,0,a_N100_V3+3D,5.07750001270324
legacy,0,a_N100_V3+3D,5.0314589170739055
legacy,0,a_N100_V3+3D,5.026041995733976
legacy,0,a_N100_V3+3D,4.989749984815717
legacy,0,a_N100_V3+3D,5.027332925237715
legacy,0,a_N100_V3+3D,4.981207894161344
legacy,0,a_N100_V3+3D,5.00812497921288
legacy,0,a_N100_V3+3D,5.050958949141204
legacy,0,a_N100_V3+3D,4.976416938006878
legacy,0,a_N100_V3+3D,5.093000014312565
legacy,0,a_N100_V3+3D,5.076874978840351
legacy,0,a_N100_V3+3D,5.1423329859972
legacy,0,a_N100_V3+3D,5.077667068690062
legacy,0,a_N100_V3+3D,5.062791984528303
legacy,0,a_N100_V3+3D,5.052707972936332
legacy,0,a_N100_V3+3D,5.038667004555464
legacy,0,a_N100_V3+3D,5.0397919258102775
legacy,0,a_N100_V3+3D,5.042416974902153
legacy,0,a_N100_V3+3D,5.014499998651445
legacy,0,a_N100_V3+3D,5.0894999876618385
legacy,0,a_N100_V3+3D,5.304416990838945
legacy,0,a_N100_V3+3D,5.016874987632036
legacy,0,a_N100_V3+3D,5.079291993752122
legacy,0,a_N100_V3+3D,6.290833931416273
legacy,0,a_N100_V3+3D,5.5205830140039325
legacy,0,a_N100_V3+3D,5.6152091128751636
legacy,0,a_N100_V3+3D,5.502582993358374
legacy,0,a_N100_V3+3D,5.47450000885874
legacy,0,a_N100_V3+3D,5.456708953715861
legacy,0,a_N100_V3+3D,5.473083001561463
legacy,0,a_N100_V3+3D,5.404124967753887
legacy,0,a_N100_V3+3D,5.431917030364275
legacy,0,a_N100_V3+3D,5.420124973170459
legacy,0,a_N100_V3+3D,5.432166974060237
legacy,0,a_N100_V3+3D,5.378833971917629
legacy,0,a_N100_V3+3D,5.442333989776671
legacy,0,a_N100_V3+3D,5.430166958831251
legacy,0,a_N100_V3+3D,5.819667014293373
legacy,0,a_N100_V3+3D,5.94295805785805
legacy,0,a_N100_V3+3D,5.406083073467016
legacy,0,a_N100_V3+3D,6.069167051464319
legacy,0,a_N100_V3+3D,5.509332986548543
legacy,0,a_N100_V3+3D,5.396042019128799
legacy,0,a_N100_V3+3D,5.426959018222988
legacy,0,a_N100_V3+3D,5.420041037723422
legacy,0,a_N100_V3+3D,5.406250013038516
legacy,0,a_N100_V3+3D,5.385917029343545
legacy,0,a_N100_V3+3D,5.3895419696345925
legacy,0,a_N100_V3+3D,5.3906249813735485
legacy,0,a_N100_V3+3D,5.4492499912157655
legacy,0,a_N100_V3+3D,5.433083977550268
legacy,0,a_N100_V3+3D,5.381292081438005
legacy,0,a_N100_V3+3D,5.39845903404057
legacy,0,a_N100_V3+3D,5.417832988314331
legacy,0,a_N100_V3+3D,6.885541952215135
legacy,0,a_N100_V3+3D,6.701417034491897
legacy,0,a_N100_V3+3D,5.9300410794094205
legacy,0,a_N100_V3+3D,5.974958068691194
legacy,0,a_N100_V3+3D,5.631875013932586
legacy,0,a_N100_V3+3D,5.90820808429271
legacy,0,a_N100_V3+3D,5.805582972243428
legacy,0,a_N100_V3+3D,6.471124943345785
legacy,0,a_N100_V3+3D,5.8397919638082385
legacy,0,a_N100_V3+3D,5.477624945342541
legacy,0,a_N100_V3+3D,5.433166981674731
legacy,0,a_N100_V3+3D,5.42758300434798
legacy,0,a_N100_V3+3D,6.149749970063567
legacy,0,a_N100_V3+3D,6.059125065803528
legacy,0,a_N100_V3+3D,5.565374973230064
legacy,0,a_N100_V3+3D,5.5252499878406525
legacy,0,a_N100_V3+3D,5.521584069356322
legacy,0,a_N100_V3+3D,5.518208025023341
legacy,0,a_N100_V3+3D,5.488749942742288
legacy,0,a_N100_V3+3D,5.440333974547684
legacy,0,a_N100_V3+3D,5.422250018455088
legacy,0,a_N100_V3+3D,5.449292017146945
legacy,0,a_N100_V3+3D,5.445374990813434
legacy,0,a_N100_V3+3D,5.429791985079646
legacy,0,a_N100_V3+3D,5.429500015452504
legacy,0,a_N100_V3+3D,5.41325006633997
legacy,0,a_N100_V3+3D,5.452375044114888
legacy,0,a_N100_V3+3D,5.440499982796609
legacy,0,a_N100_V3+3D,5.471540964208543
legacy,0,a_N100_V3+3D,5.791167030110955
legacy,0,a_N100_V3+3D,5.111416918225586
legacy,0,a_N100_V3+3D,5.194208933971822
legacy,0,a_N100_V3+3D,5.086707998998463
legacy,0,a_N100_V3+3D,5.040707997977734
legacy,0,a_N100_V3+3D,5.044750054366887
legacy,0,a_N100_V3+3D,5.097583052702248
legacy,0,a_N100_V3+3D,5.021292017772794
legacy,0,a_N100_V3+3D,5.019250093027949
legacy,0,a_N100_V3+3D,5.011582979932427
legacy,0,a_N100_V3+3D,5.0957080675289035
legacy,0,a_N100_V3+3D,5.01429196447134
legacy,0,a_N100_V3+3D,5.004249978810549
legacy,0,a_N100_V3+3D,5.011791945435107
legacy,0,a_N100_V3+3D,4.98320790939033
legacy,0,a_N100_V3+3D,5.045542027801275
legacy,0,a_N100_V3+3D,4.994291928596795
legacy,0,a_N100_V3+3D,4.98008297290653
legacy,0,a_N100_V3+3D,5.060207913629711
legacy,0,a_N100_V3+3D,4.979541990906
legacy,0,a_N100_V3+3D,5.0428330432623625
legacy,0,a_N100_V3+3D,5.000374978408217
legacy,0,a_N100_V3+3D,5.008707987144589
legacy,0,a_N100_V3+3D,4.982625017873943
legacy,0,a_N100_V3+3D,5.027208011597395
legacy,0,a_N100_V3+3D,4.957958939485252
legacy,0,a_N100_V3+3D,4.989624954760075
legacy,0,a_N100_V3+3D,4.987957887351513
legacy,0,a_N100_V3+3D,4.980749916285276
legacy,0,a_N100_V3+3D,5.002374993637204
legacy,0,a_N100_V3+3D,4.9923749174922705
legacy,0,a_N100_V3+3D,4.958334029652178
legacy,0,a_N100_V3+3D,4.940957995131612
legacy,0,a_N100_V3+3D,4.950333037413657
legacy,0,a_N100_V3+3D,4.984666942618787
legacy,0,a_N100_V3+3D,4.954917007125914
legacy,0,a_N100_V3+3D,5.0177499651908875
legacy,0,a_N100_V3+3D,4.977083066478372
legacy,0,a_N100_V3+3D,4.969084053300321
legacy,0,a_N100_V3+3D,4.9639580538496375
legacy,0,a_N100_V3+3D,4.945166991092265
legacy,0,a_N100_V3+3D,4.982665996067226
legacy,0,a_N100_V3+3D,4.9855419201776385
legacy,0,a_N100_V3+3D,4.978957935236394
legacy,0,a_N100_V3+3D,4.991624969989061
legacy,0,a_N100_V3+3D,4.976249998435378
legacy,0,a_N100_V3+3D,4.9536669394001365
legacy,0,a_N100_V3+3D,4.994582966901362
legacy,0,a_N100_V3+3D,5.02849998883903
legacy,0,a_N100_V3+3D,4.977833013981581
legacy,0,a_N100_V3+3D,4.960082937031984
legacy,0,a_N100_V3+3D,4.963582963682711
legacy,0,a_N100_V3+3D,4.972875001840293
legacy,0,a_N100_V3+3D,4.944083979353309
legacy,0,a_N100_V3+3D,4.999666009098291
legacy,0,a_N100_V3+3D,4.966792068444192
legacy,0,a_N100_V3+3D,4.9624580424278975
legacy,0,a_N100_V3+3D,5.244666012004018
legacy,0,a_N100_V3+3D,4.980957950465381
legacy,0,a_N100_V3+3D,4.985041916370392
legacy,0,a_N100_V3+3D,6.14766706712544
legacy,0,a_N100_V3+3D,5.4778329795226455
legacy,0,a_N100_V3+3D,5.531499977223575
legacy,0,a_N100_V3+3D,5.415290943346918
legacy,0,a_N100_V3+3D,5.436333944089711
legacy,0,a_N100_V3+3D,5.369083024561405
legacy,0,a_N100_V3+3D,5.385374999605119
legacy,0,a_N100_V3+3D,5.3522499511018395
legacy,0,a_N100_V3+3D,5.344250006601214
legacy,0,a_N100_V3+3D,5.35508303437382
legacy,0,a_N100_V3+3D,5.385707947425544
legacy,0,a_N100_V3+3D,5.363667034544051
legacy,0,a_N100_V3+3D,5.356832989491522
legacy,0,a_N100_V3+3D,5.36125001963228
legacy,0,a_N100_V3+3D,5.372709012590349
legacy,0,a_N100_V3+3D,5.357415997423232
legacy,0,a_N100_V3+3D,5.3554169135168195
legacy,0,a_N100_V3+3D,5.457666935399175
legacy,0,a_N100_V3+3D,5.413166945800185
legacy,0,a_N100_V3+3D,5.356165929697454
legacy,0,a_N100_V3+3D,5.350249935872853
legacy,0,a_N100_V3+3D,5.359833012335002
legacy,0,a_N100_V3+3D,5.298207979649305
legacy,0,a_N100_V3+3D,5.984958028420806
legacy,0,a_N100_V3+3D,5.317916977219284
legacy,0,a_N100_V3+3D,5.313500063493848
legacy,0,a_N100_V3+3D,5.386625067330897
legacy,0,a_N100_V3+3D,5.423124996013939
legacy,0,a_N100_V3+3D,5.34387503284961
legacy,0,a_N100_V3+3D,5.32966700848192
legacy,0,a_N100_V3+3D,5.344167002476752
legacy,0,a_N100_V3+3D,5.326208076439798
legacy,0,a_N100_V3+3D,5.327166989445686
legacy,0,a_N100_V3+3D,5.325792008079588
legacy,0,a_N100_V3+3D,5.325209000147879
legacy,0,a_N100_V3+3D,5.325624952092767
legacy,0,a_N100_V3+3D,5.350542021915317
legacy,0,a_N100_V3+3D,5.302791949361563
legacy,0,a_N100_V3+3D,5.327166989445686
legacy,0,a_N100_V3+3D,5.36741700489074
legacy,0,a_N100_V3+3D,5.300458054989576
legacy,0,a_N100_V3+3D,5.37858298048377
legacy,0,a_N100_V3+3D,5.324375000782311
legacy,0,a_N100_V3+3D,5.306917009875178
legacy,0,a_N100_V3+3D,5.302374949678779
legacy,0,a_N100_V3+3D,5.3486250108107924
legacy,0,a_N100_V3+3D,5.3171660983935
legacy,0,a_N100_V3+3D,5.387957906350493
legacy,0,a_N100_V3+3D,5.421958980150521
legacy,0,a_N100_V3+3D,5.350708961486816
legacy,0,a_N100_V3+3D,5.327707971446216
legacy,0,a_N100_V3+3D,5.352542037144303
legacy,0,a_N100_V3+3D,5.340166972018778
legacy,0,a_N100_V3+3D,5.350167048163712
legacy,0,a_N100_V3+3D,5.3551249438896775
legacy,0,a_N100_V3+3D,5.465500056743622
legacy,0,a_N100_V3+3D,5.398708046413958
legacy,0,a_N100_V3+3D,6.218124995939434
legacy,0,a_N100_V3+3D,5.491584073752165
legacy,0,a_N100_V3+3D,5.468667019158602
legacy,0,a_N100_V3+3D,5.848750006407499
legacy,0,a_N100_V3+3D,5.147499963641167
legacy,0,a_N100_V3+3D,5.23975002579391
legacy,0,a_N100_V3+3D,5.078083020634949
legacy,0,a_N100_V3+3D,5.1035829819738865
legacy,0,a_N100_V3+3D,5.066792014986277
legacy,0,a_N100_V3+3D,5.12329104822129
legacy,0,a_N100_V3+3D,5.097667104564607
legacy,0,a_N100_V3+3D,5.080458940938115
legacy,0,a_N100_V3+3D,5.0591250183060765
legacy,0,a_N100_V3+3D,5.073542008176446
legacy,0,a_N100_V3+3D,5.023333942517638
legacy,0,a_N100_V3+3D,5.033083958551288
legacy,0,a_N100_V3+3D,5.065041943453252
legacy,0,a_N100_V3+3D,5.075915949419141
legacy,0,a_N100_V3+3D,5.060332943685353
legacy,0,a_N100_V3+3D,5.048958002589643
legacy,0,a_N100_V3+3D,5.067457910627127
legacy,0,a_N100_V3+3D,5.032957997173071
legacy,0,a_N100_V3+3D,5.051625077612698
legacy,0,a_N100_V3+3D,5.0765000050887465
legacy,0,a_N100_V3+3D,5.019749980419874
legacy,0,a_N100_V3+3D,5.033500026911497
legacy,0,a_N100_V3+3D,5.000417004339397
legacy,0,a_N100_V3+3D,4.959332989528775
legacy,0,a_N100_V3+3D,4.949582973495126
legacy,0,a_N100_V3+3D,5.104250041767955
legacy,0,a_N100_V3+3D,5.051749991253018
legacy,0,a_N100_V3+3D,5.038707982748747
legacy,0,a_N100_V3+3D,5.642708973027766
legacy,0,a_N100_V3+3D,5.101916962303221
legacy,0,a_N100_V3+3D,4.998750053346157
legacy,0,a_N100_V3+3D,5.074750049971044
legacy,0,a_N100_V3+3D,4.976833006367087
legacy,0,a_N100_V3+3D,5.049792001955211
legacy,0,a_N100_V3+3D,5.004875012673438
legacy,0,a_N100_V3+3D,5.064041935838759
legacy,0,a_N100_V3+3D,5.019833100959659
legacy,0,a_N100_V3+3D,5.034790956415236
legacy,0,a_N100_V3+3D,4.946667002514005
legacy,0,a_N100_V3+3D,4.918499966152012
legacy,0,a_N100_V3+3D,4.95466694701463
legacy,0,a_N100_V3+3D,4.904333036392927
legacy,0,a_N100_V3+3D,4.939374979585409
legacy,0,a_N100_V3+3D,4.933707998134196
legacy,0,a_N100_V3+3D,4.909749957732856
legacy,0,a_N100_V3+3D,4.917540936730802
legacy,0,a_N100_V3+3D,5.003041005693376
legacy,0,a_N100_V3+3D,4.992792033590376
legacy,0,a_N100_V3+3D,4.996042000129819
legacy,0,a_N100_V3+3D,4.9867500783875585
legacy,0,a_N100_V3+3D,4.970416892319918
legacy,0,a_N100_V3+3D,5.012999987229705
legacy,0,a_N100_V3+3D,5.009541986510158
legacy,0,a_N100_V3+3D,5.003291997127235
legacy,0,a_N100_V3+3D,4.976666998118162
legacy,0,a_N100_V3+3D,5.0105840200558305
legacy,0,a_N100_V3+3D,5.2541249897331
legacy,0,a_N100_V3+3D,5.127832992002368
legacy,0,a_N100_V3+3D,4.988417029380798
legacy,0,a_N100_V3+3D,6.127749918960035
legacy,0,a_N100_V3+3D,5.601209006272256
legacy,0,a_N100_V3+3D,5.575499963015318
legacy,0,a_N100_V3+3D,5.5426249746233225
legacy,0,a_N100_V3+3D,5.535041098482907
legacy,0,a_N100_V3+3D,5.416458938270807
legacy,0,a_N100_V3+3D,5.349915940314531
legacy,0,a_N100_V3+3D,5.514667020179331
legacy,0,a_N100_V3+3D,5.484665976837277
legacy,0,a_N100_V3+3D,5.447709001600742
legacy,0,a_N100_V3+3D,5.337000009603798
legacy,0,a_N100_V3+3D,5.350957973860204
legacy,0,a_N100_V3+3D,5.361582967452705
legacy,0,a_N100_V3+3D,5.32141700387001
legacy,0,a_N100_V3+3D,5.318041890859604
legacy,0,a_N100_V3+3D,5.363999982364476
legacy,0,a_N100_V3+3D,5.3608749294653535
legacy,0,a_N100_V3+3D,5.5197919718921185
legacy,0,a_N100_V3+3D,5.491624935530126
legacy,0,a_N100_V3+3D,5.455708014778793
legacy,0,a_N100_V3+3D,5.3652499336749315
legacy,0,a_N100_V3+3D,5.439832923002541
legacy,0,a_N100_V3+3D,5.419709021225572
legacy,0,a_N100_V3+3D,5.428500007838011
legacy,0,a_N100_V3+3D,5.480083986185491
legacy,0,a_N100_V3+3D,5.318375071510673
legacy,0,a_N100_V3+3D,5.356459063477814
legacy,0,a_N100_V3+3D,5.368957994505763
legacy,0,a_N100_V3+3D,5.456582992337644
legacy,0,a_N100_V3+3D,5.8603748911991715
legacy,0,a_N100_V3+3D,5.638958071358502
legacy,0,a_N100_V3+3D,5.636499961838126
legacy,0,a_N100_V3+3D,5.5418749107047915
legacy,0,a_N100_V3+3D,5.561708007007837
legacy,0,a_N100_V3+3D,5.516666918992996
legacy,0,a_N100_V3+3D,5.533833988010883
legacy,0,a_N100_V3+3D,5.411374964751303
legacy,0,a_N100_V3+3D,5.527541972696781
legacy,0,a_N100_V3+3D,5.397625034675002
legacy,0,a_N100_V3+3D,5.502416985109448
legacy,0,a_N100_V3+3D,5.494958022609353
legacy,0,a_N100_V3+3D,5.533457966521382
legacy,0,a_N100_V3+3D,5.390750011429191
legacy,0,a_N100_V3+3D,5.541166989132762
legacy,0,a_N100_V3+3D,5.411416059359908
legacy,0,a_N100_V3+3D,5.448541021905839
legacy,0,a_N100_V3+3D,5.527124973013997
legacy,0,a_N100_V3+3D,5.5635839235037565
legacy,0,a_N100_V3+3D,5.410082987509668
legacy,0,a_N100_V3+3D,5.508875008672476
legacy,0,a_N100_V3+3D,5.513041978701949
legacy,0,a_N100_V3+3D,5.494415992870927
legacy,0,a_N100_V3+3D,5.47454203478992
legacy,0,a_N100_V3+3D,5.490500014275312
legacy,0,a_N100_V3+3D,5.3906249813735485
legacy,0,a_N100_V3+3D,5.496959085576236
legacy,0,a_N100_V3+3D,5.49041701015085
legacy,0,a_N100_V3+3D,5.515000084415078
legacy,0,a_N100_V3+3D,5.366667057387531
legacy,0,a_N100_V3+3D,5.443124915473163
legacy,0,a_N100_V3+3D,6.208457984030247
legacy,0,a_N100_V3+3D,5.1694579888135195
legacy,0,a_N100_V3+3D,5.228249938227236
legacy,0,a_N100_V3+3D,5.078500020317733
legacy,0,a_N100_V3+3D,5.088791949674487
legacy,0,a_N100_V3+3D,5.101916962303221
legacy,0,a_N100_V3+3D,5.100458045490086
legacy,0,a_N100_V3+3D,5.048249964602292
legacy,0,a_N100_V3+3D,5.0330410012975335
legacy,0,a_N100_V3+3D,5.023916019126773
legacy,0,a_N100_V3+3D,5.060625029727817
legacy,0,a_N100_V3+3D,5.043375073000789
legacy,0,a_N100_V3+3D,5.158166051842272
legacy,0,a_N100_V3+3D,5.01595891546458
legacy,0,a_N100_V3+3D,5.1123748999089
legacy,0,a_N100_V3+3D,5.415457999333739
legacy,0,a_N100_V3+3D,5.059041897766292
legacy,0,a_N100_V3+3D,5.1328749395906925
legacy,0,a_N100_V3+3D,5.025124992243946
legacy,0,a_N100_V3+3D,5.037457915022969
legacy,0,a_N100_V3+3D,5.03987492993474
legacy,0,a_N100_V3+3D,5.0355830462649465
legacy,0,a_N100_V3+3D,5.037207971327007
legacy,0,a_N100_V3+3D,5.045584053732455
legacy,0,a_N100_V3+3D,5.039375042542815
legacy,0,a_N100_V3+3D,5.024750018492341
legacy,0,a_N100_V3+3D,5.0977920182049274
legacy,0,a_N100_V3+3D,5.0319579895585775
legacy,0,a_N100_V3+3D,4.99208306428045
legacy,0,a_N100_V3+3D,5.022791912779212
legacy,0,a_N100_V3+3D,4.951166920363903
legacy,0,a_N100_V3+3D,5.018582916818559
legacy,0,a_N100_V3+3D,4.968083929270506
legacy,0,a_N100_V3+3D,5.039041978307068
legacy,0,a_N100_V3+3D,5.02083299215883
legacy,0,a_N100_V3+3D,4.990000044927001
legacy,0,a_N100_V3+3D,5.103374947793782
legacy,0,a_N100_V3+3D,5.091083003208041
legacy,0,a_N100_V3+3D,5.0492919981479645
legacy,0,a_N100_V3+3D,5.052665947005153
legacy,0,a_N100_V3+3D,5.017500021494925
legacy,0,a_N100_V3+3D,5.016000010073185
legacy,0,a_N100_V3+3D,5.069290986284614
legacy,0,a_N100_V3+3D,5.025207996368408
legacy,0,a_N100_V3+3D,5.0057918997481465
legacy,0,a_N100_V3+3D,5.019707954488695
legacy,0,a_N100_V3+3D,4.954374977387488
legacy,0,a_N100_V3+3D,5.124958930537105
legacy,0,a_N100_V3+3D,4.961292026564479
legacy,0,a_N100_V3+3D,5.02099993173033
legacy,0,a_N100_V3+3D,5.005292012356222
legacy,0,a_N100_V3+3D,5.009957938455045
legacy,0,a_N100_V3+3D,5.035958020016551
legacy,0,a_N100_V3+3D,5.007250001654029
legacy,0,a_N100_V3+3D,5.0088330172002316
legacy,0,a_N100_V3+3D,4.971957998350263
legacy,0,a_N100_V3+3D,5.014709080569446
legacy,0,a_N100_V3+3D,5.2842500153928995
legacy,0,a_N100_V3+3D,5.004042061045766
legacy,0,a_N100_V3+3D,5.031374981626868
legacy,0,a_N100_V3+3D,6.201875046826899
legacy,0,a_N100_V3+3D,5.461374996230006
legacy,0,a_N100_V3+3D,5.528791924007237
legacy,0,a_N100_V3+3D,5.425208015367389
legacy,0,a_N100_V3+3D,5.41354191955179
legacy,0,a_N100_V3+3D,5.3862499771639705
legacy,0,a_N100_V3+3D,5.390916019678116
legacy,0,a_N100_V3+3D,5.352666950784624
legacy,0,a_N100_V3+3D,5.3761249873787165
legacy,0,a_N100_V3+3D,5.383417010307312
legacy,0,a_N100_V3+3D,5.3856250597164035
legacy,0,a_N100_V3+3D,5.348834092728794
legacy,0,a_N100_V3+3D,5.356417037546635
legacy,0,a_N100_V3+3D,5.37041702773422
legacy,0,a_N100_V3+3D,5.351958912797272
legacy,0,a_N100_V3+3D,5.415374995209277
legacy,0,a_N100_V3+3D,5.422875052317977
legacy,0,a_N100_V3+3D,5.353249958716333
legacy,0,a_N100_V3+3D,5.3535409970209
legacy,0,a_N100_V3+3D,5.307624931447208
legacy,0,a_N100_V3+3D,5.316791939549148
legacy,0,a_N100_V3+3D,5.330124986357987
legacy,0,a_N100_V3+3D,5.336542031727731
legacy,0,a_N100_V3+3D,5.339125054888427
legacy,0,a_N100_V3+3D,5.322042037732899
legacy,0,a_N100_V3+3D,5.355666973628104
legacy,0,a_N100_V3+3D,5.36820909474045
legacy,0,a_N100_V3+3D,5.334957968443632
legacy,0,a_N100_V3+3D,5.352208041585982
legacy,0,a_N100_V3+3D,5.374624975956976
legacy,0,a_N100_V3+3D,5.354458000510931
legacy,0,a_N100_V3+3D,5.336666014045477
legacy,0,a_N100_V3+3D,5.354291992262006
legacy,0,a_N100_V3+3D,5.3333749528974295
legacy,0,a_N100_V3+3D,5.328916944563389
legacy,0,a_N100_V3+3D,5.406292038969696
legacy,0,a_N100_V3+3D,5.422707996331155
legacy,0,a_N100_V3+3D,5.3608749294653535
legacy,0,a_N100_V3+3D,5.333584034815431
legacy,0,a_N100_V3+3D,5.326959071680903
legacy,0,a_N100_V3+3D,5.991874961182475
legacy,0,a_N100_V3+3D,5.583874997682869
legacy,0,a_N100_V3+3D,5.4362500086426735
legacy,0,a_N100_V3+3D,5.417000036686659
legacy,0,a_N100_V3+3D,5.391833954490721
legacy,0,a_N100_V3+3D,5.406833020970225
legacy,0,a_N100_V3+3D,5.53320802282542
legacy,0,a_N100_V3+3D,5.445166956633329
legacy,0,a_N100_V3+3D,5.427416996099055
legacy,0,a_N100_V3+3D,5.4047079756855965
legacy,0,a_N100_V3+3D,5.357792018912733
legacy,0,a_N100_V3+3D,5.363915930502117
legacy,0,a_N100_V3+3D,5.380625021643937
legacy,0,a_N100_V3+3D,5.390541977249086
legacy,0,a_N100_V3+3D,5.39395899977535
legacy,0,a_N100_V3+3D,5.403541028499603
legacy,0,a_N100_V3+3D,5.400042049586773
legacy,0,a_N100_V3+3D,5.414542043581605
legacy,0,a_N100_V3+3D,5.375541048124433
legacy,0,a_N100_V3+3D,5.365916993469
legacy,0,a_N100_V3+3D,5.845375009812415
legacy,0,a_N100_V3+3D,5.09487499948591
legacy,0,a_N100_V3+3D,5.162708926945925
legacy,0,a_N100_V3+3D,5.166208022274077
legacy,0,a_N100_V3+3D,5.04425005055964
legacy,0,a_N100_V3+3D,5.068833939731121
legacy,0,a_N100_V3+3D,5.015957984142005
legacy,0,a_N100_V3+3D,5.073374952189624
legacy,0,a_N100_V3+3D,5.011957953684032
legacy,0,a_N100_V3+3D,5.042375065386295
legacy,0,a_N100_V3+3D,5.0160420360043645
legacy,0,a_N100_V3+3D,5.026834085583687
legacy,0,a_N100_V3+3D,5.048415972851217
legacy,0,a_N100_V3+3D,5.010124994441867
legacy,0,a_N100_V3+3D,4.996042000129819
legacy,0,a_N100_V3+3D,5.045916070230305
legacy,0,a_N100_V3+3D,5.0598750822246075
legacy,0,a_N100_V3+3D,4.996874951757491
legacy,0,a_N100_V3+3D,4.997458076104522
legacy,0,a_N100_V3+3D,5.003499914892018
legacy,0,a_N100_V3+3D,4.993833950720727
legacy,0,a_N100_V3+3D,4.993957933038473
legacy,0,a_N100_V3+3D,4.99541696626693
legacy,0,a_N100_V3+3D,4.991124966181815
legacy,0,a_N100_V3+3D,5.03316696267575
legacy,0,a_N100_V3+3D,5.020249984227121
legacy,0,a_N100_V3+3D,5.026124999858439
legacy,0,a_N100_V3+3D,4.973707953467965
legacy,0,a_N100_V3+3D,5.027333041653037
legacy,0,a_N100_V3+3D,4.967917106114328
legacy,0,a_N100_V3+3D,4.960958031006157
legacy,0,a_N100_V3+3D,4.977333010174334
legacy,0,a_N100_V3+3D,4.964499967172742
legacy,0,a_N100_V3+3D,5.012041074223816
legacy,0,a_N100_V3+3D,4.961750004440546
legacy,0,a_N100_V3+3D,4.971165908500552
legacy,0,a_N100_V3+3D,4.996957955881953
legacy,0,a_N100_V3+3D,4.972666967660189
legacy,0,a_N100_V3+3D,4.977167001925409
legacy,0,a_N100_V3+3D,5.385834025219083
legacy,0,a_N100_V3+3D,4.97558293864131
legacy,0,a_N100_V3+3D,5.000834004022181
legacy,0,a_N100_V3+3D,4.957959055900574
legacy,0,a_N100_V3+3D,4.990249988622963
legacy,0,a_N100_V3+3D,4.9585840897634625
legacy,0,a_N100_V3+3D,4.969000001437962
legacy,0,a_N100_V3+3D,5.023542093113065
legacy,0,a_N100_V3+3D,5.0025408854708076
legacy,0,a_N100_V3+3D,5.042041069827974
legacy,0,a_N100_V3+3D,4.98320790939033
legacy,0,a_N100_V3+3D,4.9512500409036875
legacy,0,a_N100_V3+3D,4.980332916602492
legacy,0,a_N100_V3+3D,4.951125010848045
legacy,0,a_N100_V3+3D,4.964916035532951
legacy,0,a_N100_V3+3D,4.981959005817771
legacy,0,a_N100_V3+3D,5.282333004288375
legacy,0,a_N100_V3+3D,4.960459074936807
legacy,0,a_N100_V3+3D,5.2235000766813755
legacy,0,a_N100_V3+3D,4.997458076104522
legacy,0,a_N100_V3+3D,5.050583044067025
legacy,0,a_N100_V3+3D,6.344750057905912
legacy,0,a_N100_V3+3D,5.566666950471699
legacy,0,a_N100_V3+3D,5.669874954037368
legacy,0,a_N100_V3+3D,5.540249985642731
legacy,0,a_N100_V3+3D,5.479541956447065
legacy,0,a_N100_V3+3D,5.489000002853572
legacy,0,a_N100_V3+3D,5.497583071701229
legacy,0,a_N100_V3+3D,5.441042012535036
legacy,0,a_N100_V3+3D,5.452417070046067
legacy,0,a_N100_V3+3D,5.451416014693677
legacy,0,a_N100_V3+3D,5.4847500286996365
legacy,0,a_N100_V3+3D,5.453541991300881
legacy,0,a_N100_V3+3D,5.479499930515885
legacy,0,a_N100_V3+3D,5.4784578969702125
legacy,0,a_N100_V3+3D,5.459000007249415
legacy,0,a_N100_V3+3D,5.442374967969954
legacy,0,a_N100_V3+3D,5.4764579981565475
legacy,0,a_N100_V3+3D,5.440084030851722
legacy,0,a_N100_V3+3D,5.468041985295713
legacy,0,a_N100_V3+3D,5.429583019576967
legacy,0,a_N100_V3+3D,5.426916992291808
legacy,0,a_N100_V3+3D,5.452000070363283
legacy,0,a_N100_V3+3D,5.4301670752465725
legacy,0,a_N100_V3+3D,5.394541076384485
legacy,0,a_N100_V3+3D,5.480207968503237
legacy,0,a_N100_V3+3D,5.402208073064685
legacy,0,a_N100_V3+3D,5.495708086527884
legacy,0,a_N100_V3+3D,5.407166900113225
legacy,0,a_N100_V3+3D,5.425416980870068
legacy,0,a_N100_V3+3D,5.422291927970946
legacy,0,a_N100_V3+3D,5.465750000439584
legacy,0,a_N100_V3+3D,5.3862909553572536
legacy,0,a_N100_V3+3D,5.4463749984279275
legacy,0,a_N100_V3+3D,5.405582953244448
legacy,0,a_N100_V3+3D,5.422667018137872
legacy,0,a_N100_V3+3D,5.407792050391436
legacy,0,a_N100_V3+3D,5.432332982309163
legacy,0,a_N100_V3+3D,5.356625071726739
legacy,0,a_N100_V3+3D,5.4330420680344105
legacy,0,a_N100_V3+3D,5.401958012953401
legacy,0,a_N100_V3+3D,5.404750001616776
legacy,0,a_N100_V3+3D,5.448916926980019
legacy,0,a_N100_V3+3D,5.446791998110712
legacy,0,a_N100_V3+3D,5.650624982081354
legacy,0,a_N100_V3+3D,5.463290959596634
legacy,0,a_N100_V3+3D,5.375792039558291
legacy,0,a_N100_V3+3D,5.4062079871073365
legacy,0,a_N100_V3+3D,5.402334034442902
legacy,0,a_N100_V3+3D,5.327083053998649
legacy,0,a_N100_V3+3D,5.34549995791167
legacy,0,a_N100_V3+3D,5.339334020391107
legacy,0,a_N100_V3+3D,5.316458060406148
legacy,0,a_N100_V3+3D,5.322167067788541
legacy,0,a_N100_V3+3D,5.355625064112246
legacy,0,a_N100_V3+3D,5.3327500354498625
legacy,0,a_N100_V3+3D,5.307667073793709
legacy,0,a_N100_V3+3D,5.422333022579551
legacy,0,a_N100_V3+3D,5.446875002235174
legacy,0,a_N100_V3+3D,5.385041004046798
legacy,0,a_N100_V3+3D,5.662334035150707
legacy,0,a_N100_V3+3D,5.785500048659742
legacy,0,a_N100_V3+3D,5.152250058017671
legacy,0,a_N100_V3+3D,5.184042034670711
legacy,0,a_N100_V3+3D,5.0580420065671206
legacy,0,a_N100_V3+3D,5.0278749549761415
legacy,0,a_N100_V3+3D,5.028791958466172
legacy,0,a_N100_V3+3D,5.0267919432371855
legacy,0,a_N100_V3+3D,5.054667009972036
legacy,0,a_N100_V3+3D,5.026708007790148
legacy,0,a_N100_V3+3D,5.033249966800213
legacy,0,a_N100_V3+3D,5.649124970659614
legacy,0,a_N100_V3+3D,5.08066697511822
legacy,0,a_N100_V3+3D,4.9987080274149776
legacy,0,a_N100_V3+3D,5.008624983020127
legacy,0,a_N100_V3+3D,5.032750079408288
legacy,0,a_N100_V3+3D,5.059292074292898
legacy,0,a_N100_V3+3D,5.039500072598457
legacy,0,a_N100_V3+3D,5.059582996182144
legacy,0,a_N100_V3+3D,5.013374960981309
legacy,0,a_N100_V3+3D,5.010124994441867
legacy,0,a_N100_V3+3D,5.016082897782326
legacy,0,a_N100_V3+3D,5.025874939747155
legacy,0,a_N100_V3+3D,4.97349991928786
legacy,0,a_N100_V3+3D,5.060042021796107
legacy,0,a_N100_V3+3D,4.990041954442859
legacy,0,a_N100_V3+3D,5.012250039726496
legacy,0,a_N100_V3+3D,5.046666949056089
legacy,0,a_N100_V3+3D,5.003084079362452
legacy,0,a_N100_V3+3D,4.979124991223216
legacy,0,a_N100_V3+3D,5.013292073272169
legacy,0,a_N100_V3+3D,4.980667028576136
legacy,0,a_N100_V3+3D,5.037958035245538
legacy,0,a_N100_V3+3D,5.034792004153132
legacy,0,a_N100_V3+3D,4.9982089549303055
legacy,0,a_N100_V3+3D,4.9997089663520455
legacy,0,a_N100_V3+3D,4.987541935406625
legacy,0,a_N100_V3+3D,5.019916919991374
legacy,0,a_N100_V3+3D,4.981457954272628
legacy,0,a_N100_V3+3D,4.999833996407688
legacy,0,a_N100_V3+3D,5.013833986595273
legacy,0,a_N100_V3+3D,4.984416998922825
legacy,0,a_N100_V3+3D,4.991000052541494
legacy,0,a_N100_V3+3D,5.016750073991716
legacy,0,a_N100_V3+3D,5.034083966165781
legacy,0,a_N100_V3+3D,4.995750030502677
legacy,0,a_N100_V3+3D,4.992334055714309
legacy,0,a_N100_V3+3D,5.007083062082529
legacy,0,a_N100_V3+3D,5.016500013880432
legacy,0,a_N100_V3+3D,5.0039589405059814
legacy,0,a_N100_V3+3D,4.983666935004294
legacy,0,a_N100_V3+3D,4.977750009857118
legacy,0,a_N100_V3+3D,4.995291936211288
legacy,0,a_N100_V3+3D,5.011250032112002
legacy,0,a_N100_V3+3D,5.021541961468756
legacy,0,a_N100_V3+3D,5.004666978493333
legacy,0,a_N100_V3+3D,5.018790950998664
legacy,0,a_N100_V3+3D,4.996915929950774
legacy,0,a_N100_V3+3D,5.267250002361834
legacy,0,a_N100_V3+3D,5.027082981541753
legacy,0,a_N100_V3+3D,5.010541994124651
legacy,0,a_N100_V3+3D,6.195749971084297
legacy,0,a_N100_V3+3D,5.50474994815886
legacy,0,a_N100_V3+3D,5.523959058336914
legacy,0,a_N100_V3+3D,5.446958006359637
legacy,0,a_N100_V3+3D,5.524083040654659
legacy,0,a_N100_V3+3D,5.429333075881004
legacy,0,a_N100_V3+3D,5.401042057201266
legacy,0,a_N100_V3+3D,5.393916042521596
legacy,0,a_N100_V3+3D,5.388999939896166
legacy,0,a_N100_V3+3D,5.360332899726927
legacy,0,a_N100_V3+3D,5.499875056557357
legacy,0,a_N100_V3+3D,5.373875028453767
legacy,0,a_N100_V3+3D,5.370124941691756
legacy,0,a_N100_V3+3D,5.465875030495226
legacy,0,a_N100_V3+3D,5.3906249813735485
legacy,0,a_N100_V3+3D,5.527957924641669
legacy,0,a_N100_V3+3D,5.481416010297835
legacy,0,a_N100_V3+3D,5.391167011111975
legacy,0,a_N100_V3+3D,5.399832967668772
legacy,0,a_N100_V3+3D,5.3990000160411
legacy,0,a_N100_V3+3D,5.458333995193243
legacy,0,a_N100_V3+3D,5.385250085964799
legacy,0,a_N100_V3+3D,5.389625090174377
legacy,0,a_N100_V3+3D,5.356124951504171
legacy,0,a_N100_V3+3D,6.284457980655134
legacy,0,a_N100_V3+3D,5.518541904166341
legacy,0,a_N100_V3+3D,5.573665956035256
legacy,0,a_N100_V3+3D,5.404290976002812
legacy,0,a_N100_V3+3D,5.374916945584118
legacy,0,a_N100_V3+3D,5.359375034458935
legacy,0,a_N100_V3+3D,5.355792003683746
legacy,0,a_N100_V3+3D,5.353459040634334
legacy,0,a_N100_V3+3D,5.3732499945908785
legacy,0,a_N100_V3+3D,5.379792070016265
legacy,0,a_N100_V3+3D,5.361750023439527
legacy,0,a_N100_V3+3D,5.454041995108128
legacy,0,a_N100_V3+3D,5.418083048425615
legacy,0,a_N100_V3+3D,5.379333975724876
legacy,0,a_N100_V3+3D,5.383334006182849
legacy,0,a_N100_V3+3D,5.356082925572991
legacy,0,a_N100_V3+3D,5.365416989661753
legacy,0,a_N100_V3+3D,5.349625018425286
legacy,0,a_N100_V3+3D,5.475041922181845
legacy,0,a_N100_V3+3D,5.338624934665859
legacy,0,a_N100_V3+3D,5.354707944206893
legacy,0,a_N100_V3+3D,5.64662495162338
legacy,0,a_N100_V3+3D,5.4478750098496675
legacy,0,a_N100_V3+3D,5.384250078350306
legacy,0,a_N100_V3+3D,5.370917031541467
legacy,0,a_N100_V3+3D,5.361124989576638
legacy,0,a_N100_V3+3D,5.323167075403035
legacy,0,a_N100_V3+3D,5.339875002391636
legacy,0,a_N100_V3+3D,5.351250059902668
legacy,0,a_N100_V3+3D,5.330041982233524
legacy,0,a_N100_V3+3D,5.422249902039766
legacy,0,a_N100_V3+3D,5.3580830572173
legacy,0,a_N100_V3+3D,5.333625013008714
legacy,0,a_N100_V3+3D,5.373457912355661
legacy,0,a_N100_V3+3D,5.362208001315594
legacy,0,a_N100_V3+3D,5.376333952881396
legacy,0,a_N100_V3+3D,5.795167060568929
legacy,0,a_N100_V3+3D,5.096207954920828
legacy,0,a_N100_V3+3D,5.149790900759399
legacy,0,a_N100_V3+3D,5.060874973423779
legacy,0,a_N100_V3+3D,5.003166967071593
legacy,0,a_N100_V3+3D,5.045540980063379
legacy,0,a_N100_V3+3D,5.025916965678334
legacy,0,a_N100_V3+3D,5.007541971281171
legacy,0,a_N100_V3+3D,4.992999951355159
legacy,0,a_N100_V3+3D,5.042457953095436
legacy,0,a_N100_V3+3D,5.022750003263354
legacy,0,a_N100_V3+3D,4.992958041839302
legacy,0,a_N100_V3+3D,5.035790964029729
legacy,0,a_N100_V3+3D,4.981499980203807
legacy,0,a_N100_V3+3D,4.9869169015437365
legacy,0,a_N100_V3+3D,5.053916946053505
legacy,0,a_N100_V3+3D,5.59149996843189
legacy,0,a_N100_V3+3D,5.018291994929314
legacy,0,a_N100_V3+3D,4.995499970391393
legacy,0,a_N100_V3+3D,4.9747079610824585
legacy,0,a_N100_V3+3D,4.945999942719936
legacy,0,a_N100_V3+3D,4.995582974515855
legacy,0,a_N100_V3+3D,4.9743750132620335
legacy,0,a_N100_V3+3D,4.978916957043111
legacy,0,a_N100_V3+3D,5.0200000405311584
legacy,0,a_N100_V3+3D,4.985084058716893
legacy,0,a_N100_V3+3D,4.9974999856203794
legacy,0,a_N100_V3+3D,4.9509580712765455
legacy,0,a_N100_V3+3D,4.973166040144861
legacy,0,a_N100_V3+3D,4.976374912075698
legacy,0,a_N100_V3+3D,4.9623328959569335
legacy,0,a_N100_V3+3D,4.956666030921042
legacy,0,a_N100_V3+3D,4.959916928783059
legacy,0,a_N100_V3+3D,4.955000011250377
legacy,0,a_N100_V3+3D,4.969208035618067
legacy,0,a_N100_V3+3D,4.945209017023444
legacy,0,a_N100_V3+3D,4.964708001352847
legacy,0,a_N100_V3+3D,4.950542002916336
legacy,0,a_N100_V3+3D,4.961166996508837
legacy,0,a_N100_V3+3D,4.95054095517844
legacy,0,a_N100_V3+3D,4.930875031277537
legacy,0,a_N100_V3+3D,4.963124985806644
legacy,0,a_N100_V3+3D,4.966708016581833
legacy,0,a_N100_V3+3D,4.943958017975092
legacy,0,a_N100_V3+3D,4.942333907820284
legacy,0,a_N100_V3+3D,4.984624916687608
legacy,0,a_N100_V3+3D,4.978999961167574
legacy,0,a_N100_V3+3D,5.012416979297996
legacy,0,a_N100_V3+3D,4.990832996554673
legacy,0,a_N100_V3+3D,4.98474994674325
legacy,0,a_N100_V3+3D,4.986915970221162
legacy,0,a_N100_V3+3D,4.947416950017214
legacy,0,a_N100_V3+3D,4.930999944917858
legacy,0,a_N100_V3+3D,4.952125018462539
legacy,0,a_N100_V3+3D,5.006833001971245
legacy,0,a_N100_V3+3D,4.9461249727755785
legacy,0,a_N100_V3+3D,4.982416983693838
legacy,0,a_N100_V3+3D,5.193000077269971
legacy,0,a_N100_V3+3D,4.983499995432794
legacy,0,a_N100_V3+3D,4.958958947099745
legacy,0,a_N100_V3+3D,6.17787498049438
legacy,0,a_N100_V3+3D,5.486374953761697
legacy,0,a_N100_V3+3D,5.58329198975116
legacy,0,a_N100_V3+3D,5.475749960169196
legacy,0,a_N100_V3+3D,5.417375010438263
legacy,0,a_N100_V3+3D,5.40066696703434
legacy,0,a_N100_V3+3D,5.424875067546964
legacy,0,a_N100_V3+3D,5.370875005610287
legacy,0,a_N100_V3+3D,5.398832960054278
legacy,0,a_N100_V3+3D,5.833458038978279
legacy,0,a_N100_V3+3D,5.59754204005003
legacy,0,a_N100_V3+3D,5.523208994418383
legacy,0,a_N100_V3+3D,5.45949989464134
legacy,0,a_N100_V3+3D,5.4723749635741115
legacy,0,a_N100_V3+3D,5.442624911665916
legacy,0,a_N100_V3+3D,5.542374914512038
legacy,0,a_N100_V3+3D,5.425999988801777
legacy,0,a_N100_V3+3D,5.453167017549276
legacy,0,a_N100_V3+3D,5.383791984058917
legacy,0,a_N100_V3+3D,5.924499942921102
legacy,0,a_N100_V3+3D,5.405500065535307
legacy,0,a_N100_V3+3D,5.405499949119985
legacy,0,a_N100_V3+3D,5.387917044572532
legacy,0,a_N100_V3+3D,5.440750042907894
legacy,0,a_N100_V3+3D,5.398791981860995
legacy,0,a_N100_V3+3D,5.808250047266483
legacy,0,a_N100_V3+3D,5.4192920215427876
legacy,0,a_N100_V3+3D,5.3724589524790645
legacy,0,a_N100_V3+3D,5.395916989073157
legacy,0,a_N100_V3+3D,5.379582988098264
legacy,0,a_N100_V3+3D,5.4777089972049
legacy,0,a_N100_V3+3D,6.176207913085818
legacy,0,a_N100_V3+3D,5.549957975745201
legacy,0,a_N100_V3+3D,5.4123339941725135
legacy,0,a_N100_V3+3D,5.407499964348972
legacy,0,a_N100_V3+3D,5.395249929279089
legacy,0,a_N100_V3+3D,5.459667067043483
legacy,0,a_N100_V3+3D,5.472291959449649
legacy,0,a_N100_V3+3D,5.42237504851073
legacy,0,a_N100_V3+3D,5.361707997508347
legacy,0,a_N100_V3+3D,5.3812500555068254
legacy,0,a_N100_V3+3D,5.408792058005929
legacy,0,a_N100_V3+3D,5.394916981458664
legacy,0,a_N100_V3+3D,5.3928750567138195
legacy,0,a_N100_V3+3D,5.375541979447007
legacy,0,a_N100_V3+3D,5.439791944809258
legacy,0,a_N100_V3+3D,5.357749992981553
legacy,0,a_N100_V3+3D,5.370792001485825
legacy,0,a_N100_V3+3D,5.389958969317377
legacy,0,a_N100_V3+3D,5.348374950699508
legacy,0,a_N100_V3+3D,5.420624976977706
legacy,0,a_N100_V3+3D,5.466667003929615
legacy,0,a_N100_V3+3D,5.403790972195566
legacy,0,a_N100_V3+3D,5.443583009764552
legacy,0,a_N100_V3+3D,5.370875005610287
legacy,0,a_N100_V3+3D,5.425665993243456
legacy,0,a_N100_V3+3D,5.429292097687721
legacy,0,a_N100_V3+3D,5.398749955929816
legacy,0,a_N100_V3+3D,5.393791943788528
legacy,0,a_N100_V3+3D,5.356791079975665
legacy,0,a_N100_V3+3D,5.886874976567924
legacy,0,a_N100_V3+3D,5.183333996683359
legacy,0,a_N100_V3+3D,5.271917092613876
legacy,0,a_N100_V3+3D,5.1365840481594205
legacy,0,a_N100_V3+3D,5.1576250698417425
legacy,0,a_N100_V3+3D,5.095208063721657
legacy,0,a_N100_V3+3D,5.136374966241419
legacy,0,a_N100_V3+3D,5.040583899244666
legacy,0,a_N100_V3+3D,5.095792002975941
legacy,0,a_N100_V3+3D,5.044291960075498
legacy,0,a_N100_V3+3D,5.093749961815774
legacy,0,a_N100_V3+3D,5.056458991020918
legacy,0,a_N100_V3+3D,5.113083985634148
legacy,0,a_N100_V3+3D,5.073250038549304
legacy,0,a_N100_V3+3D,5.19900000654161
legacy,0,a_N100_V3+3D,5.174417048692703
legacy,0,a_N100_V3+3D,5.071207997389138
legacy,0,a_N100_V3+3D,5.037458031438291
legacy,0,a_N100_V3+3D,5.091500002890825
legacy,0,a_N100_V3+3D,5.057708011008799
legacy,0,a_N100_V3+3D,5.0609169993549585
legacy,0,a_N100_V3+3D,5.090249935165048
legacy,0,a_N100_V3+3D,5.061750067397952
legacy,0,a_N100_V3+3D,5.0565419951453805
legacy,0,a_N100_V3+3D,5.064332974143326
legacy,0,a_N100_V3+3D,5.041625001467764
legacy,0,a_N100_V3+3D,5.093500018119812
legacy,0,a_N100_V3+3D,5.0438749603927135
legacy,0,a_N100_V3+3D,5.075208959169686
legacy,0,a_N100_V3+3D,5.045625031925738
legacy,0,a_N100_V3+3D,5.083917058072984
legacy,0,a_N100_V3+3D,5.029209074564278
legacy,0,a_N100_V3+3D,5.044040968641639
legacy,0,a_N100_V3+3D,5.024500074796379
legacy,0,a_N100_V3+3D,5.058999988250434
legacy,0,a_N100_V3+3D,5.02683303784579
legacy,0,a_N100_V3+3D,5.0833330024033785
legacy,0,a_N100_V3+3D,5.032916087657213
legacy,0,a_N100_V3+3D,5.056416965089738
legacy,0,a_N100_V3+3D,5.033500026911497
legacy,0,a_N100_V3+3D,5.067624966613948
legacy,0,a_N100_V3+3D,5.021083983592689
legacy,0,a_N100_V3+3D,5.073125008493662
legacy,0,a_N100_V3+3D,5.026584025472403
legacy,0,a_N100_V3+3D,5.128500051796436
legacy,0,a_N100_V3+3D,5.057041998952627
legacy,0,a_N100_V3+3D,5.040124990046024
legacy,0,a_N100_V3+3D,5.055417073890567
legacy,0,a_N100_V3+3D,5.080292001366615
legacy,0,a_N100_V3+3D,4.970708047039807
legacy,0,a_N100_V3+3D,5.02233300358057
legacy,0,a_N100_V3+3D,4.996541072614491
legacy,0,a_N100_V3+3D,5.05204196088016
legacy,0,a_N100_V3+3D,5.015249946154654
legacy,0,a_N100_V3+3D,4.976999945938587
legacy,0,a_N100_V3+3D,5.063834018073976
legacy,0,a_N100_V3+3D,5.0843749195337296
legacy,0,a_N100_V3+3D,5.3131249733269215
legacy,0,a_N100_V3+3D,5.092583945952356
legacy,0,a_N100_V3+3D,5.084250005893409
legacy,0,a_N100_V3+3D,6.389584043063223
legacy,0,a_N100_V3+3D,5.67674997728318
legacy,0,a_N100_V3+3D,5.636832909658551
legacy,0,a_N100_V3+3D,5.505500012077391
legacy,0,a_N100_V3+3D,5.465082940645516
legacy,0,a_N100_V3+3D,5.466167000122368
legacy,0,a_N100_V3+3D,5.458542029373348
legacy,0,a_N100_V3+3D,6.668249960057437
legacy,0,a_N100_V3+3D,5.965874996036291
legacy,0,a_N100_V3+3D,5.923041026107967
legacy,0,a_N100_V3+3D,5.854208022356033
legacy,0,a_N100_V3+3D,5.614709109067917
legacy,0,a_N100_V3+3D,5.459208972752094
legacy,0,a_N100_V3+3D,5.49025007057935
legacy,0,a_N100_V3+3D,5.588374915532768
legacy,0,a_N100_V3+3D,5.533957970328629
legacy,0,a_N100_V3+3D,5.369958002120256
legacy,0,a_N100_V3+3D,5.464457906782627
legacy,0,a_N100_V3+3D,5.487749935127795
legacy,0,a_N100_V3+3D,5.443374975584447
legacy,0,a_N100_V3+3D,5.488625029101968
legacy,0,a_N100_V3+3D,5.4626669734716415
legacy,0,a_N100_V3+3D,5.428374977782369
legacy,0,a_N100_V3+3D,5.40054205339402
legacy,0,a_N100_V3+3D,5.760082975029945
legacy,0,a_N100_V3+3D,5.52666699513793
legacy,0,a_N100_V3+3D,5.452792043797672
legacy,0,a_N100_V3+3D,5.442500114440918
legacy,0,a_N100_V3+3D,5.426167044788599
legacy,0,a_N100_V3+3D,5.464209010824561
legacy,0,a_N100_V3+3D,5.503957974724472
legacy,0,a_N100_V3+3D,5.410457961261272
legacy,0,a_N100_V3+3D,5.3247499745339155
legacy,0,a_N100_V3+3D,5.582249956205487
legacy,0,a_N100_V3+3D,5.426625022664666
legacy,0,a_N100_V3+3D,5.445459042675793
legacy,0,a_N100_V3+3D,5.406167008914053
legacy,0,a_N100_V3+3D,5.446542054414749
legacy,0,a_N100_V3+3D,5.3628330351784825
legacy,0,a_N100_V3+3D,5.4456660291180015
legacy,0,a_N100_V3+3D,5.4406250128522515
legacy,0,a_N100_V3+3D,5.418791086412966
legacy,0,a_N100_V3+3D,5.396292079240084
legacy,0,a_N100_V3+3D,5.452083074487746
legacy,0,a_N100_V3+3D,5.413249949924648
legacy,0,a_N100_V3+3D,5.435833008959889
legacy,0,a_N100_V3+3D,5.41333295404911
legacy,0,a_N100_V3+3D,5.440250039100647
legacy,0,a_N100_V3+3D,5.492958007380366
legacy,0,a_N100_V3+3D,5.428374977782369
legacy,0,a_N100_V3+3D,5.3327500354498625
legacy,0,a_N100_V3+3D,5.413500010035932
legacy,0,a_N100_V3+3D,5.4825409315526485
legacy,0,a_N100_V3+3D,5.4374170722439885
legacy,0,a_N100_V3+3D,5.364999989978969
legacy,0,a_N100_V3+3D,5.395416985265911
legacy,0,a_N100_V3+3D,5.523291998542845
legacy,0,a_N100_V3+3D,5.452000070363283
legacy,0,a_N100_V3+3D,5.341708078049123
legacy,0,a_N100_V3+3D,5.465916940011084
legacy,0,b_N100_V4,8.512582979165018
legacy,0,b_N100_V4,7.332582958042622
legacy,0,b_N100_V4,7.153667043894529
legacy,0,b_N100_V4,7.167416042648256
legacy,0,b_N100_V4,7.193792029283941
legacy,0,b_N100_V4,7.088375044986606
legacy,0,b_N100_V4,7.092833053320646
legacy,0,b_N100_V4,7.193500059656799
legacy,0,b_N100_V4,7.106459001079202
legacy,0,b_N100_V4,7.1373749524354935
legacy,0,b_N100_V4,7.105666911229491
legacy,0,b_N100_V4,7.07920896820724
legacy,0,b_N100_V4,7.296875002793968
legacy,0,b_N100_V4,7.085082936100662
legacy,0,b_N100_V4,7.0439999690279365
legacy,0,b_N100_V4,7.783624925650656
legacy,0,b_N100_V4,7.293625036254525
legacy,0,b_N100_V4,7.176332990638912
legacy,0,b_N100_V4,7.049291045404971
legacy,0,b_N100_V4,7.055083056911826
legacy,0,b_N100_V4,7.037208997644484
legacy,0,b_N100_V4,7.073250017128885
legacy,0,b_N100_V4,6.989583023823798
legacy,0,b_N100_V4,7.006458938121796
legacy,0,b_N100_V4,6.978875026106834
legacy,0,b_N100_V4,7.02254194766283
legacy,0,b_N100_V4,7.001291960477829
legacy,0,b_N100_V4,6.932332995347679
legacy,0,b_N100_V4,6.938874954357743
legacy,0,b_N100_V4,6.981792044825852
legacy,0,b_N100_V4,6.95137504953891
legacy,0,b_N100_V4,7.5659999856725335
legacy,0,b_N100_V4,7.095959037542343
legacy,0,b_N100_V4,7.073792046867311
legacy,0,b_N100_V4,7.070958032272756
legacy,0,b_N100_V4,7.7364579774439335
legacy,0,b_N100_V4,7.204915978945792
legacy,0,b_N100_V4,7.056541973724961
legacy,0,b_N100_V4,6.9987919414415956
legacy,0,b_N100_V4,6.970041082240641
legacy,0,b_N100_V4,6.959166959859431
legacy,0,b_N100_V4,7.014582981355488
legacy,0,b_N100_V4,7.124166004359722
legacy,0,b_N100_V4,7.8201669966802
legacy,0,b_N100_V4,7.018042029812932
legacy,0,b_N100_V4,6.978499935939908
legacy,0,b_N100_V4,6.941208033822477
legacy,0,b_N100_V4,7.400125032290816
legacy,0,b_N100_V4,6.981916027143598
legacy,0,b_N100_V4,6.937667028978467
legacy,0,b_N100_V4,6.967792054638267
legacy,0,b_N100_V4,7.045082980766892
legacy,0,b_N100_V4,6.936042103916407
legacy,0,b_N100_V4,7.07466690801084
legacy,0,b_N100_V4,6.969833048060536
legacy,0,b_N100_V4,6.953166914172471
legacy,0,b_N100_V4,6.951750023290515
legacy,0,b_N100_V4,6.918165949173272
legacy,0,b_N100_V4,6.970208021812141
legacy,0,b_N100_V4,7.0187089731916785
legacy,0,b_N100_V4,8.141041966155171
legacy,0,b_N100_V4,7.4146249098703265
legacy,0,b_N100_V4,7.340207928791642
legacy,0,b_N100_V4,7.668167003430426
legacy,0,b_N100_V4,7.352333981543779
legacy,0,b_N100_V4,7.340791984461248
legacy,0,b_N100_V4,7.327707950025797
legacy,0,b_N100_V4,7.301290985196829
legacy,0,b_N100_V4,7.289209053851664
legacy,0,b_N100_V4,7.345707970671356
legacy,0,b_N100_V4,7.314749993383884
legacy,0,b_N100_V4,7.330541964620352
legacy,0,b_N100_V4,7.299875025637448
legacy,0,b_N100_V4,7.3394590290263295
legacy,0,b_N100_V4,7.292875088751316
legacy,0,b_N100_V4,7.482041954062879
legacy,0,b_N100_V4,7.310874992981553
legacy,0,b_N100_V4,7.315291906706989
legacy,0,b_N100_V4,7.2894589975476265
legacy,0,b_N100_V4,7.538958918303251
legacy,0,b_N100_V4,7.3552499525249
legacy,0,b_N100_V4,7.321916986256838
legacy,0,b_N100_V4,7.293415954336524
legacy,0,b_N100_V4,7.361333002336323
legacy,0,b_N100_V4,7.306791958399117
legacy,0,b_N100_V4,7.314792019315064
legacy,0,b_N100_V4,7.3043330339714885
legacy,0,b_N100_V4,7.361500058323145
legacy,0,b_N100_V4,7.318041054531932
legacy,0,b_N100_V4,7.315041963011026
legacy,0,b_N100_V4,7.295250077731907
legacy,0,b_N100_V4,7.300499943085015
legacy,0,b_N100_V4,7.323125028051436
legacy,0,b_N100_V4,7.297583972103894
legacy,0,b_N100_V4,7.286040927283466
legacy,0,b_N100_V4,8.015958010219038
legacy,0,b_N100_V4,7.321291952393949
legacy,0,b_N100_V4,7.344375015236437
legacy,0,b_N100_V4,7.288250024430454
legacy,0,b_N100_V4,7.293583010323346
legacy,0,b_N100_V4,7.304291008040309
legacy,0,b_N100_V4,7.316458038985729
legacy,0,b_N100_V4,7.424292038194835
legacy,0,b_N100_V4,7.291082991287112
legacy,0,b_N100_V4,7.324542035348713
legacy,0,b_N100_V4,7.334958063438535
legacy,0,b_N100_V4,7.308583939447999
legacy,0,b_N100_V4,7.3647500248625875
legacy,0,b_N100_V4,7.331457920372486
legacy,0,b_N100_V4,7.365666911937296
legacy,0,b_N100_V4,7.315790979191661
legacy,0,b_N100_V4,7.485374924726784
legacy,0,b_N100_V4,7.32720794621855
legacy,0,b_N100_V4,7.377082947641611
legacy,0,b_N100_V4,7.297292002476752
legacy,0,b_N100_V4,7.315375027246773
legacy,0,b_N100_V4,7.317458046600223
legacy,0,b_N100_V4,7.444625021889806
legacy,0,b_N100_V4,7.283417042344809
legacy,0,b_N100_V4,7.302458048798144
legacy,0,b_N100_V4,7.821250008419156
legacy,0,b_N100_V4,7.116749999113381
legacy,0,b_N100_V4,7.026250008493662
legacy,0,b_N100_V4,7.078667054884136
legacy,0,b_N100_V4,7.044165977276862
legacy,0,b_N100_V4,6.983208004385233
legacy,0,b_N100_V4,7.021875004284084
legacy,0,b_N100_V4,6.9173339288681746
legacy,0,b_N100_V4,6.985207903198898
legacy,0,b_N100_V4,6.97862496599555
legacy,0,b_N100_V4,6.978792021982372
legacy,0,b_N100_V4,7.131541962735355
legacy,0,b_N100_V4,7.116541964933276
legacy,0,b_N100_V4,6.985750049352646
legacy,0,b_N100_V4,6.967916036956012
legacy,0,b_N100_V4,6.953959004022181
legacy,0,b_N100_V4,6.960625061765313
legacy,0,b_N100_V4,7.065917016007006
legacy,0,b_N100_V4,6.974791060201824
legacy,0,b_N100_V4,7.0194590371102095
legacy,0,b_N100_V4,6.986292079091072
legacy,0,b_N100_V4,6.947624962776899
legacy,0,b_N100_V4,6.988166947849095
legacy,0,b_N100_V4,6.96274999063462
legacy,0,b_N100_V4,6.944291992112994
legacy,0,b_N100_V4,6.944541935808957
legacy,0,b_N100_V4,6.983165978454053
legacy,0,b_N100_V4,6.9506249856203794
legacy,0,b_N100_V4,6.941584055311978
legacy,0,b_N100_V4,6.938750040717423
legacy,0,b_N100_V4,6.9194999523460865
legacy,0,b_N100_V4,6.968292058445513
legacy,0,b_N100_V4,6.938499980606139
legacy,0,b_N100_V4,7.015334093011916
legacy,0,b_N100_V4,6.948084104806185
legacy,0,b_N100_V4,6.9560830015689135
legacy,0,b_N100_V4,6.955499993637204
legacy,0,b_N100_V4,6.9357919273898005
legacy,0,b_N100_V4,6.953999982215464
legacy,0,b_N100_V4,7.174624945037067
legacy,0,b_N100_V4,6.922208005562425
legacy,0,b_N100_V4,7.448083022609353
legacy,0,b_N100_V4,7.123833987861872
legacy,0,b_N100_V4,7.038124953396618
legacy,0,b_N100_V4,6.951333023607731
legacy,0,b_N100_V4,6.991083035245538
legacy,0,b_N100_V4,6.9790000561624765
legacy,0,b_N100_V4,6.979042082093656
legacy,0,b_N100_V4,7.016999996267259
legacy,0,b_N100_V4,6.994666997343302
legacy,0,b_N100_V4,6.963833002373576
legacy,0,b_N100_V4,6.910624913871288
legacy,0,b_N100_V4,6.953833042643964
legacy,0,b_N100_V4,6.934541976079345
legacy,0,b_N100_V4,6.951124989427626
legacy,0,b_N100_V4,7.339874980971217
legacy,0,b_N100_V4,6.900666980072856
legacy,0,b_N100_V4,6.924249930307269
legacy,0,b_N100_V4,6.936792051419616
legacy,0,b_N100_V4,6.95508299395442
legacy,0,b_N100_V4,8.336792001500726
legacy,0,b_N100_V4,7.484083063900471
legacy,0,b_N100_V4,7.523834006860852
legacy,0,b_N100_V4,7.503166911192238
legacy,0,b_N100_V4,7.459041895344853
legacy,0,b_N100_V4,7.447500014677644
legacy,0,b_N100_V4,7.443457958288491
legacy,0,b_N100_V4,7.347332895733416
legacy,0,b_N100_V4,7.441957946866751
legacy,0,b_N100_V4,7.42666597943753
legacy,0,b_N100_V4,7.4139999924227595
legacy,0,b_N100_V4,7.27512501180172
legacy,0,b_N100_V4,7.458582986146212
legacy,0,b_N100_V4,7.4365000473335385
legacy,0,b_N100_V4,7.440416025929153
legacy,0,b_N100_V4,7.39120808430016
legacy,0,b_N100_V4,8.111790986731648
legacy,0,b_N100_V4,7.447666954249144
legacy,0,b_N100_V4,7.469916017726064
legacy,0,b_N100_V4,7.383332937024534
legacy,0,b_N100_V4,7.388665922917426
legacy,0,b_N100_V4,7.359874900430441
legacy,0,b_N100_V4,7.502833032049239
legacy,0,b_N100_V4,7.3235000018030405
legacy,0,b_N100_V4,7.369667058810592
legacy,0,b_N100_V4,7.42012495175004
legacy,0,b_N100_V4,7.436542073264718
legacy,0,b_N100_V4,7.606792030856013
legacy,0,b_N100_V4,7.45775003451854
legacy,0,b_N100_V4,7.4162500677630305
legacy,0,b_N100_V4,7.46229209471494
legacy,0,b_N100_V4,7.413875078782439
legacy,0,b_N100_V4,7.483083056285977
legacy,0,b_N100_V4,7.336999988183379
legacy,0,b_N100_V4,7.407124969176948
legacy,0,b_N100_V4,7.656667032279074
legacy,0,b_N100_V4,7.518667029216886
legacy,0,b_N100_V4,7.428666925989091
legacy,0,b_N100_V4,7.420249981805682
legacy,0,b_N100_V4,7.457125000655651
legacy,0,b_N100_V4,7.4295420199632645
legacy,0,b_N100_V4,7.463084068149328
legacy,0,b_N100_V4,7.436084095388651
legacy,0,b_N100_V4,7.538042031228542
legacy,0,b_N100_V4,7.4705000733956695
legacy,0,b_N100_V4,7.489917101338506
legacy,0,b_N100_V4,7.4350000359117985
legacy,0,b_N100_V4,7.432374986819923
legacy,0,b_N100_V4,7.433582912199199
legacy,0,b_N100_V4,7.324374979361892
legacy,0,b_N100_V4,7.438124972395599
legacy,0,b_N100_V4,7.419207948260009
legacy,0,b_N100_V4,7.4012079276144505
legacy,0,b_N100_V4,7.3364999843761325
legacy,0,b_N100_V4,7.533375057391822
legacy,0,b_N100_V4,7.3232080321758986
legacy,0,b_N100_V4,7.427665987052023
legacy,0,b_N100_V4,7.427958073094487
legacy,0,b_N100_V4,7.417832966893911
legacy,0,b_N100_V4,7.54095904994756
legacy,0,b_N100_V4,7.96708301641047
legacy,0,b_N100_V4,7.147833006456494
legacy,0,b_N100_V4,7.1526659885421395
legacy,0,b_N100_V4,7.103250012733042
legacy,0,b_N100_V4,7.1150410221889615
legacy,0,b_N100_V4,6.977375014685094
legacy,0,b_N100_V4,7.1199999656528234
legacy,0,b_N100_V4,6.99754199013114
legacy,0,b_N100_V4,7.145249983295798
legacy,0,b_N100_V4,7.0932499365881085
legacy,0,b_N100_V4,7.105541997589171
legacy,0,b_N100_V4,6.980584003031254
legacy,0,b_N100_V4,7.0908330380916595
legacy,0,b_N100_V4,7.0628749672323465
legacy,0,b_N100_V4,7.117875036783516
legacy,0,b_N100_V4,7.097875000908971
legacy,0,b_N100_V4,7.133792038075626
legacy,0,b_N100_V4,6.962958024814725
legacy,0,b_N100_V4,7.073207991197705
legacy,0,b_N100_V4,6.9702500477433205
legacy,0,b_N100_V4,7.09058390930295
legacy,0,b_N100_V4,7.8740830067545176
legacy,0,b_N100_V4,7.226541987620294
legacy,0,b_N100_V4,7.198084029369056
legacy,0,b_N100_V4,7.116165943443775
legacy,0,b_N100_V4,7.188417017459869
legacy,0,b_N100_V4,7.202917011454701
legacy,0,b_N100_V4,7.147834054194391
legacy,0,b_N100_V4,7.137333042919636
legacy,0,b_N100_V4,7.091459003277123
legacy,0,b_N100_V4,7.1309159975498915
legacy,0,b_N100_V4,6.989625049754977
legacy,0,b_N100_V4,7.13570904918015
legacy,0,b_N100_V4,7.082000025548041
legacy,0,b_N100_V4,7.12187506724149
legacy,0,b_N100_V4,6.954333977773786
legacy,0,b_N100_V4,6.94741599727422
legacy,0,b_N100_V4,6.991416914388537
legacy,0,b_N100_V4,7.110417005605996
legacy,0,b_N100_V4,7.106874953024089
legacy,0,b_N100_V4,7.060499978251755
legacy,0,b_N100_V4,6.889084004797041
legacy,0,b_N100_V4,7.126666023395956
legacy,0,b_N100_V4,7.025207974947989
legacy,0,b_N100_V4,7.104541989974678
legacy,0,b_N100_V4,7.134875049814582
legacy,0,b_N100_V4,7.084708078764379
legacy,0,b_N100_V4,7.126000011339784
legacy,0,b_N100_V4,7.113666040822864
legacy,0,b_N100_V4,6.987792090512812
legacy,0,b_N100_V4,7.064583012834191
legacy,0,b_N100_V4,7.090625003911555
legacy,0,b_N100_V4,7.113083964213729
legacy,0,b_N100_V4,6.947249989025295
legacy,0,b_N100_V4,7.085833931341767
legacy,0,b_N100_V4,7.050417014397681
legacy,0,b_N100_V4,7.063791970722377
legacy,0,b_N100_V4,7.2847079718485475
legacy,0,b_N100_V4,7.07058294210583
legacy,0,b_N100_V4,6.926584057509899
legacy,0,b_N100_V4,8.14679206814617
legacy,0,b_N100_V4,7.458916981704533
legacy,0,b_N100_V4,7.401208044029772
legacy,0,b_N100_V4,7.330916938371956
legacy,0,b_N100_V4,7.376333931460977
legacy,0,b_N100_V4,7.353041903115809
legacy,0,b_N100_V4,7.352874963544309
legacy,0,b_N100_V4,7.495334022678435
legacy,0,b_N100_V4,7.332749897614121
legacy,0,b_N100_V4,7.296500029042363
legacy,0,b_N100_V4,7.297666976228356
legacy,0,b_N100_V4,7.312665926292539
legacy,0,b_N100_V4,7.2695419657975435
legacy,0,b_N100_V4,7.4176250491291285
legacy,0,b_N100_V4,7.319625001400709
legacy,0,b_N100_V4,7.3480840073898435
legacy,0,b_N100_V4,7.30150006711483
legacy,0,b_N100_V4,7.298290962353349
legacy,0,b_N100_V4,7.282875012606382
legacy,0,b_N100_V4,7.844999898225069
legacy,0,b_N100_V4,7.756124949082732
legacy,0,b_N100_V4,7.517958991229534
legacy,0,b_N100_V4,7.489542011171579
legacy,0,b_N100_V4,7.49266694765538
legacy,0,b_N100_V4,7.455416955053806
legacy,0,b_N100_V4,7.437209016643465
legacy,0,b_N100_V4,7.436832995153964
legacy,0,b_N100_V4,7.385167060419917
legacy,0,b_N100_V4,7.417417014949024
legacy,0,b_N100_V4,7.470667012967169
legacy,0,b_N100_V4,7.4038340244442225
legacy,0,b_N100_V4,7.412542006932199
legacy,0,b_N100_V4,7.425875053741038
legacy,0,b_N100_V4,7.395583903416991
legacy,0,b_N100_V4,7.38087494391948
legacy,0,b_N100_V4,7.383041898719966
legacy,0,b_N100_V4,7.403707946650684
legacy,0,b_N100_V4,7.43449991568923
legacy,0,b_N100_V4,7.421749993227422
legacy,0,b_N100_V4,7.342458935454488
legacy,0,b_N100_V4,7.354832952842116
legacy,0,b_N100_V4,7.358124945312738
legacy,0,b_N100_V4,7.363707991316915
legacy,0,b_N100_V4,7.442291011102498
legacy,0,b_N100_V4,7.409707992337644
legacy,0,b_N100_V4,7.324834004975855
legacy,0,b_N100_V4,7.337125018239021
legacy,0,b_N100_V4,7.347375038079917
legacy,0,b_N100_V4,7.327208062633872
legacy,0,b_N100_V4,7.302583893761039
legacy,0,b_N100_V4,7.33320799190551
legacy,0,b_N100_V4,7.341708987951279
legacy,0,b_N100_V4,7.3472498916089535
legacy,0,b_N100_V4,7.439374923706055
legacy,0,b_N100_V4,7.3466249741613865
legacy,0,b_N100_V4,7.356000016443431
legacy,0,b_N100_V4,7.346334052272141
legacy,0,b_N100_V4,7.322125020436943
legacy,0,b_N100_V4,7.3310419684275985
legacy,0,b_N100_V4,7.337542017921805
legacy,0,b_N100_V4,7.830749964341521
legacy,0,b_N100_V4,7.091666921041906
legacy,0,b_N100_V4,7.051208056509495
legacy,0,b_N100_V4,7.020166958682239
legacy,0,b_N100_V4,6.999416975304484
legacy,0,b_N100_V4,7.034874986857176
legacy,0,b_N100_V4,6.9761659251526
legacy,0,b_N100_V4,7.036124938167632
legacy,0,b_N100_V4,6.997416960075498
legacy,0,b_N100_V4,6.9731250405311584
legacy,0,b_N100_V4,6.959917023777962
legacy,0,b_N100_V4,6.958500016480684
legacy,0,b_N100_V4,6.995707983151078
legacy,0,b_N100_V4,7.062540971674025
legacy,0,b_N100_V4,6.962374900467694
legacy,0,b_N100_V4,6.9354589795693755
legacy,0,b_N100_V4,6.946958950720727
legacy,0,b_N100_V4,6.932541960850358
legacy,0,b_N100_V4,6.953125004656613
legacy,0,b_N100_V4,6.964209023863077
legacy,0,b_N100_V4,6.926166941411793
legacy,0,b_N100_V4,7.010665955021977
legacy,0,b_N100_V4,6.977709010243416
legacy,0,b_N100_V4,6.972583010792732
legacy,0,b_N100_V4,6.978375022299588
legacy,0,b_N100_V4,6.943584070540965
legacy,0,b_N100_V4,6.952750030905008
legacy,0,b_N100_V4,6.950999959371984
legacy,0,b_N100_V4,6.973500014282763
legacy,0,b_N100_V4,6.926666013896465
legacy,0,b_N100_V4,6.9353749277070165
legacy,0,b_N100_V4,6.93037488963455
legacy,0,b_N100_V4,7.011249894276261
legacy,0,b_N100_V4,7.00983393471688
legacy,0,b_N100_V4,6.945416913367808
legacy,0,b_N100_V4,7.060542004182935
legacy,0,b_N100_V4,6.967499968595803
legacy,0,b_N100_V4,6.970291957259178
legacy,0,b_N100_V4,6.964999949559569
legacy,0,b_N100_V4,6.959207938052714
legacy,0,b_N100_V4,6.951791001483798
legacy,0,b_N100_V4,6.958583020605147
legacy,0,b_N100_V4,6.937292055226862
legacy,0,b_N100_V4,7.044250029139221
legacy,0,b_N100_V4,6.992125068791211
legacy,0,b_N100_V4,6.96412508841604
legacy,0,b_N100_V4,6.926834001205862
legacy,0,b_N100_V4,6.920833955518901
legacy,0,b_N100_V4,6.9151249481365085
legacy,0,b_N100_V4,6.90924993250519
legacy,0,b_N100_V4,7.025499944575131
legacy,0,b_N100_V4,7.029208936728537
legacy,0,b_N100_V4,6.9567919708788395
legacy,0,b_N100_V4,6.932375021278858
legacy,0,b_N100_V4,6.977541954256594
legacy,0,b_N100_V4,6.964334053918719
legacy,0,b_N100_V4,7.53925007302314
legacy,0,b_N100_V4,7.160042063333094
legacy,0,b_N100_V4,7.015042006969452
legacy,0,b_N100_V4,7.007415988482535
legacy,0,b_N100_V4,8.188083069399
legacy,0,b_N100_V4,7.486958056688309
legacy,0,b_N100_V4,7.3990419041365385
legacy,0,b_N100_V4,7.393290987238288
legacy,0,b_N100_V4,8.016124949790537
legacy,0,b_N100_V4,7.400500006042421
legacy,0,b_N100_V4,7.393624982796609
legacy,0,b_N100_V4,7.397374953143299
legacy,0,b_N100_V4,7.366125006228685
legacy,0,b_N100_V4,7.404542062431574
legacy,0,b_N100_V4,7.391209015622735
legacy,0,b_N100_V4,7.422083057463169
legacy,0,b_N100_V4,7.417874992825091
legacy,0,b_N100_V4,7.542334031313658
legacy,0,b_N100_V4,7.3492079973220825
legacy,0,b_N100_V4,7.350083906203508
legacy,0,b_N100_V4,7.355250068940222
legacy,0,b_N100_V4,7.356082904152572
legacy,0,b_N100_V4,7.351833977736533
legacy,0,b_N100_V4,7.3969169752672315
legacy,0,b_N100_V4,7.3422499699518085
legacy,0,b_N100_V4,7.373624946922064
legacy,0,b_N100_V4,7.382708950899541
legacy,0,b_N100_V4,7.3235000018030405
legacy,0,b_N100_V4,7.348290993832052
legacy,0,b_N100_V4,7.385584060102701
legacy,0,b_N100_V4,7.349541061557829
legacy,0,b_N100_V4,7.428667042404413
legacy,0,b_N100_V4,7.376666064374149
legacy,0,b_N100_V4,7.341208984144032
legacy,0,b_N100_V4,7.323958911001682
legacy,0,b_N100_V4,7.369333994574845
legacy,0,b_N100_V4,7.306375075131655
legacy,0,b_N100_V4,7.338957977481186
legacy,0,b_N100_V4,7.359041017480195
legacy,0,b_N100_V4,7.927124970592558
legacy,0,b_N100_V4,7.390209008008242
legacy,0,b_N100_V4,7.328915991820395
legacy,0,b_N100_V4,7.334833033382893
legacy,0,b_N100_V4,7.366167032159865
legacy,0,b_N100_V4,7.371291983872652
legacy,0,b_N100_V4,7.410999969579279
legacy,0,b_N100_V4,7.33629206661135
legacy,0,b_N100_V4,7.462792098522186
legacy,0,b_N100_V4,8.2319580251351
legacy,0,b_N100_V4,7.54479190800339
legacy,0,b_N100_V4,7.391541032120585
legacy,0,b_N100_V4,7.376916939392686
legacy,0,b_N100_V4,7.341374992392957
legacy,0,b_N100_V4,7.381167029961944
legacy,0,b_N100_V4,7.322291960008442
legacy,0,b_N100_V4,7.380792056210339
legacy,0,b_N100_V4,7.380916969850659
legacy,0,b_N100_V4,7.3969579534605145
legacy,0,b_N100_V4,7.355166948400438
legacy,0,b_N100_V4,7.376959081739187
legacy,0,b_N100_V4,7.362417061813176
legacy,0,b_N100_V4,7.4107920518144965
legacy,0,b_N100_V4,7.390792015939951
legacy,0,b_N100_V4,7.355958106927574
legacy,0,b_N100_V4,7.897582952864468
legacy,0,b_N100_V4,7.122875074855983
legacy,0,b_N100_V4,7.216541096568108
legacy,0,b_N100_V4,7.133541977964342
legacy,0,b_N100_V4,7.1095830062404275
legacy,0,b_N100_V4,7.140124915167689
legacy,0,b_N100_V4,7.831207942217588
legacy,0,b_N100_V4,7.2561249835416675
legacy,0,b_N100_V4,7.1240420220419765
legacy,0,b_N100_V4,7.148250006139278
legacy,0,b_N100_V4,7.08124996162951
legacy,0,b_N100_V4,7.202500011771917
legacy,0,b_N100_V4,7.0719580398872495
legacy,0,b_N100_V4,7.099875016137958
legacy,0,b_N100_V4,7.257334073074162
legacy,0,b_N100_V4,7.12349999230355
legacy,0,b_N100_V4,7.079833070747554
legacy,0,b_N100_V4,7.135874941013753
legacy,0,b_N100_V4,7.088124984875321
legacy,0,b_N100_V4,7.067958009429276
legacy,0,b_N100_V4,7.055874913930893
legacy,0,b_N100_V4,7.07454199437052
legacy,0,b_N100_V4,7.0714999455958605
legacy,0,b_N100_V4,7.122167036868632
legacy,0,b_N100_V4,7.066749967634678
legacy,0,b_N100_V4,7.114917039871216
legacy,0,b_N100_V4,7.042417069897056
legacy,0,b_N100_V4,7.091708015650511
legacy,0,b_N100_V4,7.036249968223274
legacy,0,b_N100_V4,7.122209062799811
legacy,0,b_N100_V4,7.061499985866249
legacy,0,b_N100_V4,7.08729203324765
legacy,0,b_N100_V4,7.046333979815245
legacy,0,b_N100_V4,7.10612500552088
legacy,0,b_N100_V4,7.0711669977754354
legacy,0,b_N100_V4,7.033083937130868
legacy,0,b_N100_V4,7.032874971628189
legacy,0,b_N100_V4,6.968832924030721
legacy,0,b_N100_V4,7.1442920016124845
legacy,0,b_N100_V4,7.096832967363298
legacy,0,b_N100_V4,7.059124996885657
legacy,0,b_N100_V4,7.049625040963292
legacy,0,b_N100_V4,7.052958011627197
legacy,0,b_N100_V4,7.04579206649214
legacy,0,b_N100_V4,7.161583984270692
legacy,0,b_N100_V4,7.1147080743685365
legacy,0,b_N100_V4,6.984125007875264
legacy,0,b_N100_V4,7.040583062916994
legacy,0,b_N100_V4,7.055124966427684
legacy,0,b_N100_V4,7.057749899104238
legacy,0,b_N100_V4,7.068749982863665
legacy,0,b_N100_V4,7.080000010319054
legacy,0,b_N100_V4,6.982667022384703
legacy,0,b_N100_V4,7.085665944032371
legacy,0,b_N100_V4,7.014667033217847
legacy,0,b_N100_V4,7.080666953697801
legacy,0,b_N100_V4,7.049584062770009
legacy,0,b_N100_V4,7.098000030964613
legacy,0,b_N100_V4,7.029416970908642
legacy,0,b_N100_V4,7.059375056996942
legacy,0,b_N100_V4,8.333959034644067
legacy,0,b_N100_V4,7.495000027120113
legacy,0,b_N100_V4,7.521750056184828
legacy,0,b_N100_V4,7.484750007279217
legacy,0,b_N100_V4,7.436166983097792
legacy,0,b_N100_V4,7.461208966560662
legacy,0,b_N100_V4,7.452791091054678
legacy,0,b_N100_V4,7.396499975584447
legacy,0,b_N100_V4,7.388834026642144
legacy,0,b_N100_V4,8.0494579160586
legacy,0,b_N100_V4,7.420499925501645
legacy,0,b_N100_V4,7.416125037707388
legacy,0,b_N100_V4,7.369707920588553
legacy,0,b_N100_V4,7.390124956145883
legacy,0,b_N100_V4,7.501041982322931
legacy,0,b_N100_V4,7.449749973602593
legacy,0,b_N100_V4,7.365250028669834
legacy,0,b_N100_V4,7.446459028869867
legacy,0,b_N100_V4,7.393583073280752
legacy,0,b_N100_V4,7.379499962553382
legacy,0,b_N100_V4,7.393707986921072
legacy,0,b_N100_V4,7.4218749068677425
legacy,0,b_N100_V4,7.397791952826083
legacy,0,b_N100_V4,7.407165947370231
legacy,0,b_N100_V4,7.366290898062289
legacy,0,b_N100_V4,7.376041961833835
legacy,0,b_N100_V4,7.348750019446015
legacy,0,b_N100_V4,7.420458015985787
legacy,0,b_N100_V4,7.368832943029702
legacy,0,b_N100_V4,7.3821250116452575
legacy,0,b_N100_V4,7.339917006902397
legacy,0,b_N100_V4,7.43533403147012
legacy,0,b_N100_V4,7.372291991487145
legacy,0,b_N100_V4,7.416915963403881
legacy,0,b_N100_V4,7.383040967397392
legacy,0,b_N100_V4,7.372541935183108
legacy,0,b_N100_V4,7.372958003543317
legacy,0,b_N100_V4,7.362582953646779
legacy,0,b_N100_V4,7.395415916107595
legacy,0,b_N100_V4,7.403374998830259
legacy,0,b_N100_V4,7.373458007350564
legacy,0,b_N100_V4,7.3763750260695815
legacy,0,b_N100_V4,7.375375018455088
legacy,0,b_N100_V4,7.362082949839532
legacy,0,b_N100_V4,7.436875021085143
legacy,0,b_N100_V4,7.36429204698652
legacy,0,b_N100_V4,7.386666024103761
legacy,0,b_N100_V4,7.412209059111774
legacy,0,b_N100_V4,7.37100001424551
legacy,0,b_N100_V4,7.380999973975122
legacy,0,b_N100_V4,7.368082995526493
legacy,0,b_N100_V4,7.380124996416271
legacy,0,b_N100_V4,7.366041070781648
legacy,0,b_N100_V4,7.422916940413415
legacy,0,b_N100_V4,7.415291969664395
legacy,0,b_N100_V4,7.4186249403283
legacy,0,b_N100_V4,7.380250026471913
legacy,0,b_N100_V4,7.410582969896495
legacy,0,b_N100_V4,7.345042075030506
legacy,0,b_N100_V4,7.3984169866889715
legacy,0,b_N100_V4,7.853334071114659
legacy,0,b_N100_V4,7.071667001582682
legacy,0,b_N100_V4,7.04745901748538
legacy,0,b_N100_V4,7.038000039756298
legacy,0,b_N100_V4,7.0122500183060765
legacy,0,b_N100_V4,7.0237499894574285
legacy,0,b_N100_V4,7.03516707289964
legacy,0,b_N100_V4,7.016750052571297
legacy,0,b_N100_V4,7.4647500878199935
legacy,0,b_N100_V4,7.023207959719002
legacy,0,b_N100_V4,6.987000000663102
legacy,0,b_N100_V4,7.028874941170216
legacy,0,b_N100_V4,6.98029191698879
legacy,0,b_N100_V4,7.046125014312565
legacy,0,b_N100_V4,7.145458948798478
legacy,0,b_N100_V4,6.980416947044432
legacy,0,b_N100_V4,6.953333038836718
legacy,0,b_N100_V4,6.964624975807965
legacy,0,b_N100_V4,6.969208014197648
legacy,0,b_N100_V4,6.9850420113652945
legacy,0,b_N100_V4,7.01475003734231
legacy,0,b_N100_V4,6.971125025302172
legacy,0,b_N100_V4,6.976291071623564
legacy,0,b_N100_V4,7.001333055086434
legacy,0,b_N100_V4,6.9712079130113125
legacy,0,b_N100_V4,6.965082953684032
legacy,0,b_N100_V4,6.9822079967707396
legacy,0,b_N100_V4,6.968290894292295
legacy,0,b_N100_V4,6.972041912376881
legacy,0,b_N100_V4,6.96129200514406
legacy,0,b_N100_V4,7.097875000908971
legacy,0,b_N100_V4,6.96945795789361
legacy,0,b_N100_V4,6.966750021092594
legacy,0,b_N100_V4,6.971457973122597
legacy,0,b_N100_V4,6.990125053562224
legacy,0,b_N100_V4,6.951917079277337
legacy,0,b_N100_V4,6.966792047023773
legacy,0,b_N100_V4,7.000416982918978
legacy,0,b_N100_V4,7.007958949543536
legacy,0,b_N100_V4,6.910207914188504
legacy,0,b_N100_V4,7.343582925386727
legacy,0,b_N100_V4,6.970249931327999
legacy,0,b_N100_V4,6.993332994170487
legacy,0,b_N100_V4,6.989374989643693
legacy,0,b_N100_V4,6.976124946959317
legacy,0,b_N100_V4,7.057499955408275
legacy,0,b_N100_V4,7.050457992590964
legacy,0,b_N100_V4,6.972417002543807
legacy,0,b_N100_V4,6.982458056882024
legacy,0,b_N100_V4,6.9572500651702285
legacy,0,b_N100_V4,6.964750005863607
legacy,0,b_N100_V4,6.933583063073456
legacy,0,b_N100_V4,6.977125070989132
legacy,0,b_N100_V4,6.949416012503207
legacy,0,b_N100_V4,6.942291045561433
legacy,0,b_N100_V4,6.960375001654029
legacy,0,b_N100_V4,7.028208929114044
legacy,0,b_N100_V4,6.98833295609802
legacy,0,b_N100_V4,6.978292018175125
legacy,0,b_N100_V4,7.132333004847169
legacy,0,b_N100_V4,8.141292026266456
legacy,0,b_N100_V4,7.417249958962202
legacy,0,b_N100_V4,7.499916013330221
legacy,0,b_N100_V4,7.385667064227164
legacy,0,b_N100_V4,7.339750067330897
legacy,0,b_N100_V4,7.356542046181858
legacy,0,b_N100_V4,7.420749985612929
legacy,0,b_N100_V4,7.331333006732166
legacy,0,b_N100_V4,7.416334003210068
legacy,0,b_N100_V4,7.338332943618298
legacy,0,b_N100_V4,7.290666922926903
legacy,0,b_N100_V4,7.341374992392957
legacy,0,b_N100_V4,7.6478340197354555
legacy,0,b_N100_V4,7.316292030736804
legacy,0,b_N100_V4,7.473040954209864
legacy,0,b_N100_V4,7.349833031184971
legacy,0,b_N100_V4,8.067041984759271
legacy,0,b_N100_V4,7.371291052550077
legacy,0,b_N100_V4,7.380292052403092
legacy,0,b_N100_V4,7.364083081483841
legacy,0,b_N100_V4,7.349667022936046
legacy,0,b_N100_V4,7.364333025179803
legacy,0,b_N100_V4,7.348999963141978
legacy,0,b_N100_V4,7.340791984461248
legacy,0,b_N100_V4,7.428125012665987
legacy,0,b_N100_V4,7.356041925959289
legacy,0,b_N100_V4,7.309958920814097
legacy,0,b_N100_V4,7.308665895834565
legacy,0,b_N100_V4,7.373875007033348
legacy,0,b_N100_V4,7.3480840073898435
legacy,0,b_N100_V4,7.397957961075008
legacy,0,b_N100_V4,7.284375024028122
legacy,0,b_N100_V4,7.336291950196028
legacy,0,b_N100_V4,7.299416000023484
legacy,0,b_N100_V4,7.382292067632079
legacy,0,b_N100_V4,7.302542100660503
legacy,0,b_N100_V4,7.368250051513314
legacy,0,b_N100_V4,7.270542089827359
legacy,0,b_N100_V4,7.306249928660691
legacy,0,b_N100_V4,7.3235000018030405
legacy,0,b_N100_V4,7.306541898287833
legacy,0,b_N100_V4,7.314041955396533
legacy,0,b_N100_V4,7.293500006198883
legacy,0,b_N100_V4,7.326874998398125
legacy,0,b_N100_V4,7.400540984235704
legacy,0,b_N100_V4,7.315290975384414
legacy,0,b_N100_V4,7.367457961663604
legacy,0,b_N100_V4,7.2957080556079745
legacy,0,b_N100_V4,7.368542021140456
legacy,0,b_N100_V4,7.288667024113238
legacy,0,b_N100_V4,7.296915980987251
legacy,0,b_N100_V4,8.060915977694094
legacy,0,b_N100_V4,7.636917056515813
legacy,0,b_N100_V4,7.4186249403283
legacy,0,b_N100_V4,7.422166992910206
legacy,0,b_N100_V4,7.410916965454817
legacy,0,b_N100_V4,7.4226249707862735
legacy,0,b_N100_V4,7.357665919698775
legacy,0,b_N100_V4,7.40945793222636
legacy,0,b_N100_V4,7.344417041167617
legacy,0,b_N100_V4,8.177040959708393
legacy,0,b_N100_V4,7.040624972432852
legacy,0,b_N100_V4,7.018125033937395
legacy,0,b_N100_V4,6.981833023019135
legacy,0,b_N100_V4,6.988584063947201
legacy,0,b_N100_V4,6.98916707187891
legacy,0,b_N100_V4,6.988166947849095
legacy,0,b_N100_V4,6.945833913050592
legacy,0,b_N100_V4,7.014582981355488
legacy,0,b_N100_V4,6.963583990000188
legacy,0,b_N100_V4,6.954665994271636
legacy,0,b_N100_V4,6.956374971196055
legacy,0,b_N100_V4,6.98466703761369
legacy,0,b_N100_V4,6.978916935622692
legacy,0,b_N100_V4,8.033958030864596
legacy,0,b_N100_V4,7.109708967618644
legacy,0,b_N100_V4,6.985125015489757
legacy,0,b_N100_V4,7.0346660213544965
legacy,0,b_N100_V4,7.04033300280571
legacy,0,b_N100_V4,6.933917058631778
legacy,0,b_N100_V4,7.08574999589473
legacy,0,b_N100_V4,6.946125067770481
legacy,0,b_N100_V4,6.918791914358735
legacy,0,b_N100_V4,6.939957966096699
legacy,0,b_N100_V4,7.0107500068843365
legacy,0,b_N100_V4,6.9382499204948545
legacy,0,b_N100_V4,6.97566696908325
legacy,0,b_N100_V4,7.050374988466501
legacy,0,b_N100_V4,7.004666957072914
legacy,0,b_N100_V4,6.909499992616475
legacy,0,b_N100_V4,6.966417073272169
legacy,0,b_N100_V4,6.921167019754648
legacy,0,b_N100_V4,6.9087500451132655
legacy,0,b_N100_V4,7.546709035523236
legacy,0,b_N100_V4,7.203208981081843
legacy,0,b_N100_V4,7.12037505581975
legacy,0,b_N100_V4,7.06483400426805
legacy,0,b_N100_V4,7.0115410489961505
legacy,0,b_N100_V4,6.996833020821214
legacy,0,b_N100_V4,6.992499926127493
legacy,0,b_N100_V4,6.983415922150016
legacy,0,b_N100_V4,6.9992500357329845
legacy,0,b_N100_V4,7.03524996060878
legacy,0,b_N100_V4,6.967374938540161
legacy,0,b_N100_V4,7.005832972936332
legacy,0,b_N100_V4,7.238666992634535
legacy,0,b_N100_V4,7.026375038549304
legacy,0,b_N100_V4,6.991042057052255
legacy,0,b_N100_V4,6.961915991269052
legacy,0,b_N100_V4,6.994625087827444
legacy,0,b_N100_V4,7.348458049818873
legacy,0,b_N100_V4,6.95320894010365
legacy,0,b_N100_V4,6.9613748928532
legacy,0,b_N100_V4,6.976374890655279
legacy,0,b_N100_V4,6.9556249072775245
legacy,0,b_N100_V4,6.942583946511149
legacy,0,b_N100_V4,6.9868339924141765
legacy,0,b_N100_V4,7.00574996881187
legacy,0,b_N100_V4,6.956249941140413
legacy,0,b_N100_V4,6.96945795789361
legacy,0,b_N100_V4,8.258749963715672
legacy,0,b_N100_V4,7.5613330118358135
legacy,0,b_N100_V4,7.502084015868604
legacy,0,b_N100_V4,7.535875076428056
legacy,0,b_N100_V4,7.690874976105988
legacy,0,b_N100_V4,7.487374939955771
legacy,0,b_N100_V4,7.364791934378445
legacy,0,b_N100_V4,7.464374997653067
legacy,0,b_N100_V4,7.461459026671946
legacy,0,b_N100_V4,7.420417037792504
legacy,0,b_N100_V4,7.342791999690235
legacy,0,b_N100_V4,7.460708962753415
legacy,0,b_N100_V4,7.347750011831522
legacy,0,b_N100_V4,7.43883301038295
legacy,0,b_N100_V4,7.433749968186021
legacy,0,b_N100_V4,7.518292055465281
legacy,0,b_N100_V4,7.4147500563412905
legacy,0,b_N100_V4,7.414625026285648
legacy,0,b_N100_V4,7.296417024917901
legacy,0,b_N100_V4,7.411250029690564
legacy,0,b_N100_V4,7.413458079099655
legacy,0,b_N100_V4,7.44408299215138
legacy,0,b_N100_V4,7.4674999341368675
legacy,0,b_N100_V4,7.422541966661811
legacy,0,b_N100_V4,7.425624993629754
legacy,0,b_N100_V4,7.408624980598688
legacy,0,b_N100_V4,7.446749950759113
legacy,0,b_N100_V4,7.423041970469058
legacy,0,b_N100_V4,7.347207982093096
legacy,0,b_N100_V4,7.415250060148537
legacy,0,b_N100_V4,7.417083019390702
legacy,0,b_N100_V4,7.4321250431239605
legacy,0,b_N100_V4,7.273750030435622
legacy,0,b_N100_V4,7.335125003010035
legacy,0,b_N100_V4,7.274125004187226
legacy,0,b_N100_V4,7.261916063725948
legacy,0,b_N100_V4,7.270874921232462
legacy,0,b_N100_V4,7.289208006113768
legacy,0,b_N100_V4,7.273374940268695
legacy,0,b_N100_V4,7.406624965369701
legacy,0,b_N100_V4,7.284209015779197
legacy,0,b_N100_V4,7.381665986031294
legacy,0,b_N100_V4,7.423582952469587
legacy,0,b_N100_V4,7.417542045004666
legacy,0,b_N100_V4,7.284207968041301
legacy,0,b_N100_V4,7.535416982136667
legacy,0,b_N100_V4,7.353292079642415
legacy,0,b_N100_V4,7.427334086969495
legacy,0,b_N100_V4,7.387833087705076
legacy,0,b_N100_V4,7.414249936118722
legacy,0,b_N100_V4,7.279458921402693
legacy,0,b_N100_V4,7.418249966576695
legacy,0,b_N100_V4,7.739124936051667
legacy,0,b_N100_V4,7.890917011536658
legacy,0,b_N100_V4,7.769583025947213
legacy,0,b_N100_V4,7.7226669527590275
legacy,0,b_N100_V4,7.566833985038102
legacy,0,b_N100_V4,7.5711669633165
legacy,0,b_N100_V4,7.560666999779642
legacy,0,b_N100_V4,7.554084062576294
legacy,0,b_N100_V4,7.990458980202675
legacy,0,b_N100_V4,7.32108298689127
legacy,0,b_N100_V4,7.091540959663689
legacy,0,b_N100_V4,7.206583046354353
legacy,0,b_N100_V4,7.203291985206306
legacy,0,b_N100_V4,7.18987500295043
legacy,0,b_N100_V4,7.144917035475373
legacy,0,b_N100_V4,7.199082989245653
legacy,0,b_N100_V4,7.11887504439801
legacy,0,b_N100_V4,7.192332996055484
legacy,0,b_N100_V4,7.232749951072037
legacy,0,b_N100_V4,7.1536669274792075
legacy,0,b_N100_V4,7.176666986197233
legacy,0,b_N100_V4,7.109666941687465
legacy,0,b_N100_V4,7.031916989944875
legacy,0,b_N100_V4,7.1805419865995646
legacy,0,b_N100_V4,7.158332969993353
legacy,0,b_N100_V4,7.158834021538496
legacy,0,b_N100_V4,7.017167052254081
legacy,0,b_N100_V4,7.163207978010178
legacy,0,b_N100_V4,7.046834100037813
legacy,0,b_N100_V4,7.196167018264532
legacy,0,b_N100_V4,7.135875057429075
legacy,0,b_N100_V4,7.1622919058427215
legacy,0,b_N100_V4,7.001749938353896
legacy,0,b_N100_V4,7.702000089921057
legacy,0,b_N100_V4,7.139042019844055
legacy,0,b_N100_V4,7.140291971154511
legacy,0,b_N100_V4,7.018707925453782
legacy,0,b_N100_V4,7.103416952304542
legacy,0,b_N100_V4,7.095042034052312
legacy,0,b_N100_V4,7.096500019542873
legacy,0,b_N100_V4,7.061333977617323
legacy,0,b_N100_V4,7.165500079281628
legacy,0,b_N100_V4,6.995417061261833
legacy,0,b_N100_V4,7.140500005334616
legacy,0,b_N100_V4,7.13475001975894
legacy,0,b_N100_V4,7.124458090402186
legacy,0,b_N100_V4,7.079541916027665
legacy,0,b_N100_V4,7.080999901518226
legacy,0,b_N100_V4,6.94579107221216
legacy,0,b_N100_V4,7.123374962247908
legacy,0,b_N100_V4,7.179457927122712
legacy,0,b_N100_V4,7.130166981369257
legacy,0,b_N100_V4,7.058333954773843
legacy,0,b_N100_V4,7.130875019356608
legacy,0,b_N100_V4,6.9651249796152115
legacy,0,b_N100_V4,7.148250006139278
legacy,0,b_N100_V4,7.116042077541351
legacy,0,b_N100_V4,7.091333041898906
legacy,0,b_N100_V4,7.05758307594806
legacy,0,b_N100_V4,7.096208049915731
legacy,0,b_N100_V4,7.069500046782196
legacy,0,b_N100_V4,7.138166925869882
legacy,0,b_N100_V4,7.176124956458807
legacy,0,b_N100_V4,7.088791928254068
legacy,0,b_N100_V4,7.075499976053834
legacy,0,b_N100_V4,7.158458000048995
legacy,0,b_N100_V4,7.083665928803384
legacy,0,b_N100_V4,7.110332953743637
legacy,0,b_N100_V4,8.27275007031858
legacy,0,b_N100_V4,7.476750062778592
legacy,0,b_N100_V4,7.435041014105082
legacy,0,b_N100_V4,7.433417020365596
legacy,0,b_N100_V4,7.389332982711494
legacy,0,b_N100_V4,7.396999979391694
legacy,0,b_N100_V4,7.403083029203117
legacy,0,b_N100_V4,7.398750050924718
legacy,0,b_N100_V4,7.383415941148996
legacy,0,b_N100_V4,7.373750093393028
legacy,0,b_N100_V4,7.4248750461265445
legacy,0,b_N100_V4,7.415042025968432
legacy,0,b_N100_V4,7.336625014431775
legacy,0,b_N100_V4,7.411791943013668
legacy,0,b_N100_V4,7.419875008054078
legacy,0,b_N100_V4,7.426709053106606
legacy,0,b_N100_V4,7.481166976504028
legacy,0,b_N100_V4,7.334041991271079
legacy,0,b_N100_V4,7.354540983214974
legacy,0,b_N100_V4,7.311333087272942
legacy,0,b_N100_V4,8.20283405482769
legacy,0,b_N100_V4,8.123125066049397
legacy,0,b_N100_V4,7.429833058267832
legacy,0,b_N100_V4,7.619709009304643
legacy,0,b_N100_V4,7.355708046816289
legacy,0,b_N100_V4,7.349749910645187
legacy,0,b_N100_V4,7.393792038783431
legacy,0,b_N100_V4,7.334665977396071
legacy,0,b_N100_V4,7.732916972599924
legacy,0,b_N100_V4,7.441584020853043
legacy,0,b_N100_V4,7.331000058911741
legacy,0,b_N100_V4,7.347417064011097
legacy,0,b_N100_V4,7.34691706020385
legacy,0,b_N100_V4,7.376583060249686
legacy,0,b_N100_V4,7.301333011128008
legacy,0,b_N100_V4,7.384208030998707
legacy,0,b_N100_V4,7.314583053812385
legacy,0,b_N100_V4,8.23662499897182
legacy,0,b_N100_V4,7.553207920864224
legacy,0,b_N100_V4,7.388416095636785
legacy,0,b_N100_V4,7.388458936475217
legacy,0,b_N100_V4,7.404666976071894
legacy,0,b_N100_V4,7.381791947409511
legacy,0,b_N100_V4,7.355957990512252
legacy,0,b_N100_V4,7.40520900581032
legacy,0,b_N100_V4,7.504499983042479
legacy,0,b_N100_V4,7.327625062316656
legacy,0,b_N100_V4,7.3928750352934
legacy,0,b_N100_V4,7.4020830215886235
legacy,0,b_N100_V4,7.3680420173332095
legacy,0,b_N100_V4,7.4621670646592975
legacy,0,b_N100_V4,7.376082940027118
legacy,0,b_N100_V4,7.326667080633342
legacy,0,b_N100_V4,7.316416944377124
legacy,0,b_N100_V4,7.354250061325729
legacy,0,b_N100_V4,7.80033296905458
legacy,0,b_N100_V4,8.256874978542328
legacy,0,b_N100_V4,7.667583995498717
legacy,0,b_N100_V4,8.112457930110395
legacy,0,b_N100_V4,9.507249924354255
legacy,0,b_N100_V4,8.905333001166582
legacy,0,b_N100_V4,7.484207977540791
legacy,0,b_N100_V4,7.9029579646885395
legacy,0,b_N100_V4,8.08854098431766
legacy,0,b_N100_V4,7.3523749597370625
legacy,0,b_N100_V4,7.245040964335203
legacy,0,b_N100_V4,7.1899580070748925
legacy,0,b_N100_V4,7.63833406381309
legacy,0,b_N100_V4,7.185625028796494
legacy,0,b_N100_V4,7.235500030219555
legacy,0,b_N100_V4,7.250125054270029
legacy,0,b_N100_V4,7.191459066234529
legacy,0,b_N100_V4,7.146332995034754
legacy,0,b_N100_V4,7.24787509534508
legacy,0,b_N100_V4,7.19620892778039
legacy,0,b_N100_V4,7.315791095606983
legacy,0,b_N100_V4,7.8272499376907945
legacy,0,b_N100_V4,7.20520899631083
legacy,0,b_N100_V4,7.132874918170273
legacy,0,b_N100_V4,7.181374938227236
legacy,0,b_N100_V4,7.164624985307455
legacy,0,b_N100_V4,7.166708004660904
legacy,0,b_N100_V4,7.169957971200347
legacy,0,b_N100_V4,7.297334028407931
legacy,0,b_N100_V4,7.1012499975040555
legacy,0,b_N100_V4,7.138957967981696
legacy,0,b_N100_V4,7.150834077037871
legacy,0,b_N100_V4,7.124583004042506
legacy,0,b_N100_V4,7.0890000788494945
legacy,0,b_N100_V4,7.150499965064228
legacy,0,b_N100_V4,7.117624976672232
legacy,0,b_N100_V4,7.204875000752509
legacy,0,b_N100_V4,7.14908295776695
legacy,0,b_N100_V4,7.071750005707145
legacy,0,b_N100_V4,7.1027090307325125
legacy,0,b_N100_V4,7.668999955058098
legacy,0,b_N100_V4,7.2072499897331
legacy,0,b_N100_V4,7.253375020809472
legacy,0,b_N100_V4,7.196167018264532
legacy,0,b_N100_V4,7.183292065747082
legacy,0,b_N100_V4,7.115542073734105
legacy,0,b_N100_V4,7.119042100384831
legacy,0,b_N100_V4,7.1432910626754165
legacy,0,b_N100_V4,7.122708018869162
legacy,0,b_N100_V4,7.114666979759932
legacy,0,b_N100_V4,7.135583087801933
legacy,0,b_N100_V4,7.06404191441834
legacy,0,b_N100_V4,7.175082922913134
legacy,0,b_N100_V4,7.10683292709291
legacy,0,b_N100_V4,7.150124991312623
legacy,0,b_N100_V4,7.1197920478880405
legacy,0,b_N100_V4,7.237749989144504
legacy,0,b_N100_V4,7.0726670091971755
legacy,0,b_N100_V4,7.093042018823326
legacy,0,b_N100_V4,7.222790969535708
legacy,0,b_N100_V4,7.122333045117557
legacy,0,b_N100_V4,7.053666049614549
legacy,0,b_N100_V4,7.138624903745949
legacy,0,b_N100_V4,7.141083013266325
legacy,0,b_N100_V4,7.17700005043298
legacy,0,b_N100_V4,8.322459063492715
legacy,0,b_N100_V4,7.605082937516272
legacy,0,b_N100_V4,7.537125027738512
legacy,0,b_N100_V4,7.5004169484600425
legacy,0,b_N100_V4,7.539500016719103
legacy,0,b_N100_V4,7.511292002163827
legacy,0,b_N100_V4,7.485167006962001
legacy,0,b_N100_V4,7.881666999310255
legacy,0,b_N100_V4,7.933125016279519
legacy,0,b_N100_V4,7.469875039532781
legacy,0,b_N100_V4,7.440167013555765
legacy,0,b_N100_V4,7.451083976775408
legacy,0,b_N100_V4,7.468624971807003
legacy,0,b_N100_V4,7.476041908375919
legacy,0,b_N100_V4,7.531374925747514
legacy,0,b_N100_V4,7.563333958387375
legacy,0,b_N100_V4,7.424250012263656
legacy,0,b_N100_V4,7.4313749792054296
legacy,0,b_N100_V4,7.424916955642402
legacy,0,b_N100_V4,7.408499950543046
legacy,0,b_N100_V4,7.660208037123084
legacy,0,b_N100_V4,7.483166991733015
legacy,0,b_N100_V4,7.41995801217854
legacy,0,b_N100_V4,7.442665984854102
legacy,0,b_N100_V4,7.421207963488996
legacy,0,b_N100_V4,7.4332080548629165
legacy,0,b_N100_V4,7.449541939422488
legacy,0,b_N100_V4,7.412459002807736
legacy,0,b_N100_V4,7.439916953444481
legacy,0,b_N100_V4,7.4096249882131815
legacy,0,b_N100_V4,7.414874969981611
legacy,0,b_N100_V4,7.440083078108728
legacy,0,b_N100_V4,7.431500009261072
legacy,0,b_N100_V4,7.400708040222526
legacy,0,b_N100_V4,7.412708015181124
legacy,0,b_N100_V4,7.458625012077391
legacy,0,b_N100_V4,7.61545798741281
legacy,0,b_N100_V4,7.455416955053806
legacy,0,b_N100_V4,7.431209087371826
legacy,0,b_N100_V4,7.46441597584635
legacy,0,b_N100_V4,7.425416959449649
legacy,0,b_N100_V4,7.376916939392686
legacy,0,b_N100_V4,7.378083071671426
legacy,0,b_N100_V4,7.441374938935041
legacy,0,b_N100_V4,7.399874972179532
legacy,0,b_N100_V4,7.550415932200849
legacy,0,b_N100_V4,8.0284170107916
legacy,0,b_N100_V4,7.410541991703212
legacy,0,b_N100_V4,7.436458021402359
legacy,0,b_N100_V4,7.403000025078654
legacy,0,b_N100_V4,7.416667067445815
legacy,0,b_N100_V4,7.392458035610616
legacy,0,b_N100_V4,7.397915935143828
legacy,0,b_N100_V4,7.40358408074826
legacy,0,b_N100_V4,7.415000000037253
legacy,0,b_N100_V4,7.406375021673739
legacy,0,b_N100_V4,7.362999953329563
legacy,0,b_N100_V4,7.444124901667237
legacy,0,b_N100_V4,7.401833077892661
legacy,0,b_N100_V4,7.425999967381358
legacy,0,b_N100_V4,7.886917097494006
legacy,0,b_N100_V4,7.141000009141862
legacy,0,b_N100_V4,7.116624969057739
legacy,0,b_N100_V4,7.06554192584008
legacy,0,b_N100_V4,7.132666069082916
legacy,0,b_N100_V4,7.077499991282821
legacy,0,b_N100_V4,7.046665996313095
legacy,0,b_N100_V4,7.077040965668857
legacy,0,b_N100_V4,7.112417020834982
legacy,0,b_N100_V4,7.04854098148644
legacy,0,b_N100_V4,7.033750065602362
legacy,0,b_N100_V4,7.095959037542343
legacy,0,b_N100_V4,7.1199999656528234
legacy,0,b_N100_V4,7.062791963107884
legacy,0,b_N100_V4,7.045999984256923
legacy,0,b_N100_V4,7.036708062514663
legacy,0,b_N100_V4,7.1052080020308495
legacy,0,b_N100_V4,7.0234580198302865
legacy,0,b_N100_V4,7.059124996885657
legacy,0,b_N100_V4,7.130749989300966
legacy,0,b_N100_V4,7.073458982631564
legacy,0,b_N100_V4,7.10162497125566
legacy,0,b_N100_V4,7.059291936457157
legacy,0,b_N100_V4,7.052375003695488
legacy,0,b_N100_V4,7.070499937981367
legacy,0,b_N100_V4,7.064000004902482
legacy,0,b_N100_V4,7.058834074996412
legacy,0,b_N100_V4,7.070709019899368
legacy,0,b_N100_V4,7.077708025462925
legacy,0,b_N100_V4,7.056209025904536
legacy,0,b_N100_V4,7.086917059496045
legacy,0,b_N100_V4,7.061499985866249
legacy,0,b_N100_V4,7.013124995864928
legacy,0,b_N100_V4,7.0252500008791685
legacy,0,b_N100_V4,7.082291995175183
legacy,0,b_N100_V4,7.029207888990641
legacy,0,b_N100_V4,7.027874933555722
legacy,0,b_N100_V4,7.018291973508894
legacy,0,b_N100_V4,7.68445897847414
legacy,0,b_N100_V4,7.0867500035092235
legacy,0,b_N100_V4,7.035874994471669
legacy,0,b_N100_V4,7.089416030794382
legacy,0,b_N100_V4,7.033415953628719
legacy,0,b_N100_V4,7.039917050860822
legacy,0,b_N100_V4,7.008167100138962
legacy,0,b_N100_V4,7.0223750080913305
legacy,0,b_N100_V4,7.077582995407283
legacy,0,b_N100_V4,7.047666935250163
legacy,0,b_N100_V4,7.0260410429909825
legacy,0,b_N100_V4,7.057749899104238
legacy,0,b_N100_V4,7.001749938353896
legacy,0,b_N100_V4,7.008415996097028
legacy,0,b_N100_V4,6.996167008765042
legacy,0,b_N100_V4,7.000208017416298
legacy,0,b_N100_V4,6.993541959673166
legacy,0,b_N100_V4,6.956542027182877
legacy,0,b_N100_V4,7.052917033433914
legacy,0,b_N100_V4,7.048791972920299
legacy,0,b_N100_V4,7.0010420167818666
legacy,0,b_N100_V4,6.994459079578519
legacy,0,b_N100_V4,8.336541941389441
legacy,0,b_N100_V4,7.536165998317301
legacy,0,b_N100_V4,7.5352920684963465
legacy,0,b_N100_V4,7.453584112226963
legacy,0,b_N100_V4,7.460709079168737
legacy,0,b_N100_V4,8.140958030708134
legacy,0,b_N100_V4,7.510124938562512
legacy,0,b_N100_V4,7.416666951030493
legacy,0,b_N100_V4,7.341707940213382
legacy,0,b_N100_V4,7.365667028352618
legacy,0,b_N100_V4,7.370249950326979
legacy,0,b_N100_V4,7.377041969448328
legacy,0,b_N100_V4,7.3752920143306255
legacy,0,b_N100_V4,7.329417043365538
legacy,0,b_N100_V4,7.359749986790121
legacy,0,b_N100_V4,7.342917029745877
legacy,0,b_N100_V4,7.988624973222613
legacy,0,b_N100_V4,7.410541991703212
legacy,0,b_N100_V4,7.470834068953991
legacy,0,b_N100_V4,7.364209042862058
legacy,0,b_N100_V4,7.340875105001032
legacy,0,b_N100_V4,7.3596249567344785
legacy,0,b_N100_V4,7.370125036686659
legacy,0,b_N100_V4,7.32870795764029
legacy,0,b_N100_V4,7.350250030867755
legacy,0,b_N100_V4,7.3462920263409615
legacy,0,b_N100_V4,7.357541937381029
legacy,0,b_N100_V4,7.296291994862258
legacy,0,b_N100_V4,7.364165969192982
legacy,0,b_N100_V4,7.307333056814969
legacy,0,b_N100_V4,7.353375083766878
legacy,0,b_N100_V4,7.333750021643937
legacy,0,b_N100_V4,7.344375015236437
legacy,0,b_N100_V4,7.346458034589887
legacy,0,b_N100_V4,7.330707972869277
legacy,0,b_N100_V4,7.322250050492585
legacy,0,b_N100_V4,7.3701669462025166
legacy,0,b_N100_V4,7.325666956603527
legacy,0,b_N100_V4,7.32891692314297
legacy,0,b_N100_V4,7.345041958615184
legacy,0,b_N100_V4,7.394082960672677
legacy,0,b_N100_V4,7.3596659349277616
legacy,0,b_N100_V4,7.452166988514364
legacy,0,b_N100_V4,7.3462920263409615
legacy,0,b_N100_V4,7.358500035479665
legacy,0,b_N100_V4,7.37100001424551
legacy,0,b_N100_V4,7.391042076051235
legacy,0,b_N100_V4,7.450500037521124
legacy,0,b_N100_V4,7.401584065519273
legacy,0,b_N100_V4,7.3275420581921935
legacy,0,b_N100_V4,7.372125051915646
legacy,0,b_N100_V4,7.335999980568886
legacy,0,b_N100_V4,7.3488750495016575
legacy,0,b_N100_V4,7.333458052016795
legacy,0,b_N100_V4,7.345624966546893
legacy,0,b_N100_V4,7.39962502848357
legacy,0,b_N100_V4,7.283166982233524
legacy,0,b_N100_V4,7.312042056582868
legacy,0,b_N100_V4,7.335750036872923
legacy,0,b_N100_V4,7.321125012822449
legacy,0,b_N100_V4,8.003124967217445
legacy,0,b_N100_V4,7.280958001501858
legacy,0,b_N100_V4,7.139833993278444
legacy,0,b_N100_V4,7.062625023536384
legacy,0,b_N100_V4,7.093125022947788
legacy,0,b_N100_V4,7.031915942206979
legacy,0,b_N100_V4,7.114792009815574
legacy,0,b_N100_V4,7.048708037473261
legacy,0,b_N100_V4,7.069042068906128
legacy,0,b_N100_V4,7.076499983668327
legacy,0,b_N100_V4,7.09175004158169
legacy,0,b_N100_V4,6.993249990046024
legacy,0,b_N100_V4,7.072291919030249
legacy,0,b_N100_V4,7.019832963123918
legacy,0,b_N100_V4,7.116292021237314
legacy,0,b_N100_V4,7.023499929346144
legacy,0,b_N100_V4,7.058249902911484
legacy,0,b_N100_V4,7.135541993193328
legacy,0,b_N100_V4,7.070749998092651
legacy,0,b_N100_V4,7.037417031824589
legacy,0,b_N100_V4,7.0260000647976995
legacy,0,b_N100_V4,6.971040973439813
legacy,0,b_N100_V4,7.094500004313886
legacy,0,b_N100_V4,6.985250045545399
legacy,0,b_N100_V4,7.1009170496836305
legacy,0,b_N100_V4,7.034874986857176
legacy,0,b_N100_V4,7.007832988165319
legacy,0,b_N100_V4,7.022499921731651
legacy,0,b_N100_V4,7.079666014760733
legacy,0,b_N100_V4,7.009957917034626
legacy,0,b_N100_V4,7.05620797816664
legacy,0,b_N100_V4,7.06699991133064
legacy,0,b_N100_V4,7.005915977060795
legacy,0,b_N100_V4,7.674874970689416
legacy,0,b_N100_V4,7.291667046956718
legacy,0,b_N100_V4,7.208917057141662
legacy,0,b_N100_V4,7.185874972492456
legacy,0,b_N100_V4,7.092042011208832
legacy,0,b_N100_V4,7.124750060029328
legacy,0,b_N100_V4,7.11733300704509
legacy,0,b_N100_V4,7.164917071349919
legacy,0,b_N100_V4,7.104208925738931
legacy,0,b_N100_V4,7.006375002674758
legacy,0,b_N100_V4,7.09695799741894
legacy,0,b_N100_V4,7.0745840203017
legacy,0,b_N100_V4,7.067792001180351
legacy,0,b_N100_V4,7.310291985049844
legacy,0,b_N100_V4,7.105667027644813
legacy,0,b_N100_V4,7.072916952893138
legacy,0,b_N100_V4,7.108708028681576
legacy,0,b_N100_V4,7.110500009730458
legacy,0,b_N100_V4,7.079667062498629
legacy,0,b_N100_V4,7.116582943126559
legacy,0,b_N100_V4,7.137250038795173
legacy,0,b_N100_V4,7.098915986716747
legacy,0,b_N100_V4,7.052083034068346
legacy,0,b_N100_V4,7.058583898469806
legacy,0,b_N100_V4,6.997957942076027
legacy,0,b_N100_V4,7.094417000189424
legacy,0,b_N100_V4,7.069041952490807
legacy,0,b_N100_V4,8.26675002463162
legacy,0,b_N100_V4,7.5294169364497066
legacy,0,b_N100_V4,7.536290911957622
legacy,0,b_N100_V4,7.489916984923184
legacy,0,b_N100_V4,7.508957991376519
legacy,0,b_N100_V4,7.446957984939218
legacy,0,b_N100_V4,7.462042034603655
legacy,0,b_N100_V4,7.454999955371022
legacy,0,b_N100_V4,7.514459080994129
legacy,0,b_N100_V4,8.254250045865774
legacy,0,b_N100_V4,7.548583089374006
legacy,0,b_N100_V4,7.435666979290545
legacy,0,b_N100_V4,7.460499997250736
legacy,0,b_N100_V4,7.490499992854893
legacy,0,b_N100_V4,7.470833952538669
legacy,0,b_N100_V4,7.532041985541582
legacy,0,b_N100_V4,7.491749944165349
legacy,0,b_N100_V4,7.723624934442341
legacy,0,b_N100_V4,7.4816669803112745
legacy,0,b_N100_V4,7.416000007651746
legacy,0,b_N100_V4,7.424707990139723
legacy,0,b_N100_V4,7.438958040438592
legacy,0,b_N100_V4,7.423750008456409
legacy,0,b_N100_V4,7.435208070091903
legacy,0,b_N100_V4,7.4549580458551645
legacy,0,b_N100_V4,7.426250027492642
legacy,0,b_N100_V4,7.484583067707717
legacy,0,b_N100_V4,7.431125035509467
legacy,0,b_N100_V4,7.4159998912364244
legacy,0,b_N100_V4,7.414459018036723
legacy,0,b_N100_V4,7.432708982378244
legacy,0,b_N100_V4,7.412708015181124
legacy,0,b_N100_V4,7.427416974678636
legacy,0,b_N100_V4,7.355083012953401
legacy,0,b_N100_V4,7.413749932311475
legacy,0,b_N100_V4,7.38783401902765
legacy,0,b_N100_V4,7.418832974508405
legacy,0,b_N100_V4,8.085250039584935
legacy,0,b_N100_V4,7.617750088684261
legacy,0,b_N100_V4,7.608458050526679
legacy,0,b_N100_V4,7.5051659950986505
legacy,0,b_N100_V4,7.4480000184848905
legacy,0,b_N100_V4,7.452041958458722
legacy,0,b_N100_V4,7.417041924782097
legacy,0,b_N100_V4,7.493749959394336
legacy,0,b_N100_V4,7.515207980759442
legacy,0,b_N100_V4,7.520208018831909
legacy,0,b_N100_V4,7.4009159579873085
legacy,0,b_N100_V4,7.384625030681491
legacy,0,b_N100_V4,7.513958029448986
legacy,0,b_N100_V4,7.460082997567952
legacy,0,b_N100_V4,7.493667071685195
legacy,0,b_N100_V4,7.475999998860061
legacy,0,b_N100_V4,7.41025002207607
legacy,0,b_N100_V4,7.429458084516227
legacy,0,b_N100_V4,7.409916026517749
legacy,0,b_N100_V4,7.422833936288953
legacy,0,b_N100_V4,7.418208057060838
legacy,0,b_N100_V4,7.290082983672619
legacy,0,b_N100_V4,7.456540944986045
legacy,0,b_N100_V4,7.864832994528115
legacy,0,b_N100_V4,7.136457948945463
legacy,0,b_N100_V4,7.106750039383769
legacy,0,b_N100_V4,7.098832982592285
legacy,0,b_N100_V4,7.046458078548312
legacy,0,b_N100_V4,7.008292013779283
legacy,0,b_N100_V4,7.067541009746492
legacy,0,b_N100_V4,7.133917068131268
legacy,0,b_N100_V4,7.009791908785701
legacy,0,b_N100_V4,7.0107500068843365
legacy,0,b_N100_V4,6.98987499345094
legacy,0,b_N100_V4,7.000333978794515
legacy,0,b_N100_V4,7.031790912151337
legacy,0,b_N100_V4,6.989957997575402
legacy,0,b_N100_V4,7.080917013809085
legacy,0,b_N100_V4,7.016291026957333
legacy,0,b_N100_V4,7.1186249842867255
legacy,0,b_N100_V4,7.0521250599995255
legacy,0,b_N100_V4,6.98833295609802
legacy,0,b_N100_V4,7.015582988969982
legacy,0,b_N100_V4,6.982124992646277
legacy,0,b_N100_V4,7.158625056035817
legacy,0,b_N100_V4,6.992958020418882
legacy,0,b_N100_V4,6.996541982516646
legacy,0,b_N100_V4,6.985750049352646
legacy,0,b_N100_V4,7.235582917928696
legacy,0,b_N100_V4,6.996374926529825
legacy,0,b_N100_V4,7.00104096904397
legacy,0,b_N100_V4,7.0151250110939145
legacy,0,b_N100_V4,7.064457982778549
legacy,0,b_N100_V4,6.980457925237715
legacy,0,b_N100_V4,6.970125017687678
legacy,0,b_N100_V4,6.965958047658205
legacy,0,b_N100_V4,6.9879579823464155
legacy,0,b_N100_V4,6.983958068303764
legacy,0,b_N100_V4,7.008625078015029
legacy,0,b_N100_V4,7.000958081334829
legacy,0,b_N100_V4,7.0061670849099755
legacy,0,b_N100_V4,6.977250101044774
legacy,0,b_N100_V4,6.994458031840622
legacy,0,b_N100_V4,6.9832910085096955
legacy,0,b_N100_V4,6.960334023460746
legacy,0,b_N100_V4,6.9911249447613955
legacy,0,b_N100_V4,7.14258395601064
legacy,0,b_N100_V4,6.9995420053601265
legacy,0,b_N100_V4,6.974874995648861
legacy,0,b_N100_V4,7.002083002589643
legacy,0,b_N100_V4,7.342832977883518
legacy,0,b_N100_V4,7.048832951113582
legacy,0,b_N100_V4,7.087207981385291
legacy,0,b_N100_V4,7.672375068068504
legacy,0,b_N100_V4,7.216333062388003
legacy,0,b_N100_V4,7.775416946969926
legacy,0,b_N100_V4,7.081583957187831
legacy,0,b_N100_V4,7.015707902610302
legacy,0,b_N100_V4,7.053875015117228
legacy,0,b_N100_V4,7.005834020674229
legacy,0,b_N100_V4,7.526165922172368
legacy,0,b_N100_V4,7.241041981615126
legacy,0,b_N100_V4,7.034624926745892
legacy,0,b_N100_V4,8.193250047042966
legacy,0,b_N100_V4,7.4443339835852385
legacy,0,b_N100_V4,7.401082897558808
legacy,0,b_N100_V4,7.407750003039837
legacy,0,b_N100_V4,7.400583941489458
legacy,0,b_N100_V4,7.355791982263327
legacy,0,b_N100_V4,7.297832984477282
legacy,0,b_N100_V4,7.3010839987546206
legacy,0,b_N100_V4,7.274457952007651
legacy,0,b_N100_V4,7.3701669462025166
legacy,0,b_N100_V4,7.299500051885843
legacy,0,b_N100_V4,7.2827080730348825
legacy,0,b_N100_V4,7.275999989360571
legacy,0,b_N100_V4,7.306792074814439
legacy,0,b_N100_V4,7.296499912627041
legacy,0,b_N100_V4,7.405458018183708
legacy,0,b_N100_V4,7.311458932235837
legacy,0,b_N100_V4,7.4091668939217925
legacy,0,b_N100_V4,7.360416930168867
legacy,0,b_N100_V4,7.376124965958297
legacy,0,b_N100_V4,7.349291001446545
legacy,0,b_N100_V4,7.318915915675461
legacy,0,b_N100_V4,7.287916960194707
legacy,0,b_N100_V4,7.272207993082702
legacy,0,b_N100_V4,7.298000040464103
legacy,0,b_N100_V4,7.384084048680961
legacy,0,b_N100_V4,7.259917096234858
legacy,0,b_N100_V4,7.304416969418526
legacy,0,b_N100_V4,7.315416005440056
legacy,0,b_N100_V4,7.6413750648498535
legacy,0,b_N100_V4,7.266208995133638
legacy,0,b_N100_V4,7.387583958916366
legacy,0,b_N100_V4,7.275957963429391
legacy,0,b_N100_V4,7.286999956704676
legacy,0,b_N100_V4,7.406124961562455
legacy,0,b_N100_V4,7.543041952885687
legacy,0,b_N100_V4,7.274874951690435
legacy,0,b_N100_V4,7.3094170074909925
legacy,0,b_N100_V4,7.290832931175828
legacy,0,b_N100_V4,7.277291966602206
legacy,0,b_N100_V4,7.307750056497753
legacy,0,b_N100_V4,7.383957970887423
legacy,0,b_N100_V4,7.333124987781048
legacy,0,b_N100_V4,7.256958982907236
legacy,0,b_N100_V4,7.268249988555908
legacy,0,b_N100_V4,7.271583890542388
legacy,0,b_N100_V4,7.296041934750974
legacy,0,b_N100_V4,7.437833002768457
legacy,0,b_N100_V4,7.332374923862517
legacy,0,b_N100_V4,7.347541977651417
legacy,0,b_N100_V4,7.323583005927503
legacy,0,b_N100_V4,7.37570901401341
legacy,0,b_N100_V4,7.307666935957968
legacy,0,b_N100_V4,7.34908296726644
legacy,0,b_N100_V4,7.311832974664867
legacy,0,b_N100_V4,7.336959009990096
legacy,0,b_N100_V4,7.358417031355202
legacy,0,b_N100_V4,7.342208060435951
legacy,0,b_N100_V4,7.272541988641024
legacy,0,b_N100_V4,7.379624992609024
legacy,0,b_N100_V4,7.776040933094919
legacy,0,b_N100_V4,7.0726670091971755
legacy,0,b_N100_V4,7.006917032413185
legacy,0,b_N100_V4,7.15416599996388
legacy,0,b_N100_V4,7.0006250170990825
legacy,0,b_N100_V4,7.000541896559298
legacy,0,b_N100_V4,6.968000088818371
legacy,0,b_N100_V4,7.026332896202803
legacy,0,b_N100_V4,6.991458940319717
legacy,0,b_N100_V4,6.98162498883903
legacy,0,b_N100_V4,6.944458000361919
legacy,0,b_N100_V4,7.073209038935602
legacy,0,b_N100_V4,6.948416004888713
legacy,0,b_N100_V4,6.943542044609785
legacy,0,b_N100_V4,6.9708749651908875
legacy,0,b_N100_V4,6.930875009857118
legacy,0,b_N100_V4,6.910583004355431
legacy,0,b_N100_V4,7.300917059183121
legacy,0,b_N100_V4,6.955957971513271
legacy,0,b_N100_V4,7.003625039942563
legacy,0,b_N100_V4,6.953833042643964
legacy,0,b_N100_V4,6.923749926500022
legacy,0,b_N100_V4,6.930499919690192
legacy,0,b_N100_V4,7.000249926932156
legacy,0,b_N100_V4,6.935749901458621
legacy,0,b_N100_V4,6.925957975909114
legacy,0,b_N100_V4,7.032416993752122
legacy,0,b_N100_V4,6.9560830015689135
legacy,0,b_N100_V4,7.000209065154195
legacy,0,b_N100_V4,6.9600839633494616
legacy,0,b_N100_V4,6.940582999959588
legacy,0,b_N100_V4,6.928457994945347
legacy,0,b_N100_V4,6.9477909710258245
legacy,0,b_N100_V4,7.281332975253463
legacy,0,b_N100_V4,6.93100003991276
legacy,0,b_N100_V4,6.930083967745304
legacy,0,b_N100_V4,6.910666008479893
legacy,0,b_N100_V4,6.999207893386483
legacy,0,b_N100_V4,6.953083910048008
legacy,0,b_N100_V4,6.95674994494766
legacy,0,b_N100_V4,6.921250023879111
legacy,0,b_N100_V4,6.979458965361118
legacy,0,b_N100_V4,6.929875002242625
legacy,0,b_N100_V4,6.993832997977734
legacy,0,b_N100_V4,6.938874954357743
legacy,0,b_N100_V4,6.951791001483798
legacy,0,b_N100_V4,6.93620799575001
legacy,0,b_N100_V4,7.019874989055097
legacy,0,b_N100_V4,6.986750056967139
legacy,0,b_N100_V4,7.160249981097877
legacy,0,b_N100_V4,6.977249984629452
legacy,0,b_N100_V4,6.973540992476046
legacy,0,b_N100_V4,6.945749977603555
legacy,0,b_N100_V4,6.9391250144690275
legacy,0,b_N100_V4,6.951040937565267
legacy,0,b_N100_V4,7.0501669542863965
legacy,0,b_N100_V4,6.937250029295683
legacy,0,b_N100_V4,6.917624967172742
legacy,0,b_N100_V4,6.900541950017214
legacy,0,b_N100_V4,7.15974997729063
legacy,0,b_N100_V4,8.362750057131052
legacy,0,b_N100_V4,7.556707947514951
legacy,0,b_N100_V4,7.538542035035789
legacy,0,b_N100_V4,7.503250031732023
legacy,0,b_N100_V4,7.5026670238003135
legacy,0,b_N100_V4,7.717209053225815
legacy,0,b_N100_V4,7.494666031561792
legacy,0,b_N100_V4,7.497832993976772
legacy,0,b_N100_V4,7.483249995857477
legacy,0,b_N100_V4,7.446707924827933
legacy,0,b_N100_V4,7.533625001087785
legacy,0,b_N100_V4,7.4761249125003815
legacy,0,b_N100_V4,7.452957914210856
legacy,0,b_N100_V4,7.362582953646779
legacy,0,b_N100_V4,7.43749993853271
legacy,0,b_N100_V4,7.389792008325458
legacy,0,b_N100_V4,7.468499941751361
legacy,0,b_N100_V4,7.5677919667214155
legacy,0,b_N100_V4,7.48799997381866
legacy,0,b_N100_V4,7.428582990542054
legacy,0,b_N100_V4,7.448374992236495
legacy,0,b_N100_V4,7.636917056515813
legacy,0,b_N100_V4,7.447333075106144
legacy,0,b_N100_V4,7.36349995713681
legacy,0,b_N100_V4,7.451792014762759
legacy,0,b_N100_V4,7.376749999821186
legacy,0,b_N100_V4,7.465582923032343
legacy,0,b_N100_V4,8.070874959230423
legacy,0,b_N100_V4,7.577250013127923
legacy,0,b_N100_V4,7.499375031329691
legacy,0,b_N100_V4,7.467999937944114
legacy,0,b_N100_V4,7.529707974754274
legacy,0,b_N100_V4,7.4711249908432364
legacy,0,b_N100_V4,7.4135829927399755
legacy,0,b_N100_V4,7.4202080722898245
legacy,0,b_N100_V4,7.383833988569677
legacy,0,b_N100_V4,7.436375017277896
legacy,0,b_N100_V4,8.012833073735237
legacy,0,b_N100_V4,7.7145000686869025
legacy,0,b_N100_V4,7.622999954037368
legacy,0,b_N100_V4,7.568957982584834
legacy,0,b_N100_V4,7.5380839407444
legacy,0,b_N100_V4,7.468957919627428
legacy,0,b_N100_V4,7.531332899816334
legacy,0,b_N100_V4,7.533584022894502
legacy,0,b_N100_V4,7.410540943965316
legacy,0,b_N100_V4,7.498041959479451
legacy,0,b_N100_V4,7.519667036831379
legacy,0,b_N100_V4,7.458958076313138
legacy,0,b_N100_V4,7.419625064358115
legacy,0,b_N100_V4,7.441084017045796
legacy,0,b_N100_V4,7.411167025566101
legacy,0,b_N100_V4,7.462000008672476
legacy,0,b_N100_V4,7.613958907313645
legacy,0,b_N100_V4,7.498582941479981
legacy,0,b_N100_V4,7.371374987997115
legacy,0,b_N100_V4,7.471667020581663
legacy,0,b_N100_V4,7.414208026602864
legacy,0,b_N100_V4,7.502750027924776
legacy,0,b_N100_V4,7.380458991974592
legacy,0,b_N100_V4,7.94983294326812
legacy,0,b_N100_V4,7.206249982118607
legacy,0,b_N100_V4,7.092082989402115
legacy,0,b_N100_V4,7.210541982203722
legacy,0,b_N100_V4,7.054334040731192
legacy,0,b_N100_V4,7.018791977316141
legacy,0,b_N100_V4,7.178625091910362
legacy,0,b_N100_V4,7.119000074453652
legacy,0,b_N100_V4,7.150041055865586
legacy,0,b_N100_V4,7.099250098690391
legacy,0,b_N100_V4,7.118416950106621
legacy,0,b_N100_V4,7.025082944892347
legacy,0,b_N100_V4,7.121916976757348
legacy,0,b_N100_V4,7.119415909983218
legacy,0,b_N100_V4,7.117290981113911
legacy,0,b_N100_V4,6.974042044021189
legacy,0,b_N100_V4,7.150958990678191
legacy,0,b_N100_V4,7.210833020508289
legacy,0,b_N100_V4,7.12820899207145
legacy,0,b_N100_V4,6.966834072954953
legacy,0,b_N100_V4,7.107125013135374
legacy,0,b_N100_V4,6.957292091101408
legacy,0,b_N100_V4,7.0995420683175325
legacy,0,b_N100_V4,7.1076670428738
legacy,0,b_N100_V4,7.0747919380664825
legacy,0,b_N100_V4,7.640833966434002
legacy,0,b_N100_V4,7.463166024535894
legacy,0,b_N100_V4,7.175875012762845
legacy,0,b_N100_V4,7.266957894898951
legacy,0,b_N100_V4,7.098207948729396
legacy,0,b_N100_V4,7.210457930341363
legacy,0,b_N100_V4,7.0563750341534615
legacy,0,b_N100_V4,7.147375028580427
legacy,0,b_N100_V4,7.102958974428475
legacy,0,b_N100_V4,6.96875003632158
legacy,0,b_N100_V4,7.004832965321839
legacy,0,b_N100_V4,7.872375077567995
legacy,0,b_N100_V4,7.1407920913770795
legacy,0,b_N100_V4,7.213750039227307
legacy,0,b_N100_V4,7.096291985362768
legacy,0,b_N100_V4,7.125124917365611
legacy,0,b_N100_V4,6.94525009021163
legacy,0,b_N100_V4,7.133209030143917
legacy,0,b_N100_V4,7.0867500035092235
legacy,0,b_N100_V4,7.102124975062907
legacy,0,b_N100_V4,7.061167038045824
legacy,0,b_N100_V4,7.000959012657404
legacy,0,b_N100_V4,7.190875010564923
legacy,0,b_N100_V4,7.122750044800341
legacy,0,b_N100_V4,7.091875071637332
legacy,0,b_N100_V4,7.078042021021247
legacy,0,b_N100_V4,6.949375034309924
legacy,0,b_N100_V4,7.116249995306134
legacy,0,b_N100_V4,6.968458998017013
legacy,0,b_N100_V4,7.106708944775164
legacy,0,b_N100_V4,7.108624908141792
legacy,0,b_N100_V4,7.062625023536384
legacy,0,b_N100_V4,6.875415914691985
legacy,0,b_N100_V4,7.077874965034425
legacy,0,b_N100_V4,7.031666929833591
legacy,0,b_N100_V4,8.213500026613474
legacy,0,b_N100_V4,7.420500041916966
legacy,0,b_N100_V4,7.394249900244176
legacy,0,b_N100_V4,7.336624898016453
legacy,0,b_N100_V4,7.423791917972267
legacy,0,b_N100_V4,7.346999947912991
legacy,0,b_N100_V4,7.889707922004163
legacy,0,b_N100_V4,7.512582931667566
legacy,0,b_N100_V4,7.335959002375603
legacy,0,b_N100_V4,7.353457971476018
legacy,0,b_N100_V4,7.330958032980561
legacy,0,b_N100_V4,7.318457937799394
legacy,0,b_N100_V4,7.347750011831522
legacy,0,b_N100_V4,7.346875034272671
legacy,0,b_N100_V4,7.927750004455447
legacy,0,b_N100_V4,7.594458060339093
legacy,0,b_N100_V4,7.431333069689572
legacy,0,b_N100_V4,7.464749971404672
legacy,0,b_N100_V4,7.472208002582192
legacy,0,b_N100_V4,7.4038750026375055
legacy,0,b_N100_V4,7.3712499579414725
legacy,0,b_N100_V4,7.3899999260902405
legacy,0,b_N100_V4,7.400374975986779
legacy,0,b_N100_V4,7.364624994806945
legacy,0,b_N100_V4,7.341959048062563
legacy,0,b_N100_V4,7.391000050120056
legacy,0,b_N100_V4,7.349709048867226
legacy,0,b_N100_V4,7.336709066294134
legacy,0,b_N100_V4,7.397167035378516
legacy,0,b_N100_V4,7.40579201374203
legacy,0,b_N100_V4,7.356957998126745
legacy,0,b_N100_V4,7.378083071671426
legacy,0,b_N100_V4,7.328041945584118
legacy,0,b_N100_V4,7.341374992392957
legacy,0,b_N100_V4,7.356166024692357
legacy,0,b_N100_V4,7.353166933171451
legacy,0,b_N100_V4,7.341459044255316
legacy,0,b_N100_V4,7.406499935314059
legacy,0,b_N100_V4,7.380291935987771
legacy,0,b_N100_V4,7.335874950513244
legacy,0,b_N100_V4,7.344707963056862
legacy,0,b_N100_V4,7.346166996285319
legacy,0,b_N100_V4,7.356042042374611
legacy,0,b_N100_V4,7.342208060435951
legacy,0,b_N100_V4,7.324333069846034
legacy,0,b_N100_V4,7.330042077228427
legacy,0,b_N100_V4,7.299500051885843
legacy,0,b_N100_V4,7.310833898372948
legacy,0,b_N100_V4,7.390041020698845
legacy,0,b_N100_V4,7.587541011162102
legacy,0,b_N100_V4,7.352208951488137
legacy,0,b_N100_V4,7.391999941319227
legacy,0,b_N100_V4,7.364416960626841
legacy,0,b_N100_V4,7.335959002375603
legacy,0,b_N100_V4,7.341374992392957
legacy,0,b_N100_V4,7.312624948099256
legacy,0,b_N100_V4,7.381916977465153
legacy,0,b_N100_V4,7.324500009417534
legacy,0,b_N100_V4,7.32804206199944
legacy,0,b_N100_V4,7.339959032833576
legacy,0,b_N100_V4,7.830082904547453
legacy,0,b_N100_V4,7.100666989572346
legacy,0,b_N100_V4,7.0550000527873635
legacy,0,b_N100_V4,7.005291059613228
legacy,0,b_N100_V4,6.9775840966030955
legacy,0,b_N100_V4,7.027917075902224
legacy,0,b_N100_V4,7.002458907663822
legacy,0,b_N100_V4,6.949833943508565
legacy,0,b_N100_V4,7.017791969701648
legacy,0,b_N100_V4,6.975166965276003
legacy,0,b_N100_V4,6.957834004424512
legacy,0,b_N100_V4,6.951999966986477
legacy,0,b_N100_V4,6.967291003093123
legacy,0,b_N100_V4,6.966707995161414
legacy,0,b_N100_V4,6.931832991540432
legacy,0,b_N100_V4,6.953459000214934
legacy,0,b_N100_V4,6.922916974872351
legacy,0,b_N100_V4,6.941125029698014
legacy,0,b_N100_V4,6.993292015977204
legacy,0,b_N100_V4,6.928334012627602
legacy,0,b_N100_V4,6.9332089042291045
legacy,0,b_N100_V4,6.955583929084241
legacy,0,b_N100_V4,6.924666929990053
legacy,0,b_N100_V4,6.9549999898299575
legacy,0,b_N100_V4,6.943958927877247
legacy,0,b_N100_V4,6.912166951224208
legacy,0,b_N100_V4,6.916958023793995
legacy,0,b_N100_V4,6.927666952833533
legacy,0,b_N100_V4,6.97195902466774
legacy,0,b_N100_V4,6.944000022485852
legacy,0,b_N100_V4,6.922667031176388
legacy,0,b_N100_V4,6.92404096480459
legacy,0,b_N100_V4,6.92783307749778
legacy,0,b_N100_V4,7.009749999269843
legacy,0,b_N100_V4,6.885958020575345
legacy,0,b_N100_V4,7.0277920458465815
legacy,0,b_N100_V4,6.878000102005899
legacy,0,b_N100_V4,6.917458027601242
legacy,0,b_N100_V4,6.93758309353143
legacy,0,b_N100_V4,7.51587504055351
legacy,0,b_N100_V4,6.922084023244679
legacy,0,b_N100_V4,6.942917010746896
legacy,0,b_N100_V4,6.946000037714839
legacy,0,b_N100_V4,7.004749961197376
legacy,0,b_N100_V4,6.946000037714839
legacy,0,b_N100_V4,6.902249995619059
legacy,0,b_N100_V4,6.930125062353909
legacy,0,b_N100_V4,6.93775003310293
legacy,0,b_N100_V4,7.019375101663172
legacy,0,b_N100_V4,6.902125081978738
legacy,0,b_N100_V4,7.012707996182144
legacy,0,b_N100_V4,6.9412089651450515
legacy,0,b_N100_V4,6.91266602370888
legacy,0,b_N100_V4,6.954208016395569
legacy,0,b_N100_V4,6.933707976713777
legacy,0,b_N100_V4,6.924749934114516
legacy,0,b_N100_V4,6.941374973393977
legacy,0,b_N100_V4,6.9608340272679925
legacy,0,b_N100_V4,6.96129200514406
legacy,0,b_N100_V4,6.932124961167574
legacy,0,b_N100_V4,8.2291669677943
legacy,0,b_N100_V4,7.460457971319556
legacy,0,b_N100_V4,7.436083978973329
legacy,0,b_N100_V4,7.403000025078654
legacy,0,b_N100_V4,7.422666996717453
legacy,0,b_N100_V4,7.32108298689127
legacy,0,b_N100_V4,7.383833057247102
legacy,0,b_N100_V4,7.391917053610086
legacy,0,b_N100_V4,7.3745830450206995
legacy,0,b_N100_V4,7.33775005210191
legacy,0,b_N100_V4,7.329832995310426
legacy,0,b_N100_V4,7.847708067856729
legacy,0,b_N100_V4,8.558041066862643
legacy,0,b_N100_V4,7.8237500274553895
legacy,0,b_N100_V4,7.547124987468123
legacy,0,b_N100_V4,7.726874900981784
legacy,0,b_N100_V4,7.569083012640476
legacy,0,b_N100_V4,7.846208987757564
legacy,0,b_N100_V4,7.966207922436297
legacy,0,b_N100_V4,7.7299169497564435
legacy,0,b_N100_V4,7.580542005598545
legacy,0,b_N100_V4,7.521708030253649
legacy,0,b_N100_V4,7.474667043425143
legacy,0,b_N100_V4,7.38316704519093
legacy,0,b_N100_V4,7.4010000098496675
legacy,0,b_N100_V4,7.428750046528876
legacy,0,b_N100_V4,7.405500044114888
legacy,0,b_N100_V4,7.419375004246831
legacy,0,b_N100_V4,7.389458012767136
legacy,0,b_N100_V4,7.411625003442168
legacy,0,b_N100_V4,7.392374915070832
legacy,0,b_N100_V4,7.352749933488667
legacy,0,b_N100_V4,7.3911669896915555
legacy,0,b_N100_V4,7.3777079815045
legacy,0,b_N100_V4,7.438416942022741
legacy,0,b_N100_V4,7.3452090146020055
legacy,0,b_N100_V4,7.403125055134296
legacy,0,b_N100_V4,7.4124999810010195
legacy,0,b_N100_V4,7.418291992507875
legacy,0,b_N100_V4,7.358083035796881
legacy,0,b_N100_V4,7.403541007079184
legacy,0,b_N100_V4,7.388333906419575
legacy,0,b_N100_V4,7.386957993730903
legacy,0,b_N100_V4,7.451999932527542
legacy,0,b_N100_V4,7.405957905575633
legacy,0,b_N100_V4,7.377457921393216
legacy,0,b_N100_V4,7.409124984405935
legacy,0,b_N100_V4,7.326749968342483
legacy,0,b_N100_V4,7.371666026301682
legacy,0,b_N100_V4,7.4005830101668835
legacy,0,b_N100_V4,7.316207978874445
legacy,0,b_N100_V4,7.351499982178211
legacy,0,b_N100_V4,7.3420420521870255
legacy,0,b_N100_V4,7.327832980081439
legacy,0,b_N100_V4,7.394582964479923
legacy,0,b_N100_V4,7.36783305183053
legacy,0,b_N100_V4,7.352166925556958
legacy,0,b_N100_V4,7.359125069342554
legacy,0,b_N100_V4,7.3295829351991415
legacy,0,b_N100_V4,7.309917011298239
legacy,0,b_N100_V4,7.781915948726237
legacy,0,b_N100_V4,7.192083052359521
legacy,0,b_N100_V4,7.24804203491658
legacy,0,b_N100_V4,7.065917016007006
legacy,0,b_N100_V4,7.0252500008791685
legacy,0,b_N100_V4,7.094916072674096
legacy,0,b_N100_V4,6.960333092138171
legacy,0,b_N100_V4,7.073332904838026
legacy,0,b_N100_V4,7.075333967804909
legacy,0,b_N100_V4,7.040875032544136
legacy,0,b_N100_V4,6.986166932620108
legacy,0,b_N100_V4,7.144375005736947
legacy,0,b_N100_V4,7.037417031824589
legacy,0,b_N100_V4,7.045208010822535
legacy,0,b_N100_V4,7.012541056610644
legacy,0,b_N100_V4,7.027541985735297
legacy,0,b_N100_V4,6.9716660073027015
legacy,0,b_N100_V4,7.05700006801635
legacy,0,b_N100_V4,7.099041016772389
legacy,0,b_N100_V4,7.008208078332245
legacy,0,b_N100_V4,6.990833906456828
legacy,0,b_N100_V4,7.72745895665139
legacy,0,b_N100_V4,7.248083013109863
legacy,0,b_N100_V4,7.219500024802983
legacy,0,b_N100_V4,7.082417025230825
legacy,0,b_N100_V4,7.16495793312788
legacy,0,b_N100_V4,7.595959003083408
legacy,0,b_N100_V4,7.213000091724098
legacy,0,b_N100_V4,7.108333054929972
legacy,0,b_N100_V4,7.146500051021576
legacy,0,b_N100_V4,7.086958037689328
legacy,0,b_N100_V4,7.126917014829814
legacy,0,b_N100_V4,7.108625024557114
legacy,0,b_N100_V4,7.112041930668056
legacy,0,b_N100_V4,7.030208013020456
legacy,0,b_N100_V4,7.084416109137237
legacy,0,b_N100_V4,7.01941701117903
legacy,0,b_N100_V4,7.0977500872686505
legacy,0,b_N100_V4,7.030459004454315
legacy,0,b_N100_V4,7.006375002674758
legacy,0,b_N100_V4,7.039416930638254
legacy,0,b_N100_V4,7.080874987877905
legacy,0,b_N100_V4,7.0270419819280505
legacy,0,b_N100_V4,7.01025000307709
legacy,0,b_N100_V4,6.97191699873656
legacy,0,b_N100_V4,6.956292083486915
legacy,0,b_N100_V4,7.662625052034855
legacy,0,b_N100_V4,7.1397090796381235
legacy,0,b_N100_V4,7.011291920207441
legacy,0,b_N100_V4,7.054333109408617
legacy,0,b_N100_V4,7.025041966699064
legacy,0,b_N100_V4,7.0072500966489315
legacy,0,b_N100_V4,6.970125017687678
legacy,0,b_N100_V4,7.04495795071125
legacy,0,b_N100_V4,7.0151250110939145
legacy,0,b_N100_V4,7.076167035847902
legacy,0,b_N100_V4,7.018874981440604
legacy,0,b_N100_V4,7.021500030532479
legacy,0,b_N100_V4,7.014250033535063
legacy,0,b_N100_V4,7.0226669777184725
legacy,0,b_N100_V4,8.295750012621284
legacy,0,b_N100_V4,7.559666992165148
legacy,0,b_N100_V4,7.460542023181915
legacy,0,b_N100_V4,7.429625024087727
legacy,0,b_N100_V4,7.457082974724472
legacy,0,b_N100_V4,7.35366705339402
legacy,0,b_N100_V4,7.406791904941201
legacy,0,b_N100_V4,7.336916984058917
legacy,0,b_N100_V4,7.414041087031364
legacy,0,b_N100_V4,7.5603750301525
legacy,0,b_N100_V4,7.392707979306579
legacy,0,b_N100_V4,7.4838330037891865
legacy,0,b_N100_V4,7.400083006359637
legacy,0,b_N100_V4,7.45720905251801
legacy,0,b_N100_V4,7.422458031214774
legacy,0,b_N100_V4,7.401917013339698
legacy,0,b_N100_V4,7.3836250230669975
legacy,0,b_N100_V4,7.450166973285377
legacy,0,b_N100_V4,7.993292063474655
legacy,0,b_N100_V4,7.471792050637305
legacy,0,b_N100_V4,7.4078330071642995
legacy,0,b_N100_V4,7.4115830939263105
legacy,0,b_N100_V4,7.411208935081959
legacy,0,b_N100_V4,7.442332920618355
legacy,0,b_N100_V4,7.355915964581072
legacy,0,b_N100_V4,7.432915968820453
legacy,0,b_N100_V4,7.431583013385534
legacy,0,b_N100_V4,7.439292035996914
legacy,0,b_N100_V4,7.419792003929615
legacy,0,b_N100_V4,7.405417039990425
legacy,0,b_N100_V4,7.390417042188346
legacy,0,b_N100_V4,7.505540968850255
legacy,0,b_N100_V4,7.405542070046067
legacy,0,b_N100_V4,7.410375052131712
legacy,0,b_N100_V4,7.3246670654043555
legacy,0,b_N100_V4,7.421749993227422
legacy,0,b_N100_V4,7.3748750146478415
legacy,0,b_N100_V4,7.379416958428919
legacy,0,b_N100_V4,7.408957928419113
legacy,0,b_N100_V4,7.451999932527542
legacy,0,b_N100_V4,7.375124958343804
legacy,0,b_N100_V4,7.407624972984195
legacy,0,b_N100_V4,7.369915954768658
legacy,0,b_N100_V4,7.379541988484561
legacy,0,b_N100_V4,7.39137502387166
legacy,0,b_N100_V4,7.385583012364805
legacy,0,b_N100_V4,7.401457987725735
legacy,0,b_N100_V4,7.377667003311217
legacy,0,b_N100_V4,7.477250066585839
legacy,0,b_N100_V4,7.394750020466745
legacy,0,b_N100_V4,7.397625013254583
legacy,0,b_N100_V4,7.4090000707656145
legacy,0,b_N100_V4,7.379916962236166
legacy,0,b_N100_V4,7.450332981534302
legacy,0,b_N100_V4,7.383125019259751
legacy,0,b_N100_V4,7.376457913778722
legacy,0,b_N100_V4,7.349750027060509
legacy,0,b_N100_V4,7.398042012937367
legacy,0,b_N100_V4,7.351374952122569
legacy,0,b_N100_V4,7.447625044733286
legacy,0,b_N100_V4,7.926624966785312
legacy,0,b_N100_V4,7.077959016896784
legacy,0,b_N100_V4,7.0371669717133045
legacy,0,b_N100_V4,7.028250023722649
legacy,0,b_N100_V4,7.0792080368846655
legacy,0,b_N100_V4,7.039583986625075
legacy,0,b_N100_V4,7.029959000647068
legacy,0,b_N100_V4,7.00724998023361
legacy,0,b_N100_V4,6.99749996419996
legacy,0,b_N100_V4,7.016708026640117
legacy,0,b_N100_V4,7.028250023722649
legacy,0,b_N100_V4,6.999417091719806
legacy,0,b_N100_V4,6.965458043850958
legacy,0,b_N100_V4,6.980458041653037
legacy,0,b_N100_V4,7.027290994301438
legacy,0,b_N100_V4,6.975291995331645
legacy,0,b_N100_V4,6.9524169666692615
legacy,0,b_N100_V4,7.0136249996721745
legacy,0,b_N100_V4,6.954874959774315
legacy,0,b_N100_V4,6.977292010560632
legacy,0,b_N100_V4,7.031208020634949
legacy,0,b_N100_V4,6.918124970979989
legacy,0,b_N100_V4,7.014292059466243
legacy,0,b_N100_V4,7.026292034424841
legacy,0,b_N100_V4,6.9340410409495234
legacy,0,b_N100_V4,6.980500067584217
legacy,0,b_N100_V4,7.005250081419945
legacy,0,b_N100_V4,6.982000079005957
legacy,0,b_N100_V4,6.943291984498501
legacy,0,b_N100_V4,6.9611669750884175
legacy,0,b_N100_V4,7.018208038061857
legacy,0,b_N100_V4,6.980041973292828
legacy,0,b_N100_V4,7.025333005003631
legacy,0,b_N100_V4,6.96129200514406
legacy,0,b_N100_V4,7.011333014816046
legacy,0,b_N100_V4,6.962292012758553
legacy,0,b_N100_V4,6.960500031709671
legacy,0,b_N100_V4,6.952375057153404
legacy,0,b_N100_V4,7.006875006482005
legacy,0,b_N100_V4,6.959500024095178
legacy,0,b_N100_V4,6.958374986425042
legacy,0,b_N100_V4,6.954041076824069
legacy,0,b_N100_V4,6.97550002951175
legacy,0,b_N100_V4,6.979790981858969
legacy,0,b_N100_V4,6.9814169546589255
legacy,0,b_N100_V4,6.997791002504528
legacy,0,b_N100_V4,7.035708986222744
legacy,0,b_N100_V4,6.9549999898299575
legacy,0,b_N100_V4,6.921082967892289
legacy,0,b_N100_V4,7.0060830330476165
legacy,0,b_N100_V4,7.330166990868747
legacy,0,b_N100_V4,6.924416986294091
legacy,0,b_N100_V4,6.979249999858439
legacy,0,b_N100_V4,7.156584062613547
legacy,0,b_N100_V4,6.990666035562754
legacy,0,b_N100_V4,6.946000037714839
legacy,0,b_N100_V4,7.001125020906329
legacy,0,b_N100_V4,7.006583036854863
legacy,0,b_N100_V4,7.034917012788355
legacy,0,b_N100_V4,7.081791991367936
legacy,0,b_N100_V4,8.13866697717458
legacy,0,b_N100_V4,7.429916993714869
legacy,0,b_N100_V4,7.498707971535623
legacy,0,b_N100_V4,7.3527079075574875
legacy,0,b_N100_V4,7.3372910264879465
legacy,0,b_N100_V4,7.332582958042622
legacy,0,b_N100_V4,7.368832943029702
legacy,0,b_N100_V4,7.3136669816449285
legacy,0,b_N100_V4,7.373875007033348
legacy,0,b_N100_V4,7.277791039086878
legacy,0,b_N100_V4,7.305874954909086
legacy,0,b_N100_V4,7.265917025506496
legacy,0,b_N100_V4,7.2587080067023635
legacy,0,b_N100_V4,7.2503749979659915
legacy,0,b_N100_V4,7.387333898805082
legacy,0,b_N100_V4,7.253124960698187
legacy,0,b_N100_V4,7.31437501963228
legacy,0,b_N100_V4,7.257584016770124
legacy,0,b_N100_V4,7.252792012877762
legacy,0,b_N100_V4,7.498792023397982
legacy,0,b_N100_V4,8.581249974668026
legacy,0,b_N100_V4,9.131499915383756
legacy,0,b_N100_V4,8.139292011037469
legacy,0,b_N100_V4,7.923124940134585
legacy,0,b_N100_V4,7.581332931295037
legacy,0,b_N100_V4,7.974790991283953
legacy,0,b_N100_V4,7.880500052124262
legacy,0,b_N100_V4,7.56637507583946
legacy,0,b_N100_V4,7.466625072993338
legacy,0,b_N100_V4,7.495583966374397
legacy,0,b_N100_V4,7.722624926827848
legacy,0,b_N100_V4,7.705124909989536
legacy,0,b_N100_V4,7.507417001761496
legacy,0,b_N100_V4,7.452207966707647
legacy,0,b_N100_V4,7.445624913088977
legacy,0,b_N100_V4,7.416291977278888
legacy,0,b_N100_V4,7.880875025875866
legacy,0,b_N100_V4,7.490167045034468
legacy,0,b_N100_V4,7.66408396884799
legacy,0,b_N100_V4,7.491708034649491
legacy,0,b_N100_V4,7.423292030580342
legacy,0,b_N100_V4,7.418125052936375
legacy,0,b_N100_V4,7.511749980039895
legacy,0,b_N100_V4,7.47974996920675
legacy,0,b_N100_V4,7.417833898216486
legacy,0,b_N100_V4,7.423791917972267
legacy,0,b_N100_V4,7.425000076182187
legacy,0,b_N100_V4,7.4056669836863875
legacy,0,b_N100_V4,7.4614170007407665
legacy,0,b_N100_V4,8.060582913458347
legacy,0,b_N100_V4,7.73345900233835
legacy,0,b_N100_V4,7.528207963332534
legacy,0,b_N100_V4,7.483999943360686
legacy,0,b_N100_V4,7.374458014965057
legacy,0,b_N100_V4,7.364665973000228
legacy,0,b_N100_V4,7.344249985180795
legacy,0,b_N100_V4,7.451959070749581
legacy,0,b_N100_V4,7.463749963790178
legacy,0,b_N100_V4,7.517707999795675
legacy,0,b_N100_V4,7.560416939668357
legacy,0,b_N100_V4,8.133707917295396
legacy,0,b_N100_V4,7.195916958153248
legacy,0,b_N100_V4,7.102500065229833
legacy,0,b_N100_V4,7.071625092066824
legacy,0,b_N100_V4,7.074750028550625
legacy,0,b_N100_V4,7.0068339118734
legacy,0,b_N100_V4,6.973874988034368
legacy,0,b_N100_V4,6.9551250198856
legacy,0,b_N100_V4,6.990291993133724
legacy,0,b_N100_V4,6.99804094620049
legacy,0,b_N100_V4,6.98016700334847
legacy,0,b_N100_V4,6.952625000849366
legacy,0,b_N100_V4,6.944500026293099
legacy,0,b_N100_V4,6.993124959990382
legacy,0,b_N100_V4,6.930124945938587
legacy,0,b_N100_V4,6.945000030100346
legacy,0,b_N100_V4,6.94241700693965
legacy,0,b_N100_V4,6.957292091101408
legacy,0,b_N100_V4,6.942750071175396
legacy,0,b_N100_V4,7.10150005761534
legacy,0,b_N100_V4,6.996250012889504
legacy,0,b_N100_V4,6.967499968595803
legacy,0,b_N100_V4,6.99083402287215
legacy,0,b_N100_V4,6.962999934330583
legacy,0,b_N100_V4,6.990291993133724
legacy,0,b_N100_V4,6.936624995432794
legacy,0,b_N100_V4,6.931958952918649
legacy,0,b_N100_V4,7.103958050720394
legacy,0,b_N100_V4,7.0367919979617
legacy,0,b_N100_V4,7.0158339804038405
legacy,0,b_N100_V4,7.016542018391192
legacy,0,b_N100_V4,6.947166984900832
legacy,0,b_N100_V4,6.996250012889504
legacy,0,b_N100_V4,6.960167083889246
legacy,0,b_N100_V4,6.998333032242954
legacy,0,b_N100_V4,7.016791962087154
legacy,0,b_N100_V4,7.0382499834522605
legacy,0,b_N100_V4,6.955291959457099
legacy,0,b_N100_V4,6.952208932489157
legacy,0,b_N100_V4,6.947875022888184
legacy,0,b_N100_V4,6.9727079244330525
legacy,0,b_N100_V4,6.963958963751793
legacy,0,b_N100_V4,6.96108303964138
legacy,0,b_N100_V4,7.573375012725592
legacy,0,b_N100_V4,7.241375045850873
legacy,0,b_N100_V4,7.194083067588508
legacy,0,b_N100_V4,7.113375002518296
legacy,0,b_N100_V4,7.0600410690531135
legacy,0,b_N100_V4,7.014667033217847
legacy,0,b_N100_V4,7.141208043321967
legacy,0,b_N100_V4,7.047499995678663
legacy,0,b_N100_V4,7.015582988969982
legacy,0,b_N100_V4,7.037291070446372
legacy,0,b_N100_V4,6.997041986323893
legacy,0,b_N100_V4,7.016625022515655
legacy,0,b_N100_V4,7.006207946687937
legacy,0,b_N100_V4,7.019334007054567
legacy,0,b_N100_V4,7.020457996986806
legacy,0,b_N100_V4,6.976583041250706
legacy,0,b_N100_V4,7.56499997805804
legacy,0,b_N100_V4,8.252584026195109
legacy,0,b_N100_V4,7.643833057954907
legacy,0,b_N100_V4,7.499208906665444
legacy,0,b_N100_V4,7.601624936796725
legacy,0,b_N100_V4,7.508207927457988
legacy,0,b_N100_V4,7.498209015466273
legacy,0,b_N100_V4,7.459291955456138
legacy,0,b_N100_V4,7.572582922875881
legacy,0,b_N100_V4,7.591916946694255
legacy,0,b_N100_V4,7.484082947485149
legacy,0,b_N100_V4,7.4280829867348075
legacy,0,b_N100_V4,7.434624945744872
legacy,0,b_N100_V4,7.3822500417009
legacy,0,b_N100_V4,7.489582989364862
legacy,0,b_N100_V4,7.396667031571269
legacy,0,b_N100_V4,7.469833013601601
legacy,0,b_N100_V4,7.412540959194303
legacy,0,b_N100_V4,7.446916890330613
legacy,0,b_N100_V4,7.39208294544369
legacy,0,b_N100_V4,7.596999988891184
legacy,0,b_N100_V4,7.416000007651746
legacy,0,b_N100_V4,7.490166928619146
legacy,0,b_N100_V4,7.4570419965311885
legacy,0,b_N100_V4,7.474167039617896
legacy,0,b_N100_V4,7.514083990827203
legacy,0,b_N100_V4,7.4838330037891865
legacy,0,b_N100_V4,7.387166959233582
legacy,0,b_N100_V4,7.403708063066006
legacy,0,b_N100_V4,7.3852080386132
legacy,0,b_N100_V4,7.458084030076861
legacy,0,b_N100_V4,7.4404580518603325
legacy,0,b_N100_V4,7.461333065293729
legacy,0,b_N100_V4,7.929416955448687
legacy,0,b_N100_V4,7.468791911378503
legacy,0,b_N100_V4,7.418332970701158
legacy,0,b_N100_V4,7.471499964594841
legacy,0,b_N100_V4,7.34158291015774
legacy,0,b_N100_V4,7.449332973919809
legacy,0,b_N100_V4,7.3624999495223165
legacy,0,b_N100_V4,7.436249987222254
legacy,0,b_N100_V4,7.4718339601531625
legacy,0,b_N100_V4,7.4414589907974005
legacy,0,b_N100_V4,7.407624972984195
legacy,0,b_N100_V4,7.418917026370764
legacy,0,b_N100_V4,7.3445000452920794
legacy,0,b_N100_V4,7.459416054189205
legacy,0,b_N100_V4,7.399833062663674
legacy,0,b_N100_V4,7.437874912284315
legacy,0,b_N100_V4,7.433291058987379
legacy,0,b_N100_V4,7.4573749443516135
legacy,0,b_N100_V4,7.469999953173101
legacy,0,b_N100_V4,7.426874944940209
legacy,0,b_N100_V4,7.357458001933992
legacy,0,b_N100_V4,7.4498329777270555
legacy,0,b_N100_V4,7.343041943386197
legacy,0,b_N100_V4,7.577499956823885
legacy,0,b_N100_V4,7.4364590691402555
legacy,0,b_N100_V4,7.487167022190988
legacy,0,b_N100_V4,7.4092920403927565
legacy,0,b_N100_V4,7.4502500938251615
legacy,0,b_N100_V4,7.959334063343704
legacy,0,b_N100_V4,7.231874973513186
legacy,0,b_N100_V4,7.36345793120563
legacy,0,b_N100_V4,7.13174999691546
legacy,0,b_N100_V4,7.094083935953677
legacy,0,b_N100_V4,7.093374966643751
legacy,0,b_N100_V4,7.134792045690119
legacy,0,b_N100_V4,7.116417051292956
legacy,0,b_N100_V4,7.006041007116437
legacy,0,b_N100_V4,7.104334072209895
legacy,0,b_N100_V4,7.1200840175151825
legacy,0,b_N100_V4,7.151458063162863
legacy,0,b_N100_V4,6.9601250579580665
legacy,0,b_N100_V4,7.095584063790739
legacy,0,b_N100_V4,7.119458052329719
legacy,0,b_N100_V4,7.081833900883794
legacy,0,b_N100_V4,7.010541972704232
legacy,0,b_N100_V4,7.106874953024089
legacy,0,b_N100_V4,6.970249931327999
legacy,0,b_N100_V4,7.147249998524785
legacy,0,b_N100_V4,7.150457939133048
legacy,0,b_N100_V4,7.120458991266787
legacy,0,b_N100_V4,6.947209010832012
legacy,0,b_N100_V4,7.095290930010378
legacy,0,b_N100_V4,7.07508297637105
legacy,0,b_N100_V4,7.144334027543664
legacy,0,b_N100_V4,6.9691670360043645
legacy,0,b_N100_V4,7.0712079759687185
legacy,0,b_N100_V4,6.9792920257896185
legacy,0,b_N100_V4,7.138416985981166
legacy,0,b_N100_V4,7.0788750890642405
legacy,0,b_N100_V4,7.0895839016884565
legacy,0,b_N100_V4,7.070708088576794
legacy,0,b_N100_V4,7.134291925467551
legacy,0,b_N100_V4,6.96895900182426
legacy,0,b_N100_V4,6.967207998968661
legacy,0,b_N100_V4,7.097708992660046
legacy,0,b_N100_V4,7.106459001079202
legacy,0,b_N100_V4,6.986791966482997
legacy,0,b_N100_V4,7.102041970938444
legacy,0,b_N100_V4,7.096584071405232
legacy,0,b_N100_V4,7.068583043292165
legacy,0,b_N100_V4,6.9417080376297235
legacy,0,b_N100_V4,7.103209034539759
legacy,0,b_N100_V4,7.021875004284084
legacy,0,b_N100_V4,7.0975839626044035
legacy,0,b_N100_V4,7.089624996297061
legacy,0,b_N100_V4,7.099083042703569
legacy,0,b_N100_V4,7.035165908746421
legacy,0,b_N100_V4,7.074124994687736
legacy,0,b_N100_V4,7.026167004369199
legacy,0,b_N100_V4,7.768374984152615
legacy,0,b_N100_V4,7.31583300512284
legacy,0,b_N100_V4,7.292708032764494
legacy,0,b_N100_V4,7.162541965954006
legacy,0,b_N100_V4,7.216625032015145
legacy,0,b_N100_V4,7.2159579722210765
legacy,0,b_N100_V4,7.177041959948838
legacy,0,b_N100_V4,7.137042004615068
legacy,0,b_N100_V4,7.221292005851865
legacy,0,b_N100_V4,8.27587500680238
legacy,0,b_N100_V4,7.582125021144748
legacy,0,b_N100_V4,7.511292002163827
legacy,0,b_N100_V4,7.5681249145418406
legacy,0,b_N100_V4,7.398208952508867
legacy,0,b_N100_V4,7.52724998164922
legacy,0,b_N100_V4,7.489832933060825
legacy,0,b_N100_V4,8.224874967709184
legacy,0,b_N100_V4,7.482958026230335
legacy,0,b_N100_V4,7.494459045119584
legacy,0,b_N100_V4,7.423709030263126
legacy,0,b_N100_V4,7.467042072676122
legacy,0,b_N100_V4,7.460084045305848
legacy,0,b_N100_V4,7.349209045059979
legacy,0,b_N100_V4,7.400125032290816
legacy,0,b_N100_V4,7.471374934539199
legacy,0,b_N100_V4,7.512749987654388
legacy,0,b_N100_V4,7.472208002582192
legacy,0,b_N100_V4,7.485540932975709
legacy,0,b_N100_V4,7.4461669428274035
legacy,0,b_N100_V4,7.4001249158754945
legacy,0,b_N100_V4,7.479917025193572
legacy,0,b_N100_V4,7.357624941505492
legacy,0,b_N100_V4,7.545541971921921
legacy,0,b_N100_V4,7.410665974020958
legacy,0,b_N100_V4,7.425458985380828
legacy,0,b_N100_V4,7.360666990280151
legacy,0,b_N100_V4,7.4342499719932675
legacy,0,b_N100_V4,7.408875040709972
legacy,0,b_N100_V4,7.465333095751703
legacy,0,b_N100_V4,7.509666960686445
legacy,0,b_N100_V4,7.771999924443662
legacy,0,b_N100_V4,7.4075410375371575
legacy,0,b_N100_V4,7.401374983601272
legacy,0,b_N100_V4,7.375209010206163
legacy,0,b_N100_V4,8.142957929521799
legacy,0,b_N100_V4,7.446874980814755
legacy,0,b_N100_V4,7.478208979591727
legacy,0,b_N100_V4,7.656165980733931
legacy,0,b_N100_V4,7.5257079442963
legacy,0,b_N100_V4,7.323250058107078
legacy,0,b_N100_V4,7.422583061270416
legacy,0,b_N100_V4,7.321333047002554
legacy,0,b_N100_V4,7.354209083132446
legacy,0,b_N100_V4,7.36933306325227
legacy,0,b_N100_V4,7.381416973657906
legacy,0,b_N100_V4,7.3966250056400895
legacy,0,b_N100_V4,7.335082977078855
legacy,0,b_N100_V4,7.319374941289425
legacy,0,b_N100_V4,7.388958940282464
legacy,0,b_N100_V4,7.454333011992276
legacy,0,b_N100_V4,7.433291990309954
legacy,0,b_N100_V4,7.348833954893053
legacy,0,b_N100_V4,7.357791997492313
legacy,0,b_N100_V4,7.268875022418797
legacy,0,b_N100_V4,7.3847080348059535
legacy,0,b_N100_V4,7.408624980598688
legacy,0,b_N100_V4,7.39754200913012
legacy,0,b_N100_V4,7.319791009649634
legacy,0,b_N100_V4,7.390500046312809
legacy,0,b_N100_V4,7.777124992571771
legacy,0,b_N100_V4,7.021166966296732
legacy,0,b_N100_V4,7.051417022012174
legacy,0,b_N100_V4,6.972166011109948
legacy,0,b_N100_V4,6.959332968108356
legacy,0,b_N100_V4,6.9647920317947865
legacy,0,b_N100_V4,7.0229999255388975
legacy,0,b_N100_V4,6.967624998651445
legacy,0,b_N100_V4,6.9116250379011035
legacy,0,b_N100_V4,6.964665954001248
legacy,0,b_N100_V4,6.913291988894343
legacy,0,b_N100_V4,7.518541999161243
legacy,0,b_N100_V4,7.118083070963621
legacy,0,b_N100_V4,7.036415976472199
legacy,0,b_N100_V4,6.994041963480413
legacy,0,b_N100_V4,7.035291055217385
legacy,0,b_N100_V4,6.985499989241362
legacy,0,b_N100_V4,6.9965829607099295
legacy,0,b_N100_V4,6.983540952205658
legacy,0,b_N100_V4,6.978375022299588
legacy,0,b_N100_V4,7.066417019814253
legacy,0,b_N100_V4,6.976082921028137
legacy,0,b_N100_V4,7.02595803886652
legacy,0,b_N100_V4,6.997124990448356
legacy,0,b_N100_V4,6.994500057771802
legacy,0,b_N100_V4,6.9647920317947865
legacy,0,b_N100_V4,6.94837502669543
legacy,0,b_N100_V4,6.9760410115122795
legacy,0,b_N100_V4,6.974041927605867
legacy,0,b_N100_V4,6.981999962590635
legacy,0,b_N100_V4,6.973625044338405
legacy,0,b_N100_V4,6.9821670185774565
legacy,0,b_N100_V4,6.9720420287922025
legacy,0,b_N100_V4,6.961041945032775
legacy,0,b_N100_V4,6.94841705262661
legacy,0,b_N100_V4,6.972959032282233
legacy,0,b_N100_V4,6.981999962590635
legacy,0,b_N100_V4,7.008332991972566
legacy,0,b_N100_V4,6.991207948885858
legacy,0,b_N100_V4,6.9253339897841215
legacy,0,b_N100_V4,7.641625008545816
legacy,0,b_N100_V4,6.986709078773856
legacy,0,b_N100_V4,6.939458078704774
legacy,0,b_N100_V4,6.945291999727488
legacy,0,b_N100_V4,6.982958992011845
legacy,0,b_N100_V4,6.942500011064112
legacy,0,b_N100_V4,6.957207922823727
legacy,0,b_N100_V4,6.935708923265338
legacy,0,b_N100_V4,6.921915919519961
legacy,0,b_N100_V4,6.9477499928325415
legacy,0,b_N100_V4,7.027541985735297
legacy,0,b_N100_V4,7.076916983351111
legacy,0,b_N100_V4,6.961624952964485
legacy,0,b_N100_V4,6.9578749826177955
legacy,0,b_N100_V4,6.969292066060007
legacy,0,b_N100_V4,6.988833076320589
legacy,0,b_N100_V4,6.942750071175396
legacy,0,b_N100_V4,6.939999992027879
legacy,0,b_N100_V4,6.919583072885871
legacy,0,b_N100_V4,7.0187089731916785
legacy,0,b_N100_V4,8.277124958112836
legacy,0,b_N100_V4,7.592624984681606
legacy,0,b_N100_V4,7.504040957428515
legacy,0,b_N100_V4,7.467541960068047
legacy,0,b_N100_V4,7.458374951966107
legacy,0,b_N100_V4,7.9934579553082585
legacy,0,b_N100_V4,7.540374994277954
legacy,0,b_N100_V4,7.449708064086735
legacy,0,b_N100_V4,7.47008400503546
legacy,0,b_N100_V4,7.452000048942864
legacy,0,b_N100_V4,7.469708099961281
legacy,0,b_N100_V4,7.456999970600009
legacy,0,b_N100_V4,7.546750013716519
legacy,0,b_N100_V4,7.480124942958355
legacy,0,b_N100_V4,7.44354201015085
legacy,0,b_N100_V4,7.381791947409511
legacy,0,b_N100_V4,7.403541938401759
legacy,0,b_N100_V4,7.411999977193773
legacy,0,b_N100_V4,7.4259580578655005
legacy,0,b_N100_V4,7.3984169866889715
legacy,0,b_N100_V4,7.414874969981611
legacy,0,b_N100_V4,7.444708026014268
legacy,0,b_N100_V4,7.419042056426406
legacy,0,b_N100_V4,7.394000072963536
legacy,0,b_N100_V4,7.363958051428199
legacy,0,b_N100_V4,7.430040976032615
legacy,0,b_N100_V4,7.415583939291537
legacy,0,b_N100_V4,7.451249985024333
legacy,0,b_N100_V4,7.411582977510989
legacy,0,b_N100_V4,7.349791005253792
legacy,0,b_N100_V4,7.393167004920542
legacy,0,b_N100_V4,7.385707926005125
legacy,0,b_N100_V4,7.374165928922594
legacy,0,b_N100_V4,7.362833013758063
legacy,0,b_N100_V4,7.4353329837322235
legacy,0,b_N100_V4,7.408375036902726
legacy,0,b_N100_V4,7.351957960054278
legacy,0,b_N100_V4,7.4147500563412905
legacy,0,b_N100_V4,7.371209096163511
legacy,0,b_N100_V4,7.3519580764696
legacy,0,b_N100_V4,7.385625038295984
legacy,0,b_N100_V4,7.406666059978306
legacy,0,b_N100_V4,7.340417010709643
legacy,0,b_N100_V4,7.419666042551398
legacy,0,b_N100_V4,7.417749962769449
legacy,0,b_N100_V4,7.413749932311475
legacy,0,b_N100_V4,7.3813749477267265
legacy,0,b_N100_V4,7.414166931994259
legacy,0,b_N100_V4,7.374832988716662
legacy,0,b_N100_V4,7.4020830215886235
legacy,0,b_N100_V4,7.439167005941272
legacy,0,b_N100_V4,7.405332988128066
legacy,0,b_N100_V4,7.376542082056403
legacy,0,b_N100_V4,7.372250081971288
legacy,0,b_N100_V4,7.3763750260695815
legacy,0,b_N100_V4,7.380667026154697
legacy,0,b_N100_V4,7.351208943873644
legacy,0,b_N100_V4,7.408624980598688
legacy,0,b_N100_V4,7.430832949467003
legacy,0,b_N100_V4,7.38841702695936
legacy,0,b_N100_V4,7.941291085444391
legacy,0,b_N100_V4,7.232332951389253
legacy,0,b_N100_V4,7.156959036365151
legacy,0,b_N100_V4,7.095374981872737
legacy,0,b_N100_V4,7.147166994400322
legacy,0,b_N100_V4,7.0654170121997595
legacy,0,b_N100_V4,7.076291018165648
legacy,0,b_N100_V4,7.074667024426162
legacy,0,b_N100_V4,7.092834101058543
legacy,0,b_N100_V4,7.045665988698602
legacy,0,b_N100_V4,7.064125034958124
legacy,0,b_N100_V4,7.053833920508623
legacy,0,b_N100_V4,7.143541006371379
legacy,0,b_N100_V4,7.05920800101012
legacy,0,b_N100_V4,7.079791976138949
legacy,0,b_N100_V4,7.05304101575166
legacy,0,b_N100_V4,7.050042040646076
legacy,0,b_N100_V4,7.069834042340517
legacy,0,b_N100_V4,7.046708022244275
legacy,0,b_N100_V4,7.134624989703298
legacy,0,b_N100_V4,7.198416977189481
legacy,0,b_N100_V4,7.05004099290818
legacy,0,b_N100_V4,7.062667049467564
legacy,0,b_N100_V4,7.000708021223545
legacy,0,b_N100_V4,7.041667005978525
legacy,0,b_N100_V4,7.070083054713905
legacy,0,b_N100_V4,7.069166982546449
legacy,0,b_N100_V4,7.070249994285405
legacy,0,b_N100_V4,7.078374968841672
legacy,0,b_N100_V4,7.051041000522673
legacy,0,b_N100_V4,7.108542020432651
legacy,0,b_N100_V4,7.116582943126559
legacy,0,b_N100_V4,7.0483749732375145
legacy,0,b_N100_V4,7.026916020549834
legacy,0,b_N100_V4,7.081417017616332
legacy,0,b_N100_V4,7.660291972570121
legacy,0,b_N100_V4,7.245084038004279
legacy,0,b_N100_V4,7.183792069554329
legacy,0,b_N100_V4,7.180542103014886
legacy,0,b_N100_V4,7.113332976587117
legacy,0,b_N100_V4,7.117083063349128
legacy,0,b_N100_V4,7.096041925251484
legacy,0,b_N100_V4,7.087958045303822
legacy,0,b_N100_V4,7.0623749634251
legacy,0,b_N100_V4,7.124959025532007
legacy,0,b_N100_V4,7.036583963781595
legacy,0,b_N100_V4,7.048291969113052
legacy,0,b_N100_V4,7.580542005598545
legacy,0,b_N100_V4,7.065959041938186
legacy,0,b_N100_V4,7.114042062312365
legacy,0,b_N100_V4,7.167540956288576
legacy,0,b_N100_V4,7.630666019394994
legacy,0,b_N100_V4,7.195250014774501
legacy,0,b_N100_V4,7.103042094968259
legacy,0,b_N100_V4,7.13024998549372
legacy,0,b_N100_V4,7.072417065501213
legacy,0,b_N100_V4,7.148250006139278
legacy,0,b_N100_V4,7.081291056238115
legacy,0,b_N100_V4,7.060957956127822
legacy,0,b_N100_V4,7.067958940751851
legacy,0,b_N100_V4,8.39370908215642
legacy,0,b_N100_V4,7.619083044119179
legacy,0,b_N100_V4,7.662042044103146
legacy,0,b_N100_V4,7.550958078354597
legacy,0,b_N100_V4,7.507540984079242
legacy,0,b_N100_V4,7.494208053685725
legacy,0,b_N100_V4,7.478708983398974
legacy,0,b_N100_V4,7.554874988272786
legacy,0,b_N100_V4,7.520999992266297
legacy,0,b_N100_V4,7.466165930964053
legacy,0,b_N100_V4,7.447874988429248
legacy,0,b_N100_V4,7.472667028196156
legacy,0,b_N100_V4,7.442667032591999
legacy,0,b_N100_V4,7.399957976303995
legacy,0,b_N100_V4,7.479458930902183
legacy,0,b_N100_V4,7.43420806247741
legacy,0,b_N100_V4,7.443165988661349
legacy,0,b_N100_V4,7.341000018641353
legacy,0,b_N100_V4,7.4993339367210865
legacy,0,b_N100_V4,7.494125049561262
legacy,0,b_N100_V4,8.114999975077808
legacy,0,b_N100_V4,8.545666933059692
legacy,0,b_N100_V4,7.573749986477196
legacy,0,b_N100_V4,7.548084016889334
legacy,0,b_N100_V4,7.638167007826269
legacy,0,b_N100_V4,7.452582940459251
legacy,0,b_N100_V4,7.527500041760504
legacy,0,b_N100_V4,7.488833041861653
legacy,0,b_N100_V4,7.510500028729439
legacy,0,b_N100_V4,7.51754199154675
legacy,0,b_N100_V4,7.5001249788329005
legacy,0,b_N100_V4,7.428833050653338
legacy,0,b_N100_V4,7.464332971721888
legacy,0,b_N100_V4,7.537333061918616
legacy,0,b_N100_V4,7.464374997653067
legacy,0,b_N100_V4,7.406916934996843
legacy,0,b_N100_V4,7.464791997335851
legacy,0,b_N100_V4,7.42616702336818
legacy,0,b_N100_V4,7.506125024519861
legacy,0,b_N100_V4,7.447708980180323
legacy,0,b_N100_V4,7.508084061555564
legacy,0,b_N100_V4,7.406834047287703
legacy,0,b_N100_V4,7.455082959495485
legacy,0,b_N100_V4,7.473957957699895
legacy,0,b_N100_V4,7.4795420514419675
legacy,0,b_N100_V4,7.498249993659556
legacy,0,b_N100_V4,7.385457982309163
legacy,0,b_N100_V4,7.538667065091431
legacy,0,b_N100_V4,7.469042087905109
legacy,0,b_N100_V4,7.485124981030822
legacy,0,b_N100_V4,7.373249973170459
legacy,0,b_N100_V4,7.9119999427348375
legacy,0,b_N100_V4,7.524457992985845
legacy,0,b_N100_V4,7.442583912052214
legacy,0,b_N100_V4,7.4440420139580965
legacy,0,b_N100_V4,7.506542024202645
legacy,0,b_N100_V4,7.443833979777992
legacy,0,b_N100_V4,7.421999936923385
legacy,0,b_N100_V4,7.4196659261360765
legacy,0,b_N100_V4,7.433624938130379
legacy,0,b_N100_V4,7.981749949976802
legacy,0,b_N100_V4,7.210167008452117
legacy,0,b_N100_V4,7.109042024239898
legacy,0,b_N100_V4,7.116125081665814
legacy,0,b_N100_V4,7.106084027327597
legacy,0,b_N100_V4,7.089250022545457
legacy,0,b_N100_V4,7.114792009815574
legacy,0,b_N100_V4,7.017459021881223
legacy,0,b_N100_V4,7.072417065501213
legacy,0,b_N100_V4,7.028541993349791
legacy,0,b_N100_V4,7.045583915896714
legacy,0,b_N100_V4,7.066166959702969
legacy,0,b_N100_V4,7.089667022228241
legacy,0,b_N100_V4,7.147707976400852
legacy,0,b_N100_V4,7.133582956157625
legacy,0,b_N100_V4,7.087083999067545
legacy,0,b_N100_V4,7.101000053808093
legacy,0,b_N100_V4,7.12199998088181
legacy,0,b_N100_V4,6.983417086303234
legacy,0,b_N100_V4,7.0484590250998735
legacy,0,b_N100_V4,7.043875055387616
legacy,0,b_N100_V4,7.222542073577642
legacy,0,b_N100_V4,7.015582988969982
legacy,0,b_N100_V4,7.079875096678734
legacy,0,b_N100_V4,7.150291930884123
legacy,0,b_N100_V4,7.146417046897113
legacy,0,b_N100_V4,7.116249995306134
legacy,0,b_N100_V4,7.289708941243589
legacy,0,b_N100_V4,7.145458948798478
legacy,0,b_N100_V4,7.087041973136365
legacy,0,b_N100_V4,7.080540992319584
legacy,0,b_N100_V4,7.084209006279707
legacy,0,b_N100_V4,7.100624963641167
legacy,0,b_N100_V4,7.087416015565395
legacy,0,b_N100_V4,7.055124966427684
legacy,0,b_N100_V4,7.074458058923483
legacy,0,b_N100_V4,7.105917087756097
legacy,0,b_N100_V4,7.114584092050791
legacy,0,b_N100_V4,7.108291028998792
legacy,0,b_N100_V4,7.221166975796223
legacy,0,b_N100_V4,7.160958019085228
legacy,0,b_N100_V4,7.128916913643479
legacy,0,b_N100_V4,7.243874948471785
legacy,0,b_N100_V4,7.441624999046326
legacy,0,b_N100_V4,7.109666941687465
legacy,0,b_N100_V4,7.144290953874588
legacy,0,b_N100_V4,7.1914170403033495
legacy,0,b_N100_V4,7.107750046998262
legacy,0,b_N100_V4,7.074041990563273
legacy,0,b_N100_V4,7.042334065772593
legacy,0,b_N100_V4,7.062667049467564
legacy,0,b_N100_V4,7.25625001359731
legacy,0,b_N100_V4,7.118125096894801
legacy,0,b_N100_V4,7.1892921114340425
legacy,0,b_N100_V4,7.109416997991502
legacy,0,b_N100_V4,7.090625003911555
legacy,0,b_N100_V4,7.093583000823855
legacy,0,b_N100_V4,7.110959035344422
legacy,0,b_N100_V4,7.071165950037539
legacy,0,b_N100_V4,7.440624991431832
legacy,0,b_N100_V4,8.301416994072497
legacy,0,b_N100_V4,7.5508750742301345
legacy,0,b_N100_V4,7.534417090937495
legacy,0,b_N100_V4,7.521957973949611
legacy,0,b_N100_V4,7.481082924641669
legacy,0,b_N100_V4,7.465624948963523
legacy,0,b_N100_V4,7.428040960803628
legacy,0,b_N100_V4,7.430790923535824
legacy,0,b_N100_V4,7.492042030207813
legacy,0,b_N100_V4,7.478583022020757
legacy,0,b_N100_V4,7.514875032939017
legacy,0,b_N100_V4,7.443209062330425
legacy,0,b_N100_V4,7.445250055752695
legacy,0,b_N100_V4,7.5092080514878035
legacy,0,b_N100_V4,7.4567500269040465
legacy,0,b_N100_V4,7.570417015813291
legacy,0,b_N100_V4,7.4993339367210865
legacy,0,b_N100_V4,7.608541985973716
legacy,0,b_N100_V4,7.47824995778501
legacy,0,b_N100_V4,7.365833967924118
legacy,0,b_N100_V4,7.446000003255904
legacy,0,b_N100_V4,7.562791928648949
legacy,0,b_N100_V4,7.424999959766865
legacy,0,b_N100_V4,7.5127920135855675
legacy,0,b_N100_V4,7.452000048942864
legacy,0,b_N100_V4,7.520625018514693
legacy,0,b_N100_V4,7.840416976250708
legacy,0,b_N100_V4,7.711667101830244
legacy,0,b_N100_V4,7.530792034231126
legacy,0,b_N100_V4,7.588125066831708
legacy,0,b_N100_V4,7.529624970629811
legacy,0,b_N100_V4,7.473583915270865
legacy,0,b_N100_V4,7.501374930143356
legacy,0,b_N100_V4,7.46087497100234
legacy,0,b_N100_V4,7.450832985341549
legacy,0,b_N100_V4,7.379916962236166
legacy,0,b_N100_V4,7.384083000943065
legacy,0,b_N100_V4,7.401332957670093
legacy,0,b_N100_V4,7.473291945643723
legacy,0,b_N100_V4,7.373749976977706
legacy,0,b_N100_V4,7.394458050839603
legacy,0,b_N100_V4,7.463500020094216
legacy,0,b_N100_V4,7.422582944855094
legacy,0,b_N100_V4,7.4454579735174775
legacy,0,b_N100_V4,7.439916022121906
legacy,0,b_N100_V4,7.446042029187083
legacy,0,b_N100_V4,7.4100830825045705
legacy,0,b_N100_V4,7.802291889674962
legacy,0,b_N100_V4,7.427042000927031
legacy,0,b_N100_V4,7.349583087489009
legacy,0,b_N100_V4,7.411165977828205
legacy,0,b_N100_V4,7.543749990873039
legacy,0,b_N100_V4,7.476457976736128
legacy,0,b_N100_V4,7.433291990309954
legacy,0,b_N100_V4,7.417374989017844
legacy,0,b_N100_V4,7.384125026874244
legacy,0,b_N100_V4,7.337957969866693
legacy,0,b_N100_V4,7.5034580659121275
legacy,0,b_N100_V4,7.442167028784752
legacy,0,b_N100_V4,7.457125000655651
legacy,0,b_N100_V4,7.896916940808296
legacy,0,b_N100_V4,7.108542020432651
legacy,0,b_N100_V4,7.077917107380927
legacy,0,b_N100_V4,7.831917027942836
legacy,0,b_N100_V4,7.0099589647725224
legacy,0,b_N100_V4,7.055124966427684
legacy,0,b_N100_V4,7.053375011309981
legacy,0,b_N100_V4,7.028291933238506
legacy,0,b_N100_V4,7.021834026090801
legacy,0,b_N100_V4,7.117958972230554
legacy,0,b_N100_V4,7.059124996885657
legacy,0,b_N100_V4,6.989791989326477
legacy,0,b_N100_V4,7.023375015705824
legacy,0,b_N100_V4,7.045709062367678
legacy,0,b_N100_V4,7.074750028550625
legacy,0,b_N100_V4,6.985040963627398
legacy,0,b_N100_V4,7.044499972835183
legacy,0,b_N100_V4,7.007417036220431
legacy,0,b_N100_V4,6.975749973207712
legacy,0,b_N100_V4,7.435750099830329
legacy,0,b_N100_V4,7.388625061139464
legacy,0,b_N100_V4,7.249250076711178
legacy,0,b_N100_V4,7.107499986886978
legacy,0,b_N100_V4,7.107374956831336
legacy,0,b_N100_V4,7.073957938700914
legacy,0,b_N100_V4,7.060625008307397
legacy,0,b_N100_V4,7.021249970421195
legacy,0,b_N100_V4,7.068790961056948
legacy,0,b_N100_V4,7.594875060021877
legacy,0,b_N100_V4,7.0846660528331995
legacy,0,b_N100_V4,7.011124980635941
legacy,0,b_N100_V4,6.992458016611636
legacy,0,b_N100_V4,6.978292018175125
legacy,0,b_N100_V4,7.01020797714591
legacy,0,b_N100_V4,6.9905000273138285
legacy,0,b_N100_V4,6.994374911300838
legacy,0,b_N100_V4,7.01187492813915
legacy,0,b_N100_V4,7.053999928757548
legacy,0,b_N100_V4,7.016499992460012
legacy,0,b_N100_V4,6.975999916903675
legacy,0,b_N100_V4,6.993749993853271
legacy,0,b_N100_V4,7.055166992358863
legacy,0,b_N100_V4,6.974583957344294
legacy,0,b_N100_V4,7.093625026755035
legacy,0,b_N100_V4,7.033040979877114
legacy,0,b_N100_V4,7.008415996097028
legacy,0,b_N100_V4,6.995917065069079
legacy,0,b_N100_V4,6.978917052038014
legacy,0,b_N100_V4,6.980624981224537
legacy,0,b_N100_V4,7.0043751038610935
legacy,0,b_N100_V4,6.9527499144896865
legacy,0,b_N100_V4,7.051250082440674
legacy,0,b_N100_V4,6.965582957491279
legacy,0,b_N100_V4,6.96891697589308
legacy,0,b_N100_V4,6.9404999958351254
legacy,0,b_N100_V4,7.015832932665944
legacy,0,b_N100_V4,6.951458984985948
legacy,0,b_N100_V4,6.9790000561624765
legacy,0,b_N100_V4,6.992207956500351
legacy,0,b_N100_V4,6.985040963627398
legacy,0,b_N100_V4,8.650042000226676
legacy,0,b_N100_V4,7.487167022190988
legacy,0,b_N100_V4,7.472375058569014
legacy,0,b_N100_V4,7.422083057463169
legacy,0,b_N100_V4,7.4585420079529285
legacy,0,b_N100_V4,7.5195839162915945
legacy,0,b_N100_V4,8.381833089515567
legacy,0,b_N100_V4,7.506791036576033
legacy,0,b_N100_V4,7.414083927869797
legacy,0,b_N100_V4,7.466957904398441
legacy,0,b_N100_V4,7.398874964565039
legacy,0,b_N100_V4,7.432666956447065
legacy,0,b_N100_V4,7.355542038567364
legacy,0,b_N100_V4,7.710292004048824
legacy,0,b_N100_V4,7.369250059127808
legacy,0,b_N100_V4,7.342832977883518
legacy,0,b_N100_V4,7.340708049014211
legacy,0,b_N100_V4,7.370708044618368
legacy,0,b_N100_V4,7.34145799651742
legacy,0,b_N100_V4,7.336458074860275
legacy,0,b_N100_V4,7.349375053308904
legacy,0,b_N100_V4,7.41229101549834
legacy,0,b_N100_V4,7.343332981690764
legacy,0,b_N100_V4,7.3307499988004565
legacy,0,b_N100_V4,7.355415960773826
legacy,0,b_N100_V4,7.341791992075741
legacy,0,b_N100_V4,8.960666949860752
legacy,0,b_N100_V4,8.630249998532236
legacy,0,b_N100_V4,7.581750047393143
legacy,0,b_N100_V4,7.533875061199069
legacy,0,b_N100_V4,7.415000000037253
legacy,0,b_N100_V4,7.4212499894201756
legacy,0,b_N100_V4,7.499916013330221
legacy,0,b_N100_V4,7.43666710332036
legacy,0,b_N100_V4,7.38016702234745
legacy,0,b_N100_V4,7.443291950039566
legacy,0,b_N100_V4,7.4321250431239605
legacy,0,b_N100_V4,7.44650000706315
legacy,0,b_N100_V4,7.393499952740967
legacy,0,b_N100_V4,7.775957928970456
legacy,0,b_N100_V4,7.416624925099313
legacy,0,b_N100_V4,7.457292056642473
legacy,0,b_N100_V4,7.483249995857477
legacy,0,b_N100_V4,7.3992080288007855
legacy,0,b_N100_V4,7.37716699950397
legacy,0,b_N100_V4,7.365458062849939
legacy,0,b_N100_V4,7.33170798048377
legacy,0,b_N100_V4,7.326500024646521
legacy,0,b_N100_V4,7.332041044719517
legacy,0,b_N100_V4,7.413958082906902
legacy,0,b_N100_V4,7.376333931460977
legacy,0,b_N100_V4,7.4777500703930855
legacy,0,b_N100_V4,7.376958965323865
legacy,0,b_N100_V4,7.387791993096471
legacy,0,b_N100_V4,7.365915924310684
legacy,0,b_N100_V4,7.342875003814697
legacy,0,b_N100_V4,7.356500020250678
legacy,0,b_N100_V4,7.373541011475027
legacy,0,b_N100_V4,7.345833000726998
legacy,0,b_N100_V4,7.410875055938959
legacy,0,b_N100_V4,8.014958933927119
legacy,0,b_N100_V4,7.160083972848952
legacy,0,b_N100_V4,8.313750033266842
legacy,0,b_N100_V4,8.497292059473693
legacy,0,b_N100_V4,7.850542082451284
legacy,0,b_N100_V4,7.385542034171522
legacy,0,b_N100_V4,7.767666946165264
legacy,0,b_N100_V4,7.214917102828622
legacy,0,b_N100_V4,7.219583028927445
legacy,0,b_N100_V4,7.07824993878603
legacy,0,b_N100_V4,7.19824992120266
legacy,0,b_N100_V4,7.26858398411423
legacy,0,b_N100_V4,7.162041962146759
legacy,0,b_N100_V4,7.098165922798216
legacy,0,b_N100_V4,7.1189579321071506
legacy,0,b_N100_V4,7.046333979815245
legacy,0,b_N100_V4,7.114666979759932
legacy,0,b_N100_V4,7.089458056725562
legacy,0,b_N100_V4,7.14020908344537
legacy,0,b_N100_V4,7.09700002335012
legacy,0,b_N100_V4,7.128208060748875
legacy,0,b_N100_V4,7.110666949301958
legacy,0,b_N100_V4,7.120833033695817
legacy,0,b_N100_V4,7.094957982189953
legacy,0,b_N100_V4,7.158207939937711
legacy,0,b_N100_V4,7.081916905008256
legacy,0,b_N100_V4,7.195207988843322
legacy,0,b_N100_V4,7.147709024138749
legacy,0,b_N100_V4,7.146041956730187
legacy,0,b_N100_V4,7.083958014845848
legacy,0,b_N100_V4,7.21025001257658
legacy,0,b_N100_V4,7.462291978299618
legacy,0,b_N100_V4,7.226707995869219
legacy,0,b_N100_V4,7.225917070172727
legacy,0,b_N100_V4,7.18987500295043
legacy,0,b_N100_V4,7.447500014677644
legacy,0,b_N100_V4,7.130749989300966
legacy,0,b_N100_V4,7.130167097784579
legacy,0,b_N100_V4,7.135750027373433
legacy,0,b_N100_V4,7.148041971959174
legacy,0,b_N100_V4,7.124416995793581
legacy,0,b_N100_V4,7.060249918140471
legacy,0,b_N100_V4,7.171249948441982
legacy,0,b_N100_V4,7.107167039066553
legacy,0,b_N100_V4,7.109290920197964
legacy,0,b_N100_V4,7.090499973855913
legacy,0,b_N100_V4,7.078584050759673
legacy,0,b_N100_V4,7.093167048878968
legacy,0,b_N100_V4,7.151334080845118
legacy,0,b_N100_V4,7.080459035933018
legacy,0,b_N100_V4,6.975833908654749
legacy,0,b_N100_V4,7.058083894662559
legacy,0,b_N100_V4,7.152208010666072
legacy,0,b_N100_V4,7.0737500209361315
legacy,0,b_N100_V4,7.108749938197434
legacy,0,b_N100_V4,7.1199999656528234
legacy,0,b_N100_V4,7.1547499392181635
legacy,0,b_N100_V4,7.098416914232075
legacy,0,b_N100_V4,7.1276669623330235
legacy,0,b_N100_V4,7.099082926288247
legacy,0,b_N100_V4,8.862792048603296
legacy,0,b_N100_V4,9.170416975393891
legacy,0,b_N100_V4,9.016584022901952
legacy,0,b_N100_V4,8.090957999229431
legacy,0,b_N100_V4,7.654791930690408
legacy,0,b_N100_V4,7.673416985198855
legacy,0,b_N100_V4,7.68954202067107
legacy,0,b_N100_V4,8.136042044498026
legacy,0,b_N100_V4,7.609209045767784
legacy,0,b_N100_V4,7.591124973259866
legacy,0,b_N100_V4,8.002832997590303
legacy,0,b_N100_V4,7.435542065650225
legacy,0,b_N100_V4,7.572875008918345
legacy,0,b_N100_V4,7.379291928373277
legacy,0,b_N100_V4,7.541875005699694
legacy,0,b_N100_V4,7.519374950788915
legacy,0,b_N100_V4,7.5688749784603715
legacy,0,b_N100_V4,7.459665997885168
legacy,0,b_N100_V4,7.549791946075857
legacy,0,b_N100_V4,7.528875023126602
legacy,0,b_N100_V4,7.530916947871447
legacy,0,b_N100_V4,7.399957976303995
legacy,0,b_N100_V4,7.585000013932586
legacy,0,b_N100_V4,7.377375033684075
legacy,0,b_N100_V4,7.549165980890393
legacy,0,b_N100_V4,7.508959039114416
legacy,0,b_N100_V4,7.55516707431525
legacy,0,b_N100_V4,7.42483395151794
legacy,0,b_N100_V4,7.528667105361819
legacy,0,b_N100_V4,7.474874961189926
legacy,0,b_N100_V4,7.539832964539528
legacy,0,b_N100_V4,8.30837490502745
legacy,0,b_N100_V4,7.7596670016646385
legacy,0,b_N100_V4,7.582125021144748
legacy,0,b_N100_V4,7.5873329769819975
legacy,0,b_N100_V4,7.597708026878536
legacy,0,b_N100_V4,7.490542018786073
legacy,0,b_N100_V4,7.441207999363542
legacy,0,b_N100_V4,7.478291052393615
legacy,0,b_N100_V4,7.63808295596391
legacy,0,b_N100_V4,7.554291980341077
legacy,0,b_N100_V4,7.545500062406063
legacy,0,b_N100_V4,7.52558303065598
legacy,0,b_N100_V4,7.433708058670163
legacy,0,b_N100_V4,7.539542042650282
legacy,0,b_N100_V4,7.521208026446402
legacy,0,b_N100_V4,7.463832967914641
legacy,0,b_N100_V4,7.781125023029745
legacy,0,b_N100_V4,7.387958001345396
legacy,0,b_N100_V4,7.429666933603585
legacy,0,b_N100_V4,7.484834059141576
legacy,0,b_N100_V4,7.552250055596232
legacy,0,b_N100_V4,7.61233305092901
legacy,0,b_N100_V4,7.401708979159594
legacy,0,b_N100_V4,7.5519169913604856
legacy,0,b_N100_V4,8.08041705749929
legacy,0,b_N100_V4,7.632500026375055
legacy,0,b_N100_V4,7.525542052462697
legacy,0,b_N100_V4,7.455083075910807
legacy,0,b_N100_V4,7.356166956014931
legacy,0,b_N100_V4,8.111499948427081
legacy,0,b_N100_V4,7.196500082500279
legacy,0,b_N100_V4,7.208999944850802
legacy,0,b_N100_V4,9.035541908815503
legacy,0,b_N100_V4,9.31554101407528
legacy,0,b_N100_V4,8.159541990607977
legacy,0,b_N100_V4,8.229165920056403
legacy,0,b_N100_V4,7.334999972954392
legacy,0,b_N100_V4,7.650124956853688
legacy,0,b_N100_V4,7.209416013211012
legacy,0,b_N100_V4,7.226833025924861
legacy,0,b_N100_V4,7.065750076435506
legacy,0,b_N100_V4,7.154499995522201
legacy,0,b_N100_V4,7.161749992519617
legacy,0,b_N100_V4,7.127417018637061
legacy,0,b_N100_V4,6.974457995966077
legacy,0,b_N100_V4,7.116375025361776
legacy,0,b_N100_V4,7.117416942492127
legacy,0,b_N100_V4,7.010582950897515
legacy,0,b_N100_V4,7.225041976198554
legacy,0,b_N100_V4,7.125749951228499
legacy,0,b_N100_V4,6.973749957978725
legacy,0,b_N100_V4,7.209750008769333
legacy,0,b_N100_V4,7.184999994933605
legacy,0,b_N100_V4,6.983750034123659
legacy,0,b_N100_V4,7.000457961112261
legacy,0,b_N100_V4,6.97862496599555
legacy,0,b_N100_V4,7.0390410255640745
legacy,0,b_N100_V4,7.51291704364121
legacy,0,b_N100_V4,7.244708016514778
legacy,0,b_N100_V4,7.132500060833991
legacy,0,b_N100_V4,7.064583012834191
legacy,0,b_N100_V4,7.009041961282492
legacy,0,b_N100_V4,7.0382499834522605
legacy,0,b_N100_V4,8.789374958723783
legacy,0,b_N100_V4,7.7697919914498925
legacy,0,b_N100_V4,7.367874961346388
legacy,0,b_N100_V4,7.172791985794902
legacy,0,b_N100_V4,7.250124937854707
legacy,0,b_N100_V4,7.146958960220218
legacy,0,b_N100_V4,7.2014579782262444
legacy,0,b_N100_V4,7.808916969224811
legacy,0,b_N100_V4,7.160666980780661
legacy,0,b_N100_V4,7.186583010479808
legacy,0,b_N100_V4,7.033000001683831
legacy,0,b_N100_V4,7.184750051237643
legacy,0,b_N100_V4,7.189000025391579
legacy,0,b_N100_V4,7.054666988551617
legacy,0,b_N100_V4,7.115207961760461
legacy,0,b_N100_V4,7.207457907497883
legacy,0,b_N100_V4,7.145249983295798
legacy,0,b_N100_V4,7.021166966296732
legacy,0,b_N100_V4,7.334082969464362
legacy,0,b_N100_V4,7.099000038579106
legacy,0,b_N100_V4,7.1989999851211905
legacy,0,b_N100_V4,7.070665946230292
legacy,0,b_N100_V4,7.122625014744699
legacy,0,b_N100_V4,6.983999977819622
legacy,0,b_N100_V4,7.258582976646721
legacy,0,b_N100_V4,7.175750099122524
legacy,0,b_N100_V4,8.31045804079622
legacy,0,b_N100_V4,7.533375057391822
legacy,0,b_N100_V4,7.5222920859232545
legacy,0,b_N100_V4,7.44408299215138
legacy,0,b_N100_V4,7.4089160189032555
legacy,0,b_N100_V4,7.406374905258417
legacy,0,b_N100_V4,7.434792001731694
legacy,0,b_N100_V4,7.536499993875623
legacy,0,b_N100_V4,7.4842090252786875
legacy,0,b_N100_V4,7.43587501347065
legacy,0,b_N100_V4,7.377082947641611
legacy,0,b_N100_V4,7.364041986875236
legacy,0,b_N100_V4,7.404834032058716
legacy,0,b_N100_V4,7.4621670646592975
legacy,0,b_N100_V4,7.41083303000778
legacy,0,b_N100_V4,7.453124970197678
legacy,0,b_N100_V4,7.403125055134296
legacy,0,b_N100_V4,7.41325004491955
legacy,0,b_N100_V4,7.400042028166354
legacy,0,b_N100_V4,7.35866604372859
legacy,0,b_N100_V4,7.4034169083461165
legacy,0,b_N100_V4,7.419000030495226
legacy,0,b_N100_V4,7.547832909040153
legacy,0,b_N100_V4,7.408875040709972
legacy,0,b_N100_V4,7.4132089503109455
legacy,0,b_N100_V4,7.352208020165563
legacy,0,b_N100_V4,7.410750025883317
legacy,0,b_N100_V4,7.425541989505291
legacy,0,b_N100_V4,7.388749974779785
legacy,0,b_N100_V4,7.423833012580872
legacy,0,b_N100_V4,7.43733299896121
legacy,0,b_N100_V4,7.437249994836748
legacy,0,b_N100_V4,7.400957983918488
legacy,0,b_N100_V4,7.419667090289295
legacy,0,b_N100_V4,7.397833047434688
legacy,0,b_N100_V4,7.395666092634201
legacy,0,b_N100_V4,7.420749985612929
legacy,0,b_N100_V4,7.454250007867813
legacy,0,b_N100_V4,7.382415933534503
legacy,0,b_N100_V4,7.385624921880662
legacy,0,b_N100_V4,7.438667002134025
legacy,0,b_N100_V4,7.400874979794025
legacy,0,b_N100_V4,7.384167052805424
legacy,0,b_N100_V4,7.341000018641353
legacy,0,b_N100_V4,7.385708042420447
legacy,0,b_N100_V4,7.477125036530197
legacy,0,b_N100_V4,7.385457982309163
legacy,0,b_N100_V4,7.347833015955985
legacy,0,b_N100_V4,7.33379099983722
legacy,0,b_N100_V4,7.387374993413687
legacy,0,b_N100_V4,7.3546250350773335
legacy,0,b_N100_V4,7.3928750352934
legacy,0,b_N100_V4,7.417042041197419
legacy,0,b_N100_V4,7.475083926692605
legacy,0,b_N100_V4,7.376541965641081
legacy,0,b_N100_V4,7.383999996818602
legacy,0,b_N100_V4,7.420334033668041
legacy,0,b_N100_V4,7.434834027662873
legacy,0,b_N100_V4,7.39137502387166
legacy,0,b_N100_V4,7.334958994761109
