tool,replicate,config,sub_ms
legacy,3,a_N100_V3+3D,5.953583051450551
legacy,3,a_N100_V3+3D,5.172292003408074
legacy,3,a_N100_V3+3D,5.087416968308389
legacy,3,a_N100_V3+3D,5.044207908213139
legacy,3,a_N100_V3+3D,5.029957974329591
legacy,3,a_N100_V3+3D,5.5773749481886625
legacy,3,a_N100_V3+3D,5.184915964491665
legacy,3,a_N100_V3+3D,5.223292042501271
legacy,3,a_N100_V3+3D,5.109667079523206
legacy,3,a_N100_V3+3D,5.670916987583041
legacy,3,a_N100_V3+3D,5.122042028233409
legacy,3,a_N100_V3+3D,5.1970420172438025
legacy,3,a_N100_V3+3D,5.1468750461936
legacy,3,a_N100_V3+3D,5.112832994200289
legacy,3,a_N100_V3+3D,5.098916939459741
legacy,3,a_N100_V3+3D,5.122208036482334
legacy,3,a_N100_V3+3D,5.066207959316671
legacy,3,a_N100_V3+3D,5.05408295430243
legacy,3,a_N100_V3+3D,5.0582909025251865
legacy,3,a_N100_V3+3D,5.122625036165118
legacy,3,a_N100_V3+3D,5.062583950348198
legacy,3,a_N100_V3+3D,5.076666013337672
legacy,3,a_N100_V3+3D,5.050292005762458
legacy,3,a_N100_V3+3D,5.08833397179842
legacy,3,a_N100_V3+3D,5.021249991841614
legacy,3,a_N100_V3+3D,5.088082980364561
legacy,3,a_N100_V3+3D,5.043292068876326
legacy,3,a_N100_V3+3D,5.156415980309248
legacy,3,a_N100_V3+3D,5.063292104750872
legacy,3,a_N100_V3+3D,5.080208065919578
legacy,3,a_N100_V3+3D,5.3714580135419965
legacy,3,a_N100_V3+3D,6.157250027172267
legacy,3,a_N100_V3+3D,5.489249946549535
legacy,3,a_N100_V3+3D,5.302332923747599
legacy,3,a_N100_V3+3D,5.226791952736676
legacy,3,a_N100_V3+3D,5.136374966241419
legacy,3,a_N100_V3+3D,5.110459052957594
legacy,3,a_N100_V3+3D,5.046374979428947
legacy,3,a_N100_V3+3D,5.077000008895993
legacy,3,a_N100_V3+3D,5.057667032815516
legacy,3,a_N100_V3+3D,5.1120000425726175
legacy,3,a_N100_V3+3D,5.1931251073256135
legacy,3,a_N100_V3+3D,5.648332997225225
legacy,3,a_N100_V3+3D,5.184167064726353
legacy,3,a_N100_V3+3D,5.108917015604675
legacy,3,a_N100_V3+3D,5.09841600432992
legacy,3,a_N100_V3+3D,5.119374953210354
legacy,3,a_N100_V3+3D,5.130874924361706
legacy,3,a_N100_V3+3D,5.053833941929042
legacy,3,a_N100_V3+3D,5.104625015519559
legacy,3,a_N100_V3+3D,5.063834018073976
legacy,3,a_N100_V3+3D,5.0927079282701015
legacy,3,a_N100_V3+3D,4.997042007744312
legacy,3,a_N100_V3+3D,5.054875044152141
legacy,3,a_N100_V3+3D,5.037500057369471
legacy,3,a_N100_V3+3D,5.052124965004623
legacy,3,a_N100_V3+3D,4.980416037142277
legacy,3,a_N100_V3+3D,5.05916599649936
legacy,3,a_N100_V3+3D,5.2781670819967985
legacy,3,a_N100_V3+3D,5.088625010102987
legacy,3,a_N100_V3+3D,6.161416997201741
legacy,3,a_N100_V3+3D,5.6012499844655395
legacy,3,a_N100_V3+3D,5.666375043801963
legacy,3,a_N100_V3+3D,5.576416966505349
legacy,3,a_N100_V3+3D,5.444374983198941
legacy,3,a_N100_V3+3D,5.428749951533973
legacy,3,a_N100_V3+3D,5.433958955109119
legacy,3,a_N100_V3+3D,5.497333011589944
legacy,3,a_N100_V3+3D,5.533957970328629
legacy,3,a_N100_V3+3D,5.491207935847342
legacy,3,a_N100_V3+3D,5.614959052763879
legacy,3,a_N100_V3+3D,5.54241705685854
legacy,3,a_N100_V3+3D,6.074917037039995
legacy,3,a_N100_V3+3D,5.502834101207554
legacy,3,a_N100_V3+3D,5.534166004508734
legacy,3,a_N100_V3+3D,5.552624934352934
legacy,3,a_N100_V3+3D,5.43391692917794
legacy,3,a_N100_V3+3D,5.476500024087727
legacy,3,a_N100_V3+3D,5.459417006932199
legacy,3,a_N100_V3+3D,5.499208928085864
legacy,3,a_N100_V3+3D,5.444249953143299
legacy,3,a_N100_V3+3D,5.445041926577687
legacy,3,a_N100_V3+3D,5.384374991990626
legacy,3,a_N100_V3+3D,5.452790996059775
legacy,3,a_N100_V3+3D,5.429124925285578
legacy,3,a_N100_V3+3D,5.44950005132705
legacy,3,a_N100_V3+3D,5.3645409643650055
legacy,3,a_N100_V3+3D,5.4677079897373915
legacy,3,a_N100_V3+3D,5.372417042963207
legacy,3,a_N100_V3+3D,5.439833039417863
legacy,3,a_N100_V3+3D,5.4097919492051005
legacy,3,a_N100_V3+3D,7.141708978451788
legacy,3,a_N100_V3+3D,6.021582987159491
legacy,3,a_N100_V3+3D,5.604833015240729
legacy,3,a_N100_V3+3D,5.477249971590936
legacy,3,a_N100_V3+3D,5.391332902945578
legacy,3,a_N100_V3+3D,5.4221670143306255
legacy,3,a_N100_V3+3D,5.411125021055341
legacy,3,a_N100_V3+3D,5.512458039447665
legacy,3,a_N100_V3+3D,5.489708040840924
legacy,3,a_N100_V3+3D,5.452207988128066
legacy,3,a_N100_V3+3D,5.479958024807274
legacy,3,a_N100_V3+3D,5.358500056900084
legacy,3,a_N100_V3+3D,5.459792097099125
legacy,3,a_N100_V3+3D,5.55004202760756
legacy,3,a_N100_V3+3D,5.443708039820194
legacy,3,a_N100_V3+3D,5.334916990250349
legacy,3,a_N100_V3+3D,5.482541979290545
legacy,3,a_N100_V3+3D,5.460624932311475
legacy,3,a_N100_V3+3D,5.512082949280739
legacy,3,a_N100_V3+3D,5.4082919377833605
legacy,3,a_N100_V3+3D,5.4851670283824205
legacy,3,a_N100_V3+3D,5.358999944292009
legacy,3,a_N100_V3+3D,5.468082963488996
legacy,3,a_N100_V3+3D,5.504874978214502
legacy,3,a_N100_V3+3D,5.4836670169606805
legacy,3,a_N100_V3+3D,5.303708021529019
legacy,3,a_N100_V3+3D,5.487084039486945
legacy,3,a_N100_V3+3D,5.435750004835427
legacy,3,a_N100_V3+3D,5.464458023197949
legacy,3,a_N100_V3+3D,5.852250033058226
legacy,3,a_N100_V3+3D,5.158332991413772
legacy,3,a_N100_V3+3D,5.215624929405749
legacy,3,a_N100_V3+3D,5.118708009831607
legacy,3,a_N100_V3+3D,5.085250013507903
legacy,3,a_N100_V3+3D,5.073833977803588
legacy,3,a_N100_V3+3D,5.030500004068017
legacy,3,a_N100_V3+3D,5.061832955107093
legacy,3,a_N100_V3+3D,5.034834030084312
legacy,3,a_N100_V3+3D,5.047083017416298
legacy,3,a_N100_V3+3D,5.127666983753443
legacy,3,a_N100_V3+3D,5.043833050876856
legacy,3,a_N100_V3+3D,5.0602920819073915
legacy,3,a_N100_V3+3D,5.049500032328069
legacy,3,a_N100_V3+3D,5.0210419576615095
legacy,3,a_N100_V3+3D,5.7348329573869705
legacy,3,a_N100_V3+3D,5.049166968092322
legacy,3,a_N100_V3+3D,5.022416939027607
legacy,3,a_N100_V3+3D,5.0232079811394215
legacy,3,a_N100_V3+3D,4.978457931429148
legacy,3,a_N100_V3+3D,4.998959018848836
legacy,3,a_N100_V3+3D,4.999500000849366
legacy,3,a_N100_V3+3D,5.0200000405311584
legacy,3,a_N100_V3+3D,4.982042009942234
legacy,3,a_N100_V3+3D,4.997999989427626
legacy,3,a_N100_V3+3D,5.006792023777962
legacy,3,a_N100_V3+3D,5.075874971225858
legacy,3,a_N100_V3+3D,4.986917017959058
legacy,3,a_N100_V3+3D,5.205125082284212
legacy,3,a_N100_V3+3D,4.980791942216456
legacy,3,a_N100_V3+3D,5.015583010390401
legacy,3,a_N100_V3+3D,5.018707946874201
legacy,3,a_N100_V3+3D,4.970874986611307
legacy,3,a_N100_V3+3D,4.960082937031984
legacy,3,a_N100_V3+3D,4.992541973479092
legacy,3,a_N100_V3+3D,4.998374963179231
legacy,3,a_N100_V3+3D,5.0130829913541675
legacy,3,a_N100_V3+3D,5.014750058762729
legacy,3,a_N100_V3+3D,4.985750070773065
legacy,3,a_N100_V3+3D,5.003832979127765
legacy,3,a_N100_V3+3D,5.03804103937
legacy,3,a_N100_V3+3D,5.015500006265938
legacy,3,a_N100_V3+3D,5.0033750012516975
legacy,3,a_N100_V3+3D,4.981667036190629
legacy,3,a_N100_V3+3D,5.368249956518412
legacy,3,a_N100_V3+3D,5.036332993768156
legacy,3,a_N100_V3+3D,5.0020000198856
legacy,3,a_N100_V3+3D,5.087041994556785
legacy,3,a_N100_V3+3D,5.028540967032313
legacy,3,a_N100_V3+3D,4.951957962475717
legacy,3,a_N100_V3+3D,4.974041949026287
legacy,3,a_N100_V3+3D,5.021375021897256
legacy,3,a_N100_V3+3D,5.0073330057784915
legacy,3,a_N100_V3+3D,5.0163749838247895
legacy,3,a_N100_V3+3D,5.038958042860031
legacy,3,a_N100_V3+3D,4.996708012185991
legacy,3,a_N100_V3+3D,4.9562499625608325
legacy,3,a_N100_V3+3D,5.301500088535249
legacy,3,a_N100_V3+3D,5.044875084422529
legacy,3,a_N100_V3+3D,5.025874939747155
legacy,3,a_N100_V3+3D,6.144333980046213
legacy,3,a_N100_V3+3D,5.433917045593262
legacy,3,a_N100_V3+3D,5.474291043356061
legacy,3,a_N100_V3+3D,5.3810840472579
legacy,3,a_N100_V3+3D,5.346834077499807
legacy,3,a_N100_V3+3D,5.338000017218292
legacy,3,a_N100_V3+3D,5.35170896910131
legacy,3,a_N100_V3+3D,5.3250419441610575
legacy,3,a_N100_V3+3D,5.294416914694011
legacy,3,a_N100_V3+3D,5.287042004056275
legacy,3,a_N100_V3+3D,5.355624947696924
legacy,3,a_N100_V3+3D,5.329541978426278
legacy,3,a_N100_V3+3D,5.304374964907765
legacy,3,a_N100_V3+3D,5.340249976143241
legacy,3,a_N100_V3+3D,5.324917030520737
legacy,3,a_N100_V3+3D,5.382459028623998
legacy,3,a_N100_V3+3D,5.304833990521729
legacy,3,a_N100_V3+3D,5.339707946404815
legacy,3,a_N100_V3+3D,5.419584107585251
legacy,3,a_N100_V3+3D,5.331250024028122
legacy,3,a_N100_V3+3D,5.361791932955384
legacy,3,a_N100_V3+3D,5.272458074614406
legacy,3,a_N100_V3+3D,5.279249977320433
legacy,3,a_N100_V3+3D,5.3279169369488955
legacy,3,a_N100_V3+3D,5.29658398590982
legacy,3,a_N100_V3+3D,5.278958939015865
legacy,3,a_N100_V3+3D,5.321125034242868
legacy,3,a_N100_V3+3D,5.316541995853186
legacy,3,a_N100_V3+3D,5.271833972074091
legacy,3,a_N100_V3+3D,5.300750024616718
legacy,3,a_N100_V3+3D,5.286957952193916
legacy,3,a_N100_V3+3D,5.296666990034282
legacy,3,a_N100_V3+3D,5.300041055306792
legacy,3,a_N100_V3+3D,5.296959076076746
legacy,3,a_N100_V3+3D,5.305416998453438
legacy,3,a_N100_V3+3D,5.2943750051781535
legacy,3,a_N100_V3+3D,5.343874916434288
legacy,3,a_N100_V3+3D,5.328250001184642
legacy,3,a_N100_V3+3D,5.324333091266453
legacy,3,a_N100_V3+3D,5.329124978743494
legacy,3,a_N100_V3+3D,5.355166969820857
legacy,3,a_N100_V3+3D,5.313416942954063
legacy,3,a_N100_V3+3D,5.32345799729228
legacy,3,a_N100_V3+3D,5.29241596814245
legacy,3,a_N100_V3+3D,5.307540996000171
legacy,3,a_N100_V3+3D,5.30779198743403
legacy,3,a_N100_V3+3D,5.298917065374553
legacy,3,a_N100_V3+3D,5.336500005796552
legacy,3,a_N100_V3+3D,5.290625034831464
legacy,3,a_N100_V3+3D,5.278915981762111
legacy,3,a_N100_V3+3D,5.330792046152055
legacy,3,a_N100_V3+3D,5.31695899553597
legacy,3,a_N100_V3+3D,5.330790998414159
legacy,3,a_N100_V3+3D,5.323999910615385
legacy,3,a_N100_V3+3D,5.329167004674673
legacy,3,a_N100_V3+3D,5.35020895767957
legacy,3,a_N100_V3+3D,5.317999981343746
legacy,3,a_N100_V3+3D,5.350916995666921
legacy,3,a_N100_V3+3D,5.3070830181241035
legacy,3,a_N100_V3+3D,5.306042032316327
legacy,3,a_N100_V3+3D,5.756583996117115
legacy,3,a_N100_V3+3D,5.089666927233338
legacy,3,a_N100_V3+3D,5.176833015866578
legacy,3,a_N100_V3+3D,5.479790968820453
legacy,3,a_N100_V3+3D,5.436791921965778
legacy,3,a_N100_V3+3D,5.096083041280508
legacy,3,a_N100_V3+3D,5.027750041335821
legacy,3,a_N100_V3+3D,5.007334053516388
legacy,3,a_N100_V3+3D,5.021375021897256
legacy,3,a_N100_V3+3D,5.047333077527583
legacy,3,a_N100_V3+3D,5.049708066508174
legacy,3,a_N100_V3+3D,4.981500096619129
legacy,3,a_N100_V3+3D,4.9743339186534286
legacy,3,a_N100_V3+3D,4.976666998118162
legacy,3,a_N100_V3+3D,4.959791898727417
legacy,3,a_N100_V3+3D,5.093583953566849
legacy,3,a_N100_V3+3D,4.938291967846453
legacy,3,a_N100_V3+3D,4.9385830061510205
legacy,3,a_N100_V3+3D,4.963624989613891
legacy,3,a_N100_V3+3D,4.9475840060040355
legacy,3,a_N100_V3+3D,5.470791948027909
legacy,3,a_N100_V3+3D,5.204042070545256
legacy,3,a_N100_V3+3D,5.082334042526782
legacy,3,a_N100_V3+3D,5.087833036668599
legacy,3,a_N100_V3+3D,5.0026660319417715
legacy,3,a_N100_V3+3D,5.033834022469819
legacy,3,a_N100_V3+3D,5.9828340308740735
legacy,3,a_N100_V3+3D,5.097958957776427
legacy,3,a_N100_V3+3D,5.025999969802797
legacy,3,a_N100_V3+3D,5.066374898888171
legacy,3,a_N100_V3+3D,4.971332964487374
legacy,3,a_N100_V3+3D,4.983332939445972
legacy,3,a_N100_V3+3D,5.006540915928781
legacy,3,a_N100_V3+3D,5.028959014452994
legacy,3,a_N100_V3+3D,4.978709039278328
legacy,3,a_N100_V3+3D,5.041292053647339
legacy,3,a_N100_V3+3D,5.001457990147173
legacy,3,a_N100_V3+3D,4.9548340030014515
legacy,3,a_N100_V3+3D,4.959500045515597
legacy,3,a_N100_V3+3D,4.956874996423721
legacy,3,a_N100_V3+3D,5.1380000077188015
legacy,3,a_N100_V3+3D,4.9685409758239985
legacy,3,a_N100_V3+3D,4.945999942719936
legacy,3,a_N100_V3+3D,4.952833987772465
legacy,3,a_N100_V3+3D,4.958249977789819
legacy,3,a_N100_V3+3D,4.962458973750472
legacy,3,a_N100_V3+3D,4.961499944329262
legacy,3,a_N100_V3+3D,4.971957998350263
legacy,3,a_N100_V3+3D,4.931250005029142
legacy,3,a_N100_V3+3D,5.32195798587054
legacy,3,a_N100_V3+3D,5.816165939904749
legacy,3,a_N100_V3+3D,5.672291968949139
legacy,3,a_N100_V3+3D,5.095083964988589
legacy,3,a_N100_V3+3D,5.021958029828966
legacy,3,a_N100_V3+3D,4.97320806607604
legacy,3,a_N100_V3+3D,4.965958069078624
legacy,3,a_N100_V3+3D,4.969333065673709
legacy,3,a_N100_V3+3D,5.281834048219025
legacy,3,a_N100_V3+3D,4.988708067685366
legacy,3,a_N100_V3+3D,5.007667001336813
legacy,3,a_N100_V3+3D,6.187999970279634
legacy,3,a_N100_V3+3D,5.5317499209195375
legacy,3,a_N100_V3+3D,5.600958946160972
legacy,3,a_N100_V3+3D,5.517749930731952
legacy,3,a_N100_V3+3D,5.40054205339402
legacy,3,a_N100_V3+3D,5.40295906830579
legacy,3,a_N100_V3+3D,5.403583985753357
legacy,3,a_N100_V3+3D,5.421875044703484
legacy,3,a_N100_V3+3D,5.443125031888485
legacy,3,a_N100_V3+3D,5.5290000746026635
legacy,3,a_N100_V3+3D,5.364750046283007
legacy,3,a_N100_V3+3D,5.3898339392617345
legacy,3,a_N100_V3+3D,5.384791060350835
legacy,3,a_N100_V3+3D,5.38024993147701
legacy,3,a_N100_V3+3D,5.400875001214445
legacy,3,a_N100_V3+3D,5.513582960702479
legacy,3,a_N100_V3+3D,5.41704089846462
legacy,3,a_N100_V3+3D,5.425999988801777
legacy,3,a_N100_V3+3D,5.415374995209277
legacy,3,a_N100_V3+3D,5.402041948400438
legacy,3,a_N100_V3+3D,5.343458033166826
legacy,3,a_N100_V3+3D,5.464790971018374
legacy,3,a_N100_V3+3D,5.3659999975934625
legacy,3,a_N100_V3+3D,5.4026670986786485
legacy,3,a_N100_V3+3D,5.449583055451512
legacy,3,a_N100_V3+3D,5.421375040896237
legacy,3,a_N100_V3+3D,5.4140419233590364
legacy,3,a_N100_V3+3D,5.415040999650955
legacy,3,a_N100_V3+3D,5.384332966059446
legacy,3,a_N100_V3+3D,5.385834025219083
legacy,3,a_N100_V3+3D,5.3463749354705215
legacy,3,a_N100_V3+3D,5.3862499771639705
legacy,3,a_N100_V3+3D,5.391374928876758
legacy,3,a_N100_V3+3D,5.4376659682020545
legacy,3,a_N100_V3+3D,5.373624968342483
legacy,3,a_N100_V3+3D,5.415125051513314
legacy,3,a_N100_V3+3D,5.390458041802049
legacy,3,a_N100_V3+3D,5.391999962739646
legacy,3,a_N100_V3+3D,5.363042000681162
legacy,3,a_N100_V3+3D,5.427457974292338
legacy,3,a_N100_V3+3D,5.361792049370706
legacy,3,a_N100_V3+3D,5.364249926060438
legacy,3,a_N100_V3+3D,5.3729580249637365
legacy,3,a_N100_V3+3D,5.3475829772651196
legacy,3,a_N100_V3+3D,5.357249989174306
legacy,3,a_N100_V3+3D,5.376624991185963
legacy,3,a_N100_V3+3D,5.349208018742502
legacy,3,a_N100_V3+3D,5.453958990983665
legacy,3,a_N100_V3+3D,5.421082954853773
legacy,3,a_N100_V3+3D,5.421999958343804
legacy,3,a_N100_V3+3D,5.390083999373019
legacy,3,a_N100_V3+3D,5.472291028127074
legacy,3,a_N100_V3+3D,5.368000012822449
legacy,3,a_N100_V3+3D,5.431334022432566
legacy,3,a_N100_V3+3D,5.378208006732166
legacy,3,a_N100_V3+3D,5.396250053308904
legacy,3,a_N100_V3+3D,5.43058302719146
legacy,3,a_N100_V3+3D,5.432250094600022
legacy,3,a_N100_V3+3D,5.341124953702092
legacy,3,a_N100_V3+3D,5.388875026255846
legacy,3,a_N100_V3+3D,5.7562500005587935
legacy,3,a_N100_V3+3D,5.114375031553209
legacy,3,a_N100_V3+3D,5.141208996064961
legacy,3,a_N100_V3+3D,5.065208999440074
legacy,3,a_N100_V3+3D,5.030374974012375
legacy,3,a_N100_V3+3D,4.965749918483198
legacy,3,a_N100_V3+3D,4.990457906387746
legacy,3,a_N100_V3+3D,5.0334170227870345
legacy,3,a_N100_V3+3D,5.045833997428417
legacy,3,a_N100_V3+3D,5.082209012471139
legacy,3,a_N100_V3+3D,4.967082990333438
legacy,3,a_N100_V3+3D,5.019917036406696
legacy,3,a_N100_V3+3D,5.037750001065433
legacy,3,a_N100_V3+3D,5.020042066462338
legacy,3,a_N100_V3+3D,5.055459099821746
legacy,3,a_N100_V3+3D,5.066332989372313
legacy,3,a_N100_V3+3D,4.986540996469557
legacy,3,a_N100_V3+3D,5.053624976426363
legacy,3,a_N100_V3+3D,5.023208097554743
legacy,3,a_N100_V3+3D,5.02849998883903
legacy,3,a_N100_V3+3D,4.926124936901033
legacy,3,a_N100_V3+3D,4.952165996655822
legacy,3,a_N100_V3+3D,4.9790419870987535
legacy,3,a_N100_V3+3D,5.062334006652236
legacy,3,a_N100_V3+3D,4.991334048099816
legacy,3,a_N100_V3+3D,5.004166974686086
legacy,3,a_N100_V3+3D,5.013084039092064
legacy,3,a_N100_V3+3D,4.9209160497412086
legacy,3,a_N100_V3+3D,5.103792063891888
legacy,3,a_N100_V3+3D,5.024000070989132
legacy,3,a_N100_V3+3D,4.995541064999998
legacy,3,a_N100_V3+3D,4.990458022803068
legacy,3,a_N100_V3+3D,4.992999951355159
legacy,3,a_N100_V3+3D,5.023166071623564
legacy,3,a_N100_V3+3D,4.985000006854534
legacy,3,a_N100_V3+3D,5.0200000405311584
legacy,3,a_N100_V3+3D,5.028332932852209
legacy,3,a_N100_V3+3D,5.002874997444451
legacy,3,a_N100_V3+3D,5.031832959502935
legacy,3,a_N100_V3+3D,4.972000024281442
legacy,3,a_N100_V3+3D,4.967791959643364
legacy,3,a_N100_V3+3D,4.983792081475258
legacy,3,a_N100_V3+3D,4.953083000145853
legacy,3,a_N100_V3+3D,5.030917003750801
legacy,3,a_N100_V3+3D,5.026750033721328
legacy,3,a_N100_V3+3D,4.976541036739945
legacy,3,a_N100_V3+3D,5.005250102840364
legacy,3,a_N100_V3+3D,5.018541938625276
legacy,3,a_N100_V3+3D,5.192166077904403
legacy,3,a_N100_V3+3D,5.241542006842792
legacy,3,a_N100_V3+3D,5.026457947678864
legacy,3,a_N100_V3+3D,5.019082920625806
legacy,3,a_N100_V3+3D,4.9917500000447035
legacy,3,a_N100_V3+3D,4.983666935004294
legacy,3,a_N100_V3+3D,4.948333953507245
legacy,3,a_N100_V3+3D,5.000542034395039
legacy,3,a_N100_V3+3D,4.9874590476974845
legacy,3,a_N100_V3+3D,5.322500015608966
legacy,3,a_N100_V3+3D,5.011833040043712
legacy,3,a_N100_V3+3D,5.750708049163222
legacy,3,a_N100_V3+3D,6.2357919523492455
legacy,3,a_N100_V3+3D,5.471625016070902
legacy,3,a_N100_V3+3D,5.546582979150116
legacy,3,a_N100_V3+3D,5.420000059530139
legacy,3,a_N100_V3+3D,5.4142080480232835
legacy,3,a_N100_V3+3D,5.384624935686588
legacy,3,a_N100_V3+3D,5.450833006761968
legacy,3,a_N100_V3+3D,5.360124981962144
legacy,3,a_N100_V3+3D,5.370458937250078
legacy,3,a_N100_V3+3D,5.45562501065433
legacy,3,a_N100_V3+3D,5.475417012348771
legacy,3,a_N100_V3+3D,5.3605419816449285
legacy,3,a_N100_V3+3D,5.364999989978969
legacy,3,a_N100_V3+3D,5.328874918632209
legacy,3,a_N100_V3+3D,5.338167073205113
legacy,3,a_N100_V3+3D,5.379957961849868
legacy,3,a_N100_V3+3D,5.345165962353349
legacy,3,a_N100_V3+3D,5.265417043119669
legacy,3,a_N100_V3+3D,5.277915974147618
legacy,3,a_N100_V3+3D,5.335833062417805
legacy,3,a_N100_V3+3D,5.324208992533386
legacy,3,a_N100_V3+3D,5.326791084371507
legacy,3,a_N100_V3+3D,5.338332965038717
legacy,3,a_N100_V3+3D,5.317708943039179
legacy,3,a_N100_V3+3D,5.30624995008111
legacy,3,a_N100_V3+3D,5.336707923561335
legacy,3,a_N100_V3+3D,5.449957912787795
legacy,3,a_N100_V3+3D,5.352624924853444
legacy,3,a_N100_V3+3D,5.358916940167546
legacy,3,a_N100_V3+3D,5.318125011399388
legacy,3,a_N100_V3+3D,5.37658401299268
legacy,3,a_N100_V3+3D,5.364458076655865
legacy,3,a_N100_V3+3D,5.406792042776942
legacy,3,a_N100_V3+3D,5.30087505467236
legacy,3,a_N100_V3+3D,5.303999991156161
legacy,3,a_N100_V3+3D,5.298291915096343
legacy,3,a_N100_V3+3D,5.345624987967312
legacy,3,a_N100_V3+3D,5.2827500039711595
legacy,3,a_N100_V3+3D,5.366791971027851
legacy,3,a_N100_V3+3D,5.371499923057854
legacy,3,a_N100_V3+3D,5.295958020724356
legacy,3,a_N100_V3+3D,5.379750044085085
legacy,3,a_N100_V3+3D,5.4305000230669975
legacy,3,a_N100_V3+3D,5.512333009392023
legacy,3,a_N100_V3+3D,5.370083963498473
legacy,3,a_N100_V3+3D,5.325834034010768
legacy,3,a_N100_V3+3D,5.3295830730348825
legacy,3,a_N100_V3+3D,5.358000053092837
legacy,3,a_N100_V3+3D,5.308208055794239
legacy,3,a_N100_V3+3D,5.304333055391908
legacy,3,a_N100_V3+3D,5.282583995722234
legacy,3,a_N100_V3+3D,5.32050000037998
legacy,3,a_N100_V3+3D,5.322666955180466
legacy,3,a_N100_V3+3D,5.303959012962878
legacy,3,a_N100_V3+3D,5.29241596814245
legacy,3,a_N100_V3+3D,5.322207929566503
legacy,3,a_N100_V3+3D,5.292457994073629
legacy,3,a_N100_V3+3D,5.341541022062302
legacy,3,a_N100_V3+3D,5.329124978743494
legacy,3,a_N100_V3+3D,5.295625072903931
legacy,3,a_N100_V3+3D,5.752459052018821
legacy,3,a_N100_V3+3D,5.062167067080736
legacy,3,a_N100_V3+3D,5.180000094696879
legacy,3,a_N100_V3+3D,5.019792006351054
legacy,3,a_N100_V3+3D,5.027708946727216
legacy,3,a_N100_V3+3D,4.983541904948652
legacy,3,a_N100_V3+3D,5.012790905311704
legacy,3,a_N100_V3+3D,4.978584009222686
legacy,3,a_N100_V3+3D,4.981291946023703
legacy,3,a_N100_V3+3D,6.33041700348258
legacy,3,a_N100_V3+3D,5.300709046423435
legacy,3,a_N100_V3+3D,5.102875060401857
legacy,3,a_N100_V3+3D,5.079084075987339
legacy,3,a_N100_V3+3D,5.0424590008333325
legacy,3,a_N100_V3+3D,5.005624960176647
legacy,3,a_N100_V3+3D,5.035834037698805
legacy,3,a_N100_V3+3D,4.9932500114664435
legacy,3,a_N100_V3+3D,5.002208054065704
legacy,3,a_N100_V3+3D,5.039917072281241
legacy,3,a_N100_V3+3D,5.161750013940036
legacy,3,a_N100_V3+3D,4.984249942936003
legacy,3,a_N100_V3+3D,5.013249930925667
legacy,3,a_N100_V3+3D,4.984125029295683
legacy,3,a_N100_V3+3D,4.993582959286869
legacy,3,a_N100_V3+3D,4.960417049005628
legacy,3,a_N100_V3+3D,4.954249947331846
legacy,3,a_N100_V3+3D,5.01866708509624
legacy,3,a_N100_V3+3D,4.973583971150219
legacy,3,a_N100_V3+3D,4.971959046088159
legacy,3,a_N100_V3+3D,4.964792053215206
legacy,3,a_N100_V3+3D,4.974417039193213
legacy,3,a_N100_V3+3D,4.934834083542228
legacy,3,a_N100_V3+3D,4.947667010128498
legacy,3,a_N100_V3+3D,4.958999925293028
legacy,3,a_N100_V3+3D,5.06629201117903
legacy,3,a_N100_V3+3D,4.997874959371984
legacy,3,a_N100_V3+3D,5.00608398579061
legacy,3,a_N100_V3+3D,4.96383395511657
legacy,3,a_N100_V3+3D,4.925624933093786
legacy,3,a_N100_V3+3D,5.091125029139221
legacy,3,a_N100_V3+3D,4.972166963852942
legacy,3,a_N100_V3+3D,4.963374929502606
legacy,3,a_N100_V3+3D,5.470916978083551
legacy,3,a_N100_V3+3D,5.014542024582624
legacy,3,a_N100_V3+3D,4.979250021278858
legacy,3,a_N100_V3+3D,4.973917035385966
legacy,3,a_N100_V3+3D,4.9772500060498714
legacy,3,a_N100_V3+3D,5.0202920101583
legacy,3,a_N100_V3+3D,4.993667011149228
legacy,3,a_N100_V3+3D,4.994916962459683
legacy,3,a_N100_V3+3D,4.975374904461205
legacy,3,a_N100_V3+3D,4.994791932404041
legacy,3,a_N100_V3+3D,4.951791954226792
legacy,3,a_N100_V3+3D,4.989666980691254
legacy,3,a_N100_V3+3D,4.969540983438492
legacy,3,a_N100_V3+3D,4.956459044478834
legacy,3,a_N100_V3+3D,4.948000074364245
legacy,3,a_N100_V3+3D,5.234292009845376
legacy,3,a_N100_V3+3D,4.976792028173804
legacy,3,a_N100_V3+3D,4.9816250102594495
legacy,3,a_N100_V3+3D,6.15216710139066
legacy,3,a_N100_V3+3D,5.458583007566631
legacy,3,a_N100_V3+3D,5.500584025867283
legacy,3,a_N100_V3+3D,5.37858298048377
legacy,3,a_N100_V3+3D,5.427333060652018
legacy,3,a_N100_V3+3D,5.376083892770112
legacy,3,a_N100_V3+3D,5.351166939362884
legacy,3,a_N100_V3+3D,5.3663329454138875
legacy,3,a_N100_V3+3D,5.404916941188276
legacy,3,a_N100_V3+3D,5.443124915473163
legacy,3,a_N100_V3+3D,5.331541993655264
legacy,3,a_N100_V3+3D,5.371166975237429
legacy,3,a_N100_V3+3D,5.318708019331098
legacy,3,a_N100_V3+3D,5.347332917153835
legacy,3,a_N100_V3+3D,5.344000062905252
legacy,3,a_N100_V3+3D,5.423708003945649
legacy,3,a_N100_V3+3D,5.34537504427135
legacy,3,a_N100_V3+3D,5.338417016901076
legacy,3,a_N100_V3+3D,5.30295807402581
legacy,3,a_N100_V3+3D,5.3421249613165855
legacy,3,a_N100_V3+3D,5.270874942652881
legacy,3,a_N100_V3+3D,5.519291968084872
legacy,3,a_N100_V3+3D,5.327499937266111
legacy,3,a_N100_V3+3D,5.312166991643608
legacy,3,a_N100_V3+3D,5.296540912240744
legacy,3,a_N100_V3+3D,5.351707921363413
legacy,3,a_N100_V3+3D,5.327541963197291
legacy,3,a_N100_V3+3D,5.324832978658378
legacy,3,a_N100_V3+3D,5.290083005093038
legacy,3,a_N100_V3+3D,5.291417008265853
legacy,3,a_N100_V3+3D,5.2809580229222775
legacy,3,a_N100_V3+3D,5.309666972607374
legacy,3,a_N100_V3+3D,5.2701670210808516
legacy,3,a_N100_V3+3D,5.292749963700771
legacy,3,a_N100_V3+3D,5.316708004102111
legacy,3,a_N100_V3+3D,5.308499909006059
legacy,3,a_N100_V3+3D,5.326166050508618
legacy,3,a_N100_V3+3D,5.412540980614722
legacy,3,a_N100_V3+3D,5.342292017303407
legacy,3,a_N100_V3+3D,5.300374934449792
legacy,3,a_N100_V3+3D,5.301332916133106
legacy,3,a_N100_V3+3D,5.30404201708734
legacy,3,a_N100_V3+3D,5.289915949106216
legacy,3,a_N100_V3+3D,5.313250003382564
legacy,3,a_N100_V3+3D,5.278208991512656
legacy,3,a_N100_V3+3D,5.270124995149672
legacy,3,a_N100_V3+3D,5.277790944091976
legacy,3,a_N100_V3+3D,5.400584079325199
legacy,3,a_N100_V3+3D,5.275000003166497
legacy,3,a_N100_V3+3D,5.276583018712699
legacy,3,a_N100_V3+3D,5.286958999931812
legacy,3,a_N100_V3+3D,5.25933294557035
legacy,3,a_N100_V3+3D,5.2588749676942825
legacy,3,a_N100_V3+3D,5.2664169343188405
legacy,3,a_N100_V3+3D,5.242707906290889
legacy,3,a_N100_V3+3D,5.2819158881902695
legacy,3,a_N100_V3+3D,5.256042000837624
legacy,3,a_N100_V3+3D,5.362541996873915
legacy,3,a_N100_V3+3D,5.299667012877762
legacy,3,a_N100_V3+3D,5.303750047460198
legacy,3,a_N100_V3+3D,5.788207985460758
legacy,3,a_N100_V3+3D,5.161042092368007
legacy,3,a_N100_V3+3D,5.213874974288046
legacy,3,a_N100_V3+3D,5.122500006109476
legacy,3,a_N100_V3+3D,5.057542002759874
legacy,3,a_N100_V3+3D,4.9862919840961695
legacy,3,a_N100_V3+3D,5.066749989055097
legacy,3,a_N100_V3+3D,5.042291944846511
legacy,3,a_N100_V3+3D,5.096292006783187
legacy,3,a_N100_V3+3D,5.081624956801534
legacy,3,a_N100_V3+3D,5.062708049081266
legacy,3,a_N100_V3+3D,5.077542038634419
legacy,3,a_N100_V3+3D,5.0420829793438315
legacy,3,a_N100_V3+3D,5.052875028923154
legacy,3,a_N100_V3+3D,5.025124992243946
legacy,3,a_N100_V3+3D,5.056124995462596
legacy,3,a_N100_V3+3D,5.004250095225871
legacy,3,a_N100_V3+3D,5.065417033620179
legacy,3,a_N100_V3+3D,4.996166913770139
legacy,3,a_N100_V3+3D,5.047666025348008
legacy,3,a_N100_V3+3D,5.023250007070601
legacy,3,a_N100_V3+3D,5.087750032544136
legacy,3,a_N100_V3+3D,5.041791941039264
legacy,3,a_N100_V3+3D,5.038292030803859
legacy,3,a_N100_V3+3D,5.012250039726496
legacy,3,a_N100_V3+3D,5.059625022113323
legacy,3,a_N100_V3+3D,5.077208974398673
legacy,3,a_N100_V3+3D,5.031000007875264
legacy,3,a_N100_V3+3D,5.007582949474454
legacy,3,a_N100_V3+3D,5.065792007371783
legacy,3,a_N100_V3+3D,5.018666037358344
legacy,3,a_N100_V3+3D,5.042417091317475
legacy,3,a_N100_V3+3D,5.041666910983622
legacy,3,a_N100_V3+3D,5.014957976527512
legacy,3,a_N100_V3+3D,5.030332948081195
legacy,3,a_N100_V3+3D,5.065541947260499
legacy,3,a_N100_V3+3D,5.060749943368137
legacy,3,a_N100_V3+3D,5.052874912507832
legacy,3,a_N100_V3+3D,5.098334047943354
legacy,3,a_N100_V3+3D,5.024040932767093
legacy,3,a_N100_V3+3D,5.044582998380065
legacy,3,a_N100_V3+3D,4.992707981728017
legacy,3,a_N100_V3+3D,5.021958029828966
legacy,3,a_N100_V3+3D,5.041082971729338
legacy,3,a_N100_V3+3D,5.016209091991186
legacy,3,a_N100_V3+3D,5.119083099998534
legacy,3,a_N100_V3+3D,5.029958090744913
legacy,3,a_N100_V3+3D,5.098749999888241
legacy,3,a_N100_V3+3D,5.050582927651703
legacy,3,a_N100_V3+3D,5.0681669963523746
legacy,3,a_N100_V3+3D,5.014540976844728
legacy,3,a_N100_V3+3D,5.0452499417588115
legacy,3,a_N100_V3+3D,5.035415990278125
legacy,3,a_N100_V3+3D,5.032749962992966
legacy,3,a_N100_V3+3D,5.008458974771202
legacy,3,a_N100_V3+3D,5.0394999561831355
legacy,3,a_N100_V3+3D,4.967875080183148
legacy,3,a_N100_V3+3D,5.289374967105687
legacy,3,a_N100_V3+3D,5.054333014413714
legacy,3,a_N100_V3+3D,5.079834023490548
legacy,3,a_N100_V3+3D,6.123041966930032
legacy,3,a_N100_V3+3D,5.491791060194373
legacy,3,a_N100_V3+3D,5.553000024519861
legacy,3,a_N100_V3+3D,5.429832963272929
legacy,3,a_N100_V3+3D,5.349332932382822
legacy,3,a_N100_V3+3D,5.439708940684795
legacy,3,a_N100_V3+3D,5.382540985010564
legacy,3,a_N100_V3+3D,5.471707903780043
legacy,3,a_N100_V3+3D,6.125499960035086
legacy,3,a_N100_V3+3D,5.410667043179274
legacy,3,a_N100_V3+3D,5.372375017032027
legacy,3,a_N100_V3+3D,5.370875005610287
legacy,3,a_N100_V3+3D,5.329958978109062
legacy,3,a_N100_V3+3D,5.342792021110654
legacy,3,a_N100_V3+3D,5.350167048163712
legacy,3,a_N100_V3+3D,5.378833040595055
legacy,3,a_N100_V3+3D,5.341417039744556
legacy,3,a_N100_V3+3D,5.3397080628201365
legacy,3,a_N100_V3+3D,5.3320410661399364
legacy,3,a_N100_V3+3D,5.334958084858954
legacy,3,a_N100_V3+3D,5.331458989530802
legacy,3,a_N100_V3+3D,5.347625003196299
legacy,3,a_N100_V3+3D,5.364665994420648
legacy,3,a_N100_V3+3D,5.339500028640032
legacy,3,a_N100_V3+3D,5.33112499397248
legacy,3,a_N100_V3+3D,5.3776249988004565
legacy,3,a_N100_V3+3D,5.404499941505492
legacy,3,a_N100_V3+3D,5.424667033366859
legacy,3,a_N100_V3+3D,5.350291030481458
legacy,3,a_N100_V3+3D,5.402417038567364
legacy,3,a_N100_V3+3D,5.374583066441119
legacy,3,a_N100_V3+3D,5.3873329889029264
legacy,3,a_N100_V3+3D,5.353124928660691
legacy,3,a_N100_V3+3D,5.381708033382893
legacy,3,a_N100_V3+3D,5.346416961401701
legacy,3,a_N100_V3+3D,5.376667017117143
legacy,3,a_N100_V3+3D,5.38066599983722
legacy,3,a_N100_V3+3D,5.359624978154898
legacy,3,a_N100_V3+3D,5.40050002746284
legacy,3,a_N100_V3+3D,5.378374946303666
legacy,3,a_N100_V3+3D,5.3808329394087195
legacy,3,a_N100_V3+3D,5.409916979260743
legacy,3,a_N100_V3+3D,5.41791704017669
legacy,3,a_N100_V3+3D,5.365250050090253
legacy,3,a_N100_V3+3D,5.311459070071578
legacy,3,a_N100_V3+3D,5.340458010323346
legacy,3,a_N100_V3+3D,5.335833062417805
legacy,3,a_N100_V3+3D,5.377250025048852
legacy,3,a_N100_V3+3D,5.369833088479936
legacy,3,a_N100_V3+3D,5.407166085205972
legacy,3,a_N100_V3+3D,5.362958996556699
legacy,3,a_N100_V3+3D,5.360915907658637
legacy,3,a_N100_V3+3D,5.367707926779985
legacy,3,a_N100_V3+3D,6.712749949656427
legacy,3,a_N100_V3+3D,5.582374986261129
legacy,3,a_N100_V3+3D,5.450707976706326
legacy,3,a_N100_V3+3D,5.435041966848075
legacy,3,a_N100_V3+3D,5.459959036670625
legacy,3,a_N100_V3+3D,5.408250028267503
legacy,3,a_N100_V3+3D,5.397667060606182
legacy,3,a_N100_V3+3D,5.868333042599261
legacy,3,a_N100_V3+3D,5.0935420440509915
legacy,3,a_N100_V3+3D,5.180792068131268
legacy,3,a_N100_V3+3D,5.045416997745633
legacy,3,a_N100_V3+3D,5.080375005491078
legacy,3,a_N100_V3+3D,5.023500067181885
legacy,3,a_N100_V3+3D,5.0459589110687375
legacy,3,a_N100_V3+3D,5.140333902090788
legacy,3,a_N100_V3+3D,5.043708020821214
legacy,3,a_N100_V3+3D,4.9974999856203794
legacy,3,a_N100_V3+3D,5.016624927520752
legacy,3,a_N100_V3+3D,5.0952499732375145
legacy,3,a_N100_V3+3D,5.1036670338362455
legacy,3,a_N100_V3+3D,4.983791965059936
legacy,3,a_N100_V3+3D,4.99675003811717
legacy,3,a_N100_V3+3D,5.030167056247592
legacy,3,a_N100_V3+3D,5.087874946184456
legacy,3,a_N100_V3+3D,5.05095801781863
legacy,3,a_N100_V3+3D,4.997834097594023
legacy,3,a_N100_V3+3D,4.987500025890768
legacy,3,a_N100_V3+3D,5.000792094506323
legacy,3,a_N100_V3+3D,4.960541962645948
legacy,3,a_N100_V3+3D,4.970458918251097
legacy,3,a_N100_V3+3D,4.977291100658476
legacy,3,a_N100_V3+3D,5.055124987848103
legacy,3,a_N100_V3+3D,4.957124940119684
legacy,3,a_N100_V3+3D,5.018749972805381
legacy,3,a_N100_V3+3D,4.949333961121738
legacy,3,a_N100_V3+3D,4.964458988979459
legacy,3,a_N100_V3+3D,4.978457931429148
legacy,3,a_N100_V3+3D,5.093874991871417
legacy,3,a_N100_V3+3D,5.0036669708788395
legacy,3,a_N100_V3+3D,4.977083066478372
legacy,3,a_N100_V3+3D,4.989875014871359
legacy,3,a_N100_V3+3D,4.997667041607201
legacy,3,a_N100_V3+3D,4.9494580598548055
legacy,3,a_N100_V3+3D,4.995166906155646
legacy,3,a_N100_V3+3D,5.02566690556705
legacy,3,a_N100_V3+3D,5.029791034758091
legacy,3,a_N100_V3+3D,4.969459027051926
legacy,3,a_N100_V3+3D,4.965667030774057
legacy,3,a_N100_V3+3D,4.99079201836139
legacy,3,a_N100_V3+3D,4.9418340204283595
legacy,3,a_N100_V3+3D,4.976792028173804
legacy,3,a_N100_V3+3D,4.963040933944285
legacy,3,a_N100_V3+3D,4.953375086188316
legacy,3,a_N100_V3+3D,5.043499986641109
legacy,3,a_N100_V3+3D,5.010083084926009
legacy,3,a_N100_V3+3D,4.934834083542228
legacy,3,a_N100_V3+3D,4.962792037986219
legacy,3,a_N100_V3+3D,4.973333096131682
legacy,3,a_N100_V3+3D,4.9212080193683505
legacy,3,a_N100_V3+3D,4.927833913825452
legacy,3,a_N100_V3+3D,5.024500074796379
legacy,3,a_N100_V3+3D,4.949916969053447
legacy,3,a_N100_V3+3D,4.945583990775049
legacy,3,a_N100_V3+3D,5.004000035114586
legacy,3,a_N100_V3+3D,5.219209007918835
legacy,3,a_N100_V3+3D,4.978916957043111
legacy,3,a_N100_V3+3D,4.934582975693047
legacy,3,a_N100_V3+3D,6.086166016757488
legacy,3,a_N100_V3+3D,5.425208946689963
legacy,3,a_N100_V3+3D,5.480957916006446
legacy,3,a_N100_V3+3D,5.352834006771445
legacy,3,a_N100_V3+3D,5.3628330351784825
legacy,3,a_N100_V3+3D,5.35604206379503
legacy,3,a_N100_V3+3D,5.361541989259422
legacy,3,a_N100_V3+3D,5.403666058555245
legacy,3,a_N100_V3+3D,5.353708053007722
legacy,3,a_N100_V3+3D,5.350958905182779
legacy,3,a_N100_V3+3D,5.360209033824503
legacy,3,a_N100_V3+3D,5.335292080417275
legacy,3,a_N100_V3+3D,5.355916917324066
legacy,3,a_N100_V3+3D,5.344458972103894
legacy,3,a_N100_V3+3D,5.344333010725677
legacy,3,a_N100_V3+3D,5.837250035256147
legacy,3,a_N100_V3+3D,5.533125018700957
legacy,3,a_N100_V3+3D,5.387624958530068
legacy,3,a_N100_V3+3D,5.346292047761381
legacy,3,a_N100_V3+3D,5.344584002159536
legacy,3,a_N100_V3+3D,5.383583018556237
legacy,3,a_N100_V3+3D,5.335916997864842
legacy,3,a_N100_V3+3D,5.3599170641973615
legacy,3,a_N100_V3+3D,5.328333005309105
legacy,3,a_N100_V3+3D,5.3384589264169335
legacy,3,a_N100_V3+3D,5.327500053681433
legacy,3,a_N100_V3+3D,5.395375075750053
legacy,3,a_N100_V3+3D,5.329250008799136
legacy,3,a_N100_V3+3D,5.316374939866364
legacy,3,a_N100_V3+3D,5.312166991643608
legacy,3,a_N100_V3+3D,5.295792012475431
legacy,3,a_N100_V3+3D,5.325207952409983
legacy,3,a_N100_V3+3D,5.324707948602736
legacy,3,a_N100_V3+3D,5.327249993570149
legacy,3,a_N100_V3+3D,5.3247499745339155
legacy,3,a_N100_V3+3D,5.285624996758997
legacy,3,a_N100_V3+3D,5.34704199526459
legacy,3,a_N100_V3+3D,5.398874985985458
legacy,3,a_N100_V3+3D,5.346000078134239
legacy,3,a_N100_V3+3D,5.336291971616447
legacy,3,a_N100_V3+3D,5.363582982681692
legacy,3,a_N100_V3+3D,5.303499987348914
legacy,3,a_N100_V3+3D,5.347416969016194
legacy,3,a_N100_V3+3D,5.2919170120731
legacy,3,a_N100_V3+3D,5.327082937583327
legacy,3,a_N100_V3+3D,5.320917000062764
legacy,3,a_N100_V3+3D,5.412249942310154
legacy,3,a_N100_V3+3D,5.3362909238785505
legacy,3,a_N100_V3+3D,5.31841698102653
legacy,3,a_N100_V3+3D,5.324042052961886
legacy,3,a_N100_V3+3D,5.3171670297160745
legacy,3,a_N100_V3+3D,5.321584059856832
legacy,3,a_N100_V3+3D,5.332959000952542
legacy,3,a_N100_V3+3D,5.300250020809472
legacy,3,a_N100_V3+3D,5.341833923012018
legacy,3,a_N100_V3+3D,5.308167077600956
legacy,3,a_N100_V3+3D,5.301750032231212
legacy,3,a_N100_V3+3D,5.372209008783102
legacy,3,a_N100_V3+3D,5.326041951775551
legacy,3,a_N100_V3+3D,5.344625096768141
legacy,3,a_N100_V3+3D,5.895042093470693
legacy,3,a_N100_V3+3D,5.160582950338721
legacy,3,a_N100_V3+3D,5.273459013551474
legacy,3,a_N100_V3+3D,5.010624998249114
legacy,3,a_N100_V3+3D,5.139457993209362
legacy,3,a_N100_V3+3D,5.111125065013766
legacy,3,a_N100_V3+3D,5.142583046108484
legacy,3,a_N100_V3+3D,5.142292007803917
legacy,3,a_N100_V3+3D,5.111125065013766
legacy,3,a_N100_V3+3D,5.1075409865006804
legacy,3,a_N100_V3+3D,5.131041980348527
legacy,3,a_N100_V3+3D,5.090999999083579
legacy,3,a_N100_V3+3D,5.127041949890554
legacy,3,a_N100_V3+3D,5.066291079856455
legacy,3,a_N100_V3+3D,5.089999991469085
legacy,3,a_N100_V3+3D,5.0218329997733235
legacy,3,a_N100_V3+3D,5.110375001095235
legacy,3,a_N100_V3+3D,4.966791952028871
legacy,3,a_N100_V3+3D,5.108957993797958
legacy,3,a_N100_V3+3D,5.045542027801275
legacy,3,a_N100_V3+3D,5.087541998364031
legacy,3,a_N100_V3+3D,5.0866249948740005
legacy,3,a_N100_V3+3D,5.130499950610101
legacy,3,a_N100_V3+3D,5.1177500281482935
legacy,3,a_N100_V3+3D,5.115792038850486
legacy,3,a_N100_V3+3D,4.989625071175396
legacy,3,a_N100_V3+3D,5.110124940983951
legacy,3,a_N100_V3+3D,5.013166926801205
legacy,3,a_N100_V3+3D,5.062542040832341
legacy,3,a_N100_V3+3D,5.047291982918978
legacy,3,a_N100_V3+3D,5.036041955463588
legacy,3,a_N100_V3+3D,4.96570800896734
legacy,3,a_N100_V3+3D,5.031083011999726
legacy,3,a_N100_V3+3D,5.018290947191417
legacy,3,a_N100_V3+3D,5.005957907997072
legacy,3,a_N100_V3+3D,5.044333986006677
legacy,3,a_N100_V3+3D,5.063749966211617
legacy,3,a_N100_V3+3D,5.172083037905395
legacy,3,a_N100_V3+3D,5.091042025014758
legacy,3,a_N100_V3+3D,5.193250020965934
legacy,3,a_N100_V3+3D,5.098292022012174
legacy,3,a_N100_V3+3D,5.004874896258116
legacy,3,a_N100_V3+3D,5.088082980364561
legacy,3,a_N100_V3+3D,4.974958021193743
legacy,3,a_N100_V3+3D,5.105916992761195
legacy,3,a_N100_V3+3D,5.002374993637204
legacy,3,a_N100_V3+3D,5.083166994154453
legacy,3,a_N100_V3+3D,5.136459018103778
legacy,3,a_N100_V3+3D,5.078500020317733
legacy,3,a_N100_V3+3D,5.107000004500151
legacy,3,a_N100_V3+3D,5.05562499165535
legacy,3,a_N100_V3+3D,5.01787499524653
legacy,3,a_N100_V3+3D,5.080707953311503
legacy,3,a_N100_V3+3D,5.079834023490548
legacy,3,a_N100_V3+3D,5.09241595864296
legacy,3,a_N100_V3+3D,4.960208083502948
legacy,3,a_N100_V3+3D,5.092957988381386
legacy,3,a_N100_V3+3D,5.312916939146817
legacy,3,a_N100_V3+3D,5.104833049699664
legacy,3,a_N100_V3+3D,5.1325419917702675
legacy,3,a_N100_V3+3D,6.211291067302227
legacy,3,a_N100_V3+3D,5.485999980010092
legacy,3,a_N100_V3+3D,5.580459022894502
legacy,3,a_N100_V3+3D,5.408792058005929
legacy,3,a_N100_V3+3D,5.429291981272399
legacy,3,a_N100_V3+3D,5.400250083766878
legacy,3,a_N100_V3+3D,5.381208029575646
legacy,3,a_N100_V3+3D,5.381208029575646
legacy,3,a_N100_V3+3D,5.408334080129862
legacy,3,a_N100_V3+3D,5.420166999101639
legacy,3,a_N100_V3+3D,5.376500077545643
legacy,3,a_N100_V3+3D,5.392291932366788
legacy,3,a_N100_V3+3D,5.412583006545901
legacy,3,a_N100_V3+3D,5.375625099986792
legacy,3,a_N100_V3+3D,5.35674998536706
legacy,3,a_N100_V3+3D,5.426999996416271
legacy,3,a_N100_V3+3D,5.365374963730574
legacy,3,a_N100_V3+3D,5.388541962020099
legacy,3,a_N100_V3+3D,5.369500024244189
legacy,3,a_N100_V3+3D,5.371749983169138
legacy,3,a_N100_V3+3D,5.68070902954787
legacy,3,a_N100_V3+3D,5.400208989158273
legacy,3,a_N100_V3+3D,5.273916060104966
legacy,3,a_N100_V3+3D,5.3682500729337335
legacy,3,a_N100_V3+3D,5.404625087976456
legacy,3,a_N100_V3+3D,5.351875093765557
legacy,3,a_N100_V3+3D,5.3957500495016575
legacy,3,a_N100_V3+3D,5.384082905948162
legacy,3,a_N100_V3+3D,5.335250054486096
legacy,3,a_N100_V3+3D,5.321749951690435
legacy,3,a_N100_V3+3D,5.296290968544781
legacy,3,a_N100_V3+3D,5.365625023841858
legacy,3,a_N100_V3+3D,5.34333405084908
legacy,3,a_N100_V3+3D,5.300916964188218
legacy,3,a_N100_V3+3D,5.408082972280681
legacy,3,a_N100_V3+3D,5.347124999389052
legacy,3,a_N100_V3+3D,5.382874980568886
legacy,3,a_N100_V3+3D,6.89545797649771
legacy,3,a_N100_V3+3D,5.575209041126072
legacy,3,a_N100_V3+3D,5.492374999448657
legacy,3,a_N100_V3+3D,5.455375066958368
legacy,3,a_N100_V3+3D,5.459417006932199
legacy,3,a_N100_V3+3D,5.418249987997115
legacy,3,a_N100_V3+3D,5.448332987725735
legacy,3,a_N100_V3+3D,5.394332925789058
legacy,3,a_N100_V3+3D,5.450041964650154
legacy,3,a_N100_V3+3D,5.382625036872923
legacy,3,a_N100_V3+3D,5.479666986502707
legacy,3,a_N100_V3+3D,5.3924169624224305
legacy,3,a_N100_V3+3D,5.381208029575646
legacy,3,a_N100_V3+3D,5.444791982881725
legacy,3,a_N100_V3+3D,5.42291603051126
legacy,3,a_N100_V3+3D,5.470792064443231
legacy,3,a_N100_V3+3D,5.449292017146945
legacy,3,a_N100_V3+3D,5.378165980800986
legacy,3,a_N100_V3+3D,5.402208073064685
legacy,3,a_N100_V3+3D,5.407874938100576
legacy,3,a_N100_V3+3D,5.457750055938959
legacy,3,a_N100_V3+3D,5.396875087171793
legacy,3,a_N100_V3+3D,5.431249970570207
legacy,3,a_N100_V3+3D,5.793082993477583
legacy,3,a_N100_V3+3D,5.085750017315149
legacy,3,a_N100_V3+3D,5.184417008422315
legacy,3,a_N100_V3+3D,5.041540949605405
legacy,3,a_N100_V3+3D,5.028707906603813
legacy,3,a_N100_V3+3D,5.042167031206191
legacy,3,a_N100_V3+3D,5.116375046782196
legacy,3,a_N100_V3+3D,5.039667012169957
legacy,3,a_N100_V3+3D,5.020749988034368
legacy,3,a_N100_V3+3D,5.011625005863607
legacy,3,a_N100_V3+3D,5.023500067181885
legacy,3,a_N100_V3+3D,4.99008409678936
legacy,3,a_N100_V3+3D,4.984750063158572
legacy,3,a_N100_V3+3D,4.995375056751072
legacy,3,a_N100_V3+3D,4.977583070285618
legacy,3,a_N100_V3+3D,5.034624948166311
legacy,3,a_N100_V3+3D,4.984541912563145
legacy,3,a_N100_V3+3D,4.987249965779483
legacy,3,a_N100_V3+3D,5.017124931327999
legacy,3,a_N100_V3+3D,4.96870803181082
legacy,3,a_N100_V3+3D,4.977458971552551
legacy,3,a_N100_V3+3D,4.959332989528775
legacy,3,a_N100_V3+3D,4.970666021108627
legacy,3,a_N100_V3+3D,5.194834084250033
legacy,3,a_N100_V3+3D,5.077791982330382
legacy,3,a_N100_V3+3D,4.999042022973299
legacy,3,a_N100_V3+3D,5.028250045143068
legacy,3,a_N100_V3+3D,4.940250073559582
legacy,3,a_N100_V3+3D,4.972041002474725
legacy,3,a_N100_V3+3D,5.001666955649853
legacy,3,a_N100_V3+3D,4.940540995448828
legacy,3,a_N100_V3+3D,4.97679109685123
legacy,3,a_N100_V3+3D,4.980958998203278
legacy,3,a_N100_V3+3D,4.97191702015698
legacy,3,a_N100_V3+3D,4.973041010089219
legacy,3,a_N100_V3+3D,4.972500028088689
legacy,3,a_N100_V3+3D,5.056458059698343
legacy,3,a_N100_V3+3D,4.972166963852942
legacy,3,a_N100_V3+3D,5.000291974283755
legacy,3,a_N100_V3+3D,4.975207964889705
legacy,3,a_N100_V3+3D,4.955291049554944
legacy,3,a_N100_V3+3D,4.958125064149499
legacy,3,a_N100_V3+3D,4.94762510061264
legacy,3,a_N100_V3+3D,4.960249993018806
legacy,3,a_N100_V3+3D,4.932999960146844
legacy,3,a_N100_V3+3D,4.993791924789548
legacy,3,a_N100_V3+3D,4.941332968883216
legacy,3,a_N100_V3+3D,5.0155839417129755
legacy,3,a_N100_V3+3D,4.979874938726425
legacy,3,a_N100_V3+3D,4.957458004355431
legacy,3,a_N100_V3+3D,4.962709033861756
legacy,3,a_N100_V3+3D,4.945083055645227
legacy,3,a_N100_V3+3D,4.997416981495917
legacy,3,a_N100_V3+3D,4.970917012542486
legacy,3,a_N100_V3+3D,4.9896660493686795
legacy,3,a_N100_V3+3D,4.990916000679135
legacy,3,a_N100_V3+3D,4.952625022269785
legacy,3,a_N100_V3+3D,5.247041000984609
legacy,3,a_N100_V3+3D,4.973415983840823
legacy,3,a_N100_V3+3D,5.009374930523336
legacy,3,a_N100_V3+3D,6.142667029052973
legacy,3,a_N100_V3+3D,5.443874979391694
legacy,3,a_N100_V3+3D,5.507207941263914
legacy,3,a_N100_V3+3D,5.392000079154968
legacy,3,a_N100_V3+3D,5.4764170199632645
legacy,3,a_N100_V3+3D,5.345124984160066
legacy,3,a_N100_V3+3D,5.468958988785744
legacy,3,a_N100_V3+3D,5.382417002692819
legacy,3,a_N100_V3+3D,5.369040998630226
legacy,3,a_N100_V3+3D,5.3602500120177865
legacy,3,a_N100_V3+3D,5.433249985799193
legacy,3,a_N100_V3+3D,5.3457909962162375
legacy,3,a_N100_V3+3D,5.351374973542988
legacy,3,a_N100_V3+3D,5.345084005966783
legacy,3,a_N100_V3+3D,5.314416950568557
legacy,3,a_N100_V3+3D,5.368374986574054
legacy,3,a_N100_V3+3D,5.418500048108399
legacy,3,a_N100_V3+3D,5.336957983672619
legacy,3,a_N100_V3+3D,5.322417011484504
legacy,3,a_N100_V3+3D,5.319709074683487
legacy,3,a_N100_V3+3D,5.3159999661147594
legacy,3,a_N100_V3+3D,5.320874974131584
legacy,3,a_N100_V3+3D,5.433333921246231
legacy,3,a_N100_V3+3D,5.313833011314273
legacy,3,a_N100_V3+3D,5.4079589899629354
legacy,3,a_N100_V3+3D,5.344832898117602
legacy,3,a_N100_V3+3D,5.55520795751363
legacy,3,a_N100_V3+3D,5.35020895767957
legacy,3,a_N100_V3+3D,5.348999984562397
legacy,3,a_N100_V3+3D,5.334999994374812
legacy,3,a_N100_V3+3D,5.339542054571211
legacy,3,a_N100_V3+3D,5.335374968126416
legacy,3,a_N100_V3+3D,5.358875030651689
legacy,3,a_N100_V3+3D,5.304374964907765
legacy,3,a_N100_V3+3D,5.308084073476493
legacy,3,a_N100_V3+3D,5.30104199424386
legacy,3,a_N100_V3+3D,5.437624990008771
legacy,3,a_N100_V3+3D,5.315917078405619
legacy,3,a_N100_V3+3D,5.332999979145825
legacy,3,a_N100_V3+3D,5.279499921016395
legacy,3,a_N100_V3+3D,5.299291922710836
legacy,3,a_N100_V3+3D,5.292000016197562
legacy,3,a_N100_V3+3D,5.304584046825767
legacy,3,a_N100_V3+3D,5.3250419441610575
legacy,3,a_N100_V3+3D,5.330665968358517
legacy,3,a_N100_V3+3D,5.31529204454273
legacy,3,a_N100_V3+3D,5.3244170267134905
legacy,3,a_N100_V3+3D,5.363833042792976
legacy,3,a_N100_V3+3D,5.434917053207755
legacy,3,a_N100_V3+3D,5.336125032044947
legacy,3,a_N100_V3+3D,6.10591599252075
legacy,3,a_N100_V3+3D,5.424666916951537
legacy,3,a_N100_V3+3D,5.4521249840036035
legacy,3,a_N100_V3+3D,5.362416966818273
legacy,3,a_N100_V3+3D,5.334166926331818
legacy,3,a_N100_V3+3D,5.3152499021962285
legacy,3,a_N100_V3+3D,5.327541963197291
legacy,3,a_N100_V3+3D,5.386875011026859
legacy,3,a_N100_V3+3D,5.440542008727789
legacy,3,a_N100_V3+3D,5.350374965928495
legacy,3,a_N100_V3+3D,5.801749997772276
legacy,3,a_N100_V3+3D,5.300500080920756
legacy,3,a_N100_V3+3D,5.277416901662946
legacy,3,a_N100_V3+3D,5.127666983753443
legacy,3,a_N100_V3+3D,5.096916924230754
legacy,3,a_N100_V3+3D,5.028957966715097
legacy,3,a_N100_V3+3D,5.164499976672232
legacy,3,a_N100_V3+3D,5.042125005275011
legacy,3,a_N100_V3+3D,5.048666032962501
legacy,3,a_N100_V3+3D,5.048417020589113
legacy,3,a_N100_V3+3D,5.071250023320317
legacy,3,a_N100_V3+3D,5.0157090881839395
legacy,3,a_N100_V3+3D,5.1441669929772615
legacy,3,a_N100_V3+3D,5.040584015659988
legacy,3,a_N100_V3+3D,5.016417009755969
legacy,3,a_N100_V3+3D,5.049958941526711
legacy,3,a_N100_V3+3D,5.03783393651247
legacy,3,a_N100_V3+3D,4.990082932636142
legacy,3,a_N100_V3+3D,5.042499979026616
legacy,3,a_N100_V3+3D,5.031374981626868
legacy,3,a_N100_V3+3D,5.008707987144589
legacy,3,a_N100_V3+3D,4.993584007024765
legacy,3,a_N100_V3+3D,5.0217920215800405
legacy,3,a_N100_V3+3D,4.989666980691254
legacy,3,a_N100_V3+3D,5.011957953684032
legacy,3,a_N100_V3+3D,5.0305420299991965
legacy,3,a_N100_V3+3D,5.025124992243946
legacy,3,a_N100_V3+3D,5.007041967473924
legacy,3,a_N100_V3+3D,5.011625005863607
legacy,3,a_N100_V3+3D,4.958083038218319
legacy,3,a_N100_V3+3D,5.103166913613677
legacy,3,a_N100_V3+3D,5.019792006351054
legacy,3,a_N100_V3+3D,4.981166101060808
legacy,3,a_N100_V3+3D,4.999459022656083
legacy,3,a_N100_V3+3D,4.990709014236927
legacy,3,a_N100_V3+3D,4.978207987733185
legacy,3,a_N100_V3+3D,5.125334020704031
legacy,3,a_N100_V3+3D,4.94495895691216
legacy,3,a_N100_V3+3D,5.017624935135245
legacy,3,a_N100_V3+3D,5.029208026826382
legacy,3,a_N100_V3+3D,4.989417036995292
legacy,3,a_N100_V3+3D,4.9960409523919225
legacy,3,a_N100_V3+3D,5.0229160115122795
legacy,3,a_N100_V3+3D,4.992750007659197
legacy,3,a_N100_V3+3D,5.014916998334229
legacy,3,a_N100_V3+3D,4.953458905220032
legacy,3,a_N100_V3+3D,5.01445890404284
legacy,3,a_N100_V3+3D,4.983124905265868
legacy,3,a_N100_V3+3D,5.027333972975612
legacy,3,a_N100_V3+3D,4.974249983206391
legacy,3,a_N100_V3+3D,5.025207996368408
legacy,3,a_N100_V3+3D,4.997084033675492
legacy,3,a_N100_V3+3D,4.993167007341981
legacy,3,a_N100_V3+3D,4.9489999655634165
legacy,3,a_N100_V3+3D,5.044125020503998
legacy,3,a_N100_V3+3D,4.982042009942234
legacy,3,a_N100_V3+3D,5.019832984544337
legacy,3,a_N100_V3+3D,5.249166977591813
legacy,3,a_N100_V3+3D,5.047874990850687
legacy,3,a_N100_V3+3D,4.985458101145923
legacy,3,a_N100_V3+3D,6.304917042143643
legacy,3,a_N100_V3+3D,5.591082968749106
legacy,3,a_N100_V3+3D,5.634791916236281
legacy,3,a_N100_V3+3D,5.419999943114817
legacy,3,a_N100_V3+3D,5.5246250703930855
legacy,3,a_N100_V3+3D,5.57808403391391
legacy,3,a_N100_V3+3D,5.402083043009043
legacy,3,a_N100_V3+3D,5.501250037923455
legacy,3,a_N100_V3+3D,5.504917004145682
legacy,3,a_N100_V3+3D,5.334082990884781
legacy,3,a_N100_V3+3D,5.490666953846812
legacy,3,a_N100_V3+3D,5.481833941303194
legacy,3,a_N100_V3+3D,5.481082946062088
legacy,3,a_N100_V3+3D,5.444291979074478
legacy,3,a_N100_V3+3D,5.488291964866221
legacy,3,a_N100_V3+3D,5.449499934911728
legacy,3,a_N100_V3+3D,5.510582937858999
legacy,3,a_N100_V3+3D,5.505791981704533
legacy,3,a_N100_V3+3D,5.489874980412424
legacy,3,a_N100_V3+3D,5.327666993252933
legacy,3,a_N100_V3+3D,6.191916996613145
legacy,3,a_N100_V3+3D,5.615375004708767
legacy,3,a_N100_V3+3D,5.564999999478459
legacy,3,a_N100_V3+3D,5.487999995239079
legacy,3,a_N100_V3+3D,5.552874994464219
legacy,3,a_N100_V3+3D,5.356249981559813
legacy,3,a_N100_V3+3D,5.5628749541938305
legacy,3,a_N100_V3+3D,5.521707935258746
legacy,3,a_N100_V3+3D,5.513374926522374
legacy,3,a_N100_V3+3D,5.503667052835226
legacy,3,a_N100_V3+3D,5.696416017599404
legacy,3,a_N100_V3+3D,5.362999974749982
legacy,3,a_N100_V3+3D,5.455499980598688
legacy,3,a_N100_V3+3D,5.402208073064685
legacy,3,a_N100_V3+3D,5.489583010785282
legacy,3,a_N100_V3+3D,5.40054205339402
legacy,3,a_N100_V3+3D,5.604500067420304
legacy,3,a_N100_V3+3D,5.40350005030632
legacy,3,a_N100_V3+3D,5.470250034704804
legacy,3,a_N100_V3+3D,5.499291932210326
legacy,3,a_N100_V3+3D,5.472999997437
legacy,3,a_N100_V3+3D,5.629500024951994
legacy,3,a_N100_V3+3D,5.939458031207323
legacy,3,a_N100_V3+3D,5.64416591078043
legacy,3,a_N100_V3+3D,5.605416954495013
legacy,3,a_N100_V3+3D,5.469667026773095
legacy,3,a_N100_V3+3D,5.417749984189868
legacy,3,a_N100_V3+3D,5.479916930198669
legacy,3,a_N100_V3+3D,5.553291994147003
legacy,3,a_N100_V3+3D,5.522457999177277
legacy,3,a_N100_V3+3D,5.5259590735659
legacy,3,a_N100_V3+3D,5.381374969147146
legacy,3,a_N100_V3+3D,5.464083049446344
legacy,3,a_N100_V3+3D,5.513791926205158
legacy,3,a_N100_V3+3D,5.501416977494955
legacy,3,a_N100_V3+3D,5.448875017464161
legacy,3,a_N100_V3+3D,5.518166930414736
legacy,3,a_N100_V3+3D,5.384249961934984
legacy,3,a_N100_V3+3D,5.5400829296559095
legacy,3,a_N100_V3+3D,5.52200002130121
legacy,3,a_N100_V3+3D,5.899374955333769
legacy,3,a_N100_V3+3D,5.116875050589442
legacy,3,a_N100_V3+3D,5.34195895306766
legacy,3,a_N100_V3+3D,5.12362492736429
legacy,3,a_N100_V3+3D,5.196707905270159
legacy,3,a_N100_V3+3D,5.1455419743433595
legacy,3,a_N100_V3+3D,5.109707941301167
legacy,3,a_N100_V3+3D,5.143917049281299
legacy,3,a_N100_V3+3D,5.131292040459812
legacy,3,a_N100_V3+3D,5.0779159646481276
legacy,3,a_N100_V3+3D,5.091625032946467
legacy,3,a_N100_V3+3D,5.082709016278386
legacy,3,a_N100_V3+3D,5.071041057817638
legacy,3,a_N100_V3+3D,5.098917055875063
legacy,3,a_N100_V3+3D,5.114333936944604
legacy,3,a_N100_V3+3D,5.053082946687937
legacy,3,a_N100_V3+3D,5.105457967147231
legacy,3,a_N100_V3+3D,5.112333921715617
legacy,3,a_N100_V3+3D,5.105249932967126
legacy,3,a_N100_V3+3D,5.06079092156142
legacy,3,a_N100_V3+3D,5.095124943181872
legacy,3,a_N100_V3+3D,5.039999959990382
legacy,3,a_N100_V3+3D,5.077040987089276
legacy,3,a_N100_V3+3D,5.091125029139221
legacy,3,a_N100_V3+3D,5.065375007688999
legacy,3,a_N100_V3+3D,5.04791596904397
legacy,3,a_N100_V3+3D,5.114375031553209
legacy,3,a_N100_V3+3D,5.056624999269843
legacy,3,a_N100_V3+3D,5.050875013694167
legacy,3,a_N100_V3+3D,5.073999986052513
legacy,3,a_N100_V3+3D,5.057874950580299
legacy,3,a_N100_V3+3D,5.120250047184527
legacy,3,a_N100_V3+3D,5.112083978019655
legacy,3,a_N100_V3+3D,5.009540938772261
legacy,3,a_N100_V3+3D,5.09183295071125
legacy,3,a_N100_V3+3D,5.095917033031583
legacy,3,a_N100_V3+3D,5.106666940264404
legacy,3,a_N100_V3+3D,5.086416960693896
legacy,3,a_N100_V3+3D,5.101916962303221
legacy,3,a_N100_V3+3D,5.062500014901161
legacy,3,a_N100_V3+3D,5.034290952607989
legacy,3,a_N100_V3+3D,5.063417018391192
legacy,3,a_N100_V3+3D,5.0923749804496765
legacy,3,a_N100_V3+3D,5.117292050272226
legacy,3,a_N100_V3+3D,5.081499926745892
legacy,3,a_N100_V3+3D,5.0429169787094
legacy,3,a_N100_V3+3D,5.039250012487173
legacy,3,a_N100_V3+3D,5.075125023722649
legacy,3,a_N100_V3+3D,5.048249964602292
legacy,3,a_N100_V3+3D,5.0609169993549585
legacy,3,a_N100_V3+3D,5.080583970993757
legacy,3,a_N100_V3+3D,5.049375002272427
legacy,3,a_N100_V3+3D,5.052124965004623
legacy,3,a_N100_V3+3D,5.081292008981109
legacy,3,a_N100_V3+3D,5.038958042860031
legacy,3,a_N100_V3+3D,4.992416012100875
legacy,3,a_N100_V3+3D,5.0739169819280505
legacy,3,a_N100_V3+3D,5.352874984964728
legacy,3,a_N100_V3+3D,5.079208058305085
legacy,3,a_N100_V3+3D,5.06179197691381
legacy,3,a_N100_V3+3D,6.132917013019323
legacy,3,a_N100_V3+3D,5.485832924023271
legacy,3,a_N100_V3+3D,5.57429192122072
legacy,3,a_N100_V3+3D,5.412457976490259
legacy,3,a_N100_V3+3D,5.475417012348771
legacy,3,a_N100_V3+3D,5.5072089890018106
legacy,3,a_N100_V3+3D,5.4090829798951745
legacy,3,a_N100_V3+3D,5.39129099342972
legacy,3,a_N100_V3+3D,5.410042009316385
legacy,3,a_N100_V3+3D,5.407875054515898
legacy,3,a_N100_V3+3D,5.382000003010035
legacy,3,a_N100_V3+3D,5.405459087342024
legacy,3,a_N100_V3+3D,5.384000018239021
legacy,3,a_N100_V3+3D,5.367708043195307
legacy,3,a_N100_V3+3D,5.3579999366775155
legacy,3,a_N100_V3+3D,5.384666961617768
legacy,3,a_N100_V3+3D,5.34549995791167
legacy,3,a_N100_V3+3D,5.34704199526459
legacy,3,a_N100_V3+3D,5.373499938286841
legacy,3,a_N100_V3+3D,5.335249938070774
legacy,3,a_N100_V3+3D,5.376709043048322
legacy,3,a_N100_V3+3D,5.319832940585911
legacy,3,a_N100_V3+3D,5.357917048968375
legacy,3,a_N100_V3+3D,5.3435839945450425
legacy,3,a_N100_V3+3D,5.380457965657115
legacy,3,a_N100_V3+3D,5.436292034573853
legacy,3,a_N100_V3+3D,5.411792080849409
legacy,3,a_N100_V3+3D,5.353457992896438
legacy,3,a_N100_V3+3D,5.3646250162273645
legacy,3,a_N100_V3+3D,5.329833016730845
legacy,3,a_N100_V3+3D,5.334124900400639
legacy,3,a_N100_V3+3D,5.350499995984137
legacy,3,a_N100_V3+3D,5.328709026798606
legacy,3,a_N100_V3+3D,5.3351669339463115
legacy,3,a_N100_V3+3D,5.328957922756672
legacy,3,a_N100_V3+3D,5.37204195279628
legacy,3,a_N100_V3+3D,5.507790949195623
legacy,3,a_N100_V3+3D,5.328082945197821
legacy,3,a_N100_V3+3D,5.335499998182058
legacy,3,a_N100_V3+3D,5.360707989893854
legacy,3,a_N100_V3+3D,5.337957991287112
legacy,3,a_N100_V3+3D,5.351625033654273
legacy,3,a_N100_V3+3D,5.35804103128612
legacy,3,a_N100_V3+3D,5.338791059330106
legacy,3,a_N100_V3+3D,5.336917005479336
legacy,3,a_N100_V3+3D,5.344208097085357
legacy,3,a_N100_V3+3D,5.325207952409983
legacy,3,a_N100_V3+3D,5.36737497895956
legacy,3,a_N100_V3+3D,5.332916975021362
legacy,3,a_N100_V3+3D,5.330957937985659
legacy,3,a_N100_V3+3D,5.323417019098997
legacy,3,a_N100_V3+3D,5.3446670062839985
legacy,3,a_N100_V3+3D,5.356999929063022
legacy,3,a_N100_V3+3D,5.342999938875437
legacy,3,a_N100_V3+3D,5.369208054617047
legacy,3,a_N100_V3+3D,5.345416022464633
legacy,3,a_N100_V3+3D,5.324334022589028
legacy,3,a_N100_V3+3D,5.339541006833315
legacy,3,a_N100_V3+3D,5.327083053998649
legacy,3,a_N100_V3+3D,5.306541919708252
legacy,3,a_N100_V3+3D,5.783500033430755
legacy,3,a_N100_V3+3D,5.078625050373375
legacy,3,a_N100_V3+3D,5.147624993696809
legacy,3,a_N100_V3+3D,5.03970799036324
legacy,3,a_N100_V3+3D,5.241333041340113
legacy,3,a_N100_V3+3D,5.09283400606364
legacy,3,a_N100_V3+3D,5.0316250417381525
legacy,3,a_N100_V3+3D,5.065375007688999
legacy,3,a_N100_V3+3D,5.023667006753385
legacy,3,a_N100_V3+3D,4.99883305747062
legacy,3,a_N100_V3+3D,5.001083016395569
legacy,3,a_N100_V3+3D,4.988334025256336
legacy,3,a_N100_V3+3D,4.990583984181285
legacy,3,a_N100_V3+3D,4.994833958335221
legacy,3,a_N100_V3+3D,4.99829207547009
legacy,3,a_N100_V3+3D,5.055665969848633
legacy,3,a_N100_V3+3D,5.017584073357284
legacy,3,a_N100_V3+3D,4.995874944142997
legacy,3,a_N100_V3+3D,4.990832996554673
legacy,3,a_N100_V3+3D,4.988291999325156
legacy,3,a_N100_V3+3D,5.300583899952471
legacy,3,a_N100_V3+3D,5.578750045970082
legacy,3,a_N100_V3+3D,5.064499913714826
legacy,3,a_N100_V3+3D,5.002416903153062
legacy,3,a_N100_V3+3D,5.005749990232289
legacy,3,a_N100_V3+3D,5.004666978493333
legacy,3,a_N100_V3+3D,5.04887499846518
legacy,3,a_N100_V3+3D,4.990916000679135
legacy,3,a_N100_V3+3D,4.994041984900832
legacy,3,a_N100_V3+3D,4.979250021278858
legacy,3,a_N100_V3+3D,4.9946659710258245
legacy,3,a_N100_V3+3D,4.9852910451591015
legacy,3,a_N100_V3+3D,4.9732920015230775
legacy,3,a_N100_V3+3D,4.97691601049155
legacy,3,a_N100_V3+3D,4.990708082914352
legacy,3,a_N100_V3+3D,5.036083981394768
legacy,3,a_N100_V3+3D,5.289458087645471
legacy,3,a_N100_V3+3D,5.027249921113253
legacy,3,a_N100_V3+3D,4.994084010832012
legacy,3,a_N100_V3+3D,5.007540923543274
legacy,3,a_N100_V3+3D,4.956500022672117
legacy,3,a_N100_V3+3D,4.945875029079616
legacy,3,a_N100_V3+3D,4.989790963009
legacy,3,a_N100_V3+3D,4.958915989845991
legacy,3,a_N100_V3+3D,4.964417079463601
legacy,3,a_N100_V3+3D,4.951208014972508
legacy,3,a_N100_V3+3D,5.026333034038544
legacy,3,a_N100_V3+3D,5.002874997444451
legacy,3,a_N100_V3+3D,5.105125019326806
legacy,3,a_N100_V3+3D,4.965542000718415
legacy,3,a_N100_V3+3D,4.950666916556656
legacy,3,a_N100_V3+3D,4.9624580424278975
legacy,3,a_N100_V3+3D,4.971707938238978
legacy,3,a_N100_V3+3D,4.951625014655292
legacy,3,a_N100_V3+3D,4.995499970391393
legacy,3,a_N100_V3+3D,4.951332928612828
legacy,3,a_N100_V3+3D,4.937250050716102
legacy,3,a_N100_V3+3D,5.21166599355638
legacy,3,a_N100_V3+3D,5.060583003796637
legacy,3,a_N100_V3+3D,4.970334004610777
legacy,3,a_N100_V3+3D,6.24929100740701
legacy,3,a_N100_V3+3D,5.491125048138201
legacy,3,a_N100_V3+3D,5.61954197473824
legacy,3,a_N100_V3+3D,5.531333037652075
legacy,3,a_N100_V3+3D,6.521542090922594
legacy,3,a_N100_V3+3D,5.525083979591727
legacy,3,a_N100_V3+3D,5.480957916006446
legacy,3,a_N100_V3+3D,5.429957993328571
legacy,3,a_N100_V3+3D,5.535666947253048
legacy,3,a_N100_V3+3D,5.382208037190139
legacy,3,a_N100_V3+3D,5.390750011429191
legacy,3,a_N100_V3+3D,5.639625014737248
legacy,3,a_N100_V3+3D,5.387500044889748
legacy,3,a_N100_V3+3D,5.41170802898705
legacy,3,a_N100_V3+3D,5.44179102871567
legacy,3,a_N100_V3+3D,5.462415982037783
legacy,3,a_N100_V3+3D,5.4894170025363564
legacy,3,a_N100_V3+3D,5.47154201194644
legacy,3,a_N100_V3+3D,5.431917030364275
legacy,3,a_N100_V3+3D,5.4036249639466405
legacy,3,a_N100_V3+3D,5.420708912424743
legacy,3,a_N100_V3+3D,5.415500025264919
legacy,3,a_N100_V3+3D,5.462916917167604
legacy,3,a_N100_V3+3D,5.403041956014931
legacy,3,a_N100_V3+3D,5.431749974377453
legacy,3,a_N100_V3+3D,5.393874947912991
legacy,3,a_N100_V3+3D,5.438916967250407
legacy,3,a_N100_V3+3D,5.369832972064614
legacy,3,a_N100_V3+3D,5.434541031718254
legacy,3,a_N100_V3+3D,5.374041968025267
legacy,3,a_N100_V3+3D,5.414125043898821
legacy,3,a_N100_V3+3D,5.408333032391965
legacy,3,a_N100_V3+3D,5.370167084038258
legacy,3,a_N100_V3+3D,5.333791021257639
legacy,3,a_N100_V3+3D,5.565042025409639
legacy,3,a_N100_V3+3D,5.381708964705467
legacy,3,a_N100_V3+3D,5.434582941234112
legacy,3,a_N100_V3+3D,5.384666961617768
legacy,3,a_N100_V3+3D,5.386583972722292
legacy,3,a_N100_V3+3D,5.3894579177722335
legacy,3,a_N100_V3+3D,5.416999920271337
legacy,3,a_N100_V3+3D,5.3641669219359756
legacy,3,a_N100_V3+3D,5.4623750038445
legacy,3,a_N100_V3+3D,5.406541982665658
legacy,3,a_N100_V3+3D,5.415584077127278
legacy,3,a_N100_V3+3D,5.328333005309105
legacy,3,a_N100_V3+3D,5.415042047388852
legacy,3,a_N100_V3+3D,5.405417061410844
legacy,3,a_N100_V3+3D,5.304833059199154
legacy,3,a_N100_V3+3D,5.35658304579556
legacy,3,a_N100_V3+3D,5.4255001014098525
legacy,3,a_N100_V3+3D,5.357458023354411
legacy,3,a_N100_V3+3D,5.39912492968142
legacy,3,a_N100_V3+3D,5.352957989089191
legacy,3,a_N100_V3+3D,5.41541597340256
legacy,3,a_N100_V3+3D,5.362957948818803
legacy,3,a_N100_V3+3D,5.42254198808223
legacy,3,a_N100_V3+3D,5.38779201451689
legacy,3,a_N100_V3+3D,5.400790949352086
legacy,3,a_N100_V3+3D,5.366749945096672
legacy,3,a_N100_V3+3D,5.9002089546993375
legacy,3,a_N100_V3+3D,5.187832983210683
legacy,3,a_N100_V3+3D,5.292333895340562
legacy,3,a_N100_V3+3D,5.040624993853271
legacy,3,a_N100_V3+3D,5.205957917496562
legacy,3,a_N100_V3+3D,5.084791919216514
legacy,3,a_N100_V3+3D,5.190624971874058
legacy,3,a_N100_V3+3D,5.154249956831336
legacy,3,a_N100_V3+3D,5.139834014698863
legacy,3,a_N100_V3+3D,5.037333001382649
legacy,3,a_N100_V3+3D,5.134874954819679
legacy,3,a_N100_V3+3D,5.117875058203936
legacy,3,a_N100_V3+3D,5.172583041712642
legacy,3,a_N100_V3+3D,5.114541971124709
legacy,3,a_N100_V3+3D,5.139000015333295
legacy,3,a_N100_V3+3D,5.050332983955741
legacy,3,a_N100_V3+3D,5.086124991066754
legacy,3,a_N100_V3+3D,5.132124992087483
legacy,3,a_N100_V3+3D,5.104875075630844
legacy,3,a_N100_V3+3D,4.982791026122868
legacy,3,a_N100_V3+3D,5.0865840166807175
legacy,3,a_N100_V3+3D,5.0867919344455
legacy,3,a_N100_V3+3D,5.074208020232618
legacy,3,a_N100_V3+3D,5.035417038016021
legacy,3,a_N100_V3+3D,4.988083033822477
legacy,3,a_N100_V3+3D,5.015125032514334
legacy,3,a_N100_V3+3D,4.995499970391393
legacy,3,a_N100_V3+3D,5.138500011526048
legacy,3,a_N100_V3+3D,5.085333017632365
legacy,3,a_N100_V3+3D,5.01320802140981
legacy,3,a_N100_V3+3D,5.047332961112261
legacy,3,a_N100_V3+3D,5.020500044338405
legacy,3,a_N100_V3+3D,5.099583067931235
legacy,3,a_N100_V3+3D,5.0825419602915645
legacy,3,a_N100_V3+3D,5.151125020347536
legacy,3,a_N100_V3+3D,4.98774996958673
legacy,3,a_N100_V3+3D,5.060332943685353
legacy,3,a_N100_V3+3D,5.090999999083579
legacy,3,a_N100_V3+3D,5.085958982817829
legacy,3,a_N100_V3+3D,4.989124950952828
legacy,3,a_N100_V3+3D,5.111417034640908
legacy,3,a_N100_V3+3D,5.08516700938344
legacy,3,a_N100_V3+3D,5.094083026051521
legacy,3,a_N100_V3+3D,5.31841698102653
legacy,3,a_N100_V3+3D,5.129959085024893
legacy,3,a_N100_V3+3D,4.983165999874473
legacy,3,a_N100_V3+3D,5.136874970048666
legacy,3,a_N100_V3+3D,5.138583946973085
legacy,3,a_N100_V3+3D,5.099250003695488
legacy,3,a_N100_V3+3D,5.0967910792678595
legacy,3,a_N100_V3+3D,5.0791249377653
legacy,3,a_N100_V3+3D,4.960749996826053
legacy,3,a_N100_V3+3D,5.086124991066754
legacy,3,a_N100_V3+3D,5.104874959215522
legacy,3,a_N100_V3+3D,5.085916956886649
legacy,3,a_N100_V3+3D,4.983499995432794
legacy,3,a_N100_V3+3D,5.07299997843802
legacy,3,a_N100_V3+3D,5.328541970811784
legacy,3,a_N100_V3+3D,5.128999939188361
legacy,3,a_N100_V3+3D,5.068667000159621
legacy,3,a_N100_V3+3D,6.172708002850413
legacy,3,a_N100_V3+3D,5.459416890516877
legacy,3,a_N100_V3+3D,5.535166943445802
legacy,3,a_N100_V3+3D,5.377999972552061
legacy,3,a_N100_V3+3D,5.46820810995996
legacy,3,a_N100_V3+3D,5.400374997407198
legacy,3,a_N100_V3+3D,5.401083966717124
legacy,3,a_N100_V3+3D,5.373792024329305
legacy,3,a_N100_V3+3D,5.361292045563459
legacy,3,a_N100_V3+3D,5.372749990783632
legacy,3,a_N100_V3+3D,5.3822919726371765
legacy,3,a_N100_V3+3D,5.3489579586312175
legacy,3,a_N100_V3+3D,5.333832930773497
legacy,3,a_N100_V3+3D,5.4750420385971665
legacy,3,a_N100_V3+3D,5.35670795943588
legacy,3,a_N100_V3+3D,5.413958919234574
legacy,3,a_N100_V3+3D,5.393583909608424
legacy,3,a_N100_V3+3D,5.366707919165492
legacy,3,a_N100_V3+3D,5.372749990783632
legacy,3,a_N100_V3+3D,5.309375002980232
legacy,3,a_N100_V3+3D,5.364666925743222
legacy,3,a_N100_V3+3D,5.34404197242111
legacy,3,a_N100_V3+3D,5.363957956433296
legacy,3,a_N100_V3+3D,5.349749932065606
legacy,3,a_N100_V3+3D,5.326999933458865
legacy,3,a_N100_V3+3D,5.339917028322816
legacy,3,a_N100_V3+3D,5.363458069041371
legacy,3,a_N100_V3+3D,5.360833019949496
legacy,3,a_N100_V3+3D,5.336084053851664
legacy,3,a_N100_V3+3D,6.106666987761855
legacy,3,a_N100_V3+3D,6.897749961353838
legacy,3,a_N100_V3+3D,7.077041082084179
legacy,3,a_N100_V3+3D,6.0424169059842825
legacy,3,a_N100_V3+3D,5.5582079803571105
legacy,3,a_N100_V3+3D,5.893124965950847
legacy,3,a_N100_V3+3D,5.782624939456582
legacy,3,a_N100_V3+3D,6.693999981507659
legacy,3,a_N100_V3+3D,5.804499960504472
legacy,3,a_N100_V3+3D,5.8553749695420265
legacy,3,a_N100_V3+3D,5.822291946969926
legacy,3,a_N100_V3+3D,5.847249994985759
legacy,3,a_N100_V3+3D,5.76650002039969
legacy,3,a_N100_V3+3D,5.500792060047388
legacy,3,a_N100_V3+3D,5.583500023931265
legacy,3,a_N100_V3+3D,5.440792068839073
legacy,3,a_N100_V3+3D,5.4977089166641235
legacy,3,a_N100_V3+3D,5.3649169858545065
legacy,3,a_N100_V3+3D,5.396624910645187
legacy,3,a_N100_V3+3D,5.378499976359308
legacy,3,a_N100_V3+3D,5.313291912898421
legacy,3,a_N100_V3+3D,5.351249943487346
legacy,3,a_N100_V3+3D,5.397374974563718
legacy,3,a_N100_V3+3D,5.371292005293071
legacy,3,a_N100_V3+3D,5.364708020351827
legacy,3,a_N100_V3+3D,5.374416010454297
legacy,3,a_N100_V3+3D,5.347584025003016
legacy,3,a_N100_V3+3D,5.386208998970687
legacy,3,a_N100_V3+3D,5.390375037677586
legacy,3,a_N100_V3+3D,5.323584075085819
legacy,3,a_N100_V3+3D,5.360207986086607
legacy,3,a_N100_V3+3D,5.736457998864353
legacy,3,a_N100_V3+3D,5.0687919137999415
legacy,3,a_N100_V3+3D,5.1458749221637845
legacy,3,a_N100_V3+3D,5.043290904723108
legacy,3,a_N100_V3+3D,5.079415976069868
legacy,3,a_N100_V3+3D,5.004542064853013
legacy,3,a_N100_V3+3D,5.000166012905538
legacy,3,a_N100_V3+3D,4.98104200232774
legacy,3,a_N100_V3+3D,4.98929200693965
legacy,3,a_N100_V3+3D,4.990000044927001
legacy,3,a_N100_V3+3D,4.974042065441608
legacy,3,a_N100_V3+3D,4.963375045917928
legacy,3,a_N100_V3+3D,4.947666893713176
legacy,3,a_N100_V3+3D,4.948833025991917
legacy,3,a_N100_V3+3D,4.956916905939579
legacy,3,a_N100_V3+3D,5.008250009268522
legacy,3,a_N100_V3+3D,4.962624981999397
legacy,3,a_N100_V3+3D,4.972666967660189
legacy,3,a_N100_V3+3D,4.985874984413385
legacy,3,a_N100_V3+3D,5.385291995480657
legacy,3,a_N100_V3+3D,5.1214590203017
legacy,3,a_N100_V3+3D,5.032915971241891
legacy,3,a_N100_V3+3D,5.043833050876856
legacy,3,a_N100_V3+3D,5.112875020131469
legacy,3,a_N100_V3+3D,5.031291046179831
legacy,3,a_N100_V3+3D,5.00645802821964
legacy,3,a_N100_V3+3D,5.062959040515125
legacy,3,a_N100_V3+3D,4.983333055861294
legacy,3,a_N100_V3+3D,4.9842080334201455
legacy,3,a_N100_V3+3D,4.96050005313009
legacy,3,a_N100_V3+3D,6.157875061035156
legacy,3,a_N100_V3+3D,5.134874954819679
legacy,3,a_N100_V3+3D,5.0811669789254665
legacy,3,a_N100_V3+3D,4.996542003937066
legacy,3,a_N100_V3+3D,5.182291963137686
legacy,3,a_N100_V3+3D,5.0051669823005795
legacy,3,a_N100_V3+3D,5.02441602293402
legacy,3,a_N100_V3+3D,5.029291962273419
legacy,3,a_N100_V3+3D,5.0019590416923165
legacy,3,a_N100_V3+3D,4.978790995664895
legacy,3,a_N100_V3+3D,4.9790829652920365
legacy,3,a_N100_V3+3D,4.998000105842948
legacy,3,a_N100_V3+3D,4.949709051288664
legacy,3,a_N100_V3+3D,4.997708019800484
legacy,3,a_N100_V3+3D,4.984666942618787
legacy,3,a_N100_V3+3D,4.977000062353909
legacy,3,a_N100_V3+3D,5.123166018165648
legacy,3,a_N100_V3+3D,5.576916970312595
legacy,3,a_N100_V3+3D,5.0496249459683895
legacy,3,a_N100_V3+3D,5.0035829190164804
legacy,3,a_N100_V3+3D,5.0243750447407365
legacy,3,a_N100_V3+3D,4.968791035935283
legacy,3,a_N100_V3+3D,4.98308299575001
legacy,3,a_N100_V3+3D,4.970167065039277
legacy,3,a_N100_V3+3D,4.98924998100847
legacy,3,a_N100_V3+3D,4.954832955263555
legacy,3,a_N100_V3+3D,4.956500022672117
legacy,3,a_N100_V3+3D,5.239250021986663
legacy,3,a_N100_V3+3D,5.0197080709040165
legacy,3,a_N100_V3+3D,4.988208995200694
legacy,3,a_N100_V3+3D,6.11658301204443
legacy,3,a_N100_V3+3D,5.45416702516377
legacy,3,a_N100_V3+3D,5.547499982640147
legacy,3,a_N100_V3+3D,5.49504195805639
legacy,3,a_N100_V3+3D,5.411208025179803
legacy,3,a_N100_V3+3D,5.391584010794759
legacy,3,a_N100_V3+3D,5.659291986376047
legacy,3,a_N100_V3+3D,5.348750040866435
legacy,3,a_N100_V3+3D,5.358417052775621
legacy,3,a_N100_V3+3D,5.34854200668633
legacy,3,a_N100_V3+3D,5.393292056396604
legacy,3,a_N100_V3+3D,5.330583080649376
legacy,3,a_N100_V3+3D,5.332166911102831
legacy,3,a_N100_V3+3D,5.350708030164242
legacy,3,a_N100_V3+3D,5.3345420164987445
legacy,3,a_N100_V3+3D,5.388040910474956
legacy,3,a_N100_V3+3D,5.330041982233524
legacy,3,a_N100_V3+3D,5.351416999474168
legacy,3,a_N100_V3+3D,5.327749997377396
legacy,3,a_N100_V3+3D,5.332333035767078
legacy,3,a_N100_V3+3D,5.311083979904652
legacy,3,a_N100_V3+3D,5.376333021558821
legacy,3,a_N100_V3+3D,5.738124949857593
legacy,3,a_N100_V3+3D,5.3389170207083225
legacy,3,a_N100_V3+3D,5.339125054888427
legacy,3,a_N100_V3+3D,5.322583019733429
legacy,3,a_N100_V3+3D,5.370916915126145
legacy,3,a_N100_V3+3D,5.389791913330555
legacy,3,a_N100_V3+3D,5.381832947023213
legacy,3,a_N100_V3+3D,5.336791975423694
legacy,3,a_N100_V3+3D,5.322624929249287
legacy,3,a_N100_V3+3D,5.3374579874798656
legacy,3,a_N100_V3+3D,5.372666986659169
legacy,3,a_N100_V3+3D,5.389207974076271
legacy,3,a_N100_V3+3D,5.336583009921014
legacy,3,a_N100_V3+3D,5.333167035132647
legacy,3,a_N100_V3+3D,5.378125002607703
legacy,3,a_N100_V3+3D,5.325666046701372
legacy,3,a_N100_V3+3D,5.3425420774146914
legacy,3,a_N100_V3+3D,5.306458100676537
legacy,3,a_N100_V3+3D,5.311500048264861
legacy,3,a_N100_V3+3D,5.314499954693019
legacy,3,a_N100_V3+3D,5.356375011615455
legacy,3,a_N100_V3+3D,5.358082940801978
legacy,3,a_N100_V3+3D,5.331584019586444
legacy,3,a_N100_V3+3D,5.35316695459187
legacy,3,a_N100_V3+3D,5.403166986070573
legacy,3,a_N100_V3+3D,5.368417012505233
legacy,3,a_N100_V3+3D,5.320874974131584
legacy,3,a_N100_V3+3D,5.3515409817919135
legacy,3,a_N100_V3+3D,5.3703750018030405
legacy,3,a_N100_V3+3D,5.330624990165234
legacy,3,a_N100_V3+3D,5.371500039473176
legacy,3,a_N100_V3+3D,5.393667030148208
legacy,3,a_N100_V3+3D,5.330583080649376
legacy,3,a_N100_V3+3D,5.343458033166826
legacy,3,a_N100_V3+3D,5.303791956976056
legacy,3,a_N100_V3+3D,5.316541995853186
legacy,3,a_N100_V3+3D,5.299707991071045
legacy,3,a_N100_V3+3D,5.295999930240214
legacy,3,a_N100_V3+3D,5.93037495855242
legacy,3,a_N100_V3+3D,5.058709066361189
legacy,3,a_N100_V3+3D,5.207707989029586
legacy,3,a_N100_V3+3D,5.138917011208832
legacy,3,a_N100_V3+3D,5.082958028651774
legacy,3,a_N100_V3+3D,5.075250053778291
legacy,3,a_N100_V3+3D,5.075958906672895
legacy,3,a_N100_V3+3D,5.073583917692304
legacy,3,a_N100_V3+3D,5.054958048276603
legacy,3,a_N100_V3+3D,5.088374949991703
legacy,3,a_N100_V3+3D,5.167791969142854
legacy,3,a_N100_V3+3D,5.012999987229705
legacy,3,a_N100_V3+3D,5.057250033132732
legacy,3,a_N100_V3+3D,5.021082935854793
legacy,3,a_N100_V3+3D,5.049124942161143
legacy,3,a_N100_V3+3D,5.0276670372113585
legacy,3,a_N100_V3+3D,5.052125081419945
legacy,3,a_N100_V3+3D,5.025624996051192
legacy,3,a_N100_V3+3D,5.062542040832341
legacy,3,a_N100_V3+3D,5.04054210614413
legacy,3,a_N100_V3+3D,5.010916036553681
legacy,3,a_N100_V3+3D,5.0362920155748725
legacy,3,a_N100_V3+3D,5.056333960965276
legacy,3,a_N100_V3+3D,5.017957999370992
legacy,3,a_N100_V3+3D,5.079541937448084
legacy,3,a_N100_V3+3D,5.054833949543536
legacy,3,a_N100_V3+3D,5.068958038464189
legacy,3,a_N100_V3+3D,5.057167029008269
legacy,3,a_N100_V3+3D,5.032166955061257
legacy,3,a_N100_V3+3D,5.044499994255602
legacy,3,a_N100_V3+3D,5.058833980001509
legacy,3,a_N100_V3+3D,5.061291973106563
legacy,3,a_N100_V3+3D,5.01266703940928
legacy,3,a_N100_V3+3D,5.068959086202085
legacy,3,a_N100_V3+3D,5.033459048718214
legacy,3,a_N100_V3+3D,4.997167037799954
legacy,3,a_N100_V3+3D,5.077834008261561
legacy,3,a_N100_V3+3D,5.017666961066425
legacy,3,a_N100_V3+3D,5.032707937061787
legacy,3,a_N100_V3+3D,5.0254169618710876
legacy,3,a_N100_V3+3D,5.031040986068547
legacy,3,a_N100_V3+3D,4.9718749942258
legacy,3,a_N100_V3+3D,5.14345895498991
legacy,3,a_N100_V3+3D,5.025582970120013
legacy,3,a_N100_V3+3D,5.040124990046024
legacy,3,a_N100_V3+3D,5.019000032916665
legacy,3,a_N100_V3+3D,5.014791968278587
legacy,3,a_N100_V3+3D,5.030832951888442
legacy,3,a_N100_V3+3D,5.063959048129618
legacy,3,a_N100_V3+3D,5.02016709651798
legacy,3,a_N100_V3+3D,5.057458067312837
legacy,3,a_N100_V3+3D,5.012083915062249
legacy,3,a_N100_V3+3D,5.032624932937324
legacy,3,a_N100_V3+3D,5.007166066206992
legacy,3,a_N100_V3+3D,5.071874940767884
legacy,3,a_N100_V3+3D,5.005999933928251
legacy,3,a_N100_V3+3D,5.079083028249443
legacy,3,a_N100_V3+3D,5.292666959576309
legacy,3,a_N100_V3+3D,5.383583949878812
legacy,3,a_N100_V3+3D,5.036916001699865
legacy,3,a_N100_V3+3D,6.212375010363758
legacy,3,a_N100_V3+3D,5.444374983198941
legacy,3,a_N100_V3+3D,5.525791901163757
legacy,3,a_N100_V3+3D,5.554666975513101
legacy,3,a_N100_V3+3D,5.364459007978439
legacy,3,a_N100_V3+3D,5.342749995179474
legacy,3,a_N100_V3+3D,5.347667029127479
legacy,3,a_N100_V3+3D,5.359375034458935
legacy,3,a_N100_V3+3D,5.344916949979961
legacy,3,a_N100_V3+3D,5.30312501359731
legacy,3,a_N100_V3+3D,5.3371250396594405
legacy,3,a_N100_V3+3D,5.325707956217229
legacy,3,a_N100_V3+3D,5.322500015608966
legacy,3,a_N100_V3+3D,5.288667045533657
legacy,3,a_N100_V3+3D,5.32650004606694
legacy,3,a_N100_V3+3D,5.39095897693187
legacy,3,a_N100_V3+3D,5.346417077817023
legacy,3,a_N100_V3+3D,5.350541905499995
legacy,3,a_N100_V3+3D,5.325624952092767
legacy,3,a_N100_V3+3D,5.30420895665884
legacy,3,a_N100_V3+3D,5.31433301512152
legacy,3,a_N100_V3+3D,5.317416973412037
legacy,3,a_N100_V3+3D,5.316291935741901
legacy,3,a_N100_V3+3D,5.305457976646721
legacy,3,a_N100_V3+3D,5.300582968629897
legacy,3,a_N100_V3+3D,5.309334024786949
legacy,3,a_N100_V3+3D,5.908624967560172
legacy,3,a_N100_V3+3D,5.327749997377396
legacy,3,a_N100_V3+3D,5.314458976499736
legacy,3,a_N100_V3+3D,5.333999986760318
legacy,3,a_N100_V3+3D,5.909583996981382
legacy,3,a_N100_V3+3D,5.482334061525762
legacy,3,a_N100_V3+3D,5.4761250503361225
legacy,3,a_N100_V3+3D,5.4842919344082475
legacy,3,a_N100_V3+3D,5.422958987765014
legacy,3,a_N100_V3+3D,5.383708048611879
legacy,3,a_N100_V3+3D,5.4279169999063015
legacy,3,a_N100_V3+3D,5.3732499945908785
legacy,3,a_N100_V3+3D,5.390999955125153
legacy,3,a_N100_V3+3D,5.396666005253792
legacy,3,a_N100_V3+3D,5.378125002607703
legacy,3,a_N100_V3+3D,5.386208067648113
legacy,3,a_N100_V3+3D,5.378082976676524
legacy,3,a_N100_V3+3D,5.360124981962144
legacy,3,a_N100_V3+3D,5.347375059500337
legacy,3,a_N100_V3+3D,5.3576669888570905
legacy,3,a_N100_V3+3D,5.360292037948966
legacy,3,a_N100_V3+3D,5.463791894726455
legacy,3,a_N100_V3+3D,5.374708911404014
legacy,3,a_N100_V3+3D,5.348792066797614
legacy,3,a_N100_V3+3D,5.374708096496761
legacy,3,a_N100_V3+3D,5.352791980840266
legacy,3,a_N100_V3+3D,5.390833946876228
legacy,3,a_N100_V3+3D,5.369915976189077
legacy,3,a_N100_V3+3D,5.392665974795818
legacy,3,a_N100_V3+3D,5.352000007405877
legacy,3,a_N100_V3+3D,5.4276250302791595
legacy,3,a_N100_V3+3D,5.428040982224047
legacy,3,a_N100_V3+3D,5.909500061534345
legacy,3,a_N100_V3+3D,5.544417072087526
legacy,3,a_N100_V3+3D,5.871000001206994
legacy,3,a_N100_V3+3D,5.507707945071161
legacy,3,a_N100_V3+3D,5.412125028669834
legacy,3,a_N100_V3+3D,5.125374998897314
legacy,3,a_N100_V3+3D,5.083833006210625
legacy,3,a_N100_V3+3D,5.19845902454108
legacy,3,a_N100_V3+3D,5.077334004454315
legacy,3,a_N100_V3+3D,5.051458021625876
legacy,3,a_N100_V3+3D,5.030917003750801
legacy,3,a_N100_V3+3D,5.045457975938916
legacy,3,a_N100_V3+3D,5.0479581113904715
legacy,3,a_N100_V3+3D,5.011874949559569
legacy,3,a_N100_V3+3D,5.059291026555002
legacy,3,a_N100_V3+3D,4.996708012185991
legacy,3,a_N100_V3+3D,5.87920902762562
legacy,3,a_N100_V3+3D,5.279041011817753
legacy,3,a_N100_V3+3D,5.092125036753714
legacy,3,a_N100_V3+3D,5.074374959804118
legacy,3,a_N100_V3+3D,5.20345801487565
legacy,3,a_N100_V3+3D,5.811749957501888
legacy,3,a_N100_V3+3D,6.359084043651819
legacy,3,a_N100_V3+3D,5.694749997928739
legacy,3,a_N100_V3+3D,5.330083076842129
legacy,3,a_N100_V3+3D,5.1437499932944775
legacy,3,a_N100_V3+3D,5.109874997287989
legacy,3,a_N100_V3+3D,5.063416087068617
legacy,3,a_N100_V3+3D,5.097709014080465
legacy,3,a_N100_V3+3D,5.047125043347478
legacy,3,a_N100_V3+3D,5.060124909505248
legacy,3,a_N100_V3+3D,5.6063339579850435
legacy,3,a_N100_V3+3D,5.0260829739272594
legacy,3,a_N100_V3+3D,5.014624912291765
legacy,3,a_N100_V3+3D,5.173709010705352
legacy,3,a_N100_V3+3D,5.201290943659842
legacy,3,a_N100_V3+3D,5.039667012169957
legacy,3,a_N100_V3+3D,5.005417042411864
legacy,3,a_N100_V3+3D,5.065375007688999
legacy,3,a_N100_V3+3D,5.057999980635941
legacy,3,a_N100_V3+3D,5.027875071391463
legacy,3,a_N100_V3+3D,4.991000052541494
legacy,3,a_N100_V3+3D,5.000792094506323
legacy,3,a_N100_V3+3D,5.010042106732726
legacy,3,a_N100_V3+3D,4.9941660836339
legacy,3,a_N100_V3+3D,5.000000004656613
legacy,3,a_N100_V3+3D,4.980791942216456
legacy,3,a_N100_V3+3D,5.024665966629982
legacy,3,a_N100_V3+3D,5.000000004656613
legacy,3,a_N100_V3+3D,5.0126250134781
legacy,3,a_N100_V3+3D,5.02683303784579
legacy,3,a_N100_V3+3D,5.060542025603354
legacy,3,a_N100_V3+3D,4.973042057827115
legacy,3,a_N100_V3+3D,4.962459090165794
legacy,3,a_N100_V3+3D,4.995999974198639
legacy,3,a_N100_V3+3D,4.969957983121276
legacy,3,a_N100_V3+3D,5.011582979932427
legacy,3,a_N100_V3+3D,5.019458010792732
legacy,3,a_N100_V3+3D,4.986208979971707
legacy,3,a_N100_V3+3D,5.264416104182601
legacy,3,a_N100_V3+3D,5.091125029139221
legacy,3,a_N100_V3+3D,5.08362497203052
legacy,3,a_N100_V3+3D,6.136583047918975
legacy,3,a_N100_V3+3D,5.482457927428186
legacy,3,a_N100_V3+3D,5.610667052678764
legacy,3,a_N100_V3+3D,5.411499994806945
legacy,3,a_N100_V3+3D,5.399749963544309
legacy,3,a_N100_V3+3D,5.409375065937638
legacy,3,a_N100_V3+3D,5.3787080105394125
legacy,3,a_N100_V3+3D,5.365542019717395
legacy,3,a_N100_V3+3D,5.3856250597164035
legacy,3,a_N100_V3+3D,5.342041025869548
legacy,3,a_N100_V3+3D,5.376624991185963
legacy,3,a_N100_V3+3D,5.373083055019379
legacy,3,a_N100_V3+3D,5.352999898605049
legacy,3,a_N100_V3+3D,5.337166017852724
legacy,3,a_N100_V3+3D,5.328416940756142
legacy,3,a_N100_V3+3D,5.3569169249385595
legacy,3,a_N100_V3+3D,5.349208018742502
legacy,3,a_N100_V3+3D,5.343834054656327
legacy,3,a_N100_V3+3D,5.786749999970198
legacy,3,a_N100_V3+3D,5.402917042374611
legacy,3,a_N100_V3+3D,5.35604206379503
legacy,3,a_N100_V3+3D,5.341917043551803
legacy,3,a_N100_V3+3D,5.355666973628104
legacy,3,a_N100_V3+3D,5.348875070922077
legacy,3,a_N100_V3+3D,5.322583019733429
legacy,3,a_N100_V3+3D,5.70145808160305
legacy,3,a_N100_V3+3D,5.390167003497481
legacy,3,a_N100_V3+3D,5.331250024028122
legacy,3,a_N100_V3+3D,5.330916028469801
legacy,3,a_N100_V3+3D,5.334374960511923
legacy,3,a_N100_V3+3D,5.3232499631121755
legacy,3,a_N100_V3+3D,5.326416925527155
legacy,3,a_N100_V3+3D,5.954000051133335
legacy,3,a_N100_V3+3D,5.322500015608966
legacy,3,a_N100_V3+3D,5.315916961990297
legacy,3,a_N100_V3+3D,5.30924997292459
legacy,3,a_N100_V3+3D,5.346375051885843
legacy,3,a_N100_V3+3D,5.350374965928495
legacy,3,a_N100_V3+3D,5.345167010091245
legacy,3,a_N100_V3+3D,5.313207977451384
legacy,3,a_N100_V3+3D,5.297292023897171
legacy,3,a_N100_V3+3D,5.306666949763894
legacy,3,a_N100_V3+3D,5.288458080030978
legacy,3,a_N100_V3+3D,5.30158297624439
legacy,3,a_N100_V3+3D,5.320749944075942
legacy,3,a_N100_V3+3D,5.3385000210255384
legacy,3,a_N100_V3+3D,5.313416942954063
legacy,3,a_N100_V3+3D,5.356375011615455
legacy,3,a_N100_V3+3D,5.315665970556438
legacy,3,a_N100_V3+3D,5.302540957927704
legacy,3,a_N100_V3+3D,5.354875000193715
legacy,3,a_N100_V3+3D,5.31825004145503
legacy,3,a_N100_V3+3D,5.312290973961353
legacy,3,a_N100_V3+3D,5.365084041841328
legacy,3,a_N100_V3+3D,5.319457966834307
legacy,3,a_N100_V3+3D,5.301541998051107
legacy,3,a_N100_V3+3D,5.308124935254455
legacy,3,a_N100_V3+3D,5.362499970942736
legacy,3,a_N100_V3+3D,5.383791984058917
legacy,3,a_N100_V3+3D,5.317749921232462
legacy,3,a_N100_V3+3D,5.776375066488981
legacy,3,a_N100_V3+3D,5.0727499183267355
legacy,3,a_N100_V3+3D,5.1969579653814435
legacy,3,a_N100_V3+3D,5.020459066145122
legacy,3,a_N100_V3+3D,5.078500020317733
legacy,3,a_N100_V3+3D,5.000332952477038
legacy,3,a_N100_V3+3D,4.986542044207454
legacy,3,a_N100_V3+3D,4.972167080268264
legacy,3,a_N100_V3+3D,5.329207982867956
legacy,3,a_N100_V3+3D,4.958958947099745
legacy,3,a_N100_V3+3D,4.95916698127985
legacy,3,a_N100_V3+3D,4.990166984498501
legacy,3,a_N100_V3+3D,4.9627089174464345
legacy,3,a_N100_V3+3D,4.984124912880361
legacy,3,a_N100_V3+3D,5.005249986425042
legacy,3,a_N100_V3+3D,5.000291974283755
legacy,3,a_N100_V3+3D,4.959249985404313
legacy,3,a_N100_V3+3D,4.953749943524599
legacy,3,a_N100_V3+3D,4.971291986294091
legacy,3,a_N100_V3+3D,4.953874973580241
legacy,3,a_N100_V3+3D,4.981167032383382
legacy,3,a_N100_V3+3D,4.941167077049613
legacy,3,a_N100_V3+3D,4.943000036291778
legacy,3,a_N100_V3+3D,4.949207999743521
legacy,3,a_N100_V3+3D,5.365833989344537
legacy,3,a_N100_V3+3D,4.960124962963164
legacy,3,a_N100_V3+3D,4.994083079509437
legacy,3,a_N100_V3+3D,4.969749948941171
legacy,3,a_N100_V3+3D,4.95466694701463
legacy,3,a_N100_V3+3D,4.931584000587463
legacy,3,a_N100_V3+3D,4.965166910551488
legacy,3,a_N100_V3+3D,4.947875044308603
legacy,3,a_N100_V3+3D,4.9704170087352395
legacy,3,a_N100_V3+3D,4.958166973665357
legacy,3,a_N100_V3+3D,4.996291012503207
legacy,3,a_N100_V3+3D,5.553083028644323
legacy,3,a_N100_V3+3D,5.006875027902424
legacy,3,a_N100_V3+3D,4.965125001035631
legacy,3,a_N100_V3+3D,4.9559170147404075
legacy,3,a_N100_V3+3D,4.940124927088618
legacy,3,a_N100_V3+3D,5.245166947133839
legacy,3,a_N100_V3+3D,4.977457923814654
legacy,3,a_N100_V3+3D,4.948333953507245
legacy,3,a_N100_V3+3D,4.930500057525933
legacy,3,a_N100_V3+3D,4.95162489823997
legacy,3,a_N100_V3+3D,4.953542025759816
legacy,3,a_N100_V3+3D,4.941459046676755
legacy,3,a_N100_V3+3D,4.963207989931107
legacy,3,a_N100_V3+3D,4.974207957275212
legacy,3,a_N100_V3+3D,4.941166960634291
legacy,3,a_N100_V3+3D,4.963457933627069
legacy,3,a_N100_V3+3D,4.950125003233552
legacy,3,a_N100_V3+3D,5.005417042411864
legacy,3,a_N100_V3+3D,4.929708084091544
legacy,3,a_N100_V3+3D,4.93274990003556
legacy,3,a_N100_V3+3D,4.938374971970916
legacy,3,a_N100_V3+3D,4.982166923582554
legacy,3,a_N100_V3+3D,5.195125006139278
legacy,3,a_N100_V3+3D,5.000917008146644
legacy,3,a_N100_V3+3D,4.973999923095107
legacy,3,a_N100_V3+3D,6.155624985694885
legacy,3,a_N100_V3+3D,5.5062499595806
legacy,3,a_N100_V3+3D,5.744375055655837
legacy,3,a_N100_V3+3D,5.502833053469658
legacy,3,a_N100_V3+3D,5.505750072188675
legacy,3,a_N100_V3+3D,5.437583080492914
legacy,3,a_N100_V3+3D,5.450666067190468
legacy,3,a_N100_V3+3D,5.444458103738725
legacy,3,a_N100_V3+3D,5.44275005813688
legacy,3,a_N100_V3+3D,5.419958964921534
legacy,3,a_N100_V3+3D,5.408999975770712
legacy,3,a_N100_V3+3D,5.392667022533715
legacy,3,a_N100_V3+3D,5.419666995294392
legacy,3,a_N100_V3+3D,5.397125030867755
legacy,3,a_N100_V3+3D,5.43470901902765
legacy,3,a_N100_V3+3D,5.461208056658506
legacy,3,a_N100_V3+3D,5.418332992121577
legacy,3,a_N100_V3+3D,5.498334066942334
legacy,3,a_N100_V3+3D,5.375916021876037
legacy,3,a_N100_V3+3D,5.367666017264128
legacy,3,a_N100_V3+3D,5.4155419347807765
legacy,3,a_N100_V3+3D,5.367000005207956
legacy,3,a_N100_V3+3D,5.40437491144985
legacy,3,a_N100_V3+3D,5.36758394446224
legacy,3,a_N100_V3+3D,5.352459033019841
legacy,3,a_N100_V3+3D,5.3685830207541585
legacy,3,a_N100_V3+3D,5.435875034891069
legacy,3,a_N100_V3+3D,5.393416970036924
legacy,3,a_N100_V3+3D,5.394874955527484
legacy,3,a_N100_V3+3D,5.356417037546635
legacy,3,a_N100_V3+3D,5.395375075750053
legacy,3,a_N100_V3+3D,5.350957973860204
legacy,3,a_N100_V3+3D,5.438334075734019
legacy,3,a_N100_V3+3D,5.318917101249099
legacy,3,a_N100_V3+3D,5.385708995163441
legacy,3,a_N100_V3+3D,5.355083965696394
legacy,3,a_N100_V3+3D,5.4298751056194305
legacy,3,a_N100_V3+3D,5.3609589813277125
legacy,3,a_N100_V3+3D,5.519625032320619
legacy,3,a_N100_V3+3D,5.327333929017186
legacy,3,a_N100_V3+3D,5.382791976444423
legacy,3,a_N100_V3+3D,5.338208982720971
legacy,3,a_N100_V3+3D,5.424374947324395
legacy,3,a_N100_V3+3D,5.371665931306779
legacy,3,a_N100_V3+3D,5.410416983067989
legacy,3,a_N100_V3+3D,5.360416020266712
legacy,3,a_N100_V3+3D,5.410499987192452
legacy,3,a_N100_V3+3D,5.381792085245252
legacy,3,a_N100_V3+3D,5.406250013038516
legacy,3,a_N100_V3+3D,5.331542110070586
legacy,3,a_N100_V3+3D,5.4126669419929385
legacy,3,a_N100_V3+3D,5.333458073437214
legacy,3,a_N100_V3+3D,5.3932080045342445
legacy,3,a_N100_V3+3D,5.263124941848218
legacy,3,a_N100_V3+3D,5.399541929364204
legacy,3,a_N100_V3+3D,5.371415987610817
legacy,3,a_N100_V3+3D,5.4037090158089995
legacy,3,a_N100_V3+3D,5.3913339506834745
legacy,3,a_N100_V3+3D,6.4337499206885695
legacy,3,a_N100_V3+3D,5.536791053600609
legacy,3,a_N100_V3+3D,5.984666990116239
legacy,3,a_N100_V3+3D,5.218917038291693
legacy,3,a_N100_V3+3D,5.246790940873325
legacy,3,a_N100_V3+3D,5.130999954417348
legacy,3,a_N100_V3+3D,5.140500026755035
legacy,3,a_N100_V3+3D,5.082916002720594
legacy,3,a_N100_V3+3D,5.137792089954019
legacy,3,a_N100_V3+3D,5.025708000175655
legacy,3,a_N100_V3+3D,5.131083074957132
legacy,3,a_N100_V3+3D,5.0293749663978815
legacy,3,a_N100_V3+3D,5.227958899922669
legacy,3,a_N100_V3+3D,5.0449579721316695
legacy,3,a_N100_V3+3D,5.076332949101925
legacy,3,a_N100_V3+3D,5.132916965521872
legacy,3,a_N100_V3+3D,5.119708017446101
legacy,3,a_N100_V3+3D,5.49504195805639
legacy,3,a_N100_V3+3D,5.036792019382119
legacy,3,a_N100_V3+3D,4.968457971699536
legacy,3,a_N100_V3+3D,5.133958999067545
legacy,3,a_N100_V3+3D,5.058709066361189
legacy,3,a_N100_V3+3D,5.075333057902753
legacy,3,a_N100_V3+3D,5.015459028072655
legacy,3,a_N100_V3+3D,5.032167071476579
legacy,3,a_N100_V3+3D,4.9743750132620335
legacy,3,a_N100_V3+3D,5.079541937448084
legacy,3,a_N100_V3+3D,5.097208893857896
legacy,3,a_N100_V3+3D,5.098875029943883
legacy,3,a_N100_V3+3D,4.994499962776899
legacy,3,a_N100_V3+3D,5.069041973911226
legacy,3,a_N100_V3+3D,5.064665921963751
legacy,3,a_N100_V3+3D,5.061917006969452
legacy,3,a_N100_V3+3D,5.038833012804389
legacy,3,a_N100_V3+3D,5.079249967820942
legacy,3,a_N100_V3+3D,5.002125049941242
legacy,3,a_N100_V3+3D,5.090125021524727
legacy,3,a_N100_V3+3D,5.056333029642701
legacy,3,a_N100_V3+3D,5.1633750554174185
legacy,3,a_N100_V3+3D,5.004792008548975
legacy,3,a_N100_V3+3D,5.0684999441728
legacy,3,a_N100_V3+3D,4.960458958521485
legacy,3,a_N100_V3+3D,4.95929189492017
legacy,3,a_N100_V3+3D,5.761458072811365
legacy,3,a_N100_V3+3D,5.673958919942379
legacy,3,a_N100_V3+3D,5.095832981169224
legacy,3,a_N100_V3+3D,5.1082499558106065
legacy,3,a_N100_V3+3D,5.548833985812962
legacy,3,a_N100_V3+3D,5.11841697152704
legacy,3,a_N100_V3+3D,5.1954579539597034
legacy,3,a_N100_V3+3D,5.081292008981109
legacy,3,a_N100_V3+3D,5.002834019251168
legacy,3,a_N100_V3+3D,5.104250041767955
legacy,3,a_N100_V3+3D,5.108208046294749
legacy,3,a_N100_V3+3D,4.966291016899049
legacy,3,a_N100_V3+3D,4.994791001081467
legacy,3,a_N100_V3+3D,5.121874972246587
legacy,3,a_N100_V3+3D,4.978374927304685
legacy,3,a_N100_V3+3D,5.067332996986806
legacy,3,a_N100_V3+3D,5.386749980971217
legacy,3,a_N100_V3+3D,5.079791997559369
legacy,3,a_N100_V3+3D,4.957832978107035
legacy,3,a_N100_V3+3D,6.193832959979773
legacy,3,a_N100_V3+3D,5.59904205147177
legacy,3,a_N100_V3+3D,5.580166936852038
legacy,3,a_N100_V3+3D,5.4435000056400895
legacy,3,a_N100_V3+3D,5.458374973386526
legacy,3,a_N100_V3+3D,5.416124942712486
legacy,3,a_N100_V3+3D,5.395165993832052
legacy,3,a_N100_V3+3D,5.368291982449591
legacy,3,a_N100_V3+3D,5.393041996285319
legacy,3,a_N100_V3+3D,5.394625011831522
legacy,3,a_N100_V3+3D,5.391624988988042
legacy,3,a_N100_V3+3D,5.46645896974951
legacy,3,a_N100_V3+3D,5.336917005479336
legacy,3,a_N100_V3+3D,5.469750030897558
legacy,3,a_N100_V3+3D,5.378750036470592
legacy,3,a_N100_V3+3D,5.413083010353148
legacy,3,a_N100_V3+3D,5.33920805901289
legacy,3,a_N100_V3+3D,5.348333972506225
legacy,3,a_N100_V3+3D,5.377041059546173
legacy,3,a_N100_V3+3D,5.380624905228615
legacy,3,a_N100_V3+3D,5.379167036153376
legacy,3,a_N100_V3+3D,5.4709159303456545
legacy,3,a_N100_V3+3D,5.391957936808467
legacy,3,a_N100_V3+3D,5.665916949510574
legacy,3,a_N100_V3+3D,5.4724590154364705
legacy,3,a_N100_V3+3D,5.384415970183909
legacy,3,a_N100_V3+3D,5.422292044386268
legacy,3,a_N100_V3+3D,5.377833032980561
legacy,3,a_N100_V3+3D,5.391207989305258
legacy,3,a_N100_V3+3D,5.43158408254385
legacy,3,a_N100_V3+3D,5.335208028554916
legacy,3,a_N100_V3+3D,5.430208053439856
legacy,3,a_N100_V3+3D,5.374999949708581
legacy,3,a_N100_V3+3D,5.382916075177491
legacy,3,a_N100_V3+3D,5.385915981605649
legacy,3,a_N100_V3+3D,5.398874985985458
legacy,3,a_N100_V3+3D,5.405290983617306
legacy,3,a_N100_V3+3D,5.3859580075368285
legacy,3,a_N100_V3+3D,5.362999974749982
legacy,3,a_N100_V3+3D,5.762791959568858
legacy,3,a_N100_V3+3D,5.887874984182417
legacy,3,a_N100_V3+3D,5.4839999647811055
legacy,3,a_N100_V3+3D,5.40066696703434
legacy,3,a_N100_V3+3D,5.375499953515828
legacy,3,a_N100_V3+3D,5.93191699590534
legacy,3,a_N100_V3+3D,5.374166066758335
legacy,3,a_N100_V3+3D,5.382457980886102
legacy,3,a_N100_V3+3D,5.429042037576437
legacy,3,a_N100_V3+3D,5.380250047892332
legacy,3,a_N100_V3+3D,5.458374973386526
legacy,3,a_N100_V3+3D,5.352542037144303
legacy,3,a_N100_V3+3D,5.391124985180795
legacy,3,a_N100_V3+3D,5.3640000987797976
legacy,3,a_N100_V3+3D,5.392584018409252
legacy,3,a_N100_V3+3D,5.361209041438997
legacy,3,a_N100_V3+3D,5.386415985412896
legacy,3,a_N100_V3+3D,5.371417035348713
legacy,3,a_N100_V3+3D,5.404166993685067
legacy,3,a_N100_V3+3D,5.3649169858545065
legacy,3,a_N100_V3+3D,5.387624958530068
legacy,3,a_N100_V3+3D,5.786666995845735
legacy,3,a_N100_V3+3D,5.191667005419731
legacy,3,a_N100_V3+3D,5.195042002014816
legacy,3,a_N100_V3+3D,5.0579170929268
legacy,3,a_N100_V3+3D,5.051749991253018
legacy,3,a_N100_V3+3D,5.020208074711263
legacy,3,a_N100_V3+3D,5.056999973021448
legacy,3,a_N100_V3+3D,5.034749978221953
legacy,3,a_N100_V3+3D,4.989375011064112
legacy,3,a_N100_V3+3D,4.994499962776899
legacy,3,a_N100_V3+3D,4.989707958884537
legacy,3,a_N100_V3+3D,4.98087506275624
legacy,3,a_N100_V3+3D,5.026708007790148
legacy,3,a_N100_V3+3D,4.979416960850358
legacy,3,a_N100_V3+3D,4.9548340030014515
legacy,3,a_N100_V3+3D,4.994375049136579
legacy,3,a_N100_V3+3D,4.980041994713247
legacy,3,a_N100_V3+3D,4.9715840723365545
legacy,3,a_N100_V3+3D,5.024292040616274
legacy,3,a_N100_V3+3D,4.970500012859702
legacy,3,a_N100_V3+3D,4.95245901402086
legacy,3,a_N100_V3+3D,4.949249909259379
legacy,3,a_N100_V3+3D,4.987457999959588
legacy,3,a_N100_V3+3D,4.990957910194993
legacy,3,a_N100_V3+3D,4.987249965779483
legacy,3,a_N100_V3+3D,4.9642079975456
legacy,3,a_N100_V3+3D,4.9872089875862
legacy,3,a_N100_V3+3D,4.95900004170835
legacy,3,a_N100_V3+3D,4.963082959875464
legacy,3,a_N100_V3+3D,4.958334029652178
legacy,3,a_N100_V3+3D,4.946500062942505
legacy,3,a_N100_V3+3D,4.99058305285871
legacy,3,a_N100_V3+3D,4.950875067152083
legacy,3,a_N100_V3+3D,4.950292059220374
legacy,3,a_N100_V3+3D,4.92591701913625
legacy,3,a_N100_V3+3D,4.947167006321251
legacy,3,a_N100_V3+3D,4.979541990906
legacy,3,a_N100_V3+3D,4.978916957043111
legacy,3,a_N100_V3+3D,4.9374999944120646
legacy,3,a_N100_V3+3D,4.944666987285018
legacy,3,a_N100_V3+3D,4.984416998922825
legacy,3,a_N100_V3+3D,4.938416997902095
legacy,3,a_N100_V3+3D,4.9689579755067825
legacy,3,a_N100_V3+3D,4.968082997947931
legacy,3,a_N100_V3+3D,4.955332959070802
legacy,3,a_N100_V3+3D,4.95229207444936
legacy,3,a_N100_V3+3D,4.972666036337614
legacy,3,a_N100_V3+3D,5.576958996243775
legacy,3,a_N100_V3+3D,4.991292022168636
legacy,3,a_N100_V3+3D,4.972042050212622
legacy,3,a_N100_V3+3D,6.087499903514981
legacy,3,a_N100_V3+3D,6.215374916791916
legacy,3,a_N100_V3+3D,5.222874926403165
legacy,3,a_N100_V3+3D,5.216500023379922
legacy,3,a_N100_V3+3D,5.0732080126181245
legacy,3,a_N100_V3+3D,5.5491660023108125
legacy,3,a_N100_V3+3D,5.162957939319313
legacy,3,a_N100_V3+3D,5.345999961718917
legacy,3,a_N100_V3+3D,5.068665952421725
legacy,3,a_N100_V3+3D,5.036249989643693
legacy,3,a_N100_V3+3D,6.3325000228360295
legacy,3,a_N100_V3+3D,5.4989580530673265
legacy,3,a_N100_V3+3D,5.585749982856214
legacy,3,a_N100_V3+3D,5.452584009617567
legacy,3,a_N100_V3+3D,5.395332933403552
legacy,3,a_N100_V3+3D,5.374458967708051
legacy,3,a_N100_V3+3D,5.438082967884839
legacy,3,a_N100_V3+3D,5.36437495611608
legacy,3,a_N100_V3+3D,5.429959041066468
legacy,3,a_N100_V3+3D,5.3588340524584055
legacy,3,a_N100_V3+3D,5.3706669714301825
legacy,3,a_N100_V3+3D,5.379209062084556
legacy,3,a_N100_V3+3D,5.454667028971016
legacy,3,a_N100_V3+3D,5.380957969464362
legacy,3,a_N100_V3+3D,5.359207978472114
legacy,3,a_N100_V3+3D,5.4214580450206995
legacy,3,a_N100_V3+3D,5.359375034458935
legacy,3,a_N100_V3+3D,5.3623749408870935
legacy,3,a_N100_V3+3D,5.4009160958230495
legacy,3,a_N100_V3+3D,5.404124967753887
legacy,3,a_N100_V3+3D,5.376416957005858
legacy,3,a_N100_V3+3D,5.382832954637706
legacy,3,a_N100_V3+3D,5.412707920186222
legacy,3,a_N100_V3+3D,5.336625035852194
legacy,3,a_N100_V3+3D,6.7458340199664235
legacy,3,a_N100_V3+3D,5.566249950788915
legacy,3,a_N100_V3+3D,5.645624944008887
legacy,3,a_N100_V3+3D,5.385084077715874
legacy,3,a_N100_V3+3D,5.358042079024017
legacy,3,a_N100_V3+3D,5.331541993655264
legacy,3,a_N100_V3+3D,5.468500079587102
legacy,3,a_N100_V3+3D,5.491957999765873
legacy,3,a_N100_V3+3D,5.3851669654250145
legacy,3,a_N100_V3+3D,5.36425004247576
legacy,3,a_N100_V3+3D,5.347499973140657
legacy,3,a_N100_V3+3D,5.343375029042363
legacy,3,a_N100_V3+3D,5.370415979996324
legacy,3,a_N100_V3+3D,5.331499967724085
legacy,3,a_N100_V3+3D,5.357790971174836
legacy,3,a_N100_V3+3D,5.34399994648993
legacy,3,a_N100_V3+3D,5.3931670263409615
legacy,3,a_N100_V3+3D,5.291208974085748
legacy,3,a_N100_V3+3D,5.414250073954463
legacy,3,a_N100_V3+3D,5.330624990165234
legacy,3,a_N100_V3+3D,5.343666998669505
legacy,3,a_N100_V3+3D,5.348416045308113
legacy,3,a_N100_V3+3D,5.33170800190419
legacy,3,a_N100_V3+3D,5.411999998614192
legacy,3,a_N100_V3+3D,5.346958059817553
legacy,3,a_N100_V3+3D,5.326999933458865
legacy,3,a_N100_V3+3D,6.016833940520883
legacy,3,a_N100_V3+3D,5.4072909988462925
legacy,3,a_N100_V3+3D,5.376707995310426
legacy,3,a_N100_V3+3D,5.341458949260414
legacy,3,a_N100_V3+3D,5.316667025908828
legacy,3,a_N100_V3+3D,5.282833008095622
legacy,3,a_N100_V3+3D,5.305833998136222
legacy,3,a_N100_V3+3D,5.368291982449591
legacy,3,a_N100_V3+3D,5.6776669807732105
legacy,3,a_N100_V3+3D,5.304334103129804
legacy,3,a_N100_V3+3D,5.881667020730674
legacy,3,a_N100_V3+3D,5.119667039252818
legacy,3,a_N100_V3+3D,5.286584026180208
legacy,3,a_N100_V3+3D,5.058333044871688
legacy,3,a_N100_V3+3D,5.059167044237256
legacy,3,a_N100_V3+3D,5.0835000583902
legacy,3,a_N100_V3+3D,5.079500027932227
legacy,3,a_N100_V3+3D,5.038833012804389
legacy,3,a_N100_V3+3D,5.0683330046013
legacy,3,a_N100_V3+3D,5.04795799497515
legacy,3,a_N100_V3+3D,5.043166922405362
legacy,3,a_N100_V3+3D,5.0481249345466495
legacy,3,a_N100_V3+3D,5.029166000895202
legacy,3,a_N100_V3+3D,4.993082955479622
legacy,3,a_N100_V3+3D,5.05108293145895
legacy,3,a_N100_V3+3D,5.041874945163727
legacy,3,a_N100_V3+3D,5.016749957576394
legacy,3,a_N100_V3+3D,5.033791996538639
legacy,3,a_N100_V3+3D,5.0264999736100435
legacy,3,a_N100_V3+3D,4.973875009454787
legacy,3,a_N100_V3+3D,5.046291975304484
legacy,3,a_N100_V3+3D,4.960416001267731
legacy,3,a_N100_V3+3D,5.06979099009186
legacy,3,a_N100_V3+3D,5.042416974902153
legacy,3,a_N100_V3+3D,5.0309160724282265
legacy,3,a_N100_V3+3D,5.025624996051192
legacy,3,a_N100_V3+3D,5.0905829994007945
legacy,3,a_N100_V3+3D,5.041249911300838
legacy,3,a_N100_V3+3D,5.021457909606397
legacy,3,a_N100_V3+3D,5.026416969485581
legacy,3,a_N100_V3+3D,5.057165981270373
legacy,3,a_N100_V3+3D,4.982957965694368
legacy,3,a_N100_V3+3D,5.060459021478891
legacy,3,a_N100_V3+3D,5.02837507519871
legacy,3,a_N100_V3+3D,5.04891702439636
legacy,3,a_N100_V3+3D,5.020834039896727
legacy,3,a_N100_V3+3D,5.089416052214801
legacy,3,a_N100_V3+3D,4.978625103831291
legacy,3,a_N100_V3+3D,5.034792004153132
legacy,3,a_N100_V3+3D,5.005415994673967
legacy,3,a_N100_V3+3D,5.021916935220361
legacy,3,a_N100_V3+3D,5.032791988924146
legacy,3,a_N100_V3+3D,4.9764999421313405
legacy,3,a_N100_V3+3D,4.986374988220632
legacy,3,a_N100_V3+3D,5.057999980635941
legacy,3,a_N100_V3+3D,5.093666957691312
legacy,3,a_N100_V3+3D,5.894457921385765
legacy,3,a_N100_V3+3D,5.984125076793134
legacy,3,a_N100_V3+3D,5.252999952062964
legacy,3,a_N100_V3+3D,5.101958056911826
legacy,3,a_N100_V3+3D,5.138708045706153
legacy,3,a_N100_V3+3D,5.093333078548312
legacy,3,a_N100_V3+3D,5.758875049650669
legacy,3,a_N100_V3+3D,5.121874972246587
legacy,3,a_N100_V3+3D,5.081375013105571
legacy,3,a_N100_V3+3D,5.075541092082858
legacy,3,a_N100_V3+3D,5.076666944660246
legacy,3,a_N100_V3+3D,5.333125009201467
legacy,3,a_N100_V3+3D,5.110000027343631
legacy,3,a_N100_V3+3D,5.0996249774470925
legacy,3,a_N100_V3+3D,6.256291992031038
legacy,3,a_N100_V3+3D,5.5205830140039325
legacy,3,a_N100_V3+3D,5.597417009994388
legacy,3,a_N100_V3+3D,5.474291974678636
legacy,3,a_N100_V3+3D,5.4709999822080135
legacy,3,a_N100_V3+3D,5.393041996285319
legacy,3,a_N100_V3+3D,5.422292044386268
legacy,3,a_N100_V3+3D,5.41333295404911
legacy,3,a_N100_V3+3D,5.424292059615254
legacy,3,a_N100_V3+3D,5.38012501783669
legacy,3,a_N100_V3+3D,5.382042028941214
legacy,3,a_N100_V3+3D,5.404000054113567
legacy,3,a_N100_V3+3D,5.354958004318178
legacy,3,a_N100_V3+3D,5.462333094328642
legacy,3,a_N100_V3+3D,5.386749980971217
legacy,3,a_N100_V3+3D,5.3849160904064775
legacy,3,a_N100_V3+3D,5.379666923545301
legacy,3,a_N100_V3+3D,5.411459016613662
legacy,3,a_N100_V3+3D,5.843124934472144
legacy,3,a_N100_V3+3D,5.464666988700628
legacy,3,a_N100_V3+3D,5.457666935399175
legacy,3,a_N100_V3+3D,5.398083012551069
legacy,3,a_N100_V3+3D,6.112167029641569
legacy,3,a_N100_V3+3D,5.409375065937638
legacy,3,a_N100_V3+3D,5.396040971390903
legacy,3,a_N100_V3+3D,5.366915953345597
legacy,3,a_N100_V3+3D,5.42558403685689
legacy,3,a_N100_V3+3D,5.370332975871861
legacy,3,a_N100_V3+3D,5.364917102269828
legacy,3,a_N100_V3+3D,5.3978340001776814
legacy,3,a_N100_V3+3D,5.371582927182317
legacy,3,a_N100_V3+3D,5.370041006244719
legacy,3,a_N100_V3+3D,5.418624961748719
legacy,3,a_N100_V3+3D,5.327749997377396
legacy,3,a_N100_V3+3D,5.374667001888156
legacy,3,a_N100_V3+3D,5.372666986659169
legacy,3,a_N100_V3+3D,5.38462505210191
legacy,3,a_N100_V3+3D,5.332457949407399
legacy,3,a_N100_V3+3D,5.341083975508809
legacy,3,a_N100_V3+3D,5.346458056010306
legacy,3,a_N100_V3+3D,5.36791596096009
legacy,3,a_N100_V3+3D,5.312959081493318
legacy,3,a_N100_V3+3D,5.380957969464362
legacy,3,a_N100_V3+3D,5.345665966160595
legacy,3,a_N100_V3+3D,5.354042048566043
legacy,3,a_N100_V3+3D,5.400458001531661
legacy,3,a_N100_V3+3D,5.354958004318178
legacy,3,a_N100_V3+3D,5.353124928660691
legacy,3,a_N100_V3+3D,5.357041954994202
legacy,3,a_N100_V3+3D,5.336749949492514
legacy,3,a_N100_V3+3D,5.351291969418526
legacy,3,a_N100_V3+3D,5.361582967452705
legacy,3,a_N100_V3+3D,5.342290969565511
legacy,3,a_N100_V3+3D,5.317375063896179
legacy,3,a_N100_V3+3D,5.360083072446287
legacy,3,a_N100_V3+3D,5.332958069629967
legacy,3,a_N100_V3+3D,5.307250074110925
legacy,3,a_N100_V3+3D,5.349708022549748
legacy,3,a_N100_V3+3D,5.304833059199154
legacy,3,a_N100_V3+3D,5.269499961286783
legacy,3,a_N100_V3+3D,5.894541973248124
legacy,3,a_N100_V3+3D,5.064999917522073
legacy,3,a_N100_V3+3D,5.146041978150606
legacy,3,a_N100_V3+3D,5.035624955780804
legacy,3,a_N100_V3+3D,5.025832913815975
legacy,3,a_N100_V3+3D,5.184542038477957
legacy,3,a_N100_V3+3D,5.004415987059474
legacy,3,a_N100_V3+3D,4.988499917089939
legacy,3,a_N100_V3+3D,4.986584070138633
legacy,3,a_N100_V3+3D,4.9817090621218085
legacy,3,a_N100_V3+3D,4.980375058948994
legacy,3,a_N100_V3+3D,4.982250044122338
legacy,3,a_N100_V3+3D,4.987542051821947
legacy,3,a_N100_V3+3D,4.975292016752064
legacy,3,a_N100_V3+3D,4.977416945621371
legacy,3,a_N100_V3+3D,4.995124996639788
legacy,3,a_N100_V3+3D,4.975082934834063
legacy,3,a_N100_V3+3D,4.964624997228384
legacy,3,a_N100_V3+3D,4.970624926500022
legacy,3,a_N100_V3+3D,4.943541018292308
legacy,3,a_N100_V3+3D,5.0975000485777855
legacy,3,a_N100_V3+3D,5.652916966937482
legacy,3,a_N100_V3+3D,5.015249946154654
legacy,3,a_N100_V3+3D,4.984374972991645
legacy,3,a_N100_V3+3D,4.968457971699536
legacy,3,a_N100_V3+3D,5.05708297714591
legacy,3,a_N100_V3+3D,5.022292025387287
legacy,3,a_N100_V3+3D,4.961708094924688
legacy,3,a_N100_V3+3D,4.976292024366558
legacy,3,a_N100_V3+3D,4.912291886284947
legacy,3,a_N100_V3+3D,5.027041072025895
legacy,3,a_N100_V3+3D,4.997583921067417
legacy,3,a_N100_V3+3D,4.935542005114257
legacy,3,a_N100_V3+3D,4.944290965795517
legacy,3,a_N100_V3+3D,5.079916096292436
legacy,3,a_N100_V3+3D,4.953791969455779
legacy,3,a_N100_V3+3D,4.974541021510959
legacy,3,a_N100_V3+3D,4.972624941729009
legacy,3,a_N100_V3+3D,4.955708980560303
legacy,3,a_N100_V3+3D,4.969959030859172
legacy,3,a_N100_V3+3D,4.952250048518181
legacy,3,a_N100_V3+3D,4.94999997317791
legacy,3,a_N100_V3+3D,4.948665970005095
legacy,3,a_N100_V3+3D,4.946500062942505
legacy,3,a_N100_V3+3D,4.960416932590306
legacy,3,a_N100_V3+3D,4.9408330814912915
legacy,3,a_N100_V3+3D,4.946750006638467
legacy,3,a_N100_V3+3D,5.069624981842935
legacy,3,a_N100_V3+3D,4.925707937218249
legacy,3,a_N100_V3+3D,4.950874950736761
legacy,3,a_N100_V3+3D,4.9313330091536045
legacy,3,a_N100_V3+3D,4.936499986797571
legacy,3,a_N100_V3+3D,4.9526660004630685
legacy,3,a_N100_V3+3D,4.95145795866847
legacy,3,a_N100_V3+3D,4.9444170435890555
legacy,3,a_N100_V3+3D,4.946792032569647
legacy,3,a_N100_V3+3D,4.946375032886863
legacy,3,a_N100_V3+3D,5.285250023007393
legacy,3,a_N100_V3+3D,4.967124899849296
legacy,3,a_N100_V3+3D,4.967249929904938
legacy,3,a_N100_V3+3D,6.181166972965002
legacy,3,a_N100_V3+3D,5.422624992206693
legacy,3,a_N100_V3+3D,5.502709071151912
legacy,3,a_N100_V3+3D,5.3802080219611526
legacy,3,a_N100_V3+3D,5.351125029847026
legacy,3,a_N100_V3+3D,5.350041901692748
legacy,3,a_N100_V3+3D,5.348291015252471
legacy,3,a_N100_V3+3D,6.673750001937151
legacy,3,a_N100_V3+3D,5.695709027349949
legacy,3,a_N100_V3+3D,5.481792031787336
legacy,3,a_N100_V3+3D,5.4441249230876565
legacy,3,a_N100_V3+3D,5.448541953228414
legacy,3,a_N100_V3+3D,5.409832927398384
legacy,3,a_N100_V3+3D,5.398124922066927
legacy,3,a_N100_V3+3D,5.403749994002283
legacy,3,a_N100_V3+3D,5.4148329654708505
legacy,3,a_N100_V3+3D,5.360624985769391
legacy,3,a_N100_V3+3D,5.382125033065677
legacy,3,a_N100_V3+3D,5.351125029847026
legacy,3,a_N100_V3+3D,5.352125037461519
legacy,3,a_N100_V3+3D,5.362458061426878
legacy,3,a_N100_V3+3D,5.3552500903606415
legacy,3,a_N100_V3+3D,5.373833002522588
legacy,3,a_N100_V3+3D,5.370334023609757
legacy,3,a_N100_V3+3D,5.366500001400709
legacy,3,a_N100_V3+3D,5.360292037948966
legacy,3,a_N100_V3+3D,5.45266701374203
legacy,3,a_N100_V3+3D,5.327999941073358
legacy,3,a_N100_V3+3D,5.395791959017515
legacy,3,a_N100_V3+3D,5.5177920730784535
legacy,3,a_N100_V3+3D,5.397333996370435
legacy,3,a_N100_V3+3D,5.369832972064614
legacy,3,a_N100_V3+3D,5.39212510921061
legacy,3,a_N100_V3+3D,5.3500409703701735
legacy,3,a_N100_V3+3D,5.3725410252809525
legacy,3,a_N100_V3+3D,5.369166960008442
legacy,3,a_N100_V3+3D,5.376625107601285
legacy,3,a_N100_V3+3D,5.329291918314993
legacy,3,a_N100_V3+3D,5.381542025133967
legacy,3,a_N100_V3+3D,5.327874911017716
legacy,3,a_N100_V3+3D,5.338166956789792
legacy,3,a_N100_V3+3D,5.360792041756213
legacy,3,a_N100_V3+3D,5.345707992091775
legacy,3,a_N100_V3+3D,5.327582941390574
legacy,3,a_N100_V3+3D,5.3342500468716025
legacy,3,a_N100_V3+3D,5.323874996975064
legacy,3,a_N100_V3+3D,5.358333000913262
legacy,3,a_N100_V3+3D,5.375750013627112
legacy,3,a_N100_V3+3D,5.346791003830731
legacy,3,a_N100_V3+3D,5.325250094756484
legacy,3,a_N100_V3+3D,5.317542003467679
legacy,3,a_N100_V3+3D,5.321750068105757
legacy,3,a_N100_V3+3D,5.362332914955914
legacy,3,a_N100_V3+3D,5.367749952711165
legacy,3,a_N100_V3+3D,5.377667024731636
legacy,3,a_N100_V3+3D,5.324332974851131
legacy,3,a_N100_V3+3D,5.308583960868418
legacy,3,a_N100_V3+3D,5.358124966733158
legacy,3,a_N100_V3+3D,5.330833024345338
legacy,3,a_N100_V3+3D,5.482709035277367
legacy,3,a_N100_V3+3D,5.837082979269326
legacy,3,a_N100_V3+3D,5.10704203043133
legacy,3,a_N100_V3+3D,5.19599998369813
legacy,3,a_N100_V3+3D,5.054624984040856
legacy,3,a_N100_V3+3D,5.031667067669332
legacy,3,a_N100_V3+3D,5.089374957606196
legacy,3,a_N100_V3+3D,5.02254196908325
legacy,3,a_N100_V3+3D,5.021458957344294
legacy,3,a_N100_V3+3D,5.006207968108356
legacy,3,a_N100_V3+3D,5.01412502489984
legacy,3,a_N100_V3+3D,4.998708958737552
legacy,3,a_N100_V3+3D,4.996166913770139
legacy,3,a_N100_V3+3D,5.352583946660161
legacy,3,a_N100_V3+3D,4.9718749942258
legacy,3,a_N100_V3+3D,4.995708004571497
legacy,3,a_N100_V3+3D,5.056458991020918
legacy,3,a_N100_V3+3D,4.976709024049342
legacy,3,a_N100_V3+3D,4.9885420594364405
legacy,3,a_N100_V3+3D,4.995375056751072
legacy,3,a_N100_V3+3D,4.976792028173804
legacy,3,a_N100_V3+3D,4.994583083316684
legacy,3,a_N100_V3+3D,4.979833960533142
legacy,3,a_N100_V3+3D,5.035042064264417
legacy,3,a_N100_V3+3D,4.948582965880632
legacy,3,a_N100_V3+3D,4.956417018547654
legacy,3,a_N100_V3+3D,4.967666929587722
legacy,3,a_N100_V3+3D,4.974458017386496
legacy,3,a_N100_V3+3D,4.957082914188504
legacy,3,a_N100_V3+3D,4.951084032654762
legacy,3,a_N100_V3+3D,5.002083024010062
legacy,3,a_N100_V3+3D,4.955791984684765
legacy,3,a_N100_V3+3D,5.014750058762729
legacy,3,a_N100_V3+3D,5.057041998952627
legacy,3,a_N100_V3+3D,4.940625047311187
legacy,3,a_N100_V3+3D,4.952167044393718
legacy,3,a_N100_V3+3D,4.986500018276274
legacy,3,a_N100_V3+3D,4.987999913282692
legacy,3,a_N100_V3+3D,4.990124958567321
legacy,3,a_N100_V3+3D,4.976666998118162
legacy,3,a_N100_V3+3D,4.971083952113986
legacy,3,a_N100_V3+3D,4.977916949428618
legacy,3,a_N100_V3+3D,4.958416917361319
legacy,3,a_N100_V3+3D,5.066041951067746
legacy,3,a_N100_V3+3D,4.934999975375831
legacy,3,a_N100_V3+3D,4.981291946023703
legacy,3,a_N100_V3+3D,4.965416970662773
legacy,3,a_N100_V3+3D,4.969791043549776
legacy,3,a_N100_V3+3D,4.977958044037223
legacy,3,a_N100_V3+3D,4.973542061634362
legacy,3,a_N100_V3+3D,4.948167013935745
legacy,3,a_N100_V3+3D,4.962375038303435
legacy,3,a_N100_V3+3D,4.953416995704174
legacy,3,a_N100_V3+3D,4.9722089897841215
legacy,3,a_N100_V3+3D,4.953125026077032
legacy,3,a_N100_V3+3D,4.991499939933419
legacy,3,a_N100_V3+3D,4.968374967575073
legacy,3,a_N100_V3+3D,4.958249977789819
legacy,3,a_N100_V3+3D,5.199374980293214
legacy,3,a_N100_V3+3D,5.0096670165658
legacy,3,a_N100_V3+3D,5.05708297714591
legacy,3,a_N100_V3+3D,6.547750090248883
legacy,3,a_N100_V3+3D,5.53504191339016
legacy,3,a_N100_V3+3D,5.518708028830588
legacy,3,a_N100_V3+3D,5.562459002248943
legacy,3,a_N100_V3+3D,5.54537505377084
legacy,3,a_N100_V3+3D,5.492374999448657
legacy,3,a_N100_V3+3D,5.512917065061629
legacy,3,a_N100_V3+3D,5.419959081336856
legacy,3,a_N100_V3+3D,5.451417062431574
legacy,3,a_N100_V3+3D,5.437958985567093
legacy,3,a_N100_V3+3D,5.459749954752624
legacy,3,a_N100_V3+3D,5.482624983415008
legacy,3,a_N100_V3+3D,5.463624955154955
legacy,3,a_N100_V3+3D,5.4383339593186975
legacy,3,a_N100_V3+3D,5.4152499651536345
legacy,3,a_N100_V3+3D,5.495166988112032
legacy,3,a_N100_V3+3D,5.962291965261102
legacy,3,a_N100_V3+3D,5.581790930591524
legacy,3,a_N100_V3+3D,5.502374959178269
legacy,3,a_N100_V3+3D,5.500625004060566
legacy,3,a_N100_V3+3D,5.436458042822778
legacy,3,a_N100_V3+3D,5.502625019289553
legacy,3,a_N100_V3+3D,5.545792053453624
legacy,3,a_N100_V3+3D,5.484500085003674
legacy,3,a_N100_V3+3D,5.4599998984485865
legacy,3,a_N100_V3+3D,5.442749941721559
legacy,3,a_N100_V3+3D,5.521166021935642
legacy,3,a_N100_V3+3D,5.466082948260009
legacy,3,a_N100_V3+3D,5.486999987624586
legacy,3,a_N100_V3+3D,5.607708008028567
legacy,3,a_N100_V3+3D,5.372666986659169
legacy,3,a_N100_V3+3D,5.44891704339534
legacy,3,a_N100_V3+3D,5.457415943965316
legacy,3,a_N100_V3+3D,5.446208990179002
legacy,3,a_N100_V3+3D,6.007584044709802
legacy,3,a_N100_V3+3D,5.459874984808266
legacy,3,a_N100_V3+3D,5.466834059916437
legacy,3,a_N100_V3+3D,5.424208007752895
legacy,3,a_N100_V3+3D,5.449083051644266
legacy,3,a_N100_V3+3D,5.428666947409511
legacy,3,a_N100_V3+3D,5.488583934493363
legacy,3,a_N100_V3+3D,5.585832986980677
legacy,3,a_N100_V3+3D,5.428000004030764
legacy,3,a_N100_V3+3D,5.390667007304728
legacy,3,a_N100_V3+3D,5.445165908895433
legacy,3,a_N100_V3+3D,5.444334005005658
legacy,3,a_N100_V3+3D,5.480499938130379
legacy,3,a_N100_V3+3D,5.4698329186066985
legacy,3,a_N100_V3+3D,5.416875006631017
legacy,3,a_N100_V3+3D,5.425959010608494
legacy,3,a_N100_V3+3D,5.385832977481186
legacy,3,a_N100_V3+3D,5.398667068220675
legacy,3,a_N100_V3+3D,5.430417018942535
legacy,3,a_N100_V3+3D,5.422624992206693
legacy,3,a_N100_V3+3D,5.411958904005587
legacy,3,a_N100_V3+3D,5.39762491825968
legacy,3,a_N100_V3+3D,5.417291889898479
legacy,3,a_N100_V3+3D,5.422667018137872
legacy,3,a_N100_V3+3D,5.357792018912733
legacy,3,a_N100_V3+3D,5.541375023312867
legacy,3,a_N100_V3+3D,5.806999979540706
legacy,3,a_N100_V3+3D,5.154624930582941
legacy,3,a_N100_V3+3D,5.167166935279965
legacy,3,a_N100_V3+3D,5.033291992731392
legacy,3,a_N100_V3+3D,5.06474997382611
legacy,3,a_N100_V3+3D,5.005958024412394
legacy,3,a_N100_V3+3D,5.056292051449418
legacy,3,a_N100_V3+3D,5.041916971094906
legacy,3,a_N100_V3+3D,5.022582947276533
legacy,3,a_N100_V3+3D,5.012416979297996
legacy,3,a_N100_V3+3D,4.973042057827115
legacy,3,a_N100_V3+3D,4.9860000144690275
legacy,3,a_N100_V3+3D,4.985750070773065
legacy,3,a_N100_V3+3D,4.986500018276274
legacy,3,a_N100_V3+3D,5.000750068575144
legacy,3,a_N100_V3+3D,5.04125002771616
legacy,3,a_N100_V3+3D,4.975499934516847
legacy,3,a_N100_V3+3D,4.977750009857118
legacy,3,a_N100_V3+3D,5.00045798253268
legacy,3,a_N100_V3+3D,4.981708945706487
legacy,3,a_N100_V3+3D,5.418792017735541
legacy,3,a_N100_V3+3D,5.131999962031841
legacy,3,a_N100_V3+3D,5.065083969384432
legacy,3,a_N100_V3+3D,5.049749976024032
legacy,3,a_N100_V3+3D,5.0348329823464155
legacy,3,a_N100_V3+3D,5.048249964602292
legacy,3,a_N100_V3+3D,5.064291995950043
legacy,3,a_N100_V3+3D,4.988915985450149
legacy,3,a_N100_V3+3D,5.008709034882486
legacy,3,a_N100_V3+3D,5.044499994255602
legacy,3,a_N100_V3+3D,5.013083922676742
legacy,3,a_N100_V3+3D,4.974541952833533
legacy,3,a_N100_V3+3D,4.975541029125452
legacy,3,a_N100_V3+3D,4.979624995030463
legacy,3,a_N100_V3+3D,4.999666940420866
legacy,3,a_N100_V3+3D,5.0015830202028155
legacy,3,a_N100_V3+3D,5.030874977819622
legacy,3,a_N100_V3+3D,5.546332919038832
legacy,3,a_N100_V3+3D,5.015125032514334
legacy,3,a_N100_V3+3D,4.971791990101337
legacy,3,a_N100_V3+3D,4.985125036910176
legacy,3,a_N100_V3+3D,5.407624994404614
legacy,3,a_N100_V3+3D,5.036792019382119
legacy,3,a_N100_V3+3D,4.986500018276274
legacy,3,a_N100_V3+3D,4.964375053532422
legacy,3,a_N100_V3+3D,4.979083081707358
legacy,3,a_N100_V3+3D,4.983582999557257
legacy,3,a_N100_V3+3D,5.016207927837968
legacy,3,a_N100_V3+3D,4.993833950720727
legacy,3,a_N100_V3+3D,4.975749994628131
legacy,3,a_N100_V3+3D,4.985790932551026
legacy,3,a_N100_V3+3D,5.740833003073931
legacy,3,a_N100_V3+3D,5.10870898142457
legacy,3,a_N100_V3+3D,5.038833012804389
legacy,3,a_N100_V3+3D,5.025292048230767
legacy,3,a_N100_V3+3D,4.99529205262661
legacy,3,a_N100_V3+3D,4.9950419925153255
legacy,3,a_N100_V3+3D,5.238458048552275
legacy,3,a_N100_V3+3D,4.983667051419616
legacy,3,a_N100_V3+3D,5.059542017988861
legacy,3,a_N100_V3+3D,6.187082966789603
legacy,3,a_N100_V3+3D,5.461334018036723
legacy,3,a_N100_V3+3D,5.535333068110049
legacy,3,a_N100_V3+3D,5.3849160904064775
legacy,3,a_N100_V3+3D,5.377999972552061
legacy,3,a_N100_V3+3D,5.451625096611679
legacy,3,a_N100_V3+3D,5.37191703915596
legacy,3,a_N100_V3+3D,5.350625026039779
legacy,3,a_N100_V3+3D,5.352374981157482
legacy,3,a_N100_V3+3D,5.359541974030435
legacy,3,a_N100_V3+3D,5.355583969503641
legacy,3,a_N100_V3+3D,5.4373330203816295
legacy,3,a_N100_V3+3D,5.524000036530197
legacy,3,a_N100_V3+3D,5.4123339941725135
legacy,3,a_N100_V3+3D,5.330124986357987
legacy,3,a_N100_V3+3D,5.372042069211602
legacy,3,a_N100_V3+3D,5.337959039025009
legacy,3,a_N100_V3+3D,5.366292083635926
legacy,3,a_N100_V3+3D,5.334999994374812
legacy,3,a_N100_V3+3D,5.32608397770673
legacy,3,a_N100_V3+3D,5.352624924853444
legacy,3,a_N100_V3+3D,5.503374966792762
legacy,3,a_N100_V3+3D,5.366291967220604
legacy,3,a_N100_V3+3D,5.426624906249344
legacy,3,a_N100_V3+3D,5.322042037732899
legacy,3,a_N100_V3+3D,5.388292018324137
legacy,3,a_N100_V3+3D,5.367917008697987
legacy,3,a_N100_V3+3D,5.324875004589558
legacy,3,a_N100_V3+3D,5.324666970409453
legacy,3,a_N100_V3+3D,5.313333007507026
legacy,3,a_N100_V3+3D,5.2984170615673065
legacy,3,a_N100_V3+3D,5.301667028106749
legacy,3,a_N100_V3+3D,5.322208045981824
legacy,3,a_N100_V3+3D,5.3747500060126185
legacy,3,a_N100_V3+3D,5.297000054270029
legacy,3,a_N100_V3+3D,5.316874943673611
legacy,3,a_N100_V3+3D,5.3576669888570905
legacy,3,a_N100_V3+3D,5.343666998669505
legacy,3,a_N100_V3+3D,5.333250039257109
legacy,3,a_N100_V3+3D,5.434999940916896
legacy,3,a_N100_V3+3D,5.962042021565139
legacy,3,a_N100_V3+3D,5.385417025536299
legacy,3,a_N100_V3+3D,5.311249988153577
legacy,3,a_N100_V3+3D,5.281541030853987
legacy,3,a_N100_V3+3D,5.294249975122511
legacy,3,a_N100_V3+3D,5.388792022131383
legacy,3,a_N100_V3+3D,5.305917002260685
legacy,3,a_N100_V3+3D,5.35154202952981
legacy,3,a_N100_V3+3D,5.317333969287574
legacy,3,a_N100_V3+3D,5.299291922710836
legacy,3,a_N100_V3+3D,5.279999924823642
legacy,3,a_N100_V3+3D,5.314999958500266
legacy,3,a_N100_V3+3D,5.296875024214387
legacy,3,a_N100_V3+3D,5.324332974851131
legacy,3,a_N100_V3+3D,5.303582991473377
legacy,3,a_N100_V3+3D,5.5483749601989985
legacy,3,a_N100_V3+3D,5.29654195997864
legacy,3,a_N100_V3+3D,5.357000045478344
legacy,3,a_N100_V3+3D,5.376000073738396
legacy,3,a_N100_V3+3D,5.326249985955656
legacy,3,a_N100_V3+3D,5.7887909933924675
legacy,3,a_N100_V3+3D,5.110708996653557
legacy,3,a_N100_V3+3D,5.1680830074474216
legacy,3,a_N100_V3+3D,5.045084049925208
legacy,3,a_N100_V3+3D,5.01433399040252
legacy,3,a_N100_V3+3D,5.0374160055071115
legacy,3,a_N100_V3+3D,5.015459028072655
legacy,3,a_N100_V3+3D,5.029750056564808
legacy,3,a_N100_V3+3D,4.996000090613961
legacy,3,a_N100_V3+3D,4.998124903067946
legacy,3,a_N100_V3+3D,5.011791945435107
legacy,3,a_N100_V3+3D,5.00883290078491
legacy,3,a_N100_V3+3D,5.037874914705753
legacy,3,a_N100_V3+3D,5.05508400965482
legacy,3,a_N100_V3+3D,5.014166003093123
legacy,3,a_N100_V3+3D,5.035499925725162
legacy,3,a_N100_V3+3D,5.012416979297996
legacy,3,a_N100_V3+3D,4.980167024768889
legacy,3,a_N100_V3+3D,4.976249998435378
legacy,3,a_N100_V3+3D,5.021417047828436
legacy,3,a_N100_V3+3D,4.977542092092335
legacy,3,a_N100_V3+3D,5.003167083486915
legacy,3,a_N100_V3+3D,4.996292060241103
legacy,3,a_N100_V3+3D,4.974124953150749
legacy,3,a_N100_V3+3D,4.968583933077753
legacy,3,a_N100_V3+3D,4.982999991625547
legacy,3,a_N100_V3+3D,5.020291893742979
legacy,3,a_N100_V3+3D,4.99074999243021
legacy,3,a_N100_V3+3D,5.024499958381057
legacy,3,a_N100_V3+3D,4.991292022168636
legacy,3,a_N100_V3+3D,4.975334042683244
legacy,3,a_N100_V3+3D,5.000666016712785
legacy,3,a_N100_V3+3D,4.954166943207383
legacy,3,a_N100_V3+3D,4.975292016752064
legacy,3,a_N100_V3+3D,4.9725830322131515
legacy,3,a_N100_V3+3D,4.962916020303965
legacy,3,a_N100_V3+3D,4.98608301859349
legacy,3,a_N100_V3+3D,4.986834013834596
legacy,3,a_N100_V3+3D,4.967625020071864
legacy,3,a_N100_V3+3D,4.95750003028661
legacy,3,a_N100_V3+3D,4.987458931282163
legacy,3,a_N100_V3+3D,4.981999984011054
legacy,3,a_N100_V3+3D,5.000583943910897
legacy,3,a_N100_V3+3D,5.532042006962001
legacy,3,a_N100_V3+3D,5.016291048377752
legacy,3,a_N100_V3+3D,4.997749929316342
legacy,3,a_N100_V3+3D,5.028582992963493
legacy,3,a_N100_V3+3D,5.035666981711984
legacy,3,a_N100_V3+3D,4.95299999602139
legacy,3,a_N100_V3+3D,4.984374972991645
legacy,3,a_N100_V3+3D,4.974958021193743
legacy,3,a_N100_V3+3D,4.99379204120487
legacy,3,a_N100_V3+3D,4.9504589987918735
legacy,3,a_N100_V3+3D,5.02837507519871
legacy,3,a_N100_V3+3D,4.969374975189567
legacy,3,a_N100_V3+3D,5.0039999186992645
legacy,3,a_N100_V3+3D,5.016000010073185
legacy,3,a_N100_V3+3D,5.224082968197763
legacy,3,a_N100_V3+3D,5.0576250068843365
legacy,3,a_N100_V3+3D,4.97258291579783
legacy,3,a_N100_V3+3D,6.1145840445533395
legacy,3,a_N100_V3+3D,5.5723750265315175
legacy,3,a_N100_V3+3D,5.5911249946802855
legacy,3,a_N100_V3+3D,5.546665983274579
legacy,3,a_N100_V3+3D,5.387083976529539
legacy,3,a_N100_V3+3D,5.515916971489787
legacy,3,a_N100_V3+3D,5.500833969563246
legacy,3,a_N100_V3+3D,5.479500046931207
legacy,3,a_N100_V3+3D,5.3562920074909925
legacy,3,a_N100_V3+3D,5.466041038744152
legacy,3,a_N100_V3+3D,5.397875094786286
legacy,3,a_N100_V3+3D,5.467916955240071
legacy,3,a_N100_V3+3D,5.505500012077391
legacy,3,a_N100_V3+3D,5.497416015714407
legacy,3,a_N100_V3+3D,5.633458960801363
legacy,3,a_N100_V3+3D,5.570292007178068
legacy,3,a_N100_V3+3D,5.380457965657115
legacy,3,a_N100_V3+3D,5.439499975182116
legacy,3,a_N100_V3+3D,5.422416026704013
legacy,3,a_N100_V3+3D,5.447666975669563
legacy,3,a_N100_V3+3D,5.344875040464103
legacy,3,a_N100_V3+3D,5.462915985845029
legacy,3,a_N100_V3+3D,5.438958061859012
legacy,3,a_N100_V3+3D,5.320667056366801
legacy,3,a_N100_V3+3D,5.40504208765924
legacy,3,a_N100_V3+3D,5.427040974609554
legacy,3,a_N100_V3+3D,5.368708982132375
legacy,3,a_N100_V3+3D,5.441875080578029
legacy,3,a_N100_V3+3D,5.511083058081567
legacy,3,a_N100_V3+3D,5.455249920487404
legacy,3,a_N100_V3+3D,5.590165965259075
legacy,3,a_N100_V3+3D,5.472999997437
legacy,3,a_N100_V3+3D,5.334459012374282
legacy,3,a_N100_V3+3D,5.46833302360028
legacy,3,a_N100_V3+3D,5.48720802180469
legacy,3,a_N100_V3+3D,5.3443340584635735
legacy,3,a_N100_V3+3D,5.460084066726267
legacy,3,a_N100_V3+3D,5.459832958877087
legacy,3,a_N100_V3+3D,5.365584045648575
legacy,3,a_N100_V3+3D,5.37091598380357
legacy,3,a_N100_V3+3D,5.487708025611937
legacy,3,a_N100_V3+3D,5.453208927065134
legacy,3,a_N100_V3+3D,5.349624902009964
legacy,3,a_N100_V3+3D,5.377207999117672
legacy,3,a_N100_V3+3D,5.332374945282936
legacy,3,a_N100_V3+3D,5.310415988788009
legacy,3,a_N100_V3+3D,5.724499933421612
legacy,3,a_N100_V3+3D,5.4319159826263785
legacy,3,a_N100_V3+3D,5.36479102447629
legacy,3,a_N100_V3+3D,5.636250018142164
legacy,3,a_N100_V3+3D,5.508749978616834
legacy,3,a_N100_V3+3D,5.499540944583714
legacy,3,a_N100_V3+3D,5.476290942169726
legacy,3,a_N100_V3+3D,5.466917064040899
legacy,3,a_N100_V3+3D,5.343541037291288
legacy,3,a_N100_V3+3D,5.466125090606511
legacy,3,a_N100_V3+3D,5.450416938401759
legacy,3,a_N100_V3+3D,5.359250004403293
legacy,3,a_N100_V3+3D,5.4441249230876565
legacy,3,a_N100_V3+3D,5.3019169718027115
legacy,3,a_N100_V3+3D,5.821250029839575
legacy,3,a_N100_V3+3D,5.149042000994086
legacy,3,a_N100_V3+3D,5.334208952262998
legacy,3,a_N100_V3+3D,5.060250055976212
legacy,3,a_N100_V3+3D,5.087499972432852
legacy,3,a_N100_V3+3D,5.057333968579769
legacy,3,a_N100_V3+3D,5.071040941402316
legacy,3,a_N100_V3+3D,5.036332993768156
legacy,3,a_N100_V3+3D,5.041625001467764
legacy,3,a_N100_V3+3D,5.030625034123659
legacy,3,a_N100_V3+3D,5.054292036220431
legacy,3,a_N100_V3+3D,5.042792065069079
legacy,3,a_N100_V3+3D,5.038584000431001
legacy,3,a_N100_V3+3D,5.025750026106834
legacy,3,a_N100_V3+3D,5.03000000026077
legacy,3,a_N100_V3+3D,5.053083063103259
legacy,3,a_N100_V3+3D,5.0197080709040165
legacy,3,a_N100_V3+3D,4.950666916556656
legacy,3,a_N100_V3+3D,5.078457994386554
legacy,3,a_N100_V3+3D,5.0293749663978815
legacy,3,a_N100_V3+3D,5.011041997931898
legacy,3,a_N100_V3+3D,5.058708949945867
legacy,3,a_N100_V3+3D,5.020375014282763
legacy,3,a_N100_V3+3D,4.995999974198639
legacy,3,a_N100_V3+3D,5.116167012602091
legacy,3,a_N100_V3+3D,4.936415934935212
legacy,3,a_N100_V3+3D,5.04725007340312
legacy,3,a_N100_V3+3D,5.147624993696809
legacy,3,a_N100_V3+3D,5.044750054366887
legacy,3,a_N100_V3+3D,4.977125092409551
legacy,3,a_N100_V3+3D,4.998582997359335
legacy,3,a_N100_V3+3D,4.955166019499302
legacy,3,a_N100_V3+3D,4.971291986294091
legacy,3,a_N100_V3+3D,5.033666035160422
legacy,3,a_N100_V3+3D,5.310292006470263
legacy,3,a_N100_V3+3D,5.937999929301441
legacy,3,a_N100_V3+3D,5.2013329695910215
legacy,3,a_N100_V3+3D,5.114250001497567
legacy,3,a_N100_V3+3D,5.122459027916193
legacy,3,a_N100_V3+3D,5.104874959215522
legacy,3,a_N100_V3+3D,5.106125026941299
legacy,3,a_N100_V3+3D,5.098709021694958
legacy,3,a_N100_V3+3D,5.081749986857176
legacy,3,a_N100_V3+3D,5.068875034339726
legacy,3,a_N100_V3+3D,5.122500006109476
legacy,3,a_N100_V3+3D,5.07595797535032
legacy,3,a_N100_V3+3D,5.135792074725032
legacy,3,a_N100_V3+3D,5.0760000012815
legacy,3,a_N100_V3+3D,4.980750032700598
legacy,3,a_N100_V3+3D,5.089957965537906
legacy,3,a_N100_V3+3D,5.058542010374367
legacy,3,a_N100_V3+3D,5.061540985479951
legacy,3,a_N100_V3+3D,5.025167018175125
legacy,3,a_N100_V3+3D,5.035624955780804
legacy,3,a_N100_V3+3D,5.030708969570696
legacy,3,a_N100_V3+3D,5.017957999370992
legacy,3,a_N100_V3+3D,5.077584064565599
legacy,3,a_N100_V3+3D,5.41937502566725
legacy,3,a_N100_V3+3D,5.187042057514191
legacy,3,a_N100_V3+3D,5.092625040560961
legacy,3,a_N100_V3+3D,6.199917057529092
legacy,3,a_N100_V3+3D,5.483291926793754
legacy,3,a_N100_V3+3D,5.510209011845291
legacy,3,a_N100_V3+3D,5.412957980297506
legacy,3,a_N100_V3+3D,5.389500060118735
legacy,3,a_N100_V3+3D,5.369542050175369
legacy,3,a_N100_V3+3D,5.376707995310426
legacy,3,a_N100_V3+3D,5.395125015638769
legacy,3,a_N100_V3+3D,5.784917040728033
legacy,3,a_N100_V3+3D,5.394417094066739
legacy,3,a_N100_V3+3D,5.3613330237567425
legacy,3,a_N100_V3+3D,5.345167010091245
legacy,3,a_N100_V3+3D,5.358166992664337
legacy,3,a_N100_V3+3D,5.3755000699311495
legacy,3,a_N100_V3+3D,5.347333964891732
legacy,3,a_N100_V3+3D,5.404166993685067
legacy,3,a_N100_V3+3D,5.3608749294653535
legacy,3,a_N100_V3+3D,5.3866669768467546
legacy,3,a_N100_V3+3D,5.437875050120056
legacy,3,a_N100_V3+3D,5.399791989475489
legacy,3,a_N100_V3+3D,5.362000083550811
legacy,3,a_N100_V3+3D,5.3602500120177865
legacy,3,a_N100_V3+3D,5.360583076253533
legacy,3,a_N100_V3+3D,5.400584079325199
legacy,3,a_N100_V3+3D,5.360916024073958
legacy,3,a_N100_V3+3D,5.356166046112776
legacy,3,a_N100_V3+3D,5.3978340001776814
legacy,3,a_N100_V3+3D,5.385000025853515
legacy,3,a_N100_V3+3D,5.365666002035141
legacy,3,a_N100_V3+3D,5.385749973356724
legacy,3,a_N100_V3+3D,5.3533329628407955
legacy,3,a_N100_V3+3D,5.36645797546953
legacy,3,a_N100_V3+3D,5.343083990737796
legacy,3,a_N100_V3+3D,5.340207950212061
legacy,3,a_N100_V3+3D,5.341332987882197
legacy,3,a_N100_V3+3D,5.359792034141719
legacy,3,a_N100_V3+3D,5.3732499945908785
legacy,3,a_N100_V3+3D,5.3446670062839985
legacy,3,a_N100_V3+3D,5.339125054888427
legacy,3,a_N100_V3+3D,5.328958039171994
legacy,3,a_N100_V3+3D,5.318958079442382
legacy,3,a_N100_V3+3D,5.342583986930549
legacy,3,a_N100_V3+3D,5.3505830001086
legacy,3,a_N100_V3+3D,5.344167002476752
legacy,3,a_N100_V3+3D,5.363333970308304
legacy,3,a_N100_V3+3D,5.341458017937839
legacy,3,a_N100_V3+3D,5.345416953787208
legacy,3,a_N100_V3+3D,5.349332932382822
legacy,3,a_N100_V3+3D,5.333250039257109
legacy,3,a_N100_V3+3D,5.381540977396071
legacy,3,a_N100_V3+3D,5.3464589873328805
legacy,3,a_N100_V3+3D,5.34999999217689
legacy,3,a_N100_V3+3D,5.32650004606694
legacy,3,a_N100_V3+3D,5.329917068593204
legacy,3,a_N100_V3+3D,5.331917083822191
legacy,3,a_N100_V3+3D,5.345083074644208
legacy,3,a_N100_V3+3D,5.310791078954935
legacy,3,a_N100_V3+3D,5.390041042119265
legacy,3,a_N100_V3+3D,5.336124915629625
legacy,3,a_N100_V3+3D,5.301250028423965
legacy,3,b_N100_V4,8.476832997985184
legacy,3,b_N100_V4,7.204583031125367
legacy,3,b_N100_V4,7.131666992790997
legacy,3,b_N100_V4,7.070666062645614
legacy,3,b_N100_V4,7.049166946671903
legacy,3,b_N100_V4,7.025709026493132
legacy,3,b_N100_V4,7.057374925352633
legacy,3,b_N100_V4,7.071917061693966
legacy,3,b_N100_V4,7.048708037473261
legacy,3,b_N100_V4,7.350082974880934
legacy,3,b_N100_V4,7.0943329483270645
legacy,3,b_N100_V4,7.0071249501779675
legacy,3,b_N100_V4,7.072584005072713
legacy,3,b_N100_V4,7.050332962535322
legacy,3,b_N100_V4,7.033375091850758
legacy,3,b_N100_V4,7.112791063264012
legacy,3,b_N100_V4,7.0118330186232924
legacy,3,b_N100_V4,7.009791908785701
legacy,3,b_N100_V4,6.984250037930906
legacy,3,b_N100_V4,7.087124977260828
legacy,3,b_N100_V4,7.010499946773052
legacy,3,b_N100_V4,7.101499941200018
legacy,3,b_N100_V4,7.00724998023361
legacy,3,b_N100_V4,6.985667045228183
legacy,3,b_N100_V4,7.938791997730732
legacy,3,b_N100_V4,7.1422080509364605
legacy,3,b_N100_V4,7.0480830036103725
legacy,3,b_N100_V4,7.009166991338134
legacy,3,b_N100_V4,6.944042048417032
legacy,3,b_N100_V4,6.955542019568384
legacy,3,b_N100_V4,7.187500013969839
legacy,3,b_N100_V4,6.982040940783918
legacy,3,b_N100_V4,6.98329193983227
legacy,3,b_N100_V4,6.9542910205200315
legacy,3,b_N100_V4,6.989166024141014
legacy,3,b_N100_V4,6.982708000577986
legacy,3,b_N100_V4,7.036374998278916
legacy,3,b_N100_V4,7.108540972694755
legacy,3,b_N100_V4,6.99137500487268
legacy,3,b_N100_V4,6.9865420227870345
legacy,3,b_N100_V4,6.976207951083779
legacy,3,b_N100_V4,6.961709004826844
legacy,3,b_N100_V4,6.990167079493403
legacy,3,b_N100_V4,7.030792068690062
legacy,3,b_N100_V4,6.949083996005356
legacy,3,b_N100_V4,6.944459048099816
legacy,3,b_N100_V4,6.972125032916665
legacy,3,b_N100_V4,6.979125086218119
legacy,3,b_N100_V4,7.009000051766634
legacy,3,b_N100_V4,6.968249916099012
legacy,3,b_N100_V4,7.056292030028999
legacy,3,b_N100_V4,7.0599999744445086
legacy,3,b_N100_V4,7.026667008176446
legacy,3,b_N100_V4,7.114500040188432
legacy,3,b_N100_V4,6.953459000214934
legacy,3,b_N100_V4,6.930000032298267
legacy,3,b_N100_V4,6.918624974787235
legacy,3,b_N100_V4,6.996041047386825
legacy,3,b_N100_V4,6.99887506198138
legacy,3,b_N100_V4,6.942667067050934
legacy,3,b_N100_V4,8.18958308082074
legacy,3,b_N100_V4,7.442500093020499
legacy,3,b_N100_V4,7.457499974407256
legacy,3,b_N100_V4,7.476041908375919
legacy,3,b_N100_V4,7.414374966174364
legacy,3,b_N100_V4,7.399833993986249
legacy,3,b_N100_V4,7.343249977566302
legacy,3,b_N100_V4,7.366082980297506
legacy,3,b_N100_V4,7.330541964620352
legacy,3,b_N100_V4,7.430042023770511
legacy,3,b_N100_V4,7.336333044804633
legacy,3,b_N100_V4,7.311749970540404
legacy,3,b_N100_V4,7.273082970641553
legacy,3,b_N100_V4,7.498792023397982
legacy,3,b_N100_V4,7.306584040634334
legacy,3,b_N100_V4,7.340333075262606
legacy,3,b_N100_V4,7.280917023308575
legacy,3,b_N100_V4,7.308749947696924
legacy,3,b_N100_V4,7.274125004187226
legacy,3,b_N100_V4,7.3940419824793935
legacy,3,b_N100_V4,7.401917013339698
legacy,3,b_N100_V4,7.344040903262794
legacy,3,b_N100_V4,7.28495791554451
legacy,3,b_N100_V4,7.317333947867155
legacy,3,b_N100_V4,7.281500031240284
legacy,3,b_N100_V4,7.382042007520795
legacy,3,b_N100_V4,7.275625015608966
legacy,3,b_N100_V4,7.304124999791384
legacy,3,b_N100_V4,7.284417049959302
legacy,3,b_N100_V4,7.618417032063007
legacy,3,b_N100_V4,7.356000016443431
legacy,3,b_N100_V4,7.273917086422443
legacy,3,b_N100_V4,7.281541940756142
legacy,3,b_N100_V4,7.299249991774559
legacy,3,b_N100_V4,7.277583004906774
legacy,3,b_N100_V4,7.347291917540133
legacy,3,b_N100_V4,7.2836249601095915
legacy,3,b_N100_V4,7.3292499873787165
legacy,3,b_N100_V4,7.2633749805390835
legacy,3,b_N100_V4,7.380250026471913
legacy,3,b_N100_V4,7.262040977366269
legacy,3,b_N100_V4,7.268624962307513
legacy,3,b_N100_V4,7.330124964937568
legacy,3,b_N100_V4,7.339500007219613
legacy,3,b_N100_V4,7.288375054486096
legacy,3,b_N100_V4,7.758749998174608
legacy,3,b_N100_V4,7.289417088031769
legacy,3,b_N100_V4,7.334208930842578
legacy,3,b_N100_V4,7.281291065737605
legacy,3,b_N100_V4,7.349791005253792
legacy,3,b_N100_V4,7.31770892161876
legacy,3,b_N100_V4,7.301415898837149
legacy,3,b_N100_V4,7.338874973356724
legacy,3,b_N100_V4,7.285999949090183
legacy,3,b_N100_V4,7.2735829744488
legacy,3,b_N100_V4,7.394707994535565
legacy,3,b_N100_V4,7.279750076122582
legacy,3,b_N100_V4,7.305665989406407
legacy,3,b_N100_V4,7.243916974402964
legacy,3,b_N100_V4,7.263959036208689
legacy,3,b_N100_V4,7.841291022486985
legacy,3,b_N100_V4,7.034790934994817
legacy,3,b_N100_V4,7.013084017671645
legacy,3,b_N100_V4,7.064500008709729
legacy,3,b_N100_V4,6.945625063963234
legacy,3,b_N100_V4,6.961167091503739
legacy,3,b_N100_V4,6.960583035834134
legacy,3,b_N100_V4,7.021375000476837
legacy,3,b_N100_V4,7.023541955277324
legacy,3,b_N100_V4,7.056875037960708
legacy,3,b_N100_V4,6.92049995996058
legacy,3,b_N100_V4,7.066166959702969
legacy,3,b_N100_V4,6.948999944142997
legacy,3,b_N100_V4,6.922832923009992
legacy,3,b_N100_V4,6.928125047124922
legacy,3,b_N100_V4,6.905582966282964
legacy,3,b_N100_V4,6.881208042614162
legacy,3,b_N100_V4,6.904709036462009
legacy,3,b_N100_V4,6.955499993637204
legacy,3,b_N100_V4,6.939082988537848
legacy,3,b_N100_V4,6.92895904649049
legacy,3,b_N100_V4,6.927791051566601
legacy,3,b_N100_V4,6.923833047039807
legacy,3,b_N100_V4,6.887874915264547
legacy,3,b_N100_V4,6.9666660856455564
legacy,3,b_N100_V4,6.949499947950244
legacy,3,b_N100_V4,6.96741696447134
legacy,3,b_N100_V4,6.922999978996813
legacy,3,b_N100_V4,6.893457961268723
legacy,3,b_N100_V4,6.897625047713518
legacy,3,b_N100_V4,6.97700004093349
legacy,3,b_N100_V4,6.935124984011054
legacy,3,b_N100_V4,6.911834003403783
legacy,3,b_N100_V4,7.216125028207898
legacy,3,b_N100_V4,6.907916045747697
legacy,3,b_N100_V4,6.948166061192751
legacy,3,b_N100_V4,6.911083008162677
legacy,3,b_N100_V4,6.981916958466172
legacy,3,b_N100_V4,6.893333978950977
legacy,3,b_N100_V4,6.90624990966171
legacy,3,b_N100_V4,6.9898751098662615
legacy,3,b_N100_V4,6.9390409626066685
legacy,3,b_N100_V4,6.877374951727688
legacy,3,b_N100_V4,6.948207970708609
legacy,3,b_N100_V4,6.905209040269256
legacy,3,b_N100_V4,6.908582989126444
legacy,3,b_N100_V4,6.903500063344836
legacy,3,b_N100_V4,6.991542060859501
legacy,3,b_N100_V4,6.95491605438292
legacy,3,b_N100_V4,6.9662920432165265
legacy,3,b_N100_V4,6.898667081259191
legacy,3,b_N100_V4,6.88708305824548
legacy,3,b_N100_V4,6.885667098686099
legacy,3,b_N100_V4,6.88220898155123
legacy,3,b_N100_V4,6.931208074092865
legacy,3,b_N100_V4,7.582125021144748
legacy,3,b_N100_V4,6.901334039866924
legacy,3,b_N100_V4,6.9549999898299575
legacy,3,b_N100_V4,6.885958020575345
legacy,3,b_N100_V4,6.925667054019868
legacy,3,b_N100_V4,8.410332957282662
legacy,3,b_N100_V4,7.593874935992062
legacy,3,b_N100_V4,7.530750008299947
legacy,3,b_N100_V4,7.327541941776872
legacy,3,b_N100_V4,7.482959073968232
legacy,3,b_N100_V4,7.328542065806687
legacy,3,b_N100_V4,7.4382920283824205
legacy,3,b_N100_V4,7.438166998326778
legacy,3,b_N100_V4,7.447500014677644
legacy,3,b_N100_V4,7.3615830624476075
legacy,3,b_N100_V4,7.437916938215494
legacy,3,b_N100_V4,7.3884999146685
legacy,3,b_N100_V4,7.42616702336818
legacy,3,b_N100_V4,7.406833930872381
legacy,3,b_N100_V4,7.3925829492509365
legacy,3,b_N100_V4,7.309749955311418
legacy,3,b_N100_V4,7.454958977177739
legacy,3,b_N100_V4,7.483624969609082
legacy,3,b_N100_V4,7.422917056828737
legacy,3,b_N100_V4,7.369291968643665
legacy,3,b_N100_V4,7.374332984909415
legacy,3,b_N100_V4,7.465292001143098
legacy,3,b_N100_V4,8.007250027731061
legacy,3,b_N100_V4,7.588583044707775
legacy,3,b_N100_V4,7.511208998039365
legacy,3,b_N100_V4,7.499166997149587
legacy,3,b_N100_V4,7.507291971705854
legacy,3,b_N100_V4,7.742541958577931
legacy,3,b_N100_V4,7.466916926205158
legacy,3,b_N100_V4,7.438250002451241
legacy,3,b_N100_V4,7.50987499486655
legacy,3,b_N100_V4,7.523083942942321
legacy,3,b_N100_V4,7.509457995183766
legacy,3,b_N100_V4,7.371500018052757
legacy,3,b_N100_V4,7.4085419764742255
legacy,3,b_N100_V4,7.454792037606239
legacy,3,b_N100_V4,7.504959008656442
legacy,3,b_N100_V4,8.377833990380168
legacy,3,b_N100_V4,7.567708031274378
legacy,3,b_N100_V4,7.666333927772939
legacy,3,b_N100_V4,7.518208934925497
legacy,3,b_N100_V4,7.406041957437992
legacy,3,b_N100_V4,7.549749920144677
legacy,3,b_N100_V4,7.4258329113945365
legacy,3,b_N100_V4,7.504542008973658
legacy,3,b_N100_V4,7.479374995455146
legacy,3,b_N100_V4,7.4877089355140924
legacy,3,b_N100_V4,7.4324170127511024
legacy,3,b_N100_V4,7.493291981518269
legacy,3,b_N100_V4,7.3969169752672315
legacy,3,b_N100_V4,7.4595409678295255
legacy,3,b_N100_V4,7.466792012564838
legacy,3,b_N100_V4,7.52504204865545
legacy,3,b_N100_V4,7.567625027149916
legacy,3,b_N100_V4,7.504666922613978
legacy,3,b_N100_V4,7.408749894239008
legacy,3,b_N100_V4,7.423667004331946
legacy,3,b_N100_V4,7.458416977897286
legacy,3,b_N100_V4,7.4848749209195375
legacy,3,b_N100_V4,7.415957981720567
legacy,3,b_N100_V4,8.01758305169642
legacy,3,b_N100_V4,7.152500096708536
legacy,3,b_N100_V4,7.345292018726468
legacy,3,b_N100_V4,7.191124954260886
legacy,3,b_N100_V4,7.195833954028785
legacy,3,b_N100_V4,7.03674997203052
legacy,3,b_N100_V4,7.188583957031369
legacy,3,b_N100_V4,7.149209035560489
legacy,3,b_N100_V4,7.199874962680042
legacy,3,b_N100_V4,7.827208028174937
legacy,3,b_N100_V4,7.515834062360227
legacy,3,b_N100_V4,7.167417090386152
legacy,3,b_N100_V4,7.166209048591554
legacy,3,b_N100_V4,7.169917109422386
legacy,3,b_N100_V4,7.136333035305142
legacy,3,b_N100_V4,7.062916993163526
legacy,3,b_N100_V4,7.15229194611311
legacy,3,b_N100_V4,7.074582972563803
legacy,3,b_N100_V4,7.1396250277757645
legacy,3,b_N100_V4,7.115166983567178
legacy,3,b_N100_V4,7.088667014613748
legacy,3,b_N100_V4,6.9708749651908875
legacy,3,b_N100_V4,6.962041952647269
legacy,3,b_N100_V4,7.062125019729137
legacy,3,b_N100_V4,7.097125053405762
legacy,3,b_N100_V4,7.378750015050173
legacy,3,b_N100_V4,7.118083070963621
legacy,3,b_N100_V4,7.0578750455752015
legacy,3,b_N100_V4,7.10300006903708
legacy,3,b_N100_V4,7.108875084668398
legacy,3,b_N100_V4,7.035041926428676
legacy,3,b_N100_V4,7.333584013395011
legacy,3,b_N100_V4,7.123625022359192
legacy,3,b_N100_V4,7.0247919065877795
legacy,3,b_N100_V4,7.134041981771588
legacy,3,b_N100_V4,7.10316700860858
legacy,3,b_N100_V4,6.996250012889504
legacy,3,b_N100_V4,7.069541956298053
legacy,3,b_N100_V4,7.172542042098939
legacy,3,b_N100_V4,6.953415926545858
legacy,3,b_N100_V4,7.062916993163526
legacy,3,b_N100_V4,7.075416040606797
legacy,3,b_N100_V4,7.08358408883214
legacy,3,b_N100_V4,7.085542078129947
legacy,3,b_N100_V4,7.102375035174191
legacy,3,b_N100_V4,7.098499918356538
legacy,3,b_N100_V4,6.988917011767626
legacy,3,b_N100_V4,7.156208041124046
legacy,3,b_N100_V4,7.0961249293759465
legacy,3,b_N100_V4,6.981250015087426
legacy,3,b_N100_V4,7.086875033564866
legacy,3,b_N100_V4,7.061625015921891
legacy,3,b_N100_V4,7.129749981686473
legacy,3,b_N100_V4,7.0922080194577575
legacy,3,b_N100_V4,7.085165940225124
legacy,3,b_N100_V4,6.950292037799954
legacy,3,b_N100_V4,6.940333056263626
legacy,3,b_N100_V4,7.0737500209361315
legacy,3,b_N100_V4,6.953417090699077
legacy,3,b_N100_V4,7.006375002674758
legacy,3,b_N100_V4,8.156334049999714
legacy,3,b_N100_V4,7.460457971319556
legacy,3,b_N100_V4,7.69733393099159
legacy,3,b_N100_V4,7.445832947269082
legacy,3,b_N100_V4,7.40424997638911
legacy,3,b_N100_V4,7.368291961029172
legacy,3,b_N100_V4,7.373458007350564
legacy,3,b_N100_V4,7.494749967008829
legacy,3,b_N100_V4,7.330541964620352
legacy,3,b_N100_V4,7.362334057688713
legacy,3,b_N100_V4,7.406958029605448
legacy,3,b_N100_V4,7.3148340452462435
legacy,3,b_N100_V4,7.318624993786216
legacy,3,b_N100_V4,7.724250084720552
legacy,3,b_N100_V4,7.304999977350235
legacy,3,b_N100_V4,7.340916083194315
legacy,3,b_N100_V4,7.311791065149009
legacy,3,b_N100_V4,7.307959022000432
legacy,3,b_N100_V4,7.285915897227824
legacy,3,b_N100_V4,7.301582954823971
legacy,3,b_N100_V4,7.281624944880605
legacy,3,b_N100_V4,7.252124953083694
legacy,3,b_N100_V4,7.264666957780719
legacy,3,b_N100_V4,7.2781250346452
legacy,3,b_N100_V4,7.281207945197821
legacy,3,b_N100_V4,7.292374968528748
legacy,3,b_N100_V4,7.276416989043355
legacy,3,b_N100_V4,7.252249983139336
legacy,3,b_N100_V4,7.303750026039779
legacy,3,b_N100_V4,7.3053749511018395
legacy,3,b_N100_V4,7.286041043698788
legacy,3,b_N100_V4,7.317791925743222
legacy,3,b_N100_V4,7.278582896105945
legacy,3,b_N100_V4,7.275332929566503
legacy,3,b_N100_V4,7.392415893264115
legacy,3,b_N100_V4,7.285667001269758
legacy,3,b_N100_V4,7.2699160082265735
legacy,3,b_N100_V4,7.288582972250879
legacy,3,b_N100_V4,7.248167064972222
legacy,3,b_N100_V4,7.255167001858354
legacy,3,b_N100_V4,7.260792073793709
legacy,3,b_N100_V4,7.296083029359579
legacy,3,b_N100_V4,7.28166603948921
legacy,3,b_N100_V4,7.232250063680112
legacy,3,b_N100_V4,7.30766705237329
legacy,3,b_N100_V4,7.259958074428141
legacy,3,b_N100_V4,7.2662499733269215
legacy,3,b_N100_V4,7.277583936229348
legacy,3,b_N100_V4,7.270165951922536
legacy,3,b_N100_V4,7.230957970023155
legacy,3,b_N100_V4,7.258916972205043
legacy,3,b_N100_V4,7.293083006516099
legacy,3,b_N100_V4,7.288499968126416
legacy,3,b_N100_V4,7.296417024917901
legacy,3,b_N100_V4,7.2630830109119415
legacy,3,b_N100_V4,7.2662499733269215
legacy,3,b_N100_V4,7.250167080201209
legacy,3,b_N100_V4,7.240790990181267
legacy,3,b_N100_V4,7.279500016011298
legacy,3,b_N100_V4,7.284958963282406
legacy,3,b_N100_V4,7.75233400054276
legacy,3,b_N100_V4,7.009958033449948
legacy,3,b_N100_V4,7.021417026408017
legacy,3,b_N100_V4,6.996207986958325
legacy,3,b_N100_V4,6.950833019800484
legacy,3,b_N100_V4,7.046957965940237
legacy,3,b_N100_V4,6.9582499563694
legacy,3,b_N100_V4,6.944958004169166
legacy,3,b_N100_V4,6.964917061850429
legacy,3,b_N100_V4,6.969792069867253
legacy,3,b_N100_V4,6.928083021193743
legacy,3,b_N100_V4,6.90420891623944
legacy,3,b_N100_V4,6.930125062353909
legacy,3,b_N100_V4,6.960833095945418
legacy,3,b_N100_V4,6.971874972805381
legacy,3,b_N100_V4,6.957624922506511
legacy,3,b_N100_V4,6.924291956238449
legacy,3,b_N100_V4,6.941500003449619
legacy,3,b_N100_V4,6.946332985535264
legacy,3,b_N100_V4,6.938665988855064
legacy,3,b_N100_V4,6.914334022440016
legacy,3,b_N100_V4,6.920624990016222
legacy,3,b_N100_V4,6.928708055056632
legacy,3,b_N100_V4,6.9188750348985195
legacy,3,b_N100_V4,6.908499985001981
legacy,3,b_N100_V4,6.91829202696681
legacy,3,b_N100_V4,6.9261250318959355
legacy,3,b_N100_V4,6.931791082024574
legacy,3,b_N100_V4,6.935250014066696
legacy,3,b_N100_V4,6.899124942719936
legacy,3,b_N100_V4,6.89245795365423
legacy,3,b_N100_V4,6.990165915340185
legacy,3,b_N100_V4,6.916249985806644
legacy,3,b_N100_V4,6.8642080295830965
legacy,3,b_N100_V4,6.870417040772736
legacy,3,b_N100_V4,6.989834015257657
legacy,3,b_N100_V4,7.562458049505949
legacy,3,b_N100_V4,6.928708055056632
legacy,3,b_N100_V4,6.886458024382591
legacy,3,b_N100_V4,6.899500032886863
legacy,3,b_N100_V4,6.933792028576136
legacy,3,b_N100_V4,6.943291984498501
legacy,3,b_N100_V4,6.90600008238107
legacy,3,b_N100_V4,6.964791915379465
legacy,3,b_N100_V4,6.9067919394001365
legacy,3,b_N100_V4,6.9024579133838415
legacy,3,b_N100_V4,6.87958300113678
legacy,3,b_N100_V4,6.895125028677285
legacy,3,b_N100_V4,6.86833297368139
legacy,3,b_N100_V4,6.869375007227063
legacy,3,b_N100_V4,6.932875025086105
legacy,3,b_N100_V4,6.904790992848575
legacy,3,b_N100_V4,6.902999943122268
legacy,3,b_N100_V4,6.929334020242095
legacy,3,b_N100_V4,6.911084055900574
legacy,3,b_N100_V4,6.92333304323256
legacy,3,b_N100_V4,6.9191670045256615
legacy,3,b_N100_V4,6.96274999063462
legacy,3,b_N100_V4,6.894041085615754
legacy,3,b_N100_V4,6.928417016752064
legacy,3,b_N100_V4,8.155583986081183
legacy,3,b_N100_V4,7.632791064679623
legacy,3,b_N100_V4,7.386417011730373
legacy,3,b_N100_V4,7.405458018183708
legacy,3,b_N100_V4,7.467957912012935
legacy,3,b_N100_V4,7.349750027060509
legacy,3,b_N100_V4,7.435209001414478
legacy,3,b_N100_V4,7.375749992206693
legacy,3,b_N100_V4,7.446749950759113
legacy,3,b_N100_V4,7.356291986070573
legacy,3,b_N100_V4,7.375875022262335
legacy,3,b_N100_V4,7.344875019043684
legacy,3,b_N100_V4,7.426082971505821
legacy,3,b_N100_V4,7.34762498177588
legacy,3,b_N100_V4,7.356959045864642
legacy,3,b_N100_V4,7.346167112700641
legacy,3,b_N100_V4,7.363124983385205
legacy,3,b_N100_V4,7.3422499699518085
legacy,3,b_N100_V4,7.353791035711765
legacy,3,b_N100_V4,7.364791934378445
legacy,3,b_N100_V4,7.376333931460977
legacy,3,b_N100_V4,7.329499931074679
legacy,3,b_N100_V4,7.433083024807274
legacy,3,b_N100_V4,7.381750037893653
legacy,3,b_N100_V4,7.387207937426865
legacy,3,b_N100_V4,7.345833000726998
legacy,3,b_N100_V4,7.460875087417662
legacy,3,b_N100_V4,7.392041035927832
legacy,3,b_N100_V4,7.374749984592199
legacy,3,b_N100_V4,7.329667103476822
legacy,3,b_N100_V4,7.408833014778793
legacy,3,b_N100_V4,7.5146660674363375
legacy,3,b_N100_V4,7.380291935987771
legacy,3,b_N100_V4,7.315208087675273
legacy,3,b_N100_V4,7.371083018369973
legacy,3,b_N100_V4,7.302667014300823
legacy,3,b_N100_V4,7.335082977078855
legacy,3,b_N100_V4,7.337625022046268
legacy,3,b_N100_V4,7.297749980352819
legacy,3,b_N100_V4,7.296374998986721
legacy,3,b_N100_V4,7.51287501771003
legacy,3,b_N100_V4,7.334124995395541
legacy,3,b_N100_V4,7.312707952223718
legacy,3,b_N100_V4,7.326333085075021
legacy,3,b_N100_V4,7.3665420059114695
legacy,3,b_N100_V4,7.303166086785495
legacy,3,b_N100_V4,7.351457956247032
legacy,3,b_N100_V4,7.261958904564381
legacy,3,b_N100_V4,7.332958048209548
legacy,3,b_N100_V4,7.37883395049721
legacy,3,b_N100_V4,7.338374969549477
legacy,3,b_N100_V4,7.261249935254455
legacy,3,b_N100_V4,7.322832942008972
legacy,3,b_N100_V4,7.292874972335994
legacy,3,b_N100_V4,7.305125007405877
legacy,3,b_N100_V4,8.117250050418079
legacy,3,b_N100_V4,7.573166978545487
legacy,3,b_N100_V4,7.430915953591466
legacy,3,b_N100_V4,7.486624992452562
legacy,3,b_N100_V4,7.372042047791183
legacy,3,b_N100_V4,7.853084011003375
legacy,3,b_N100_V4,7.23583297803998
legacy,3,b_N100_V4,7.3960000881925225
legacy,3,b_N100_V4,7.021125056780875
legacy,3,b_N100_V4,7.147917058318853
legacy,3,b_N100_V4,7.0490839425474405
legacy,3,b_N100_V4,7.10129109211266
legacy,3,b_N100_V4,7.071291911415756
legacy,3,b_N100_V4,7.067124941386282
legacy,3,b_N100_V4,7.038540905341506
legacy,3,b_N100_V4,7.125207921490073
legacy,3,b_N100_V4,7.089999970048666
legacy,3,b_N100_V4,7.1809160290285945
legacy,3,b_N100_V4,7.052875007502735
legacy,3,b_N100_V4,7.013499969616532
legacy,3,b_N100_V4,6.984250037930906
legacy,3,b_N100_V4,7.097208057530224
legacy,3,b_N100_V4,7.348167011514306
legacy,3,b_N100_V4,7.3994999984279275
legacy,3,b_N100_V4,7.07120809238404
legacy,3,b_N100_V4,7.134416955523193
legacy,3,b_N100_V4,7.052083965390921
legacy,3,b_N100_V4,7.082541938871145
legacy,3,b_N100_V4,7.052375003695488
legacy,3,b_N100_V4,7.059040945023298
legacy,3,b_N100_V4,7.108542020432651
legacy,3,b_N100_V4,7.048542029224336
legacy,3,b_N100_V4,7.0454159285873175
legacy,3,b_N100_V4,7.129041012376547
legacy,3,b_N100_V4,7.0425840094685555
legacy,3,b_N100_V4,7.061540964059532
legacy,3,b_N100_V4,7.057625101879239
legacy,3,b_N100_V4,7.146167103201151
legacy,3,b_N100_V4,7.080625044181943
legacy,3,b_N100_V4,6.97400001809001
legacy,3,b_N100_V4,7.058166898787022
legacy,3,b_N100_V4,7.044208003208041
legacy,3,b_N100_V4,7.0342919789254665
legacy,3,b_N100_V4,6.992792012169957
legacy,3,b_N100_V4,7.006291998550296
legacy,3,b_N100_V4,7.121082977391779
legacy,3,b_N100_V4,7.012124988250434
legacy,3,b_N100_V4,7.076208014041185
legacy,3,b_N100_V4,7.294332957826555
legacy,3,b_N100_V4,7.053749985061586
legacy,3,b_N100_V4,7.044750032946467
legacy,3,b_N100_V4,7.085417048074305
legacy,3,b_N100_V4,7.057959097437561
legacy,3,b_N100_V4,7.053084089420736
legacy,3,b_N100_V4,7.025375030934811
legacy,3,b_N100_V4,7.015042006969452
legacy,3,b_N100_V4,6.9824999663978815
legacy,3,b_N100_V4,7.063249940983951
legacy,3,b_N100_V4,7.018124917522073
legacy,3,b_N100_V4,7.026165956631303
legacy,3,b_N100_V4,7.060082978568971
legacy,3,b_N100_V4,7.029750035144389
legacy,3,b_N100_V4,7.003915961831808
legacy,3,b_N100_V4,7.067000027745962
legacy,3,b_N100_V4,6.992083974182606
legacy,3,b_N100_V4,8.297292049974203
legacy,3,b_N100_V4,7.511583040468395
legacy,3,b_N100_V4,7.579667028039694
legacy,3,b_N100_V4,7.467082934454083
legacy,3,b_N100_V4,7.362917065620422
legacy,3,b_N100_V4,7.429374963976443
legacy,3,b_N100_V4,7.4254999635741115
legacy,3,b_N100_V4,7.422792026773095
legacy,3,b_N100_V4,7.392959087155759
legacy,3,b_N100_V4,7.446332951076329
legacy,3,b_N100_V4,7.395582972094417
legacy,3,b_N100_V4,7.413333980366588
legacy,3,b_N100_V4,7.42966600228101
legacy,3,b_N100_V4,7.379082962870598
legacy,3,b_N100_V4,7.887708954513073
legacy,3,b_N100_V4,7.421957910992205
legacy,3,b_N100_V4,7.403665920719504
legacy,3,b_N100_V4,7.435125065967441
legacy,3,b_N100_V4,7.384500000625849
legacy,3,b_N100_V4,7.383582997135818
legacy,3,b_N100_V4,7.38783401902765
legacy,3,b_N100_V4,7.348624989390373
legacy,3,b_N100_V4,7.392166997306049
legacy,3,b_N100_V4,7.409625104628503
legacy,3,b_N100_V4,7.419791887514293
legacy,3,b_N100_V4,7.39137502387166
legacy,3,b_N100_V4,7.414333056658506
legacy,3,b_N100_V4,7.366958074271679
legacy,3,b_N100_V4,7.3671669233590364
legacy,3,b_N100_V4,7.363582961261272
legacy,3,b_N100_V4,7.515874924138188
legacy,3,b_N100_V4,7.491832948289812
legacy,3,b_N100_V4,7.466292008757591
legacy,3,b_N100_V4,7.361624971963465
legacy,3,b_N100_V4,7.358707953244448
legacy,3,b_N100_V4,7.340584066696465
legacy,3,b_N100_V4,7.30916706379503
legacy,3,b_N100_V4,7.3228750843554735
legacy,3,b_N100_V4,7.360959076322615
legacy,3,b_N100_V4,7.3932919185608625
legacy,3,b_N100_V4,7.35812506172806
legacy,3,b_N100_V4,7.3665420059114695
legacy,3,b_N100_V4,7.343166042119265
legacy,3,b_N100_V4,7.321582990698516
legacy,3,b_N100_V4,7.374917040579021
legacy,3,b_N100_V4,7.383040967397392
legacy,3,b_N100_V4,7.983042043633759
legacy,3,b_N100_V4,7.515417062677443
legacy,3,b_N100_V4,7.396208005957305
legacy,3,b_N100_V4,7.3445000452920794
legacy,3,b_N100_V4,7.3206250090152025
legacy,3,b_N100_V4,7.320208009332418
legacy,3,b_N100_V4,7.31420808006078
legacy,3,b_N100_V4,7.464959053322673
legacy,3,b_N100_V4,7.437541033141315
legacy,3,b_N100_V4,7.39812501706183
legacy,3,b_N100_V4,7.449208060279489
legacy,3,b_N100_V4,7.415416068397462
legacy,3,b_N100_V4,7.415208034217358
legacy,3,b_N100_V4,7.434624945744872
legacy,3,b_N100_V4,7.860125042498112
legacy,3,b_N100_V4,7.117334054782987
legacy,3,b_N100_V4,7.560166995972395
legacy,3,b_N100_V4,7.083042059093714
legacy,3,b_N100_V4,7.074499968439341
legacy,3,b_N100_V4,6.997124990448356
legacy,3,b_N100_V4,7.035459042526782
legacy,3,b_N100_V4,7.066042046062648
legacy,3,b_N100_V4,7.175375008955598
legacy,3,b_N100_V4,7.0940000005066395
legacy,3,b_N100_V4,6.994958966970444
legacy,3,b_N100_V4,7.050124928355217
legacy,3,b_N100_V4,7.067249971441925
legacy,3,b_N100_V4,7.00424995739013
legacy,3,b_N100_V4,7.015042006969452
legacy,3,b_N100_V4,7.031999994069338
legacy,3,b_N100_V4,6.9948750315234065
legacy,3,b_N100_V4,7.000708021223545
legacy,3,b_N100_V4,7.930624997243285
legacy,3,b_N100_V4,7.002791971899569
legacy,3,b_N100_V4,6.990249967202544
legacy,3,b_N100_V4,7.001167046837509
legacy,3,b_N100_V4,7.013917085714638
legacy,3,b_N100_V4,7.019125041551888
legacy,3,b_N100_V4,7.004208047874272
legacy,3,b_N100_V4,7.007917040027678
legacy,3,b_N100_V4,6.967374938540161
legacy,3,b_N100_V4,6.959249963983893
legacy,3,b_N100_V4,7.0761669194325805
legacy,3,b_N100_V4,6.9954999489709735
legacy,3,b_N100_V4,6.993666989728808
legacy,3,b_N100_V4,6.961458013392985
legacy,3,b_N100_V4,7.106250035576522
legacy,3,b_N100_V4,6.981292041018605
legacy,3,b_N100_V4,7.287541986443102
legacy,3,b_N100_V4,6.952582974918187
legacy,3,b_N100_V4,6.948792026378214
legacy,3,b_N100_V4,6.981333019211888
legacy,3,b_N100_V4,6.994625087827444
legacy,3,b_N100_V4,6.92216691095382
legacy,3,b_N100_V4,7.018541917204857
legacy,3,b_N100_V4,6.9404999958351254
legacy,3,b_N100_V4,6.936958990991116
legacy,3,b_N100_V4,6.9894170155748725
legacy,3,b_N100_V4,6.964333006180823
legacy,3,b_N100_V4,7.006583968177438
legacy,3,b_N100_V4,7.093457970768213
legacy,3,b_N100_V4,6.9832500303164124
legacy,3,b_N100_V4,6.985625019297004
legacy,3,b_N100_V4,6.950958981178701
legacy,3,b_N100_V4,7.422833004966378
legacy,3,b_N100_V4,6.9662079913541675
legacy,3,b_N100_V4,7.013041991740465
legacy,3,b_N100_V4,6.959874997846782
legacy,3,b_N100_V4,6.95979199372232
legacy,3,b_N100_V4,7.007041946053505
legacy,3,b_N100_V4,6.939833052456379
legacy,3,b_N100_V4,6.9753340212628245
legacy,3,b_N100_V4,6.963041960261762
legacy,3,b_N100_V4,7.094500004313886
legacy,3,b_N100_V4,8.141958038322628
legacy,3,b_N100_V4,7.44708301499486
legacy,3,b_N100_V4,7.558666984550655
legacy,3,b_N100_V4,7.382291019894183
legacy,3,b_N100_V4,7.396374945528805
legacy,3,b_N100_V4,7.347667007707059
legacy,3,b_N100_V4,7.544207968749106
legacy,3,b_N100_V4,7.364374934695661
legacy,3,b_N100_V4,7.398750050924718
legacy,3,b_N100_V4,7.340374984778464
legacy,3,b_N100_V4,7.305875071324408
legacy,3,b_N100_V4,7.305292063392699
legacy,3,b_N100_V4,7.320917095057666
legacy,3,b_N100_V4,7.325125043280423
legacy,3,b_N100_V4,7.352916989475489
legacy,3,b_N100_V4,7.330332999117672
legacy,3,b_N100_V4,7.306542014703155
legacy,3,b_N100_V4,7.28129199706018
legacy,3,b_N100_V4,7.315916009247303
legacy,3,b_N100_V4,7.294417009688914
legacy,3,b_N100_V4,7.311749970540404
legacy,3,b_N100_V4,7.362375035881996
legacy,3,b_N100_V4,7.370874984189868
legacy,3,b_N100_V4,7.268875022418797
legacy,3,b_N100_V4,7.28949997574091
legacy,3,b_N100_V4,7.286790991201997
legacy,3,b_N100_V4,7.316292030736804
legacy,3,b_N100_V4,7.282250095158815
legacy,3,b_N100_V4,7.333417073823512
legacy,3,b_N100_V4,7.3400839464738965
legacy,3,b_N100_V4,7.297291071154177
legacy,3,b_N100_V4,7.2911669267341495
legacy,3,b_N100_V4,7.383207906968892
legacy,3,b_N100_V4,7.297624950297177
legacy,3,b_N100_V4,7.335999980568886
legacy,3,b_N100_V4,7.2764590149745345
legacy,3,b_N100_V4,7.3223329382017255
legacy,3,b_N100_V4,7.267083041369915
legacy,3,b_N100_V4,7.716667023487389
legacy,3,b_N100_V4,7.265041000209749
legacy,3,b_N100_V4,8.180249948054552
legacy,3,b_N100_V4,7.44708301499486
legacy,3,b_N100_V4,7.384957978501916
legacy,3,b_N100_V4,7.422167109325528
legacy,3,b_N100_V4,7.391292019747198
legacy,3,b_N100_V4,7.398667046800256
legacy,3,b_N100_V4,7.378333015367389
legacy,3,b_N100_V4,7.351208943873644
legacy,3,b_N100_V4,7.330292020924389
legacy,3,b_N100_V4,7.313166977837682
legacy,3,b_N100_V4,7.344459067098796
legacy,3,b_N100_V4,7.348916959017515
legacy,3,b_N100_V4,7.251624949276447
legacy,3,b_N100_V4,7.394834072329104
legacy,3,b_N100_V4,7.464374997653067
legacy,3,b_N100_V4,7.299875025637448
legacy,3,b_N100_V4,7.351833046413958
legacy,3,b_N100_V4,7.338000112213194
legacy,3,b_N100_V4,7.381291012279689
legacy,3,b_N100_V4,7.318791933357716
legacy,3,b_N100_V4,7.866624975576997
legacy,3,b_N100_V4,7.104041986167431
legacy,3,b_N100_V4,7.24595901556313
legacy,3,b_N100_V4,7.050832966342568
legacy,3,b_N100_V4,7.023332989774644
legacy,3,b_N100_V4,7.037958945147693
legacy,3,b_N100_V4,6.9992500357329845
legacy,3,b_N100_V4,7.009833003394306
legacy,3,b_N100_V4,7.022041943855584
legacy,3,b_N100_V4,6.9957919185981154
legacy,3,b_N100_V4,7.21845799125731
legacy,3,b_N100_V4,6.960624945349991
legacy,3,b_N100_V4,6.979833007790148
legacy,3,b_N100_V4,8.057874976657331
legacy,3,b_N100_V4,9.22524998895824
legacy,3,b_N100_V4,8.712416049093008
legacy,3,b_N100_V4,9.020667057484388
legacy,3,b_N100_V4,8.562500006519258
legacy,3,b_N100_V4,8.326084003783762
legacy,3,b_N100_V4,7.8364580404013395
legacy,3,b_N100_V4,7.269666995853186
legacy,3,b_N100_V4,7.120166905224323
legacy,3,b_N100_V4,7.139291963540018
legacy,3,b_N100_V4,7.030833978205919
legacy,3,b_N100_V4,7.013667025603354
legacy,3,b_N100_V4,7.078624912537634
legacy,3,b_N100_V4,7.0136249996721745
legacy,3,b_N100_V4,7.127874996513128
legacy,3,b_N100_V4,6.991207948885858
legacy,3,b_N100_V4,6.97945908177644
legacy,3,b_N100_V4,6.998540950007737
legacy,3,b_N100_V4,6.966707995161414
legacy,3,b_N100_V4,7.09175004158169
legacy,3,b_N100_V4,7.024707971140742
legacy,3,b_N100_V4,6.981417071074247
legacy,3,b_N100_V4,7.016166928224266
legacy,3,b_N100_V4,6.926291040144861
legacy,3,b_N100_V4,6.976249977014959
legacy,3,b_N100_V4,6.92295900080353
legacy,3,b_N100_V4,6.9666249910369515
legacy,3,b_N100_V4,6.941291969269514
legacy,3,b_N100_V4,7.009875029325485
legacy,3,b_N100_V4,7.085833000019193
legacy,3,b_N100_V4,6.966582965105772
legacy,3,b_N100_V4,7.002084050327539
legacy,3,b_N100_V4,6.976707954891026
legacy,3,b_N100_V4,6.997041986323893
legacy,3,b_N100_V4,7.176709012128413
legacy,3,b_N100_V4,7.435166044160724
legacy,3,b_N100_V4,7.159666041843593
legacy,3,b_N100_V4,7.021375000476837
legacy,3,b_N100_V4,6.998124998062849
legacy,3,b_N100_V4,6.968582980334759
legacy,3,b_N100_V4,6.998291937634349
legacy,3,b_N100_V4,7.042457931675017
legacy,3,b_N100_V4,7.001832942478359
legacy,3,b_N100_V4,7.6666249660775065
legacy,3,b_N100_V4,7.089582970365882
legacy,3,b_N100_V4,7.264417014084756
legacy,3,b_N100_V4,6.997833028435707
legacy,3,b_N100_V4,8.401791099458933
legacy,3,b_N100_V4,7.617458002641797
legacy,3,b_N100_V4,7.508917013183236
legacy,3,b_N100_V4,7.697292021475732
legacy,3,b_N100_V4,7.453999947756529
legacy,3,b_N100_V4,7.538957986980677
legacy,3,b_N100_V4,7.4425420025363564
legacy,3,b_N100_V4,7.509500021114945
legacy,3,b_N100_V4,7.387500023469329
legacy,3,b_N100_V4,7.53925007302314
legacy,3,b_N100_V4,7.375209010206163
legacy,3,b_N100_V4,7.584583014249802
legacy,3,b_N100_V4,7.449208060279489
legacy,3,b_N100_V4,7.516541983932257
legacy,3,b_N100_V4,7.497332990169525
legacy,3,b_N100_V4,7.611707900650799
legacy,3,b_N100_V4,7.423957926221192
legacy,3,b_N100_V4,7.545624976046383
legacy,3,b_N100_V4,7.360624964348972
legacy,3,b_N100_V4,7.523959036916494
legacy,3,b_N100_V4,7.523208041675389
legacy,3,b_N100_V4,7.540084072388709
legacy,3,b_N100_V4,7.40112503990531
legacy,3,b_N100_V4,7.500750012695789
legacy,3,b_N100_V4,7.3824579594656825
legacy,3,b_N100_V4,7.4748750776052475
legacy,3,b_N100_V4,7.493208046071231
legacy,3,b_N100_V4,7.519916980527341
legacy,3,b_N100_V4,7.75733299087733
legacy,3,b_N100_V4,7.318291929550469
legacy,3,b_N100_V4,7.475208956748247
legacy,3,b_N100_V4,7.4515839805826545
legacy,3,b_N100_V4,7.382124895229936
legacy,3,b_N100_V4,7.587500032968819
legacy,3,b_N100_V4,7.3987089563161135
legacy,3,b_N100_V4,7.510583032853901
legacy,3,b_N100_V4,7.5132090132683516
legacy,3,b_N100_V4,7.494208985008299
legacy,3,b_N100_V4,7.455541985109448
legacy,3,b_N100_V4,7.4625000124797225
legacy,3,b_N100_V4,7.389959064312279
legacy,3,b_N100_V4,7.430542027577758
legacy,3,b_N100_V4,7.474624901078641
legacy,3,b_N100_V4,7.4486249359324574
legacy,3,b_N100_V4,7.363749900832772
legacy,3,b_N100_V4,7.517999969422817
legacy,3,b_N100_V4,7.482375018298626
legacy,3,b_N100_V4,7.4874169658869505
legacy,3,b_N100_V4,7.502541993744671
legacy,3,b_N100_V4,7.491500000469387
legacy,3,b_N100_V4,7.343292003497481
legacy,3,b_N100_V4,7.4237920343875885
legacy,3,b_N100_V4,7.511334028095007
legacy,3,b_N100_V4,7.501833024434745
legacy,3,b_N100_V4,7.373541011475027
legacy,3,b_N100_V4,7.565000094473362
legacy,3,b_N100_V4,7.431750069372356
legacy,3,b_N100_V4,7.515833945944905
legacy,3,b_N100_V4,7.472874945960939
legacy,3,b_N100_V4,7.5174999656155705
legacy,3,b_N100_V4,7.864332990720868
legacy,3,b_N100_V4,7.298916927538812
legacy,3,b_N100_V4,7.171749952249229
legacy,3,b_N100_V4,7.180916960351169
legacy,3,b_N100_V4,7.1428329683840275
legacy,3,b_N100_V4,7.164875045418739
legacy,3,b_N100_V4,7.0711669977754354
legacy,3,b_N100_V4,7.146624964661896
legacy,3,b_N100_V4,7.135833031497896
legacy,3,b_N100_V4,6.976832984946668
legacy,3,b_N100_V4,7.050042040646076
legacy,3,b_N100_V4,7.09341699257493
legacy,3,b_N100_V4,6.969125010073185
legacy,3,b_N100_V4,7.077416987158358
legacy,3,b_N100_V4,7.059958064928651
legacy,3,b_N100_V4,7.11287499871105
legacy,3,b_N100_V4,7.000125013291836
legacy,3,b_N100_V4,7.1113749872893095
legacy,3,b_N100_V4,7.096666959114373
legacy,3,b_N100_V4,7.092416984960437
legacy,3,b_N100_V4,7.011124980635941
legacy,3,b_N100_V4,7.076542009599507
legacy,3,b_N100_V4,7.099709007889032
legacy,3,b_N100_V4,7.094542030245066
legacy,3,b_N100_V4,7.0726670091971755
legacy,3,b_N100_V4,7.0929169887676835
legacy,3,b_N100_V4,6.925292080268264
legacy,3,b_N100_V4,7.1041249902918935
legacy,3,b_N100_V4,7.012124988250434
legacy,3,b_N100_V4,7.084332988597453
legacy,3,b_N100_V4,7.062166929244995
legacy,3,b_N100_V4,6.911874981597066
legacy,3,b_N100_V4,7.037665927782655
legacy,3,b_N100_V4,7.116709020920098
legacy,3,b_N100_V4,7.1160419611260295
legacy,3,b_N100_V4,7.116624969057739
legacy,3,b_N100_V4,6.976083968766034
legacy,3,b_N100_V4,6.9665840128436685
legacy,3,b_N100_V4,6.98987499345094
legacy,3,b_N100_V4,7.151124998927116
legacy,3,b_N100_V4,7.124416995793581
legacy,3,b_N100_V4,7.063208031468093
legacy,3,b_N100_V4,6.930624949745834
legacy,3,b_N100_V4,7.078541908413172
legacy,3,b_N100_V4,7.046707905828953
legacy,3,b_N100_V4,7.080291979946196
legacy,3,b_N100_V4,7.115083979442716
legacy,3,b_N100_V4,7.1591249434277415
legacy,3,b_N100_V4,7.027209037914872
legacy,3,b_N100_V4,7.10012495983392
legacy,3,b_N100_V4,7.070417050272226
legacy,3,b_N100_V4,7.662625052034855
legacy,3,b_N100_V4,7.262332946993411
legacy,3,b_N100_V4,7.185791968367994
legacy,3,b_N100_V4,7.029333035461605
legacy,3,b_N100_V4,7.130583049729466
legacy,3,b_N100_V4,7.122458075173199
legacy,3,b_N100_V4,7.134666899219155
legacy,3,b_N100_V4,7.0911250077188015
legacy,3,b_N100_V4,7.051082910038531
legacy,3,b_N100_V4,8.151999907568097
legacy,3,b_N100_V4,7.4049580143764615
legacy,3,b_N100_V4,7.3466249741613865
legacy,3,b_N100_V4,8.018375025130808
legacy,3,b_N100_V4,7.3969169752672315
legacy,3,b_N100_V4,7.360334042459726
legacy,3,b_N100_V4,7.34895805362612
legacy,3,b_N100_V4,7.313958019949496
legacy,3,b_N100_V4,8.023208007216454
legacy,3,b_N100_V4,7.466624956578016
legacy,3,b_N100_V4,7.369875092990696
legacy,3,b_N100_V4,7.4740840354934335
legacy,3,b_N100_V4,7.379499962553382
legacy,3,b_N100_V4,7.3173330165445805
legacy,3,b_N100_V4,7.310125045478344
legacy,3,b_N100_V4,7.319916971027851
legacy,3,b_N100_V4,7.339291973039508
legacy,3,b_N100_V4,7.307457970455289
legacy,3,b_N100_V4,7.30162498075515
legacy,3,b_N100_V4,7.306542014703155
legacy,3,b_N100_V4,7.2909590089693666
legacy,3,b_N100_V4,7.288500084541738
legacy,3,b_N100_V4,7.305542007088661
legacy,3,b_N100_V4,7.437958964146674
legacy,3,b_N100_V4,7.3133750120177865
legacy,3,b_N100_V4,7.308124913834035
legacy,3,b_N100_V4,7.3112089885398746
legacy,3,b_N100_V4,7.320250035263598
legacy,3,b_N100_V4,7.342875003814697
legacy,3,b_N100_V4,7.313916925340891
legacy,3,b_N100_V4,7.341500022448599
legacy,3,b_N100_V4,7.320333039388061
legacy,3,b_N100_V4,7.325957994908094
legacy,3,b_N100_V4,7.401250069960952
legacy,3,b_N100_V4,7.330916007049382
legacy,3,b_N100_V4,7.37700005993247
legacy,3,b_N100_V4,7.3191249975934625
legacy,3,b_N100_V4,7.330917054787278
legacy,3,b_N100_V4,7.351791951805353
legacy,3,b_N100_V4,7.3318330105394125
legacy,3,b_N100_V4,7.297458010725677
legacy,3,b_N100_V4,7.346750004217029
legacy,3,b_N100_V4,7.344165933318436
legacy,3,b_N100_V4,7.385874981991947
legacy,3,b_N100_V4,7.353916997089982
legacy,3,b_N100_V4,7.374624954536557
legacy,3,b_N100_V4,7.341208052821457
legacy,3,b_N100_V4,7.349167019128799
legacy,3,b_N100_V4,7.338667055591941
legacy,3,b_N100_V4,7.272292044945061
legacy,3,b_N100_V4,7.306250045076013
legacy,3,b_N100_V4,7.319833035580814
legacy,3,b_N100_V4,7.359458017162979
legacy,3,b_N100_V4,7.334416965022683
legacy,3,b_N100_V4,7.316374918445945
legacy,3,b_N100_V4,7.32874998357147
legacy,3,b_N100_V4,7.322959019802511
legacy,3,b_N100_V4,7.32874998357147
legacy,3,b_N100_V4,7.313749985769391
legacy,3,b_N100_V4,7.36499996855855
legacy,3,b_N100_V4,7.849832996726036
legacy,3,b_N100_V4,7.057958049699664
legacy,3,b_N100_V4,7.005542051047087
legacy,3,b_N100_V4,7.069541024975479
legacy,3,b_N100_V4,7.004833081737161
legacy,3,b_N100_V4,7.005167077295482
legacy,3,b_N100_V4,6.981375045143068
legacy,3,b_N100_V4,7.0433750515803695
legacy,3,b_N100_V4,6.961749983020127
legacy,3,b_N100_V4,6.972958100959659
legacy,3,b_N100_V4,6.975749973207712
legacy,3,b_N100_V4,6.938291946426034
legacy,3,b_N100_V4,6.946957902982831
legacy,3,b_N100_V4,6.94854196626693
legacy,3,b_N100_V4,6.933917058631778
legacy,3,b_N100_V4,7.0122500183060765
legacy,3,b_N100_V4,6.942583015188575
legacy,3,b_N100_V4,6.939084036275744
legacy,3,b_N100_V4,6.941374973393977
legacy,3,b_N100_V4,6.9272080436348915
legacy,3,b_N100_V4,6.893417099490762
legacy,3,b_N100_V4,6.9145000306889415
legacy,3,b_N100_V4,6.981833023019135
legacy,3,b_N100_V4,6.8962920922786
legacy,3,b_N100_V4,6.928500020876527
legacy,3,b_N100_V4,6.9249999942258
legacy,3,b_N100_V4,6.903374916873872
legacy,3,b_N100_V4,6.942874984815717
legacy,3,b_N100_V4,6.941084051504731
legacy,3,b_N100_V4,6.959790945984423
legacy,3,b_N100_V4,6.932665943168104
legacy,3,b_N100_V4,6.950374925509095
legacy,3,b_N100_V4,6.931834039278328
legacy,3,b_N100_V4,7.016833056695759
legacy,3,b_N100_V4,6.933249998837709
legacy,3,b_N100_V4,6.922125001437962
legacy,3,b_N100_V4,6.94070803001523
legacy,3,b_N100_V4,6.976292002946138
legacy,3,b_N100_V4,7.558916928246617
legacy,3,b_N100_V4,6.920833024196327
legacy,3,b_N100_V4,6.955582997761667
legacy,3,b_N100_V4,6.9238749565556645
legacy,3,b_N100_V4,6.9101660046726465
legacy,3,b_N100_V4,6.910915952175856
legacy,3,b_N100_V4,6.957834004424512
legacy,3,b_N100_V4,6.995874922722578
legacy,3,b_N100_V4,6.937291007488966
legacy,3,b_N100_V4,6.928625050932169
legacy,3,b_N100_V4,6.930958013981581
legacy,3,b_N100_V4,6.9560830015689135
legacy,3,b_N100_V4,6.925542023964226
legacy,3,b_N100_V4,7.039458025246859
legacy,3,b_N100_V4,6.941833067685366
legacy,3,b_N100_V4,6.94837502669543
legacy,3,b_N100_V4,6.921416032128036
legacy,3,b_N100_V4,6.920125102624297
legacy,3,b_N100_V4,6.923459004610777
legacy,3,b_N100_V4,6.92049995996058
legacy,3,b_N100_V4,6.9336669985204935
legacy,3,b_N100_V4,6.959959049709141
legacy,3,b_N100_V4,8.14579101279378
legacy,3,b_N100_V4,7.494666031561792
legacy,3,b_N100_V4,7.395166903734207
legacy,3,b_N100_V4,7.567874970845878
legacy,3,b_N100_V4,7.412291946820915
legacy,3,b_N100_V4,7.396125001832843
legacy,3,b_N100_V4,7.3839169926941395
legacy,3,b_N100_V4,7.333458983339369
legacy,3,b_N100_V4,7.374458014965057
legacy,3,b_N100_V4,7.370042032562196
legacy,3,b_N100_V4,8.027000003494322
legacy,3,b_N100_V4,7.86466698627919
legacy,3,b_N100_V4,8.10541701503098
legacy,3,b_N100_V4,7.873708033002913
legacy,3,b_N100_V4,7.3831669287756085
legacy,3,b_N100_V4,7.56295898463577
legacy,3,b_N100_V4,7.8118330566212535
legacy,3,b_N100_V4,7.4056669836863875
legacy,3,b_N100_V4,7.385834003798664
legacy,3,b_N100_V4,7.357791997492313
legacy,3,b_N100_V4,7.331499946303666
legacy,3,b_N100_V4,7.39141704980284
legacy,3,b_N100_V4,7.34441599342972
legacy,3,b_N100_V4,7.364916964434087
legacy,3,b_N100_V4,7.374290958978236
legacy,3,b_N100_V4,7.35362502746284
legacy,3,b_N100_V4,7.390375016257167
legacy,3,b_N100_V4,7.367582991719246
legacy,3,b_N100_V4,7.369625032879412
legacy,3,b_N100_V4,7.328875013627112
legacy,3,b_N100_V4,7.361541967839003
legacy,3,b_N100_V4,7.339666946791112
legacy,3,b_N100_V4,7.303667021915317
legacy,3,b_N100_V4,7.42462498601526
legacy,3,b_N100_V4,7.454667007550597
legacy,3,b_N100_V4,7.411791943013668
legacy,3,b_N100_V4,7.340500014834106
legacy,3,b_N100_V4,7.702584029175341
legacy,3,b_N100_V4,7.357749971561134
legacy,3,b_N100_V4,7.369042024947703
legacy,3,b_N100_V4,7.464459049515426
legacy,3,b_N100_V4,7.368875085376203
legacy,3,b_N100_V4,7.3977920692414045
legacy,3,b_N100_V4,7.391542079858482
legacy,3,b_N100_V4,7.338542025536299
legacy,3,b_N100_V4,7.390958024188876
legacy,3,b_N100_V4,7.3144999332726
legacy,3,b_N100_V4,7.338499999605119
legacy,3,b_N100_V4,7.286041975021362
legacy,3,b_N100_V4,7.321791956201196
legacy,3,b_N100_V4,7.902042008936405
legacy,3,b_N100_V4,7.414167048409581
legacy,3,b_N100_V4,7.356374990195036
legacy,3,b_N100_V4,7.454624981619418
legacy,3,b_N100_V4,7.3647500248625875
legacy,3,b_N100_V4,7.301250007003546
legacy,3,b_N100_V4,7.318542106077075
legacy,3,b_N100_V4,7.370167062617838
legacy,3,b_N100_V4,7.302375044673681
legacy,3,b_N100_V4,7.376542082056403
legacy,3,b_N100_V4,7.872165995649993
legacy,3,b_N100_V4,7.14854197576642
legacy,3,b_N100_V4,7.057083072140813
legacy,3,b_N100_V4,6.9988330360502005
legacy,3,b_N100_V4,7.249166024848819
legacy,3,b_N100_V4,7.114417036063969
legacy,3,b_N100_V4,7.025291910395026
legacy,3,b_N100_V4,7.050583953969181
legacy,3,b_N100_V4,7.015582988969982
legacy,3,b_N100_V4,7.093790918588638
legacy,3,b_N100_V4,7.016791962087154
legacy,3,b_N100_V4,7.069458020851016
legacy,3,b_N100_V4,7.038124953396618
legacy,3,b_N100_V4,6.938416976481676
legacy,3,b_N100_V4,7.0477500557899475
legacy,3,b_N100_V4,7.057624985463917
legacy,3,b_N100_V4,7.015916984528303
legacy,3,b_N100_V4,7.034583017230034
legacy,3,b_N100_V4,6.941625033505261
legacy,3,b_N100_V4,7.772667100653052
legacy,3,b_N100_V4,7.224750006571412
legacy,3,b_N100_V4,7.139208959415555
legacy,3,b_N100_V4,7.131374906748533
legacy,3,b_N100_V4,7.197083090431988
legacy,3,b_N100_V4,7.126874988898635
legacy,3,b_N100_V4,7.145958952605724
legacy,3,b_N100_V4,7.082458003424108
legacy,3,b_N100_V4,7.136999978683889
legacy,3,b_N100_V4,7.076542009599507
legacy,3,b_N100_V4,7.135624997317791
legacy,3,b_N100_V4,7.084792014211416
legacy,3,b_N100_V4,7.103916956111789
legacy,3,b_N100_V4,7.069249986670911
legacy,3,b_N100_V4,7.0752090541645885
legacy,3,b_N100_V4,7.165500079281628
legacy,3,b_N100_V4,7.086708093993366
legacy,3,b_N100_V4,6.997791933827102
legacy,3,b_N100_V4,7.037958945147693
legacy,3,b_N100_V4,7.055541966110468
legacy,3,b_N100_V4,7.083000033162534
legacy,3,b_N100_V4,7.01037491671741
legacy,3,b_N100_V4,7.127124932594597
legacy,3,b_N100_V4,7.056541973724961
legacy,3,b_N100_V4,7.155666942708194
legacy,3,b_N100_V4,7.03524996060878
legacy,3,b_N100_V4,7.0962500758469105
legacy,3,b_N100_V4,7.091957959346473
legacy,3,b_N100_V4,7.013082969933748
legacy,3,b_N100_V4,7.577459095045924
legacy,3,b_N100_V4,9.384167031385005
legacy,3,b_N100_V4,7.607375038787723
legacy,3,b_N100_V4,7.999583031050861
legacy,3,b_N100_V4,7.6855000806972384
legacy,3,b_N100_V4,8.289791992865503
legacy,3,b_N100_V4,7.794291945174336
legacy,3,b_N100_V4,7.414833991788328
legacy,3,b_N100_V4,7.290249923244119
legacy,3,b_N100_V4,7.202417007647455
legacy,3,b_N100_V4,7.118582958355546
legacy,3,b_N100_V4,7.105957949534059
legacy,3,b_N100_V4,8.278332999907434
legacy,3,b_N100_V4,7.502750027924776
legacy,3,b_N100_V4,7.496915990486741
legacy,3,b_N100_V4,7.481417036615312
legacy,3,b_N100_V4,7.580332923680544
legacy,3,b_N100_V4,7.4200419476255774
legacy,3,b_N100_V4,7.412792067043483
legacy,3,b_N100_V4,7.406249991618097
legacy,3,b_N100_V4,7.341791992075741
legacy,3,b_N100_V4,7.390917045995593
legacy,3,b_N100_V4,7.748292060568929
legacy,3,b_N100_V4,7.373749976977706
legacy,3,b_N100_V4,7.294291979633272
legacy,3,b_N100_V4,7.757249986752868
legacy,3,b_N100_V4,7.547207991592586
legacy,3,b_N100_V4,7.525917026214302
legacy,3,b_N100_V4,7.397083914838731
legacy,3,b_N100_V4,7.972707971930504
legacy,3,b_N100_V4,7.409124984405935
legacy,3,b_N100_V4,7.336333976127207
legacy,3,b_N100_V4,7.352208020165563
legacy,3,b_N100_V4,7.392417057417333
legacy,3,b_N100_V4,7.349333027377725
legacy,3,b_N100_V4,7.713707978837192
legacy,3,b_N100_V4,7.398791960440576
legacy,3,b_N100_V4,7.381458999589086
legacy,3,b_N100_V4,7.3752920143306255
legacy,3,b_N100_V4,7.39374989643693
legacy,3,b_N100_V4,7.406999939121306
legacy,3,b_N100_V4,7.383083924651146
legacy,3,b_N100_V4,7.556208991445601
legacy,3,b_N100_V4,7.822832907550037
legacy,3,b_N100_V4,7.424707990139723
legacy,3,b_N100_V4,7.488874951377511
legacy,3,b_N100_V4,7.4269999749958515
legacy,3,b_N100_V4,7.437749998643994
legacy,3,b_N100_V4,7.379584014415741
legacy,3,b_N100_V4,7.414791965857148
legacy,3,b_N100_V4,7.3224169900640845
legacy,3,b_N100_V4,7.434583036229014
legacy,3,b_N100_V4,7.370084058493376
legacy,3,b_N100_V4,7.4212499894201756
legacy,3,b_N100_V4,7.41058390121907
legacy,3,b_N100_V4,7.396333967335522
legacy,3,b_N100_V4,7.406416931189597
legacy,3,b_N100_V4,7.414583000354469
legacy,3,b_N100_V4,7.438709028065205
legacy,3,b_N100_V4,7.5706669595092535
legacy,3,b_N100_V4,7.4179579969495535
legacy,3,b_N100_V4,7.435916922986507
legacy,3,b_N100_V4,7.409167010337114
legacy,3,b_N100_V4,7.3752920143306255
legacy,3,b_N100_V4,7.419792003929615
legacy,3,b_N100_V4,7.40204204339534
legacy,3,b_N100_V4,7.399915950372815
legacy,3,b_N100_V4,7.69100000616163
legacy,3,b_N100_V4,7.45458307210356
legacy,3,b_N100_V4,7.405124953947961
legacy,3,b_N100_V4,7.388124940916896
legacy,3,b_N100_V4,7.439832901582122
legacy,3,b_N100_V4,7.930499967187643
legacy,3,b_N100_V4,7.144542061723769
legacy,3,b_N100_V4,7.09041696973145
legacy,3,b_N100_V4,7.0647080428898335
legacy,3,b_N100_V4,7.113167084753513
legacy,3,b_N100_V4,7.0235420716926455
legacy,3,b_N100_V4,7.040832890197635
legacy,3,b_N100_V4,7.004625047557056
legacy,3,b_N100_V4,7.059041992761195
legacy,3,b_N100_V4,7.023207959719002
legacy,3,b_N100_V4,7.010666071437299
legacy,3,b_N100_V4,7.405917043797672
legacy,3,b_N100_V4,7.005374995060265
legacy,3,b_N100_V4,7.037707953713834
legacy,3,b_N100_V4,7.023000041954219
legacy,3,b_N100_V4,6.945166969671845
legacy,3,b_N100_V4,6.987457978539169
legacy,3,b_N100_V4,7.098959060385823
legacy,3,b_N100_V4,6.996417068876326
legacy,3,b_N100_V4,7.006958010606468
legacy,3,b_N100_V4,6.9821670185774565
legacy,3,b_N100_V4,7.166999974288046
legacy,3,b_N100_V4,7.03212502412498
legacy,3,b_N100_V4,6.9984589936211705
legacy,3,b_N100_V4,7.077542017214
legacy,3,b_N100_V4,6.984249921515584
legacy,3,b_N100_V4,7.0353749906644225
legacy,3,b_N100_V4,7.433457998558879
legacy,3,b_N100_V4,7.000832934863865
legacy,3,b_N100_V4,6.983457948081195
legacy,3,b_N100_V4,6.9883749820292
legacy,3,b_N100_V4,7.029416970908642
legacy,3,b_N100_V4,7.040166994556785
legacy,3,b_N100_V4,7.011124980635941
legacy,3,b_N100_V4,7.046416983939707
legacy,3,b_N100_V4,6.999875069595873
legacy,3,b_N100_V4,7.014000089839101
legacy,3,b_N100_V4,6.9909170269966125
legacy,3,b_N100_V4,7.020749966613948
legacy,3,b_N100_V4,7.038875017315149
legacy,3,b_N100_V4,7.01791699975729
legacy,3,b_N100_V4,6.98779197409749
legacy,3,b_N100_V4,6.971415947191417
legacy,3,b_N100_V4,7.001415942795575
legacy,3,b_N100_V4,6.98166701477021
legacy,3,b_N100_V4,7.018374977633357
legacy,3,b_N100_V4,7.042875047773123
legacy,3,b_N100_V4,7.083832984790206
legacy,3,b_N100_V4,7.008249987848103
legacy,3,b_N100_V4,6.986875087022781
legacy,3,b_N100_V4,7.040875032544136
legacy,3,b_N100_V4,6.9622499868273735
legacy,3,b_N100_V4,7.004124927334487
legacy,3,b_N100_V4,7.037666975520551
legacy,3,b_N100_V4,7.07808299921453
legacy,3,b_N100_V4,6.960291997529566
legacy,3,b_N100_V4,6.9625419564545155
legacy,3,b_N100_V4,6.989374989643693
legacy,3,b_N100_V4,6.974832969717681
legacy,3,b_N100_V4,6.994917057454586
legacy,3,b_N100_V4,8.137207943946123
legacy,3,b_N100_V4,7.398167042993009
legacy,3,b_N100_V4,7.353457971476018
legacy,3,b_N100_V4,7.361207972280681
legacy,3,b_N100_V4,7.442417088896036
legacy,3,b_N100_V4,7.357666967436671
legacy,3,b_N100_V4,7.347208098508418
legacy,3,b_N100_V4,7.318416028283536
legacy,3,b_N100_V4,7.386417011730373
legacy,3,b_N100_V4,7.397874956950545
legacy,3,b_N100_V4,7.3144999332726
legacy,3,b_N100_V4,7.29645905084908
legacy,3,b_N100_V4,7.312834030017257
legacy,3,b_N100_V4,7.322499994188547
legacy,3,b_N100_V4,7.29550002142787
legacy,3,b_N100_V4,8.253125008195639
legacy,3,b_N100_V4,7.590541034005582
legacy,3,b_N100_V4,7.432750076986849
legacy,3,b_N100_V4,7.366750040091574
legacy,3,b_N100_V4,7.474458077922463
legacy,3,b_N100_V4,7.308624917641282
legacy,3,b_N100_V4,7.3416660306975245
legacy,3,b_N100_V4,7.382166921161115
legacy,3,b_N100_V4,7.473291945643723
legacy,3,b_N100_V4,7.331540924496949
legacy,3,b_N100_V4,7.3854170041158795
legacy,3,b_N100_V4,7.325500017032027
legacy,3,b_N100_V4,7.3734159814193845
legacy,3,b_N100_V4,7.3205409571528435
legacy,3,b_N100_V4,7.402542047202587
legacy,3,b_N100_V4,7.343707955442369
legacy,3,b_N100_V4,7.529207970947027
legacy,3,b_N100_V4,7.300249999389052
legacy,3,b_N100_V4,7.3256660252809525
legacy,3,b_N100_V4,7.360292016528547
legacy,3,b_N100_V4,7.317958981730044
legacy,3,b_N100_V4,7.319333031773567
legacy,3,b_N100_V4,7.344209006987512
legacy,3,b_N100_V4,7.322333985939622
legacy,3,b_N100_V4,7.456332910805941
legacy,3,b_N100_V4,7.3390830075368285
legacy,3,b_N100_V4,7.331541972234845
legacy,3,b_N100_V4,7.299916003830731
legacy,3,b_N100_V4,7.318333024159074
legacy,3,b_N100_V4,7.327417028136551
legacy,3,b_N100_V4,7.494166027754545
legacy,3,b_N100_V4,7.346458034589887
legacy,3,b_N100_V4,7.335750036872923
legacy,3,b_N100_V4,7.32391607016325
legacy,3,b_N100_V4,7.333541987463832
legacy,3,b_N100_V4,7.306416984647512
legacy,3,b_N100_V4,7.296333089470863
legacy,3,b_N100_V4,7.356207934208214
legacy,3,b_N100_V4,7.432791986502707
legacy,3,b_N100_V4,7.378040929324925
legacy,3,b_N100_V4,7.353666936978698
legacy,3,b_N100_V4,7.34108395408839
legacy,3,b_N100_V4,7.393207983113825
legacy,3,b_N100_V4,7.350791012868285
legacy,3,b_N100_V4,7.344375015236437
legacy,3,b_N100_V4,7.817415986210108
legacy,3,b_N100_V4,7.08879204466939
legacy,3,b_N100_V4,7.055750000290573
legacy,3,b_N100_V4,7.4852920370176435
legacy,3,b_N100_V4,7.001125020906329
legacy,3,b_N100_V4,7.084749988280237
legacy,3,b_N100_V4,7.039042073301971
legacy,3,b_N100_V4,6.978332996368408
legacy,3,b_N100_V4,6.967041990719736
legacy,3,b_N100_V4,7.026250008493662
legacy,3,b_N100_V4,7.03229196369648
legacy,3,b_N100_V4,6.961999926716089
legacy,3,b_N100_V4,6.922874948941171
legacy,3,b_N100_V4,6.991790956817567
legacy,3,b_N100_V4,7.025207974947989
legacy,3,b_N100_V4,6.9582499563694
legacy,3,b_N100_V4,7.00408301781863
legacy,3,b_N100_V4,6.920084008015692
legacy,3,b_N100_V4,6.933000055141747
legacy,3,b_N100_V4,6.902792025357485
legacy,3,b_N100_V4,6.968167028389871
legacy,3,b_N100_V4,6.9824999663978815
legacy,3,b_N100_V4,6.95304200053215
legacy,3,b_N100_V4,6.916583981364965
legacy,3,b_N100_V4,6.9333750288933516
legacy,3,b_N100_V4,7.1214999770745635
legacy,3,b_N100_V4,6.994583993218839
legacy,3,b_N100_V4,6.986082997173071
legacy,3,b_N100_V4,6.9817909970879555
legacy,3,b_N100_V4,6.9891250459477305
legacy,3,b_N100_V4,6.927083013579249
legacy,3,b_N100_V4,7.006500032730401
legacy,3,b_N100_V4,6.944541004486382
legacy,3,b_N100_V4,6.951707997359335
legacy,3,b_N100_V4,6.9477499928325415
legacy,3,b_N100_V4,7.206959067843854
legacy,3,b_N100_V4,6.955625023692846
legacy,3,b_N100_V4,6.941500003449619
legacy,3,b_N100_V4,6.926458911038935
legacy,3,b_N100_V4,8.593875099904835
legacy,3,b_N100_V4,7.174916099756956
legacy,3,b_N100_V4,7.135874941013753
legacy,3,b_N100_V4,7.08591693546623
legacy,3,b_N100_V4,7.140083005651832
legacy,3,b_N100_V4,7.107333978638053
legacy,3,b_N100_V4,7.0668329717591405
legacy,3,b_N100_V4,6.966250017285347
legacy,3,b_N100_V4,6.942750071175396
legacy,3,b_N100_V4,6.945666973479092
legacy,3,b_N100_V4,7.015167037025094
legacy,3,b_N100_V4,6.957459030672908
legacy,3,b_N100_V4,6.966750021092594
legacy,3,b_N100_V4,6.964333006180823
legacy,3,b_N100_V4,6.9584999000653625
legacy,3,b_N100_V4,6.9198329001665115
legacy,3,b_N100_V4,7.002375088632107
legacy,3,b_N100_V4,6.926459027454257
legacy,3,b_N100_V4,7.08629097789526
legacy,3,b_N100_V4,7.02158291824162
legacy,3,b_N100_V4,6.931207957677543
legacy,3,b_N100_V4,8.282792055979371
legacy,3,b_N100_V4,7.493500015698373
legacy,3,b_N100_V4,7.536875084042549
legacy,3,b_N100_V4,7.49237509444356
legacy,3,b_N100_V4,7.511875010095537
legacy,3,b_N100_V4,7.647458929568529
legacy,3,b_N100_V4,7.427291013300419
legacy,3,b_N100_V4,7.3325419798493385
legacy,3,b_N100_V4,7.514958968386054
legacy,3,b_N100_V4,7.4139999924227595
legacy,3,b_N100_V4,7.42820801679045
legacy,3,b_N100_V4,7.365709054283798
legacy,3,b_N100_V4,7.370332954451442
legacy,3,b_N100_V4,7.36129202414304
legacy,3,b_N100_V4,7.453583995811641
legacy,3,b_N100_V4,7.462000008672476
legacy,3,b_N100_V4,7.443625014275312
legacy,3,b_N100_V4,7.367250043898821
legacy,3,b_N100_V4,9.445416973903775
legacy,3,b_N100_V4,8.074415964074433
legacy,3,b_N100_V4,7.723541930317879
legacy,3,b_N100_V4,7.6066250912845135
legacy,3,b_N100_V4,7.530541042797267
legacy,3,b_N100_V4,7.627042010426521
legacy,3,b_N100_V4,7.504165987484157
legacy,3,b_N100_V4,7.408416946418583
legacy,3,b_N100_V4,7.481041946448386
legacy,3,b_N100_V4,7.472750032320619
legacy,3,b_N100_V4,7.453416008502245
legacy,3,b_N100_V4,7.521584047935903
legacy,3,b_N100_V4,7.463457994163036
legacy,3,b_N100_V4,7.482583052478731
legacy,3,b_N100_V4,7.324625039473176
legacy,3,b_N100_V4,7.326541002839804
legacy,3,b_N100_V4,7.301583071239293
legacy,3,b_N100_V4,7.451709010638297
legacy,3,b_N100_V4,7.296750089153647
legacy,3,b_N100_V4,7.294250070117414
legacy,3,b_N100_V4,7.339917006902397
legacy,3,b_N100_V4,7.35362502746284
legacy,3,b_N100_V4,7.267958018928766
legacy,3,b_N100_V4,7.316124974749982
legacy,3,b_N100_V4,7.351374952122569
legacy,3,b_N100_V4,7.293042028322816
legacy,3,b_N100_V4,7.278208038769662
legacy,3,b_N100_V4,7.270790985785425
legacy,3,b_N100_V4,7.296042051166296
legacy,3,b_N100_V4,7.310957997106016
legacy,3,b_N100_V4,7.302750018425286
legacy,3,b_N100_V4,7.346625090576708
legacy,3,b_N100_V4,7.298292010091245
legacy,3,b_N100_V4,7.304083090275526
legacy,3,b_N100_V4,7.2916250210255384
legacy,3,b_N100_V4,7.430959027260542
legacy,3,b_N100_V4,7.399040972813964
legacy,3,b_N100_V4,8.062875014729798
legacy,3,b_N100_V4,7.4176250491291285
legacy,3,b_N100_V4,7.346499944105744
legacy,3,b_N100_V4,7.326874998398125
legacy,3,b_N100_V4,7.416334003210068
legacy,3,b_N100_V4,7.954333908855915
legacy,3,b_N100_V4,7.267375010997057
legacy,3,b_N100_V4,7.151041994802654
legacy,3,b_N100_V4,7.091208011843264
legacy,3,b_N100_V4,7.174917031079531
legacy,3,b_N100_V4,7.16745899990201
legacy,3,b_N100_V4,7.130583049729466
legacy,3,b_N100_V4,6.983791012316942
legacy,3,b_N100_V4,7.108374964445829
legacy,3,b_N100_V4,6.977708078920841
legacy,3,b_N100_V4,7.096041925251484
legacy,3,b_N100_V4,7.217334001325071
legacy,3,b_N100_V4,7.10316700860858
legacy,3,b_N100_V4,6.996874930337071
legacy,3,b_N100_V4,7.0830839686095715
legacy,3,b_N100_V4,7.066542049869895
legacy,3,b_N100_V4,7.0314169861376286
legacy,3,b_N100_V4,7.074709050357342
legacy,3,b_N100_V4,7.1292080683633685
legacy,3,b_N100_V4,6.971625029109418
legacy,3,b_N100_V4,7.103583076968789
legacy,3,b_N100_V4,7.063208031468093
legacy,3,b_N100_V4,7.051791064441204
legacy,3,b_N100_V4,7.076291949488223
legacy,3,b_N100_V4,7.088082958944142
legacy,3,b_N100_V4,6.941166939213872
legacy,3,b_N100_V4,7.121542003005743
legacy,3,b_N100_V4,7.037624949589372
legacy,3,b_N100_V4,7.065457990393043
legacy,3,b_N100_V4,6.963624968193471
legacy,3,b_N100_V4,7.099207956343889
legacy,3,b_N100_V4,6.930624949745834
legacy,3,b_N100_V4,7.022542064078152
legacy,3,b_N100_V4,7.102375035174191
legacy,3,b_N100_V4,7.087458041496575
legacy,3,b_N100_V4,7.028667023405433
legacy,3,b_N100_V4,7.112625055015087
legacy,3,b_N100_V4,7.050458109006286
legacy,3,b_N100_V4,6.974749965593219
legacy,3,b_N100_V4,6.988917011767626
legacy,3,b_N100_V4,7.064166944473982
legacy,3,b_N100_V4,7.032959023490548
legacy,3,b_N100_V4,7.007332984358072
legacy,3,b_N100_V4,7.049917010590434
legacy,3,b_N100_V4,7.086624973453581
legacy,3,b_N100_V4,6.960207945667207
legacy,3,b_N100_V4,7.074250024743378
legacy,3,b_N100_V4,6.996709038503468
legacy,3,b_N100_V4,6.944332970306277
legacy,3,b_N100_V4,6.903375033289194
legacy,3,b_N100_V4,6.9261250318959355
legacy,3,b_N100_V4,6.901625078171492
legacy,3,b_N100_V4,6.91512506455183
legacy,3,b_N100_V4,6.910292082466185
legacy,3,b_N100_V4,6.911583011969924
legacy,3,b_N100_V4,7.134957937523723
legacy,3,b_N100_V4,7.1042090421542525
legacy,3,b_N100_V4,6.9192079827189445
legacy,3,b_N100_V4,7.090999977663159
legacy,3,b_N100_V4,7.062916993163526
legacy,3,b_N100_V4,8.172041969373822
legacy,3,b_N100_V4,7.446834002621472
legacy,3,b_N100_V4,7.394624990411103
legacy,3,b_N100_V4,7.330833002924919
legacy,3,b_N100_V4,7.831875002011657
legacy,3,b_N100_V4,7.3789580492302775
legacy,3,b_N100_V4,7.3192089330405
legacy,3,b_N100_V4,7.352208951488137
legacy,3,b_N100_V4,7.317667012102902
legacy,3,b_N100_V4,7.32274993788451
legacy,3,b_N100_V4,7.346667000092566
legacy,3,b_N100_V4,7.317707990296185
legacy,3,b_N100_V4,7.295332965441048
legacy,3,b_N100_V4,7.3434170335531235
legacy,3,b_N100_V4,7.265291991643608
legacy,3,b_N100_V4,7.300792029127479
legacy,3,b_N100_V4,7.322208024561405
legacy,3,b_N100_V4,7.328249979764223
legacy,3,b_N100_V4,7.30150006711483
legacy,3,b_N100_V4,7.24954204633832
legacy,3,b_N100_V4,7.241500075906515
legacy,3,b_N100_V4,7.4328340124338865
legacy,3,b_N100_V4,7.306416984647512
legacy,3,b_N100_V4,7.302375044673681
legacy,3,b_N100_V4,7.291042013093829
legacy,3,b_N100_V4,7.316750008612871
legacy,3,b_N100_V4,7.307708030566573
legacy,3,b_N100_V4,7.294834009371698
legacy,3,b_N100_V4,7.271499955095351
legacy,3,b_N100_V4,7.3267079424113035
legacy,3,b_N100_V4,7.2692090179771185
legacy,3,b_N100_V4,7.239375030621886
legacy,3,b_N100_V4,7.2952910559251904
legacy,3,b_N100_V4,7.292833994142711
legacy,3,b_N100_V4,7.2663340251892805
legacy,3,b_N100_V4,7.327417028136551
legacy,3,b_N100_V4,7.302624988369644
legacy,3,b_N100_V4,7.277541910298169
legacy,3,b_N100_V4,7.309166947379708
legacy,3,b_N100_V4,7.436666986905038
legacy,3,b_N100_V4,7.308624917641282
legacy,3,b_N100_V4,7.2949170134961605
legacy,3,b_N100_V4,7.3009999468922615
legacy,3,b_N100_V4,7.326208986341953
legacy,3,b_N100_V4,7.30833294801414
legacy,3,b_N100_V4,7.34241702593863
legacy,3,b_N100_V4,7.3185000801458955
legacy,3,b_N100_V4,7.3007079772651196
legacy,3,b_N100_V4,7.360042072832584
legacy,3,b_N100_V4,7.311000023037195
legacy,3,b_N100_V4,7.325625047087669
legacy,3,b_N100_V4,7.2884580586105585
legacy,3,b_N100_V4,7.299291901290417
legacy,3,b_N100_V4,7.324750069528818
legacy,3,b_N100_V4,7.38783401902765
legacy,3,b_N100_V4,7.3900839779525995
legacy,3,b_N100_V4,7.323083002120256
legacy,3,b_N100_V4,7.301167002879083
legacy,3,b_N100_V4,7.32504203915596
legacy,3,b_N100_V4,7.293167058378458
legacy,3,b_N100_V4,7.816291996277869
legacy,3,b_N100_V4,7.0623749634251
legacy,3,b_N100_V4,7.006625062786043
legacy,3,b_N100_V4,6.975832977332175
legacy,3,b_N100_V4,6.977749988436699
legacy,3,b_N100_V4,7.121041999198496
legacy,3,b_N100_V4,7.004166021943092
legacy,3,b_N100_V4,6.980208097957075
legacy,3,b_N100_V4,7.594124996103346
legacy,3,b_N100_V4,7.097625057213008
legacy,3,b_N100_V4,7.026667008176446
legacy,3,b_N100_V4,7.035917020402849
legacy,3,b_N100_V4,7.008957909420133
legacy,3,b_N100_V4,7.013541995547712
legacy,3,b_N100_V4,6.988125038333237
legacy,3,b_N100_V4,7.450375007465482
legacy,3,b_N100_V4,7.121708011254668
legacy,3,b_N100_V4,7.037000032141805
legacy,3,b_N100_V4,6.989957997575402
legacy,3,b_N100_V4,6.985125015489757
legacy,3,b_N100_V4,6.9500000681728125
legacy,3,b_N100_V4,6.96274999063462
legacy,3,b_N100_V4,6.950166076421738
legacy,3,b_N100_V4,6.988041917793453
legacy,3,b_N100_V4,7.965041091665626
legacy,3,b_N100_V4,7.807500078342855
legacy,3,b_N100_V4,7.202791981399059
legacy,3,b_N100_V4,7.067207945510745
legacy,3,b_N100_V4,7.077208021655679
legacy,3,b_N100_V4,7.035625050775707
legacy,3,b_N100_V4,7.077291025780141
legacy,3,b_N100_V4,7.026792038232088
legacy,3,b_N100_V4,6.9969589821994305
legacy,3,b_N100_V4,6.988957989960909
legacy,3,b_N100_V4,7.020832970738411
legacy,3,b_N100_V4,7.175208069384098
legacy,3,b_N100_V4,7.104542106389999
legacy,3,b_N100_V4,7.0636250311508775
legacy,3,b_N100_V4,7.039583055302501
legacy,3,b_N100_V4,7.618291070684791
legacy,3,b_N100_V4,7.017041090875864
legacy,3,b_N100_V4,6.993416929617524
legacy,3,b_N100_V4,7.024040911346674
legacy,3,b_N100_V4,7.01025000307709
legacy,3,b_N100_V4,7.034166948869824
legacy,3,b_N100_V4,7.026250008493662
legacy,3,b_N100_V4,7.025750004686415
legacy,3,b_N100_V4,7.0130000822246075
legacy,3,b_N100_V4,6.991958012804389
legacy,3,b_N100_V4,6.965167005546391
legacy,3,b_N100_V4,6.9645000621676445
legacy,3,b_N100_V4,6.959250080399215
legacy,3,b_N100_V4,7.007000036537647
legacy,3,b_N100_V4,7.0060830330476165
legacy,3,b_N100_V4,6.988708977587521
legacy,3,b_N100_V4,6.984999985434115
legacy,3,b_N100_V4,7.083166972734034
legacy,3,b_N100_V4,6.995792035013437
legacy,3,b_N100_V4,6.971166003495455
legacy,3,b_N100_V4,6.970125017687678
legacy,3,b_N100_V4,8.247624966315925
legacy,3,b_N100_V4,7.557333912700415
legacy,3,b_N100_V4,7.514125085435808
legacy,3,b_N100_V4,7.481917040422559
legacy,3,b_N100_V4,7.473208010196686
legacy,3,b_N100_V4,7.4498329777270555
legacy,3,b_N100_V4,7.628499995917082
legacy,3,b_N100_V4,7.59979197755456
legacy,3,b_N100_V4,7.46295799035579
legacy,3,b_N100_V4,7.390541955828667
legacy,3,b_N100_V4,7.438958040438592
legacy,3,b_N100_V4,7.496458012610674
legacy,3,b_N100_V4,7.4361670995131135
legacy,3,b_N100_V4,7.4240840040147305
legacy,3,b_N100_V4,7.455000071786344
legacy,3,b_N100_V4,7.660624920390546
legacy,3,b_N100_V4,7.499625091440976
legacy,3,b_N100_V4,7.427499978803098
legacy,3,b_N100_V4,7.455499959178269
legacy,3,b_N100_V4,7.420999929308891
legacy,3,b_N100_V4,7.467707968316972
legacy,3,b_N100_V4,7.406541961245239
legacy,3,b_N100_V4,7.373166969045997
legacy,3,b_N100_V4,7.513666991144419
legacy,3,b_N100_V4,7.44854100048542
legacy,3,b_N100_V4,7.440917077474296
legacy,3,b_N100_V4,7.473540958017111
legacy,3,b_N100_V4,7.366875070147216
legacy,3,b_N100_V4,7.3847920866683125
legacy,3,b_N100_V4,7.434000028297305
legacy,3,b_N100_V4,7.380249910056591
legacy,3,b_N100_V4,7.38404190633446
legacy,3,b_N100_V4,7.442208006978035
legacy,3,b_N100_V4,7.406209013424814
legacy,3,b_N100_V4,7.419792003929615
legacy,3,b_N100_V4,7.400500006042421
legacy,3,b_N100_V4,7.485041976906359
legacy,3,b_N100_V4,7.383249932900071
legacy,3,b_N100_V4,7.42445804644376
legacy,3,b_N100_V4,7.351582986302674
legacy,3,b_N100_V4,7.407083990983665
legacy,3,b_N100_V4,7.337292074225843
legacy,3,b_N100_V4,7.384917000308633
legacy,3,b_N100_V4,7.414209074340761
legacy,3,b_N100_V4,7.428833050653338
legacy,3,b_N100_V4,7.381499977782369
legacy,3,b_N100_V4,7.358875009231269
legacy,3,b_N100_V4,7.43733299896121
legacy,3,b_N100_V4,7.3148340452462435
legacy,3,b_N100_V4,7.333333953283727
legacy,3,b_N100_V4,7.38854194059968
legacy,3,b_N100_V4,7.3958339635282755
legacy,3,b_N100_V4,7.374292006716132
legacy,3,b_N100_V4,7.381874951533973
legacy,3,b_N100_V4,7.3698339983820915
legacy,3,b_N100_V4,7.399333058856428
legacy,3,b_N100_V4,7.375875022262335
legacy,3,b_N100_V4,7.3636670131236315
legacy,3,b_N100_V4,7.362417061813176
legacy,3,b_N100_V4,7.382499985396862
legacy,3,b_N100_V4,7.923291064798832
legacy,3,b_N100_V4,7.145542069338262
legacy,3,b_N100_V4,7.165875053033233
legacy,3,b_N100_V4,7.1037920424714684
legacy,3,b_N100_V4,7.137125008739531
legacy,3,b_N100_V4,7.15524994302541
legacy,3,b_N100_V4,7.195500074885786
legacy,3,b_N100_V4,7.122874958440661
legacy,3,b_N100_V4,7.102874922566116
legacy,3,b_N100_V4,7.060208008624613
legacy,3,b_N100_V4,7.0989999221637845
legacy,3,b_N100_V4,7.07154197152704
legacy,3,b_N100_V4,7.058082963339984
legacy,3,b_N100_V4,7.086833007633686
legacy,3,b_N100_V4,7.082917029038072
legacy,3,b_N100_V4,7.154374965466559
legacy,3,b_N100_V4,7.115500047802925
legacy,3,b_N100_V4,7.063125027343631
legacy,3,b_N100_V4,7.0788750890642405
legacy,3,b_N100_V4,7.041625096462667
legacy,3,b_N100_V4,7.103416952304542
legacy,3,b_N100_V4,7.088832906447351
legacy,3,b_N100_V4,7.0859999395906925
legacy,3,b_N100_V4,6.982958992011845
legacy,3,b_N100_V4,7.061124895699322
legacy,3,b_N100_V4,7.120624999515712
legacy,3,b_N100_V4,7.097541005350649
legacy,3,b_N100_V4,7.050291984342039
legacy,3,b_N100_V4,7.128792000003159
legacy,3,b_N100_V4,7.050167070701718
legacy,3,b_N100_V4,7.067541009746492
legacy,3,b_N100_V4,7.00504204723984
legacy,3,b_N100_V4,7.111750077456236
legacy,3,b_N100_V4,7.016667048446834
legacy,3,b_N100_V4,7.089875056408346
legacy,3,b_N100_V4,7.133999955840409
legacy,3,b_N100_V4,7.093166932463646
legacy,3,b_N100_V4,7.042416953481734
legacy,3,b_N100_V4,7.139249937608838
legacy,3,b_N100_V4,7.07054091617465
legacy,3,b_N100_V4,7.097332971170545
legacy,3,b_N100_V4,7.064542034640908
legacy,3,b_N100_V4,7.118124980479479
legacy,3,b_N100_V4,7.0624579675495625
legacy,3,b_N100_V4,7.095874985679984
legacy,3,b_N100_V4,7.057082955725491
legacy,3,b_N100_V4,7.690625032410026
legacy,3,b_N100_V4,7.0451670326292515
legacy,3,b_N100_V4,7.056958042085171
legacy,3,b_N100_V4,7.027541985735297
legacy,3,b_N100_V4,7.087874924764037
legacy,3,b_N100_V4,7.048916071653366
legacy,3,b_N100_V4,7.090458064340055
legacy,3,b_N100_V4,7.082999916747212
legacy,3,b_N100_V4,7.1130829164758325
legacy,3,b_N100_V4,7.096291985362768
legacy,3,b_N100_V4,7.109749945811927
legacy,3,b_N100_V4,7.093499996699393
legacy,3,b_N100_V4,7.080874987877905
legacy,3,b_N100_V4,7.033208967186511
legacy,3,b_N100_V4,8.370499941520393
legacy,3,b_N100_V4,7.519499980844557
legacy,3,b_N100_V4,7.529334048740566
legacy,3,b_N100_V4,7.470834068953991
legacy,3,b_N100_V4,7.590958033688366
legacy,3,b_N100_V4,7.466333103366196
legacy,3,b_N100_V4,7.425875053741038
legacy,3,b_N100_V4,7.427166914567351
legacy,3,b_N100_V4,7.457000087015331
legacy,3,b_N100_V4,7.432374986819923
legacy,3,b_N100_V4,7.467458955943584
legacy,3,b_N100_V4,7.444250048138201
legacy,3,b_N100_V4,7.497792015783489
legacy,3,b_N100_V4,7.335874950513244
legacy,3,b_N100_V4,7.380292052403092
legacy,3,b_N100_V4,7.437709020450711
legacy,3,b_N100_V4,7.47358298394829
legacy,3,b_N100_V4,7.395416032522917
legacy,3,b_N100_V4,7.467417046427727
legacy,3,b_N100_V4,7.45104206725955
legacy,3,b_N100_V4,7.394625106826425
legacy,3,b_N100_V4,7.423708098940551
legacy,3,b_N100_V4,7.427749922499061
legacy,3,b_N100_V4,7.3999580927193165
legacy,3,b_N100_V4,7.298541953787208
legacy,3,b_N100_V4,7.4471659027040005
legacy,3,b_N100_V4,7.420875015668571
legacy,3,b_N100_V4,7.482249988242984
legacy,3,b_N100_V4,7.439084001816809
legacy,3,b_N100_V4,7.420375011861324
legacy,3,b_N100_V4,7.441709050908685
legacy,3,b_N100_V4,7.4237079825252295
legacy,3,b_N100_V4,7.427125005051494
legacy,3,b_N100_V4,7.428750046528876
legacy,3,b_N100_V4,7.46708398219198
legacy,3,b_N100_V4,7.382333045825362
legacy,3,b_N100_V4,7.473374949768186
legacy,3,b_N100_V4,7.433166960254312
legacy,3,b_N100_V4,7.427125005051494
legacy,3,b_N100_V4,7.416374981403351
legacy,3,b_N100_V4,7.405416923575103
legacy,3,b_N100_V4,7.477625040337443
legacy,3,b_N100_V4,7.4640000239014626
legacy,3,b_N100_V4,7.424958981573582
legacy,3,b_N100_V4,7.416042033582926
legacy,3,b_N100_V4,7.4443339835852385
legacy,3,b_N100_V4,7.431917008943856
legacy,3,b_N100_V4,7.429667050018907
legacy,3,b_N100_V4,7.4727090541273355
legacy,3,b_N100_V4,7.481584092602134
legacy,3,b_N100_V4,7.413917104713619
legacy,3,b_N100_V4,7.405250100418925
legacy,3,b_N100_V4,7.356208050623536
legacy,3,b_N100_V4,7.644625031389296
legacy,3,b_N100_V4,7.46091699693352
legacy,3,b_N100_V4,7.458082982338965
legacy,3,b_N100_V4,7.514707976952195
legacy,3,b_N100_V4,7.454957929439843
legacy,3,b_N100_V4,7.469541975297034
legacy,3,b_N100_V4,7.461791974492371
legacy,3,b_N100_V4,7.966457982547581
legacy,3,b_N100_V4,7.1442920016124845
legacy,3,b_N100_V4,7.22858402878046
legacy,3,b_N100_V4,7.09095795173198
legacy,3,b_N100_V4,7.093874970450997
legacy,3,b_N100_V4,7.0835830410942435
legacy,3,b_N100_V4,7.144749979488552
legacy,3,b_N100_V4,7.104083080776036
legacy,3,b_N100_V4,7.059958064928651
legacy,3,b_N100_V4,7.032416993752122
legacy,3,b_N100_V4,8.103332947939634
legacy,3,b_N100_V4,7.222624961286783
legacy,3,b_N100_V4,7.113290950655937
legacy,3,b_N100_V4,7.122666109353304
legacy,3,b_N100_V4,7.1055840235203505
legacy,3,b_N100_V4,7.0729999570176005
legacy,3,b_N100_V4,7.11283297277987
legacy,3,b_N100_V4,7.121542003005743
legacy,3,b_N100_V4,7.074250024743378
legacy,3,b_N100_V4,7.11887504439801
legacy,3,b_N100_V4,7.0936670526862144
legacy,3,b_N100_V4,6.967541063204408
legacy,3,b_N100_V4,7.261416059918702
legacy,3,b_N100_V4,7.053874898701906
legacy,3,b_N100_V4,6.992041016928852
legacy,3,b_N100_V4,6.953291944228113
legacy,3,b_N100_V4,7.032624911516905
legacy,3,b_N100_V4,7.02312495559454
legacy,3,b_N100_V4,7.036207942292094
legacy,3,b_N100_V4,6.936916965059936
legacy,3,b_N100_V4,7.017583935521543
legacy,3,b_N100_V4,7.05004099290818
legacy,3,b_N100_V4,7.048457977361977
legacy,3,b_N100_V4,7.0683329831808805
legacy,3,b_N100_V4,6.974332965910435
legacy,3,b_N100_V4,7.047125021927059
legacy,3,b_N100_V4,7.107916055247188
legacy,3,b_N100_V4,7.0235420716926455
legacy,3,b_N100_V4,6.966874934732914
legacy,3,b_N100_V4,6.994708091951907
legacy,3,b_N100_V4,7.050916901789606
legacy,3,b_N100_V4,7.033417001366615
legacy,3,b_N100_V4,7.04649998806417
legacy,3,b_N100_V4,6.944666965864599
legacy,3,b_N100_V4,7.035166956484318
legacy,3,b_N100_V4,7.021124940365553
legacy,3,b_N100_V4,7.077499991282821
legacy,3,b_N100_V4,7.661042036488652
legacy,3,b_N100_V4,7.104207994416356
legacy,3,b_N100_V4,7.071292027831078
legacy,3,b_N100_V4,7.0158750750124454
legacy,3,b_N100_V4,7.039375021122396
legacy,3,b_N100_V4,7.033457979559898
legacy,3,b_N100_V4,7.117291912436485
legacy,3,b_N100_V4,7.094040978699923
legacy,3,b_N100_V4,7.1671250043436885
legacy,3,b_N100_V4,7.063458091579378
legacy,3,b_N100_V4,7.024874910712242
legacy,3,b_N100_V4,7.119499961845577
legacy,3,b_N100_V4,7.002374972216785
legacy,3,b_N100_V4,8.343250025063753
legacy,3,b_N100_V4,7.453874917700887
legacy,3,b_N100_V4,7.472750032320619
legacy,3,b_N100_V4,7.432332960888743
legacy,3,b_N100_V4,7.516999961808324
legacy,3,b_N100_V4,7.419332978315651
legacy,3,b_N100_V4,7.563250022940338
legacy,3,b_N100_V4,7.438541040755808
legacy,3,b_N100_V4,7.7788750641047955
legacy,3,b_N100_V4,7.450541015714407
legacy,3,b_N100_V4,7.4176660273224115
legacy,3,b_N100_V4,7.418791996315122
legacy,3,b_N100_V4,7.367832935415208
legacy,3,b_N100_V4,7.365416036918759
legacy,3,b_N100_V4,7.339000003412366
legacy,3,b_N100_V4,7.33954191673547
legacy,3,b_N100_V4,7.347124977968633
legacy,3,b_N100_V4,7.395208929665387
legacy,3,b_N100_V4,7.345292018726468
legacy,3,b_N100_V4,7.321290904656053
legacy,3,b_N100_V4,7.4640000239014626
legacy,3,b_N100_V4,7.31641601305455
legacy,3,b_N100_V4,7.372666033916175
legacy,3,b_N100_V4,7.434042054228485
legacy,3,b_N100_V4,7.361290976405144
legacy,3,b_N100_V4,7.391875027678907
legacy,3,b_N100_V4,7.341750082559884
legacy,3,b_N100_V4,7.338666939176619
legacy,3,b_N100_V4,7.3647910030558705
legacy,3,b_N100_V4,7.344875019043684
legacy,3,b_N100_V4,7.3217080207541585
legacy,3,b_N100_V4,7.443291018716991
legacy,3,b_N100_V4,7.350708940066397
legacy,3,b_N100_V4,7.33637495432049
legacy,3,b_N100_V4,7.3379999957978725
legacy,3,b_N100_V4,7.350750034675002
legacy,3,b_N100_V4,7.472457946278155
legacy,3,b_N100_V4,7.390749990008771
legacy,3,b_N100_V4,7.344375015236437
legacy,3,b_N100_V4,7.384625030681491
legacy,3,b_N100_V4,7.382333045825362
legacy,3,b_N100_V4,7.339709089137614
legacy,3,b_N100_V4,7.391957915388048
legacy,3,b_N100_V4,7.329583051614463
legacy,3,b_N100_V4,7.373875007033348
legacy,3,b_N100_V4,7.345041027292609
legacy,3,b_N100_V4,7.374375010840595
legacy,3,b_N100_V4,7.310666958801448
legacy,3,b_N100_V4,7.3969169752672315
legacy,3,b_N100_V4,7.312290952540934
legacy,3,b_N100_V4,7.349375053308904
legacy,3,b_N100_V4,7.346417056396604
legacy,3,b_N100_V4,7.3560409946367145
legacy,3,b_N100_V4,7.445709081366658
legacy,3,b_N100_V4,7.358332979492843
legacy,3,b_N100_V4,7.371874991804361
legacy,3,b_N100_V4,7.370209088549018
legacy,3,b_N100_V4,7.349041057750583
legacy,3,b_N100_V4,7.360541028901935
legacy,3,b_N100_V4,7.3336249915882945
legacy,3,b_N100_V4,7.822624989785254
legacy,3,b_N100_V4,7.070082938298583
legacy,3,b_N100_V4,7.053541950881481
legacy,3,b_N100_V4,7.009624969214201
legacy,3,b_N100_V4,7.107499986886978
legacy,3,b_N100_V4,7.054917048662901
legacy,3,b_N100_V4,6.988291977904737
legacy,3,b_N100_V4,7.037542061880231
legacy,3,b_N100_V4,7.1542090736329556
legacy,3,b_N100_V4,7.011834066361189
legacy,3,b_N100_V4,6.978917052038014
legacy,3,b_N100_V4,6.968083907850087
legacy,3,b_N100_V4,6.971832946874201
legacy,3,b_N100_V4,6.975541007705033
legacy,3,b_N100_V4,6.980874924920499
legacy,3,b_N100_V4,6.9666249910369515
legacy,3,b_N100_V4,6.9448750000447035
legacy,3,b_N100_V4,6.943583954125643
legacy,3,b_N100_V4,6.9770419504493475
legacy,3,b_N100_V4,7.014999981038272
legacy,3,b_N100_V4,7.062999997287989
legacy,3,b_N100_V4,6.959291989915073
legacy,3,b_N100_V4,6.9586660247296095
legacy,3,b_N100_V4,7.0220420602709055
legacy,3,b_N100_V4,6.9500410463660955
legacy,3,b_N100_V4,6.9684580666944385
legacy,3,b_N100_V4,7.694624946452677
legacy,3,b_N100_V4,6.93020795006305
legacy,3,b_N100_V4,6.923791952431202
legacy,3,b_N100_V4,6.949707982130349
legacy,3,b_N100_V4,6.979375029914081
legacy,3,b_N100_V4,6.953082978725433
legacy,3,b_N100_V4,6.939625018276274
legacy,3,b_N100_V4,6.927332957275212
legacy,3,b_N100_V4,6.936750025488436
legacy,3,b_N100_V4,6.929791998118162
legacy,3,b_N100_V4,6.994665949605405
legacy,3,b_N100_V4,7.034667069092393
legacy,3,b_N100_V4,6.941250059753656
legacy,3,b_N100_V4,7.030125008895993
legacy,3,b_N100_V4,6.99287501629442
legacy,3,b_N100_V4,6.9409169955179095
legacy,3,b_N100_V4,6.947875022888184
legacy,3,b_N100_V4,6.941374973393977
legacy,3,b_N100_V4,6.930999923497438
legacy,3,b_N100_V4,6.979457917623222
legacy,3,b_N100_V4,7.0122500183060765
legacy,3,b_N100_V4,6.925125024281442
legacy,3,b_N100_V4,6.913374993018806
legacy,3,b_N100_V4,6.91829202696681
legacy,3,b_N100_V4,6.987000000663102
legacy,3,b_N100_V4,6.920292042195797
legacy,3,b_N100_V4,7.359917042776942
legacy,3,b_N100_V4,7.037834031507373
legacy,3,b_N100_V4,6.933333002962172
legacy,3,b_N100_V4,6.923833047039807
legacy,3,b_N100_V4,6.974541931413114
legacy,3,b_N100_V4,6.93920801859349
legacy,3,b_N100_V4,7.073499960824847
legacy,3,b_N100_V4,7.063917000778019
legacy,3,b_N100_V4,8.538124966435134
legacy,3,b_N100_V4,7.616166956722736
legacy,3,b_N100_V4,7.4593749595806
legacy,3,b_N100_V4,7.510291994549334
legacy,3,b_N100_V4,7.475708960555494
legacy,3,b_N100_V4,7.485041976906359
legacy,3,b_N100_V4,7.444625021889806
legacy,3,b_N100_V4,7.554417010396719
legacy,3,b_N100_V4,7.463542046025395
legacy,3,b_N100_V4,7.456708000972867
legacy,3,b_N100_V4,7.420042064040899
legacy,3,b_N100_V4,7.457458064891398
legacy,3,b_N100_V4,7.326291059143841
legacy,3,b_N100_V4,7.434041937813163
legacy,3,b_N100_V4,7.42654106579721
legacy,3,b_N100_V4,7.415000000037253
legacy,3,b_N100_V4,7.549499976448715
legacy,3,b_N100_V4,7.440875051543117
legacy,3,b_N100_V4,7.329541957005858
legacy,3,b_N100_V4,7.391875027678907
legacy,3,b_N100_V4,7.411665981635451
legacy,3,b_N100_V4,7.41850002668798
legacy,3,b_N100_V4,7.2598750703036785
legacy,3,b_N100_V4,7.3687920812517405
legacy,3,b_N100_V4,7.311458000913262
legacy,3,b_N100_V4,7.395834079943597
legacy,3,b_N100_V4,7.319625001400709
legacy,3,b_N100_V4,7.399833062663674
legacy,3,b_N100_V4,7.350249914452434
legacy,3,b_N100_V4,7.441207999363542
legacy,3,b_N100_V4,7.50070798676461
legacy,3,b_N100_V4,7.380791008472443
legacy,3,b_N100_V4,7.486749906092882
legacy,3,b_N100_V4,7.428291952237487
legacy,3,b_N100_V4,7.265459047630429
legacy,3,b_N100_V4,7.350250030867755
legacy,3,b_N100_V4,7.413208018988371
legacy,3,b_N100_V4,7.445084047503769
legacy,3,b_N100_V4,7.264583022333682
legacy,3,b_N100_V4,7.249708054587245
legacy,3,b_N100_V4,7.31216708663851
legacy,3,b_N100_V4,7.375708082690835
legacy,3,b_N100_V4,7.433416903950274
legacy,3,b_N100_V4,7.431917008943856
legacy,3,b_N100_V4,7.383249932900071
legacy,3,b_N100_V4,7.387374993413687
legacy,3,b_N100_V4,7.394750020466745
legacy,3,b_N100_V4,7.420499925501645
legacy,3,b_N100_V4,7.628874969668686
legacy,3,b_N100_V4,7.357791997492313
legacy,3,b_N100_V4,7.255790987983346
legacy,3,b_N100_V4,7.445499999448657
legacy,3,b_N100_V4,7.3937500128522515
legacy,3,b_N100_V4,7.318792049773037
legacy,3,b_N100_V4,7.317583076655865
legacy,3,b_N100_V4,8.902834029868245
legacy,3,b_N100_V4,7.75887502823025
legacy,3,b_N100_V4,7.557749981060624
legacy,3,b_N100_V4,7.6211250852793455
legacy,3,b_N100_V4,7.547290995717049
legacy,3,b_N100_V4,8.009708020836115
legacy,3,b_N100_V4,7.257582969032228
legacy,3,b_N100_V4,7.285667001269758
legacy,3,b_N100_V4,7.196958060376346
legacy,3,b_N100_V4,7.484375033527613
legacy,3,b_N100_V4,7.194167003035545
legacy,3,b_N100_V4,7.0433750515803695
legacy,3,b_N100_V4,7.267208071425557
legacy,3,b_N100_V4,7.16949999332428
legacy,3,b_N100_V4,7.177207968197763
legacy,3,b_N100_V4,7.031457964330912
legacy,3,b_N100_V4,7.12500000372529
legacy,3,b_N100_V4,7.001499994657934
legacy,3,b_N100_V4,7.124249939806759
legacy,3,b_N100_V4,7.120458991266787
legacy,3,b_N100_V4,7.138499990105629
legacy,3,b_N100_V4,7.001165999099612
legacy,3,b_N100_V4,7.147500058636069
legacy,3,b_N100_V4,7.162290974520147
legacy,3,b_N100_V4,7.1125420508906245
legacy,3,b_N100_V4,7.373000029474497
legacy,3,b_N100_V4,7.05866701900959
legacy,3,b_N100_V4,7.056000060401857
legacy,3,b_N100_V4,7.140624918974936
legacy,3,b_N100_V4,7.131582940928638
legacy,3,b_N100_V4,7.135541993193328
legacy,3,b_N100_V4,7.056250004097819
legacy,3,b_N100_V4,7.234832970425487
legacy,3,b_N100_V4,7.093499996699393
legacy,3,b_N100_V4,6.963917054235935
legacy,3,b_N100_V4,7.09641701541841
legacy,3,b_N100_V4,7.120624999515712
legacy,3,b_N100_V4,7.091292063705623
legacy,3,b_N100_V4,7.78595800511539
legacy,3,b_N100_V4,7.121916976757348
legacy,3,b_N100_V4,7.176042068749666
legacy,3,b_N100_V4,7.5257919961586595
legacy,3,b_N100_V4,7.223708089441061
legacy,3,b_N100_V4,7.013458991423249
legacy,3,b_N100_V4,7.016291958279908
legacy,3,b_N100_V4,7.054292014800012
legacy,3,b_N100_V4,7.1264998987317085
legacy,3,b_N100_V4,7.145999930799007
legacy,3,b_N100_V4,7.165457936935127
legacy,3,b_N100_V4,7.04595900606364
legacy,3,b_N100_V4,7.129665929824114
legacy,3,b_N100_V4,7.115958025678992
legacy,3,b_N100_V4,7.09025003015995
legacy,3,b_N100_V4,7.087375037372112
legacy,3,b_N100_V4,7.169625023379922
legacy,3,b_N100_V4,7.031709072180092
legacy,3,b_N100_V4,7.15358299203217
legacy,3,b_N100_V4,7.130625075660646
legacy,3,b_N100_V4,7.120791939087212
legacy,3,b_N100_V4,7.034708047285676
legacy,3,b_N100_V4,7.092791027389467
legacy,3,b_N100_V4,7.024249993264675
legacy,3,b_N100_V4,7.162207970395684
legacy,3,b_N100_V4,7.117207976989448
legacy,3,b_N100_V4,7.123791961930692
legacy,3,b_N100_V4,8.196374983526766
legacy,3,b_N100_V4,7.467083050869405
legacy,3,b_N100_V4,7.446791976690292
legacy,3,b_N100_V4,7.563416031189263
legacy,3,b_N100_V4,7.462916080839932
legacy,3,b_N100_V4,7.686791941523552
legacy,3,b_N100_V4,7.40274996496737
legacy,3,b_N100_V4,7.604458020068705
legacy,3,b_N100_V4,7.434000028297305
legacy,3,b_N100_V4,7.480624946765602
legacy,3,b_N100_V4,7.5569580076262355
legacy,3,b_N100_V4,7.545083994045854
legacy,3,b_N100_V4,7.401415961794555
legacy,3,b_N100_V4,7.426582975313067
legacy,3,b_N100_V4,7.449250086210668
legacy,3,b_N100_V4,7.421625079587102
legacy,3,b_N100_V4,7.384957978501916
legacy,3,b_N100_V4,7.438166998326778
legacy,3,b_N100_V4,8.008958073332906
legacy,3,b_N100_V4,7.498333929106593
legacy,3,b_N100_V4,7.437624968588352
legacy,3,b_N100_V4,7.480165921151638
legacy,3,b_N100_V4,7.384957978501916
legacy,3,b_N100_V4,7.442499976605177
legacy,3,b_N100_V4,7.41795904468745
legacy,3,b_N100_V4,7.519332924857736
legacy,3,b_N100_V4,7.551167043857276
legacy,3,b_N100_V4,7.465542061254382
legacy,3,b_N100_V4,7.317167008295655
legacy,3,b_N100_V4,7.422833004966378
legacy,3,b_N100_V4,7.339542033150792
legacy,3,b_N100_V4,7.386083016172051
legacy,3,b_N100_V4,7.354333996772766
legacy,3,b_N100_V4,7.345749996602535
legacy,3,b_N100_V4,7.311500026844442
legacy,3,b_N100_V4,7.4327499605715275
legacy,3,b_N100_V4,7.475624908693135
legacy,3,b_N100_V4,7.739832974039018
legacy,3,b_N100_V4,7.36495794262737
legacy,3,b_N100_V4,7.444833987392485
legacy,3,b_N100_V4,7.357583031989634
legacy,3,b_N100_V4,7.511125062592328
legacy,3,b_N100_V4,7.541790953837335
legacy,3,b_N100_V4,7.478457991965115
legacy,3,b_N100_V4,7.373209111392498
legacy,3,b_N100_V4,7.452541030943394
legacy,3,b_N100_V4,7.359167095273733
legacy,3,b_N100_V4,7.425874937325716
legacy,3,b_N100_V4,7.3644580552354455
legacy,3,b_N100_V4,7.46387499384582
legacy,3,b_N100_V4,7.337166927754879
legacy,3,b_N100_V4,7.431207923218608
legacy,3,b_N100_V4,7.388332975097001
legacy,3,b_N100_V4,7.342875003814697
legacy,3,b_N100_V4,7.400125032290816
legacy,3,b_N100_V4,7.63899995945394
legacy,3,b_N100_V4,7.386166951619089
legacy,3,b_N100_V4,7.503625005483627
legacy,3,b_N100_V4,7.485833019018173
legacy,3,b_N100_V4,7.455375045537949
legacy,3,b_N100_V4,7.850666996091604
legacy,3,b_N100_V4,7.109042024239898
legacy,3,b_N100_V4,7.021749974228442
legacy,3,b_N100_V4,7.032750057987869
legacy,3,b_N100_V4,6.984584033489227
legacy,3,b_N100_V4,7.009875029325485
legacy,3,b_N100_V4,6.999499979428947
legacy,3,b_N100_V4,7.247000001370907
legacy,3,b_N100_V4,7.077709073200822
legacy,3,b_N100_V4,7.0284579414874315
legacy,3,b_N100_V4,7.026667008176446
legacy,3,b_N100_V4,6.989707937464118
legacy,3,b_N100_V4,6.98520801961422
legacy,3,b_N100_V4,6.942832958884537
legacy,3,b_N100_V4,6.949916947633028
legacy,3,b_N100_V4,6.9882080424577
legacy,3,b_N100_V4,6.987500004470348
legacy,3,b_N100_V4,6.966250017285347
legacy,3,b_N100_V4,6.950207985937595
legacy,3,b_N100_V4,6.949292030185461
legacy,3,b_N100_V4,6.939042010344565
legacy,3,b_N100_V4,6.968082976527512
legacy,3,b_N100_V4,6.9257080322131515
legacy,3,b_N100_V4,6.922500091604888
legacy,3,b_N100_V4,6.930999923497438
legacy,3,b_N100_V4,6.993875023908913
legacy,3,b_N100_V4,6.957291974686086
legacy,3,b_N100_V4,6.944958004169166
legacy,3,b_N100_V4,6.94429106079042
legacy,3,b_N100_V4,7.509665912948549
legacy,3,b_N100_V4,7.104290998540819
legacy,3,b_N100_V4,7.042750017717481
legacy,3,b_N100_V4,7.077625021338463
legacy,3,b_N100_V4,7.004542043432593
legacy,3,b_N100_V4,6.996250012889504
legacy,3,b_N100_V4,7.005584076978266
legacy,3,b_N100_V4,6.96725002489984
legacy,3,b_N100_V4,7.004208047874272
legacy,3,b_N100_V4,7.040709024295211
legacy,3,b_N100_V4,7.029999978840351
legacy,3,b_N100_V4,6.972917006351054
legacy,3,b_N100_V4,6.972417002543807
legacy,3,b_N100_V4,6.976999924518168
legacy,3,b_N100_V4,6.952083087526262
legacy,3,b_N100_V4,6.950875045731664
legacy,3,b_N100_V4,6.963040912523866
legacy,3,b_N100_V4,6.959415972232819
legacy,3,b_N100_V4,6.981167010962963
legacy,3,b_N100_V4,6.960083032026887
legacy,3,b_N100_V4,6.959415972232819
legacy,3,b_N100_V4,6.934333010576665
legacy,3,b_N100_V4,6.9069580640643835
legacy,3,b_N100_V4,6.927957991138101
legacy,3,b_N100_V4,6.9647920317947865
legacy,3,b_N100_V4,6.976291071623564
legacy,3,b_N100_V4,6.916500045917928
legacy,3,b_N100_V4,6.93120900541544
legacy,3,b_N100_V4,6.9409169955179095
legacy,3,b_N100_V4,6.924583110958338
legacy,3,b_N100_V4,6.982124992646277
legacy,3,b_N100_V4,8.21120897307992
legacy,3,b_N100_V4,7.442916976287961
legacy,3,b_N100_V4,7.417374989017844
legacy,3,b_N100_V4,7.404500036500394
legacy,3,b_N100_V4,7.370541919954121
legacy,3,b_N100_V4,7.351082982495427
legacy,3,b_N100_V4,7.367667043581605
legacy,3,b_N100_V4,7.333875051699579
legacy,3,b_N100_V4,7.463208050467074
legacy,3,b_N100_V4,7.3622079798951745
legacy,3,b_N100_V4,7.356083020567894
legacy,3,b_N100_V4,7.404042058624327
legacy,3,b_N100_V4,7.395916967652738
legacy,3,b_N100_V4,7.3235840536653996
legacy,3,b_N100_V4,7.343000033870339
legacy,3,b_N100_V4,7.359458948485553
legacy,3,b_N100_V4,7.345749996602535
legacy,3,b_N100_V4,7.329832995310426
legacy,3,b_N100_V4,7.316667004488409
legacy,3,b_N100_V4,7.3133750120177865
legacy,3,b_N100_V4,7.27974995970726
legacy,3,b_N100_V4,7.345041958615184
legacy,3,b_N100_V4,7.3397919768467546
legacy,3,b_N100_V4,7.424250012263656
legacy,3,b_N100_V4,7.331582950428128
legacy,3,b_N100_V4,7.290667039342225
legacy,3,b_N100_V4,7.244791020639241
legacy,3,b_N100_V4,7.28258304297924
legacy,3,b_N100_V4,7.298542070202529
legacy,3,b_N100_V4,7.292292080819607
legacy,3,b_N100_V4,7.354083005338907
legacy,3,b_N100_V4,7.293708040378988
legacy,3,b_N100_V4,7.301541045308113
legacy,3,b_N100_V4,7.353333989158273
legacy,3,b_N100_V4,7.292959024198353
legacy,3,b_N100_V4,7.302040932700038
legacy,3,b_N100_V4,7.29191699065268
legacy,3,b_N100_V4,7.38375005312264
legacy,3,b_N100_V4,7.373417029157281
legacy,3,b_N100_V4,7.342832977883518
legacy,3,b_N100_V4,7.302584010176361
legacy,3,b_N100_V4,8.387000067159534
legacy,3,b_N100_V4,8.204083074815571
legacy,3,b_N100_V4,7.4878750601783395
legacy,3,b_N100_V4,7.36129202414304
legacy,3,b_N100_V4,7.428999990224838
legacy,3,b_N100_V4,7.339375093579292
legacy,3,b_N100_V4,7.609083084389567
legacy,3,b_N100_V4,7.385834003798664
legacy,3,b_N100_V4,7.363333948887885
legacy,3,b_N100_V4,7.3477498954162
legacy,3,b_N100_V4,7.384583004750311
legacy,3,b_N100_V4,7.400042028166354
legacy,3,b_N100_V4,7.367374957539141
legacy,3,b_N100_V4,7.327332976274192
legacy,3,b_N100_V4,7.319750031456351
legacy,3,b_N100_V4,7.338833995163441
legacy,3,b_N100_V4,7.326249964535236
legacy,3,b_N100_V4,7.300833007320762
legacy,3,b_N100_V4,7.343249977566302
legacy,3,b_N100_V4,7.90070800576359
legacy,3,b_N100_V4,7.124874973669648
legacy,3,b_N100_V4,7.051917025819421
legacy,3,b_N100_V4,7.113875006325543
legacy,3,b_N100_V4,7.042209035716951
legacy,3,b_N100_V4,7.601042045280337
legacy,3,b_N100_V4,7.175375008955598
legacy,3,b_N100_V4,7.158749969676137
legacy,3,b_N100_V4,7.163000060245395
legacy,3,b_N100_V4,7.1504589868709445
legacy,3,b_N100_V4,7.0607500383630395
legacy,3,b_N100_V4,7.092541898600757
legacy,3,b_N100_V4,7.050083950161934
legacy,3,b_N100_V4,7.105208933353424
legacy,3,b_N100_V4,7.105291006155312
legacy,3,b_N100_V4,7.121041999198496
legacy,3,b_N100_V4,7.051791995763779
legacy,3,b_N100_V4,7.101958035491407
legacy,3,b_N100_V4,7.112708990462124
legacy,3,b_N100_V4,7.038875017315149
legacy,3,b_N100_V4,7.037832983769476
legacy,3,b_N100_V4,7.139125023968518
legacy,3,b_N100_V4,7.055375026538968
legacy,3,b_N100_V4,7.018375094048679
legacy,3,b_N100_V4,7.043708930723369
legacy,3,b_N100_V4,7.040833937935531
legacy,3,b_N100_V4,7.051083957776427
legacy,3,b_N100_V4,7.093291962519288
legacy,3,b_N100_V4,7.038290961645544
legacy,3,b_N100_V4,7.078666007146239
legacy,3,b_N100_V4,7.0180840557441115
legacy,3,b_N100_V4,7.035500020720065
legacy,3,b_N100_V4,7.01787497382611
legacy,3,b_N100_V4,6.974459043703973
legacy,3,b_N100_V4,7.30483396910131
legacy,3,b_N100_V4,8.13924998510629
legacy,3,b_N100_V4,7.853084011003375
legacy,3,b_N100_V4,7.543167099356651
legacy,3,b_N100_V4,7.258958066813648
legacy,3,b_N100_V4,6.9842919474467635
legacy,3,b_N100_V4,7.519999984651804
legacy,3,b_N100_V4,7.438416010700166
legacy,3,b_N100_V4,8.479833020828664
legacy,3,b_N100_V4,7.6726669212803245
legacy,3,b_N100_V4,7.696832995861769
legacy,3,b_N100_V4,7.170291966758668
legacy,3,b_N100_V4,7.538166944868863
legacy,3,b_N100_V4,7.212874945253134
legacy,3,b_N100_V4,7.25937495008111
legacy,3,b_N100_V4,7.090084021911025
legacy,3,b_N100_V4,7.080957992002368
legacy,3,b_N100_V4,7.15812505222857
legacy,3,b_N100_V4,7.0324159460142255
legacy,3,b_N100_V4,7.116541033610702
legacy,3,b_N100_V4,6.994249997660518
legacy,3,b_N100_V4,7.075833971612155
legacy,3,b_N100_V4,6.9933750201016665
legacy,3,b_N100_V4,7.054624962620437
legacy,3,b_N100_V4,6.994624971412122
legacy,3,b_N100_V4,7.107249926775694
legacy,3,b_N100_V4,8.304124930873513
legacy,3,b_N100_V4,7.592541980557144
legacy,3,b_N100_V4,7.526417030021548
legacy,3,b_N100_V4,7.496541948057711
legacy,3,b_N100_V4,7.482499931938946
legacy,3,b_N100_V4,7.520916988141835
legacy,3,b_N100_V4,7.488625007681549
legacy,3,b_N100_V4,7.4925830122083426
legacy,3,b_N100_V4,7.494208053685725
legacy,3,b_N100_V4,7.391000050120056
legacy,3,b_N100_V4,7.459333050064743
legacy,3,b_N100_V4,7.517374935559928
legacy,3,b_N100_V4,7.68616609275341
legacy,3,b_N100_V4,7.488791947253048
legacy,3,b_N100_V4,7.471250020898879
legacy,3,b_N100_V4,7.476374972611666
legacy,3,b_N100_V4,7.458791951648891
legacy,3,b_N100_V4,7.375000044703484
legacy,3,b_N100_V4,7.446457981131971
legacy,3,b_N100_V4,7.475916994735599
legacy,3,b_N100_V4,7.292959024198353
legacy,3,b_N100_V4,7.535208016633987
legacy,3,b_N100_V4,7.492374978028238
legacy,3,b_N100_V4,7.499917061068118
legacy,3,b_N100_V4,7.449291064403951
legacy,3,b_N100_V4,7.502875057980418
legacy,3,b_N100_V4,7.472083903849125
legacy,3,b_N100_V4,7.448083022609353
legacy,3,b_N100_V4,7.484957925044
legacy,3,b_N100_V4,7.456165971234441
legacy,3,b_N100_V4,7.4485830264166
legacy,3,b_N100_V4,7.43733299896121
legacy,3,b_N100_V4,7.385500008240342
legacy,3,b_N100_V4,7.398208021186292
legacy,3,b_N100_V4,7.370874984189868
legacy,3,b_N100_V4,7.491667056456208
legacy,3,b_N100_V4,7.468707975931466
legacy,3,b_N100_V4,7.449875003658235
legacy,3,b_N100_V4,7.465334027074277
legacy,3,b_N100_V4,7.455417071469128
legacy,3,b_N100_V4,7.4415410635992885
legacy,3,b_N100_V4,7.754500024020672
legacy,3,b_N100_V4,7.459833053871989
legacy,3,b_N100_V4,7.510082912631333
legacy,3,b_N100_V4,7.406333927065134
legacy,3,b_N100_V4,7.447374984622002
legacy,3,b_N100_V4,7.398000103421509
legacy,3,b_N100_V4,7.427499978803098
legacy,3,b_N100_V4,7.410333026200533
legacy,3,b_N100_V4,8.047124953009188
legacy,3,b_N100_V4,7.352084037847817
legacy,3,b_N100_V4,7.307040970772505
legacy,3,b_N100_V4,7.281417027115822
legacy,3,b_N100_V4,7.30779196601361
legacy,3,b_N100_V4,7.535582990385592
legacy,3,b_N100_V4,7.773708086460829
legacy,3,b_N100_V4,7.501333951950073
legacy,3,b_N100_V4,8.153916918672621
legacy,3,b_N100_V4,7.6643748907372355
legacy,3,b_N100_V4,7.4819589499384165
legacy,3,b_N100_V4,7.964125019498169
legacy,3,b_N100_V4,7.204583031125367
legacy,3,b_N100_V4,7.160667097195983
legacy,3,b_N100_V4,7.132125087082386
legacy,3,b_N100_V4,7.107750046998262
legacy,3,b_N100_V4,7.113416912034154
legacy,3,b_N100_V4,7.077583111822605
legacy,3,b_N100_V4,7.166583091020584
legacy,3,b_N100_V4,7.206458016298711
legacy,3,b_N100_V4,7.089374936185777
legacy,3,b_N100_V4,7.027457933872938
legacy,3,b_N100_V4,7.14408396743238
legacy,3,b_N100_V4,7.093333988450468
legacy,3,b_N100_V4,7.428957964293659
legacy,3,b_N100_V4,7.151667028665543
legacy,3,b_N100_V4,7.103165960870683
legacy,3,b_N100_V4,7.046500104479492
legacy,3,b_N100_V4,7.0702501107007265
legacy,3,b_N100_V4,7.023000041954219
legacy,3,b_N100_V4,7.0959581062197685
legacy,3,b_N100_V4,7.063124910928309
legacy,3,b_N100_V4,7.073333021253347
legacy,3,b_N100_V4,7.000667043030262
legacy,3,b_N100_V4,7.035917020402849
legacy,3,b_N100_V4,6.974249961785972
legacy,3,b_N100_V4,7.010999950580299
legacy,3,b_N100_V4,6.922416971065104
legacy,3,b_N100_V4,7.061959011480212
legacy,3,b_N100_V4,7.015625014901161
legacy,3,b_N100_V4,7.0231250720098615
legacy,3,b_N100_V4,7.035040995106101
legacy,3,b_N100_V4,7.0078750140964985
legacy,3,b_N100_V4,6.998750031925738
legacy,3,b_N100_V4,6.996500073000789
legacy,3,b_N100_V4,7.053958019241691
legacy,3,b_N100_V4,7.038833922706544
legacy,3,b_N100_V4,7.00487510766834
legacy,3,b_N100_V4,7.015291950665414
legacy,3,b_N100_V4,7.160958950407803
legacy,3,b_N100_V4,7.023458951152861
legacy,3,b_N100_V4,6.982333026826382
legacy,3,b_N100_V4,7.036917028017342
legacy,3,b_N100_V4,6.9868749706074595
legacy,3,b_N100_V4,6.957332952879369
legacy,3,b_N100_V4,7.0241669891402125
legacy,3,b_N100_V4,7.602249970659614
legacy,3,b_N100_V4,7.188791991211474
legacy,3,b_N100_V4,7.134833023883402
legacy,3,b_N100_V4,7.144666044041514
legacy,3,b_N100_V4,7.107833051122725
legacy,3,b_N100_V4,7.124249939806759
legacy,3,b_N100_V4,7.104041054844856
legacy,3,b_N100_V4,7.048832951113582
legacy,3,b_N100_V4,7.16145895421505
legacy,3,b_N100_V4,7.003042032010853
legacy,3,b_N100_V4,6.979707977734506
legacy,3,b_N100_V4,7.065208978019655
legacy,3,b_N100_V4,7.069292012602091
legacy,3,b_N100_V4,6.9542499259114265
legacy,3,b_N100_V4,6.98166701477021
legacy,3,b_N100_V4,8.143084007315338
legacy,3,b_N100_V4,7.49083305709064
legacy,3,b_N100_V4,7.433666964061558
legacy,3,b_N100_V4,7.419541943818331
legacy,3,b_N100_V4,7.3390830075368285
legacy,3,b_N100_V4,7.458499982021749
legacy,3,b_N100_V4,7.351374952122569
legacy,3,b_N100_V4,7.321457960642874
legacy,3,b_N100_V4,7.324334001168609
legacy,3,b_N100_V4,8.575957966968417
legacy,3,b_N100_V4,7.5128329917788506
legacy,3,b_N100_V4,7.521792082116008
legacy,3,b_N100_V4,7.396542001515627
legacy,3,b_N100_V4,7.4295420199632645
legacy,3,b_N100_V4,7.363500073552132
legacy,3,b_N100_V4,7.482250104658306
legacy,3,b_N100_V4,7.384208030998707
legacy,3,b_N100_V4,7.397959008812904
legacy,3,b_N100_V4,7.395416963845491
legacy,3,b_N100_V4,7.399541093036532
legacy,3,b_N100_V4,7.38237495534122
legacy,3,b_N100_V4,7.441249908879399
legacy,3,b_N100_V4,7.331375032663345
legacy,3,b_N100_V4,7.369250059127808
legacy,3,b_N100_V4,7.478500017896295
legacy,3,b_N100_V4,7.410750025883317
legacy,3,b_N100_V4,7.3600830510258675
legacy,3,b_N100_V4,7.360749994404614
legacy,3,b_N100_V4,7.3029580526053905
legacy,3,b_N100_V4,7.359917042776942
legacy,3,b_N100_V4,7.323750061914325
legacy,3,b_N100_V4,7.385458098724484
legacy,3,b_N100_V4,7.345499936491251
legacy,3,b_N100_V4,7.7439999440684915
legacy,3,b_N100_V4,7.32570793479681
legacy,3,b_N100_V4,7.313833921216428
legacy,3,b_N100_V4,7.3408749885857105
legacy,3,b_N100_V4,7.400832953862846
legacy,3,b_N100_V4,7.323291967622936
legacy,3,b_N100_V4,7.453958038240671
legacy,3,b_N100_V4,7.360582938417792
legacy,3,b_N100_V4,7.326749968342483
legacy,3,b_N100_V4,7.292583002708852
legacy,3,b_N100_V4,7.3604159988462925
legacy,3,b_N100_V4,7.3376670479774475
legacy,3,b_N100_V4,7.3274580063298345
legacy,3,b_N100_V4,7.291208021342754
legacy,3,b_N100_V4,7.517416961491108
legacy,3,b_N100_V4,7.334666908718646
legacy,3,b_N100_V4,7.738832966424525
legacy,3,b_N100_V4,7.364374934695661
legacy,3,b_N100_V4,7.374624954536557
legacy,3,b_N100_V4,7.367165992036462
legacy,3,b_N100_V4,7.426833966746926
legacy,3,b_N100_V4,7.325917016714811
legacy,3,b_N100_V4,7.340749958530068
legacy,3,b_N100_V4,7.429999997839332
legacy,3,b_N100_V4,7.3408749885857105
legacy,3,b_N100_V4,7.313749985769391
legacy,3,b_N100_V4,7.35458405688405
legacy,3,b_N100_V4,7.844832958653569
legacy,3,b_N100_V4,7.070833002217114
legacy,3,b_N100_V4,7.022083969786763
legacy,3,b_N100_V4,7.140540983527899
legacy,3,b_N100_V4,6.993207964114845
legacy,3,b_N100_V4,6.958417012356222
legacy,3,b_N100_V4,6.971708033233881
legacy,3,b_N100_V4,6.943208049051464
legacy,3,b_N100_V4,6.965458975173533
legacy,3,b_N100_V4,7.862207945436239
legacy,3,b_N100_V4,7.021500030532479
legacy,3,b_N100_V4,6.970916991122067
legacy,3,b_N100_V4,6.977415992878377
legacy,3,b_N100_V4,6.94987503811717
legacy,3,b_N100_V4,7.4124999810010195
legacy,3,b_N100_V4,6.983375060372055
legacy,3,b_N100_V4,7.112624938599765
legacy,3,b_N100_V4,8.257708977907896
legacy,3,b_N100_V4,7.737749954685569
legacy,3,b_N100_V4,7.2960000252351165
legacy,3,b_N100_V4,7.426292053423822
legacy,3,b_N100_V4,7.0237909676507115
legacy,3,b_N100_V4,6.972208037041128
legacy,3,b_N100_V4,7.013084017671645
legacy,3,b_N100_V4,6.9909170269966125
legacy,3,b_N100_V4,7.043582969345152
legacy,3,b_N100_V4,7.080625044181943
legacy,3,b_N100_V4,8.215458015911281
legacy,3,b_N100_V4,7.085125078447163
legacy,3,b_N100_V4,7.0059169083833694
legacy,3,b_N100_V4,6.937916041351855
legacy,3,b_N100_V4,6.99749996419996
legacy,3,b_N100_V4,6.951624993234873
legacy,3,b_N100_V4,6.941374973393977
legacy,3,b_N100_V4,6.920207990333438
legacy,3,b_N100_V4,7.007917040027678
legacy,3,b_N100_V4,6.972957984544337
legacy,3,b_N100_V4,7.18670804053545
legacy,3,b_N100_V4,6.957000005058944
legacy,3,b_N100_V4,7.097542053088546
legacy,3,b_N100_V4,7.050000014714897
legacy,3,b_N100_V4,6.949583068490028
legacy,3,b_N100_V4,6.963875028304756
legacy,3,b_N100_V4,6.970875081606209
legacy,3,b_N100_V4,6.940958090126514
legacy,3,b_N100_V4,7.008625078015029
legacy,3,b_N100_V4,6.966583081521094
legacy,3,b_N100_V4,6.941666943021119
legacy,3,b_N100_V4,6.958915968425572
legacy,3,b_N100_V4,6.933707976713777
legacy,3,b_N100_V4,6.934375036507845
legacy,3,b_N100_V4,6.9368749391287565
legacy,3,b_N100_V4,6.922457949258387
legacy,3,b_N100_V4,6.9579590344801545
legacy,3,b_N100_V4,6.936167017556727
legacy,3,b_N100_V4,6.919541978277266
legacy,3,b_N100_V4,6.928625050932169
legacy,3,b_N100_V4,6.925375084392726
legacy,3,b_N100_V4,6.9113330682739615
legacy,3,b_N100_V4,6.985999993048608
legacy,3,b_N100_V4,8.147874963469803
legacy,3,b_N100_V4,7.427542004734278
legacy,3,b_N100_V4,7.448625052347779
legacy,3,b_N100_V4,7.4327499605715275
legacy,3,b_N100_V4,7.391249993816018
legacy,3,b_N100_V4,7.358333095908165
legacy,3,b_N100_V4,7.350458996370435
legacy,3,b_N100_V4,7.366042002104223
legacy,3,b_N100_V4,7.415832951664925
legacy,3,b_N100_V4,7.4480000184848905
legacy,3,b_N100_V4,7.361375028267503
legacy,3,b_N100_V4,7.389583042822778
legacy,3,b_N100_V4,7.3342090472579
legacy,3,b_N100_V4,7.3307499988004565
legacy,3,b_N100_V4,7.8704169718548656
legacy,3,b_N100_V4,8.362542022950947
legacy,3,b_N100_V4,9.169416967779398
legacy,3,b_N100_V4,7.812291034497321
legacy,3,b_N100_V4,7.614625035785139
legacy,3,b_N100_V4,7.488791947253048
legacy,3,b_N100_V4,7.4578330386430025
legacy,3,b_N100_V4,7.359209004789591
legacy,3,b_N100_V4,7.444291957654059
legacy,3,b_N100_V4,7.608041982166469
legacy,3,b_N100_V4,7.868958986364305
legacy,3,b_N100_V4,7.440041983500123
legacy,3,b_N100_V4,7.481207954697311
legacy,3,b_N100_V4,7.423709030263126
legacy,3,b_N100_V4,7.4375830590724945
legacy,3,b_N100_V4,7.393375039100647
legacy,3,b_N100_V4,7.442625006660819
legacy,3,b_N100_V4,7.48745899181813
legacy,3,b_N100_V4,7.419583038426936
legacy,3,b_N100_V4,7.440292043611407
legacy,3,b_N100_V4,7.3914999375119805
legacy,3,b_N100_V4,7.352500106208026
legacy,3,b_N100_V4,7.409124984405935
legacy,3,b_N100_V4,7.395916967652738
legacy,3,b_N100_V4,7.377040921710432
legacy,3,b_N100_V4,7.499499944970012
legacy,3,b_N100_V4,7.415667059831321
legacy,3,b_N100_V4,7.370542036369443
legacy,3,b_N100_V4,7.4437090661376715
legacy,3,b_N100_V4,7.38370802719146
legacy,3,b_N100_V4,7.417667075060308
legacy,3,b_N100_V4,7.480334024876356
legacy,3,b_N100_V4,7.382375071756542
legacy,3,b_N100_V4,7.3659580666571856
legacy,3,b_N100_V4,7.392792031168938
legacy,3,b_N100_V4,7.343166973441839
legacy,3,b_N100_V4,7.377750007435679
legacy,3,b_N100_V4,7.359417038969696
legacy,3,b_N100_V4,7.393167004920542
legacy,3,b_N100_V4,7.399166934192181
legacy,3,b_N100_V4,7.39208294544369
legacy,3,b_N100_V4,7.360624964348972
legacy,3,b_N100_V4,7.334582973271608
legacy,3,b_N100_V4,7.385832956060767
legacy,3,b_N100_V4,7.383999996818602
legacy,3,b_N100_V4,7.383291027508676
legacy,3,b_N100_V4,8.015959057956934
legacy,3,b_N100_V4,7.17862497549504
legacy,3,b_N100_V4,7.194750010967255
legacy,3,b_N100_V4,7.2029579896479845
legacy,3,b_N100_V4,7.135708001442254
legacy,3,b_N100_V4,7.008917047642171
legacy,3,b_N100_V4,7.125750067643821
legacy,3,b_N100_V4,7.140292087569833
legacy,3,b_N100_V4,7.136166910640895
legacy,3,b_N100_V4,7.119624991901219
legacy,3,b_N100_V4,7.137000095099211
legacy,3,b_N100_V4,6.991416914388537
legacy,3,b_N100_V4,7.119124988093972
legacy,3,b_N100_V4,7.201917003840208
legacy,3,b_N100_V4,7.17716699000448
legacy,3,b_N100_V4,6.96108303964138
legacy,3,b_N100_V4,6.985250045545399
legacy,3,b_N100_V4,9.521999978460371
legacy,3,b_N100_V4,8.901541004888713
legacy,3,b_N100_V4,8.407625020481646
legacy,3,b_N100_V4,8.23950010817498
legacy,3,b_N100_V4,7.2928330628201365
legacy,3,b_N100_V4,9.0245840838179
legacy,3,b_N100_V4,8.273291983641684
legacy,3,b_N100_V4,8.64695804193616
legacy,3,b_N100_V4,7.651541032828391
legacy,3,b_N100_V4,7.312041940167546
legacy,3,b_N100_V4,7.188208983279765
legacy,3,b_N100_V4,7.758707972243428
legacy,3,b_N100_V4,7.499667000956833
legacy,3,b_N100_V4,7.245582994073629
legacy,3,b_N100_V4,7.089875056408346
legacy,3,b_N100_V4,7.173374993726611
legacy,3,b_N100_V4,7.1534160524606705
legacy,3,b_N100_V4,7.00874999165535
legacy,3,b_N100_V4,7.161709014326334
legacy,3,b_N100_V4,7.184541085734963
legacy,3,b_N100_V4,7.908208062872291
legacy,3,b_N100_V4,7.279124925844371
legacy,3,b_N100_V4,7.284583058208227
legacy,3,b_N100_V4,7.151000085286796
legacy,3,b_N100_V4,7.0252500008791685
legacy,3,b_N100_V4,7.143207942135632
legacy,3,b_N100_V4,7.106750039383769
legacy,3,b_N100_V4,7.129000034183264
legacy,3,b_N100_V4,7.001291960477829
legacy,3,b_N100_V4,7.152999984100461
legacy,3,b_N100_V4,7.049083011224866
legacy,3,b_N100_V4,7.072750013321638
legacy,3,b_N100_V4,7.010500063188374
legacy,3,b_N100_V4,7.108375080861151
legacy,3,b_N100_V4,7.1635410422459245
legacy,3,b_N100_V4,7.122875074855983
legacy,3,b_N100_V4,7.06166704185307
legacy,3,b_N100_V4,7.163125090301037
legacy,3,b_N100_V4,7.00841611251235
legacy,3,b_N100_V4,7.087124977260828
legacy,3,b_N100_V4,7.11287499871105
legacy,3,b_N100_V4,7.16949999332428
legacy,3,b_N100_V4,6.938209058716893
legacy,3,b_N100_V4,8.328375057317317
legacy,3,b_N100_V4,7.582082995213568
legacy,3,b_N100_V4,7.443833979777992
legacy,3,b_N100_V4,7.393415900878608
legacy,3,b_N100_V4,7.58237496484071
legacy,3,b_N100_V4,7.42783397436142
legacy,3,b_N100_V4,8.22595797944814
legacy,3,b_N100_V4,7.505584042519331
legacy,3,b_N100_V4,7.501999964006245
legacy,3,b_N100_V4,7.514666998758912
legacy,3,b_N100_V4,7.436042069457471
legacy,3,b_N100_V4,7.338833063840866
legacy,3,b_N100_V4,7.459125015884638
legacy,3,b_N100_V4,7.36783305183053
legacy,3,b_N100_V4,7.506083929911256
legacy,3,b_N100_V4,7.335916976444423
legacy,3,b_N100_V4,7.447166950441897
legacy,3,b_N100_V4,7.362041971646249
legacy,3,b_N100_V4,7.497875019907951
legacy,3,b_N100_V4,7.339832955040038
legacy,3,b_N100_V4,7.542958948761225
legacy,3,b_N100_V4,7.4965410167351365
legacy,3,b_N100_V4,7.472041994333267
legacy,3,b_N100_V4,7.4295829981565475
legacy,3,b_N100_V4,7.434125058352947
legacy,3,b_N100_V4,7.3398330714553595
legacy,3,b_N100_V4,7.458667038008571
legacy,3,b_N100_V4,7.452249992638826
legacy,3,b_N100_V4,7.47058296110481
legacy,3,b_N100_V4,7.414708961732686
legacy,3,b_N100_V4,7.4515410233289
legacy,3,b_N100_V4,7.309833075851202
legacy,3,b_N100_V4,7.478417013771832
legacy,3,b_N100_V4,7.435249979607761
legacy,3,b_N100_V4,7.451541954651475
legacy,3,b_N100_V4,7.318709045648575
legacy,3,b_N100_V4,7.466500042937696
legacy,3,b_N100_V4,7.35062500461936
legacy,3,b_N100_V4,7.50933401286602
legacy,3,b_N100_V4,7.540834019891918
legacy,3,b_N100_V4,7.485083071514964
legacy,3,b_N100_V4,7.323209079913795
legacy,3,b_N100_V4,7.489208015613258
legacy,3,b_N100_V4,7.442125002853572
legacy,3,b_N100_V4,7.439291919581592
legacy,3,b_N100_V4,7.328666048124433
legacy,3,b_N100_V4,7.380416034720838
legacy,3,b_N100_V4,7.269375026226044
legacy,3,b_N100_V4,7.447415962815285
legacy,3,b_N100_V4,7.493082899600267
legacy,3,b_N100_V4,7.43062503170222
legacy,3,b_N100_V4,7.3752079624682665
legacy,3,b_N100_V4,7.412416976876557
legacy,3,b_N100_V4,7.3169589741155505
legacy,3,b_N100_V4,7.354542030952871
legacy,3,b_N100_V4,7.435125065967441
legacy,3,b_N100_V4,7.420332985930145
legacy,3,b_N100_V4,7.376124965958297
legacy,3,b_N100_V4,7.38841702695936
legacy,3,b_N100_V4,7.387750083580613
legacy,3,b_N100_V4,7.798208040185273
legacy,3,b_N100_V4,7.037292001768947
legacy,3,b_N100_V4,7.002833997830749
legacy,3,b_N100_V4,7.047332939691842
legacy,3,b_N100_V4,6.987583008594811
legacy,3,b_N100_V4,6.973667070269585
legacy,3,b_N100_V4,7.031208020634949
legacy,3,b_N100_V4,6.994124967604876
legacy,3,b_N100_V4,6.935750017873943
legacy,3,b_N100_V4,6.944832974113524
legacy,3,b_N100_V4,7.16129201464355
legacy,3,b_N100_V4,7.08908389788121
legacy,3,b_N100_V4,6.930541014298797
legacy,3,b_N100_V4,6.933333002962172
legacy,3,b_N100_V4,6.905874935910106
legacy,3,b_N100_V4,6.9822079967707396
legacy,3,b_N100_V4,6.970082991756499
legacy,3,b_N100_V4,6.935333949513733
legacy,3,b_N100_V4,6.936999969184399
legacy,3,b_N100_V4,6.954625016078353
legacy,3,b_N100_V4,6.919665960595012
legacy,3,b_N100_V4,6.940040970221162
legacy,3,b_N100_V4,6.901292013935745
legacy,3,b_N100_V4,6.904250010848045
legacy,3,b_N100_V4,6.913874996826053
legacy,3,b_N100_V4,6.959667080081999
legacy,3,b_N100_V4,6.968833040446043
legacy,3,b_N100_V4,6.917124963365495
legacy,3,b_N100_V4,6.904916954226792
legacy,3,b_N100_V4,6.957500008866191
legacy,3,b_N100_V4,6.932624964974821
legacy,3,b_N100_V4,6.911749951541424
legacy,3,b_N100_V4,6.9072500336915255
legacy,3,b_N100_V4,6.970125017687678
legacy,3,b_N100_V4,6.959291989915073
legacy,3,b_N100_V4,6.928625050932169
legacy,3,b_N100_V4,6.930584087967873
legacy,3,b_N100_V4,6.925916997715831
legacy,3,b_N100_V4,6.9297500886023045
legacy,3,b_N100_V4,6.9463340332731605
legacy,3,b_N100_V4,6.995000061579049
legacy,3,b_N100_V4,7.276916992850602
legacy,3,b_N100_V4,6.995541043579578
legacy,3,b_N100_V4,6.95224991068244
legacy,3,b_N100_V4,6.962124956771731
legacy,3,b_N100_V4,6.916458019986749
legacy,3,b_N100_V4,6.92662491928786
legacy,3,b_N100_V4,6.9188750348985195
legacy,3,b_N100_V4,6.944624939933419
legacy,3,b_N100_V4,6.901249988004565
legacy,3,b_N100_V4,6.907041999511421
legacy,3,b_N100_V4,6.923084030859172
legacy,3,b_N100_V4,6.936582969501615
legacy,3,b_N100_V4,6.9420000072568655
legacy,3,b_N100_V4,6.95358298253268
legacy,3,b_N100_V4,6.968582980334759
legacy,3,b_N100_V4,6.984083913266659
legacy,3,b_N100_V4,6.979291909374297
legacy,3,b_N100_V4,6.9426249247044325
legacy,3,b_N100_V4,6.978958961553872
legacy,3,b_N100_V4,8.220459101721644
legacy,3,b_N100_V4,7.520416984334588
legacy,3,b_N100_V4,7.441916968673468
legacy,3,b_N100_V4,7.450166973285377
legacy,3,b_N100_V4,7.447374984622002
legacy,3,b_N100_V4,7.406166987493634
legacy,3,b_N100_V4,7.406041957437992
legacy,3,b_N100_V4,7.372374995611608
legacy,3,b_N100_V4,7.352416985668242
legacy,3,b_N100_V4,7.363707991316915
legacy,3,b_N100_V4,7.992208003997803
legacy,3,b_N100_V4,7.538459030911326
legacy,3,b_N100_V4,7.457499974407256
legacy,3,b_N100_V4,8.003416005522013
legacy,3,b_N100_V4,7.419792003929615
legacy,3,b_N100_V4,7.385291974060237
legacy,3,b_N100_V4,7.390082930214703
legacy,3,b_N100_V4,7.757666986435652
legacy,3,b_N100_V4,8.131208014674485
legacy,3,b_N100_V4,8.016707957722247
legacy,3,b_N100_V4,7.469167001545429
legacy,3,b_N100_V4,7.402417017146945
legacy,3,b_N100_V4,7.357707945629954
legacy,3,b_N100_V4,7.335292058996856
legacy,3,b_N100_V4,7.358917035162449
legacy,3,b_N100_V4,7.366999983787537
legacy,3,b_N100_V4,7.357208989560604
legacy,3,b_N100_V4,7.348665967583656
legacy,3,b_N100_V4,7.380208000540733
legacy,3,b_N100_V4,7.355083944275975
legacy,3,b_N100_V4,7.352124899625778
legacy,3,b_N100_V4,7.347332895733416
legacy,3,b_N100_V4,7.395500084385276
legacy,3,b_N100_V4,7.363415905274451
legacy,3,b_N100_V4,7.3600419564172626
legacy,3,b_N100_V4,7.325832964852452
legacy,3,b_N100_V4,7.372291991487145
legacy,3,b_N100_V4,7.425250019878149
legacy,3,b_N100_V4,7.327666971832514
legacy,3,b_N100_V4,7.4818329885602
legacy,3,b_N100_V4,7.462874986231327
legacy,3,b_N100_V4,7.334000081755221
legacy,3,b_N100_V4,7.935957983136177
legacy,3,b_N100_V4,7.560208090581
legacy,3,b_N100_V4,7.443249924108386
legacy,3,b_N100_V4,7.589166052639484
legacy,3,b_N100_V4,7.446457981131971
legacy,3,b_N100_V4,7.498582941479981
legacy,3,b_N100_V4,7.4399999575689435
legacy,3,b_N100_V4,7.402457995340228
legacy,3,b_N100_V4,7.395709049887955
legacy,3,b_N100_V4,7.375707966275513
legacy,3,b_N100_V4,7.377958041615784
legacy,3,b_N100_V4,7.352959015406668
legacy,3,b_N100_V4,7.397957961075008
legacy,3,b_N100_V4,7.417250075377524
legacy,3,b_N100_V4,7.365875062532723
legacy,3,b_N100_V4,7.41979107260704
legacy,3,b_N100_V4,7.416375097818673
legacy,3,b_N100_V4,7.4117499170824885
legacy,3,b_N100_V4,8.009082986973226
legacy,3,b_N100_V4,7.2070000460371375
legacy,3,b_N100_V4,7.1796668926253915
legacy,3,b_N100_V4,7.086458965204656
legacy,3,b_N100_V4,7.142750080674887
legacy,3,b_N100_V4,7.091042003594339
legacy,3,b_N100_V4,7.056833943352103
legacy,3,b_N100_V4,7.065166952088475
legacy,3,b_N100_V4,7.081834017299116
legacy,3,b_N100_V4,7.123332936316729
legacy,3,b_N100_V4,7.2261670138686895
legacy,3,b_N100_V4,7.001708960160613
legacy,3,b_N100_V4,6.924250046722591
legacy,3,b_N100_V4,7.029999978840351
legacy,3,b_N100_V4,7.071500062011182
legacy,3,b_N100_V4,6.962166051380336
legacy,3,b_N100_V4,7.071458036080003
legacy,3,b_N100_V4,7.094417000189424
legacy,3,b_N100_V4,7.010833942331374
legacy,3,b_N100_V4,6.99958298355341
legacy,3,b_N100_V4,7.039791904389858
legacy,3,b_N100_V4,6.947916932404041
legacy,3,b_N100_V4,7.772915996611118
legacy,3,b_N100_V4,7.184125017374754
legacy,3,b_N100_V4,7.116957916878164
legacy,3,b_N100_V4,7.111500017344952
legacy,3,b_N100_V4,7.120750029571354
legacy,3,b_N100_V4,7.068249979056418
legacy,3,b_N100_V4,7.130375015549362
legacy,3,b_N100_V4,7.065625046379864
legacy,3,b_N100_V4,7.0411249762400985
legacy,3,b_N100_V4,7.140583009459078
legacy,3,b_N100_V4,7.146666990593076
legacy,3,b_N100_V4,7.05004099290818
legacy,3,b_N100_V4,7.081708055920899
legacy,3,b_N100_V4,7.012374931946397
legacy,3,b_N100_V4,7.047415943816304
legacy,3,b_N100_V4,7.05937494058162
legacy,3,b_N100_V4,7.129541947506368
legacy,3,b_N100_V4,7.005459046922624
legacy,3,b_N100_V4,7.089916965924203
legacy,3,b_N100_V4,7.021166966296732
legacy,3,b_N100_V4,7.027250016108155
legacy,3,b_N100_V4,7.0628749672323465
legacy,3,b_N100_V4,7.035957998596132
legacy,3,b_N100_V4,7.030875072814524
legacy,3,b_N100_V4,7.104000076651573
legacy,3,b_N100_V4,7.00670899823308
legacy,3,b_N100_V4,7.606541039422154
legacy,3,b_N100_V4,7.10462499409914
legacy,3,b_N100_V4,7.606541970744729
legacy,3,b_N100_V4,7.114957901649177
legacy,3,b_N100_V4,7.109249942004681
legacy,3,b_N100_V4,7.092291954904795
legacy,3,b_N100_V4,7.102792034856975
legacy,3,b_N100_V4,7.071957923471928
legacy,3,b_N100_V4,7.124125026166439
legacy,3,b_N100_V4,6.997084012255073
legacy,3,b_N100_V4,7.069541956298053
legacy,3,b_N100_V4,7.02395907137543
legacy,3,b_N100_V4,8.344250032678246
legacy,3,b_N100_V4,7.580292061902583
legacy,3,b_N100_V4,7.563291932456195
legacy,3,b_N100_V4,7.498916937038302
legacy,3,b_N100_V4,7.584208040498197
legacy,3,b_N100_V4,7.51004193443805
legacy,3,b_N100_V4,7.481332984752953
legacy,3,b_N100_V4,7.567750057205558
legacy,3,b_N100_V4,7.518208934925497
legacy,3,b_N100_V4,7.466375012882054
legacy,3,b_N100_V4,7.538583013229072
legacy,3,b_N100_V4,7.4139999924227595
legacy,3,b_N100_V4,7.443457958288491
legacy,3,b_N100_V4,7.433332968503237
legacy,3,b_N100_V4,7.488458999432623
legacy,3,b_N100_V4,7.467375020496547
legacy,3,b_N100_V4,7.4770000064745545
legacy,3,b_N100_V4,7.479166961275041
legacy,3,b_N100_V4,7.469707983545959
legacy,3,b_N100_V4,7.4461669428274035
legacy,3,b_N100_V4,7.768999901600182
legacy,3,b_N100_V4,7.492249947972596
legacy,3,b_N100_V4,7.539375103078783
legacy,3,b_N100_V4,7.499250001274049
legacy,3,b_N100_V4,7.455333019606769
legacy,3,b_N100_V4,7.454667007550597
legacy,3,b_N100_V4,7.492459029890597
legacy,3,b_N100_V4,7.496375008486211
legacy,3,b_N100_V4,7.502167019993067
legacy,3,b_N100_V4,7.52037507481873
legacy,3,b_N100_V4,7.510208059102297
legacy,3,b_N100_V4,7.4668750166893005
legacy,3,b_N100_V4,7.465749979019165
legacy,3,b_N100_V4,7.351916050538421
legacy,3,b_N100_V4,7.325291051529348
legacy,3,b_N100_V4,7.300709025003016
legacy,3,b_N100_V4,7.412332925014198
legacy,3,b_N100_V4,7.453791098669171
legacy,3,b_N100_V4,7.454124977812171
legacy,3,b_N100_V4,8.00033297855407
legacy,3,b_N100_V4,7.596915937028825
legacy,3,b_N100_V4,7.450000033713877
legacy,3,b_N100_V4,7.511125062592328
legacy,3,b_N100_V4,7.354917004704475
legacy,3,b_N100_V4,7.471167016774416
legacy,3,b_N100_V4,7.39962502848357
legacy,3,b_N100_V4,7.468333002179861
legacy,3,b_N100_V4,7.350374944508076
legacy,3,b_N100_V4,7.414457970298827
legacy,3,b_N100_V4,7.402291055768728
legacy,3,b_N100_V4,7.433291990309954
legacy,3,b_N100_V4,7.392540923319757
legacy,3,b_N100_V4,7.412125007249415
legacy,3,b_N100_V4,7.446790928952396
legacy,3,b_N100_V4,7.423458038829267
legacy,3,b_N100_V4,7.377292029559612
legacy,3,b_N100_V4,7.428249926306307
legacy,3,b_N100_V4,7.422500057145953
legacy,3,b_N100_V4,7.475999998860061
legacy,3,b_N100_V4,7.437417050823569
