tool,replicate,config,sub_ms
modern,1,a_N100_V3+3D,1.8143750494346023
modern,1,a_N100_V3+3D,1.790667069144547
modern,1,a_N100_V3+3D,1.7221670132130384
modern,1,a_N100_V3+3D,1.7146249301731586
modern,1,a_N100_V3+3D,1.699125044979155
modern,1,a_N100_V3+3D,1.7607089830562472
modern,1,a_N100_V3+3D,1.69945799279958
modern,1,a_N100_V3+3D,1.6851669643074274
modern,1,a_N100_V3+3D,1.7416250193491578
modern,1,a_N100_V3+3D,1.7210410442203283
modern,1,a_N100_V3+3D,1.6937080072239041
modern,1,a_N100_V3+3D,1.680250046774745
modern,1,a_N100_V3+3D,1.6780829755589366
modern,1,a_N100_V3+3D,1.6782920574769378
modern,1,a_N100_V3+3D,1.6794170951470733
modern,1,a_N100_V3+3D,1.67758297175169
modern,1,a_N100_V3+3D,1.6765000764280558
modern,1,a_N100_V3+3D,1.6668339958414435
modern,1,a_N100_V3+3D,1.6604999545961618
modern,1,a_N100_V3+3D,1.6588749131187797
modern,1,a_N100_V3+3D,1.6679170075803995
modern,1,a_N100_V3+3D,1.6869170358404517
modern,1,a_N100_V3+3D,1.6592909814789891
modern,1,a_N100_V3+3D,1.81441695895046
modern,1,a_N100_V3+3D,1.650832942686975
modern,1,a_N100_V3+3D,1.655291998758912
modern,1,a_N100_V3+3D,1.6475000884383917
modern,1,a_N100_V3+3D,1.6530000139027834
modern,1,a_N100_V3+3D,1.66470801923424
modern,1,a_N100_V3+3D,1.6537921037524939
modern,1,a_N100_V3+3D,1.6618749359622598
modern,1,a_N100_V3+3D,1.7023750115185976
modern,1,a_N100_V3+3D,1.7086250009015203
modern,1,a_N100_V3+3D,1.6758330166339874
modern,1,a_N100_V3+3D,1.6703750006854534
modern,1,a_N100_V3+3D,1.6574589535593987
modern,1,a_N100_V3+3D,1.6692079370841384
modern,1,a_N100_V3+3D,1.6767500201240182
modern,1,a_N100_V3+3D,1.6852919943630695
modern,1,a_N100_V3+3D,1.6525409882888198
modern,1,a_N100_V3+3D,1.6799579607322812
modern,1,a_N100_V3+3D,1.690667006187141
modern,1,a_N100_V3+3D,1.680457964539528
modern,1,a_N100_V3+3D,1.6957080224528909
modern,1,a_N100_V3+3D,1.650000107474625
modern,1,a_N100_V3+3D,1.6849999083206058
modern,1,a_N100_V3+3D,1.683875103481114
modern,1,a_N100_V3+3D,1.6724589513614774
modern,1,a_N100_V3+3D,1.6634160419926047
modern,1,a_N100_V3+3D,1.6647500451654196
modern,1,a_N100_V3+3D,1.6516669420525432
modern,1,a_N100_V3+3D,1.700707944110036
modern,1,a_N100_V3+3D,1.7093330388888717
modern,1,a_N100_V3+3D,1.6758330166339874
modern,1,a_N100_V3+3D,1.6469999682158232
modern,1,a_N100_V3+3D,1.645082957111299
modern,1,a_N100_V3+3D,1.6710840864107013
modern,1,a_N100_V3+3D,1.6668749740347266
modern,1,a_N100_V3+3D,1.652291975915432
modern,1,a_N100_V3+3D,1.647417084313929
modern,1,a_N100_V3+3D,1.759457984007895
modern,1,a_N100_V3+3D,1.7176669789478183
modern,1,a_N100_V3+3D,1.696749939583242
modern,1,a_N100_V3+3D,1.6794169787317514
modern,1,a_N100_V3+3D,1.749624963849783
modern,1,a_N100_V3+3D,1.6926659736782312
modern,1,a_N100_V3+3D,1.701208995655179
modern,1,a_N100_V3+3D,1.6893750289455056
modern,1,a_N100_V3+3D,1.6525830142199993
modern,1,a_N100_V3+3D,1.6496670432388783
modern,1,a_N100_V3+3D,1.7220419831573963
modern,1,a_N100_V3+3D,1.6464580548927188
modern,1,a_N100_V3+3D,1.6439580358564854
modern,1,a_N100_V3+3D,1.653167069889605
modern,1,a_N100_V3+3D,1.655958010815084
modern,1,a_N100_V3+3D,1.6459999606013298
modern,1,a_N100_V3+3D,1.6516660107299685
modern,1,a_N100_V3+3D,1.6432919073849916
modern,1,a_N100_V3+3D,1.6543340170755982
modern,1,a_N100_V3+3D,1.6436249716207385
modern,1,a_N100_V3+3D,1.6350829973816872
modern,1,a_N100_V3+3D,1.6495420131832361
modern,1,a_N100_V3+3D,1.682374975644052
modern,1,a_N100_V3+3D,1.6543329693377018
modern,1,a_N100_V3+3D,1.661041984334588
modern,1,a_N100_V3+3D,1.6469170805066824
modern,1,a_N100_V3+3D,1.6475419979542494
modern,1,a_N100_V3+3D,1.6423750203102827
modern,1,a_N100_V3+3D,1.646209042519331
modern,1,a_N100_V3+3D,1.6572499880567193
modern,1,a_N100_V3+3D,1.8516669515520334
modern,1,a_N100_V3+3D,2.2451250115409493
modern,1,a_N100_V3+3D,2.2312080254778266
modern,1,a_N100_V3+3D,1.9682080019265413
modern,1,a_N100_V3+3D,1.724999980069697
modern,1,a_N100_V3+3D,1.7306669615209103
modern,1,a_N100_V3+3D,1.7375829629600048
modern,1,a_N100_V3+3D,1.710625016130507
modern,1,a_N100_V3+3D,1.9878329476341605
modern,1,a_N100_V3+3D,1.2612499995157123
modern,1,a_N100_V3+3D,1.2379999971017241
modern,1,a_N100_V3+3D,1.3362080790102482
modern,1,a_N100_V3+3D,1.2794999638572335
modern,1,a_N100_V3+3D,1.232209033332765
modern,1,a_N100_V3+3D,1.2294170446693897
modern,1,a_N100_V3+3D,1.5455419197678566
modern,1,a_N100_V3+3D,1.2481249868869781
modern,1,a_N100_V3+3D,1.2438329868018627
modern,1,a_N100_V3+3D,1.2263329699635506
modern,1,a_N100_V3+3D,1.2240000069141388
modern,1,a_N100_V3+3D,1.223042025230825
modern,1,a_N100_V3+3D,1.228917040862143
modern,1,a_N100_V3+3D,1.227417029440403
modern,1,a_N100_V3+3D,1.2222500517964363
modern,1,a_N100_V3+3D,1.2296249624341726
modern,1,a_N100_V3+3D,1.2315839994698763
modern,1,a_N100_V3+3D,1.2550420360639691
modern,1,a_N100_V3+3D,1.2134580174461007
modern,1,a_N100_V3+3D,1.2094170087948442
modern,1,a_N100_V3+3D,1.2200420023873448
modern,1,a_N100_V3+3D,1.8339999951422215
modern,1,a_N100_V3+3D,1.813458977267146
modern,1,a_N100_V3+3D,2.1147909574210644
modern,1,a_N100_V3+3D,1.767959096468985
modern,1,a_N100_V3+3D,1.7391250003129244
modern,1,a_N100_V3+3D,1.7045000568032265
modern,1,a_N100_V3+3D,1.763333915732801
modern,1,a_N100_V3+3D,1.7182090086862445
modern,1,a_N100_V3+3D,1.6889579128473997
modern,1,a_N100_V3+3D,1.6962919617071748
modern,1,a_N100_V3+3D,1.702499925158918
modern,1,a_N100_V3+3D,2.2097500041127205
modern,1,a_N100_V3+3D,1.819874974898994
modern,1,a_N100_V3+3D,1.7734579741954803
modern,1,a_N100_V3+3D,1.7720420146360993
modern,1,a_N100_V3+3D,1.7326250672340393
modern,1,a_N100_V3+3D,1.76845898386091
modern,1,a_N100_V3+3D,1.8458330305293202
modern,1,a_N100_V3+3D,1.7463749973103404
modern,1,a_N100_V3+3D,1.7232090467587113
modern,1,a_N100_V3+3D,1.7470410093665123
modern,1,a_N100_V3+3D,1.7133340006694198
modern,1,a_N100_V3+3D,1.7475419444963336
modern,1,a_N100_V3+3D,1.735249999910593
modern,1,a_N100_V3+3D,1.725416979752481
modern,1,a_N100_V3+3D,1.7146669561043382
modern,1,a_N100_V3+3D,1.7269999952986836
modern,1,a_N100_V3+3D,1.7000000225380063
modern,1,a_N100_V3+3D,1.7274999991059303
modern,1,a_N100_V3+3D,1.718292012810707
modern,1,a_N100_V3+3D,1.7049170564860106
modern,1,a_N100_V3+3D,1.7535000806674361
modern,1,a_N100_V3+3D,1.7409169813618064
modern,1,a_N100_V3+3D,1.691875047981739
modern,1,a_N100_V3+3D,1.7357500037178397
modern,1,a_N100_V3+3D,1.7086670268326998
modern,1,a_N100_V3+3D,1.749000046402216
modern,1,a_N100_V3+3D,1.71849993057549
modern,1,a_N100_V3+3D,1.7067500157281756
modern,1,a_N100_V3+3D,1.6934999730437994
modern,1,a_N100_V3+3D,1.7043339321389794
modern,1,a_N100_V3+3D,1.696542021818459
modern,1,a_N100_V3+3D,1.7299579922109842
modern,1,a_N100_V3+3D,1.7082920530810952
modern,1,a_N100_V3+3D,1.7075829673558474
modern,1,a_N100_V3+3D,1.7342499922960997
modern,1,a_N100_V3+3D,1.7158749978989363
modern,1,a_N100_V3+3D,1.6811250243335962
modern,1,a_N100_V3+3D,1.6805001068860292
modern,1,a_N100_V3+3D,1.6939160414040089
modern,1,a_N100_V3+3D,1.6897079767659307
modern,1,a_N100_V3+3D,1.6867920057848096
modern,1,a_N100_V3+3D,1.7119169933721423
modern,1,a_N100_V3+3D,1.6960829962044954
modern,1,a_N100_V3+3D,1.6929589910432696
modern,1,a_N100_V3+3D,1.6738339327275753
modern,1,a_N100_V3+3D,1.7086670268326998
modern,1,a_N100_V3+3D,1.6761249862611294
modern,1,a_N100_V3+3D,1.6855839639902115
modern,1,a_N100_V3+3D,1.7064580461010337
modern,1,a_N100_V3+3D,1.7865000991150737
modern,1,a_N100_V3+3D,1.7484999261796474
modern,1,a_N100_V3+3D,1.7191249644383788
modern,1,a_N100_V3+3D,1.6959579661488533
modern,1,a_N100_V3+3D,1.9467920064926147
modern,1,a_N100_V3+3D,1.6836669528856874
modern,1,a_N100_V3+3D,1.6825000056996942
modern,1,a_N100_V3+3D,1.735249999910593
modern,1,a_N100_V3+3D,1.6877090092748404
modern,1,a_N100_V3+3D,1.6752500087022781
modern,1,a_N100_V3+3D,1.681625028140843
modern,1,a_N100_V3+3D,1.675166073255241
modern,1,a_N100_V3+3D,1.6610410530120134
modern,1,a_N100_V3+3D,1.6587910940870643
modern,1,a_N100_V3+3D,1.65983394253999
modern,1,a_N100_V3+3D,1.6629159217700362
modern,1,a_N100_V3+3D,1.6708329785615206
modern,1,a_N100_V3+3D,1.7428339924663305
modern,1,a_N100_V3+3D,1.6708329785615206
modern,1,a_N100_V3+3D,1.6852079425007105
modern,1,a_N100_V3+3D,1.8674590392038226
modern,1,a_N100_V3+3D,1.6546669648960233
modern,1,a_N100_V3+3D,1.6624580603092909
modern,1,a_N100_V3+3D,1.671917038038373
modern,1,a_N100_V3+3D,1.6532500740140676
modern,1,a_N100_V3+3D,1.6560000367462635
modern,1,a_N100_V3+3D,1.6548330895602703
modern,1,a_N100_V3+3D,1.6394169069826603
modern,1,a_N100_V3+3D,1.6458329046145082
modern,1,a_N100_V3+3D,1.6472089337185025
modern,1,a_N100_V3+3D,1.6516249161213636
modern,1,a_N100_V3+3D,1.698541920632124
modern,1,a_N100_V3+3D,1.661416026763618
modern,1,a_N100_V3+3D,1.6700000269338489
modern,1,a_N100_V3+3D,1.6576249618083239
modern,1,a_N100_V3+3D,1.6482080100104213
modern,1,a_N100_V3+3D,1.636332948692143
modern,1,a_N100_V3+3D,1.684832968749106
modern,1,a_N100_V3+3D,1.6488750698044896
modern,1,a_N100_V3+3D,1.64883304387331
modern,1,a_N100_V3+3D,1.660624984651804
modern,1,a_N100_V3+3D,1.656999927945435
modern,1,a_N100_V3+3D,1.6610000748187304
modern,1,a_N100_V3+3D,1.6490418929606676
modern,1,a_N100_V3+3D,1.6463339561596513
modern,1,a_N100_V3+3D,1.6711249481886625
modern,1,a_N100_V3+3D,1.6423750203102827
modern,1,a_N100_V3+3D,1.6411659307777882
modern,1,a_N100_V3+3D,1.6412909608334303
modern,1,a_N100_V3+3D,1.6437500016763806
modern,1,a_N100_V3+3D,1.6408340306952596
modern,1,a_N100_V3+3D,1.6284999437630177
modern,1,a_N100_V3+3D,1.6473750583827496
modern,1,a_N100_V3+3D,1.6338330460712314
modern,1,a_N100_V3+3D,1.9780410220846534
modern,1,a_N100_V3+3D,1.2587500968948007
modern,1,a_N100_V3+3D,1.2420000275596976
modern,1,a_N100_V3+3D,1.2292080791667104
modern,1,a_N100_V3+3D,1.2487919302657247
modern,1,a_N100_V3+3D,1.2636659666895866
modern,1,a_N100_V3+3D,1.7844169633463025
modern,1,a_N100_V3+3D,1.7394169699400663
modern,1,a_N100_V3+3D,1.7064580461010337
modern,1,a_N100_V3+3D,1.7397500341758132
modern,1,a_N100_V3+3D,1.6802920727059245
modern,1,a_N100_V3+3D,1.689292024821043
modern,1,a_N100_V3+3D,1.6946670366451144
modern,1,a_N100_V3+3D,1.6977919731289148
modern,1,a_N100_V3+3D,1.6758330166339874
modern,1,a_N100_V3+3D,1.6804590122774243
modern,1,a_N100_V3+3D,1.6692919889464974
modern,1,a_N100_V3+3D,1.672416110523045
modern,1,a_N100_V3+3D,1.6640420071780682
modern,1,a_N100_V3+3D,1.662084017880261
modern,1,a_N100_V3+3D,1.6899999463930726
modern,1,a_N100_V3+3D,1.6585839912295341
modern,1,a_N100_V3+3D,1.6588750295341015
modern,1,a_N100_V3+3D,1.7230829689651728
modern,1,a_N100_V3+3D,1.680209068581462
modern,1,a_N100_V3+3D,1.659334055148065
modern,1,a_N100_V3+3D,1.6593330074101686
modern,1,a_N100_V3+3D,1.6565420664846897
modern,1,a_N100_V3+3D,1.663000090047717
modern,1,a_N100_V3+3D,1.6380420420318842
modern,1,a_N100_V3+3D,1.652875100262463
modern,1,a_N100_V3+3D,1.6491669230163097
modern,1,a_N100_V3+3D,1.6706660389900208
modern,1,a_N100_V3+3D,1.6586669953539968
modern,1,a_N100_V3+3D,1.6531249275431037
modern,1,a_N100_V3+3D,1.6427499940618873
modern,1,a_N100_V3+3D,1.9677919335663319
modern,1,a_N100_V3+3D,1.2504169717431068
modern,1,a_N100_V3+3D,1.2783330166712403
modern,1,a_N100_V3+3D,1.2350000906735659
modern,1,a_N100_V3+3D,1.245834049768746
modern,1,a_N100_V3+3D,1.2449159985408187
modern,1,a_N100_V3+3D,1.2323750415816903
modern,1,a_N100_V3+3D,1.2526670470833778
modern,1,a_N100_V3+3D,1.2301250826567411
modern,1,a_N100_V3+3D,1.2273339089006186
modern,1,a_N100_V3+3D,1.2302501127123833
modern,1,a_N100_V3+3D,1.560000004246831
modern,1,a_N100_V3+3D,1.3520419597625732
modern,1,a_N100_V3+3D,1.3098339550197124
modern,1,a_N100_V3+3D,1.2813749490305781
modern,1,a_N100_V3+3D,1.2688339920714498
modern,1,a_N100_V3+3D,1.2651249999180436
modern,1,a_N100_V3+3D,1.2586669763550162
modern,1,a_N100_V3+3D,1.2512500397861004
modern,1,a_N100_V3+3D,1.2477090349420905
modern,1,a_N100_V3+3D,1.274583046324551
modern,1,a_N100_V3+3D,1.2307500001043081
modern,1,a_N100_V3+3D,1.236042007803917
modern,1,a_N100_V3+3D,1.2299580266699195
modern,1,a_N100_V3+3D,1.2293339241296053
modern,1,a_N100_V3+3D,1.2329169549047947
modern,1,a_N100_V3+3D,1.235750038176775
modern,1,a_N100_V3+3D,1.2384169967845082
modern,1,a_N100_V3+3D,1.2317500077188015
modern,1,a_N100_V3+3D,1.2284580152481794
modern,1,a_N100_V3+3D,1.8132079858332872
modern,1,a_N100_V3+3D,1.7861250089481473
modern,1,a_N100_V3+3D,1.7450840678066015
modern,1,a_N100_V3+3D,1.7288330709561706
modern,1,a_N100_V3+3D,1.6945000970736146
modern,1,a_N100_V3+3D,2.083333907648921
modern,1,a_N100_V3+3D,1.7081249970942736
modern,1,a_N100_V3+3D,1.7049169400706887
modern,1,a_N100_V3+3D,1.705916947685182
modern,1,a_N100_V3+3D,1.69495795853436
modern,1,a_N100_V3+3D,1.684832968749106
modern,1,a_N100_V3+3D,1.7141250427812338
modern,1,a_N100_V3+3D,1.6995840705931187
modern,1,a_N100_V3+3D,1.6947080148383975
modern,1,a_N100_V3+3D,1.652291975915432
modern,1,a_N100_V3+3D,1.7029170412570238
modern,1,a_N100_V3+3D,1.65049999486655
modern,1,a_N100_V3+3D,1.687083044089377
modern,1,a_N100_V3+3D,1.6765830805525184
modern,1,a_N100_V3+3D,1.691875047981739
modern,1,a_N100_V3+3D,1.649624900892377
modern,1,a_N100_V3+3D,1.6830830136314034
modern,1,a_N100_V3+3D,1.7032910836860538
modern,1,a_N100_V3+3D,1.6879589529708028
modern,1,a_N100_V3+3D,1.6717499820515513
modern,1,a_N100_V3+3D,1.6679170075803995
modern,1,a_N100_V3+3D,1.638249959796667
modern,1,a_N100_V3+3D,1.6953330487012863
modern,1,a_N100_V3+3D,1.6683749854564667
modern,1,a_N100_V3+3D,1.714250072836876
modern,1,a_N100_V3+3D,1.686292001977563
modern,1,a_N100_V3+3D,1.6797920688986778
modern,1,a_N100_V3+3D,1.6458340687677264
modern,1,a_N100_V3+3D,1.6562910750508308
modern,1,a_N100_V3+3D,1.6389170195907354
modern,1,a_N100_V3+3D,1.6257090028375387
modern,1,a_N100_V3+3D,1.7177499830722809
modern,1,a_N100_V3+3D,1.6793330432847142
modern,1,a_N100_V3+3D,1.6829170053824782
modern,1,a_N100_V3+3D,1.664582989178598
modern,1,a_N100_V3+3D,1.6454579308629036
modern,1,a_N100_V3+3D,1.6840000171214342
modern,1,a_N100_V3+3D,1.668957993388176
modern,1,a_N100_V3+3D,1.68208300601691
modern,1,a_N100_V3+3D,1.6469580586999655
modern,1,a_N100_V3+3D,1.6757500125095248
modern,1,a_N100_V3+3D,1.6396670835092664
modern,1,a_N100_V3+3D,1.6668339958414435
modern,1,a_N100_V3+3D,1.6595410415902734
modern,1,a_N100_V3+3D,1.7020830418914557
modern,1,a_N100_V3+3D,1.6342919552698731
modern,1,a_N100_V3+3D,1.6785420011729002
modern,1,a_N100_V3+3D,1.6517910407856107
modern,1,a_N100_V3+3D,1.7089589964598417
modern,1,a_N100_V3+3D,1.6850830288603902
modern,1,a_N100_V3+3D,1.6562079545110464
modern,1,a_N100_V3+3D,1.633457955904305
modern,1,a_N100_V3+3D,2.228291006758809
modern,1,a_N100_V3+3D,1.7637499840930104
modern,1,a_N100_V3+3D,1.7885840497910976
modern,1,a_N100_V3+3D,1.792707946151495
modern,1,a_N100_V3+3D,1.7659160075709224
modern,1,a_N100_V3+3D,1.7205419717356563
modern,1,a_N100_V3+3D,1.7252920661121607
modern,1,a_N100_V3+3D,1.7060830723494291
modern,1,a_N100_V3+3D,1.7002089880406857
modern,1,a_N100_V3+3D,1.7009160947054625
modern,1,a_N100_V3+3D,1.6712920041754842
modern,1,a_N100_V3+3D,1.7625419422984123
modern,1,a_N100_V3+3D,1.6768749337643385
modern,1,a_N100_V3+3D,1.66937499307096
modern,1,a_N100_V3+3D,1.6674170037731528
modern,1,a_N100_V3+3D,1.672165933996439
modern,1,a_N100_V3+3D,1.7019170336425304
modern,1,a_N100_V3+3D,1.6620419919490814
modern,1,a_N100_V3+3D,1.6657080268487334
modern,1,a_N100_V3+3D,1.7305000219494104
modern,1,a_N100_V3+3D,1.6889580292627215
modern,1,a_N100_V3+3D,1.681750058196485
modern,1,a_N100_V3+3D,1.6797500429674983
modern,1,a_N100_V3+3D,1.683874987065792
modern,1,a_N100_V3+3D,1.6671669436618686
modern,1,a_N100_V3+3D,1.6676249215379357
modern,1,a_N100_V3+3D,1.6549589345231652
modern,1,a_N100_V3+3D,1.6553750028833747
modern,1,a_N100_V3+3D,1.6598330112174153
modern,1,a_N100_V3+3D,1.649708952754736
modern,1,a_N100_V3+3D,1.6827909275889397
modern,1,a_N100_V3+3D,1.6464169602841139
modern,1,a_N100_V3+3D,1.6504590166732669
modern,1,a_N100_V3+3D,2.1667080000042915
modern,1,a_N100_V3+3D,1.728291972540319
modern,1,a_N100_V3+3D,1.2953340774402022
modern,1,a_N100_V3+3D,1.2651249999180436
modern,1,a_N100_V3+3D,1.2605000520125031
modern,1,a_N100_V3+3D,1.2580830371007323
modern,1,a_N100_V3+3D,1.2497080024331808
modern,1,a_N100_V3+3D,1.2585839722305536
modern,1,a_N100_V3+3D,1.269125030376017
modern,1,a_N100_V3+3D,1.2634169543161988
modern,1,a_N100_V3+3D,1.244999933987856
modern,1,a_N100_V3+3D,1.2531670508906245
modern,1,a_N100_V3+3D,1.2277920031920075
modern,1,a_N100_V3+3D,1.2340829707682133
modern,1,a_N100_V3+3D,1.239708042703569
modern,1,a_N100_V3+3D,1.2448750203475356
modern,1,a_N100_V3+3D,1.233624992892146
modern,1,a_N100_V3+3D,1.2315839994698763
modern,1,a_N100_V3+3D,1.2308330042287707
modern,1,a_N100_V3+3D,1.2349170865491033
modern,1,a_N100_V3+3D,1.6016250010579824
modern,1,a_N100_V3+3D,1.3528339331969619
modern,1,a_N100_V3+3D,1.3076660688966513
modern,1,a_N100_V3+3D,1.2843339936807752
modern,1,a_N100_V3+3D,1.315374975092709
modern,1,a_N100_V3+3D,1.279874937608838
modern,1,a_N100_V3+3D,1.2702499516308308
modern,1,a_N100_V3+3D,1.2686250265687704
modern,1,a_N100_V3+3D,1.2638330226764083
modern,1,a_N100_V3+3D,1.2709590373560786
modern,1,a_N100_V3+3D,1.8270000582560897
modern,1,a_N100_V3+3D,1.7629999201744795
modern,1,a_N100_V3+3D,1.7236670246347785
modern,1,a_N100_V3+3D,1.7035829368978739
modern,1,a_N100_V3+3D,1.7183329910039902
modern,1,a_N100_V3+3D,1.714249956421554
modern,1,a_N100_V3+3D,1.7314159777015448
modern,1,a_N100_V3+3D,1.7052500043064356
modern,1,a_N100_V3+3D,1.7363750375807285
modern,1,a_N100_V3+3D,1.690375036559999
modern,1,a_N100_V3+3D,1.703666988760233
modern,1,a_N100_V3+3D,1.6969590215012431
modern,1,a_N100_V3+3D,1.703290967270732
modern,1,a_N100_V3+3D,1.6807919600978494
modern,1,a_N100_V3+3D,1.6941250069066882
modern,1,a_N100_V3+3D,1.6848749946802855
modern,1,a_N100_V3+3D,1.6874999273568392
modern,1,a_N100_V3+3D,1.743959030136466
modern,1,a_N100_V3+3D,1.70112494379282
modern,1,a_N100_V3+3D,1.6724169254302979
modern,1,a_N100_V3+3D,1.6840000171214342
modern,1,a_N100_V3+3D,1.6937080072239041
modern,1,a_N100_V3+3D,1.6695830272510648
modern,1,a_N100_V3+3D,1.668750075623393
modern,1,a_N100_V3+3D,1.6859590541571379
modern,1,a_N100_V3+3D,1.6714580124244094
modern,1,a_N100_V3+3D,1.6522920923307538
modern,1,a_N100_V3+3D,1.6647910233587027
modern,1,a_N100_V3+3D,1.6702919965609908
modern,1,a_N100_V3+3D,1.6570419538766146
modern,1,a_N100_V3+3D,1.68224994558841
modern,1,a_N100_V3+3D,1.7017910722643137
modern,1,a_N100_V3+3D,1.6763749299570918
modern,1,a_N100_V3+3D,1.6642909031361341
modern,1,a_N100_V3+3D,1.6681249253451824
modern,1,a_N100_V3+3D,1.64899998344481
modern,1,a_N100_V3+3D,1.6517909243702888
modern,1,a_N100_V3+3D,1.648042001761496
modern,1,a_N100_V3+3D,1.7399589996784925
modern,1,a_N100_V3+3D,1.6772920498624444
modern,1,a_N100_V3+3D,1.6568750143051147
modern,1,a_N100_V3+3D,1.6727920155972242
modern,1,a_N100_V3+3D,1.677083084359765
modern,1,a_N100_V3+3D,1.6836669528856874
modern,1,a_N100_V3+3D,1.6768750501796603
modern,1,a_N100_V3+3D,1.6890830593183637
modern,1,a_N100_V3+3D,1.6562910750508308
modern,1,a_N100_V3+3D,1.655916916206479
modern,1,a_N100_V3+3D,1.646124990656972
modern,1,a_N100_V3+3D,1.6531249275431037
modern,1,a_N100_V3+3D,1.667542033828795
modern,1,a_N100_V3+3D,1.6749999485909939
modern,1,a_N100_V3+3D,1.7311249393969774
modern,1,a_N100_V3+3D,1.6558340284973383
modern,1,a_N100_V3+3D,1.6608750447630882
modern,1,a_N100_V3+3D,1.6678330721333623
modern,1,a_N100_V3+3D,1.6470419941470027
modern,1,a_N100_V3+3D,1.6597500070929527
modern,1,a_N100_V3+3D,1.6831670654937625
modern,1,a_N100_V3+3D,1.6500839265063405
modern,1,a_N100_V3+3D,1.8147920491173863
modern,1,a_N100_V3+3D,1.7840000800788403
modern,1,a_N100_V3+3D,1.7793331062421203
modern,1,a_N100_V3+3D,1.739625004120171
modern,1,a_N100_V3+3D,1.7331249546259642
modern,1,a_N100_V3+3D,1.71000009868294
modern,1,a_N100_V3+3D,1.7372500151395798
modern,1,a_N100_V3+3D,1.713459030725062
modern,1,a_N100_V3+3D,1.7424169927835464
modern,1,a_N100_V3+3D,1.72083405777812
modern,1,a_N100_V3+3D,1.7203750321641564
modern,1,a_N100_V3+3D,1.6815420240163803
modern,1,a_N100_V3+3D,1.7105829901993275
modern,1,a_N100_V3+3D,1.6867920057848096
modern,1,a_N100_V3+3D,1.7153749940916896
modern,1,a_N100_V3+3D,1.6937500331550837
modern,1,a_N100_V3+3D,1.7761250492185354
modern,1,a_N100_V3+3D,1.6883750213310122
modern,1,a_N100_V3+3D,1.6822920879349113
modern,1,a_N100_V3+3D,1.6876670997589827
modern,1,a_N100_V3+3D,1.7044160049408674
modern,1,a_N100_V3+3D,1.672249985858798
modern,1,a_N100_V3+3D,1.719541964121163
modern,1,a_N100_V3+3D,1.6720829298719764
modern,1,a_N100_V3+3D,1.7067920416593552
modern,1,a_N100_V3+3D,1.68374995701015
modern,1,a_N100_V3+3D,1.6959579661488533
modern,1,a_N100_V3+3D,1.9556250190362334
modern,1,a_N100_V3+3D,1.3353340327739716
modern,1,a_N100_V3+3D,1.2720420490950346
modern,1,a_N100_V3+3D,1.3012090930715203
modern,1,a_N100_V3+3D,1.2723340187221766
modern,1,a_N100_V3+3D,1.326541998423636
modern,1,a_N100_V3+3D,1.2715839548036456
modern,1,a_N100_V3+3D,1.274749985896051
modern,1,a_N100_V3+3D,1.254166942089796
modern,1,a_N100_V3+3D,1.2874589301645756
modern,1,a_N100_V3+3D,1.2903749011456966
modern,1,a_N100_V3+3D,1.2916669948026538
modern,1,a_N100_V3+3D,1.2724159751087427
modern,1,a_N100_V3+3D,1.282332930713892
modern,1,a_N100_V3+3D,1.5615420415997505
modern,1,a_N100_V3+3D,0.8617090061306953
modern,1,a_N100_V3+3D,0.8306250674650073
modern,1,a_N100_V3+3D,0.850292039103806
modern,1,a_N100_V3+3D,0.8205410558730364
modern,1,a_N100_V3+3D,0.8443340193480253
modern,1,a_N100_V3+3D,0.8303330978378654
modern,1,a_N100_V3+3D,0.8324169320985675
modern,1,a_N100_V3+3D,0.8157090051099658
modern,1,a_N100_V3+3D,0.8476660586893559
modern,1,a_N100_V3+3D,0.8188330102711916
modern,1,a_N100_V3+3D,0.8373339660465717
modern,1,a_N100_V3+3D,0.8039579261094332
modern,1,a_N100_V3+3D,0.9098750306293368
modern,1,a_N100_V3+3D,0.8457090007141232
modern,1,a_N100_V3+3D,0.8505419827997684
modern,1,a_N100_V3+3D,0.8183750323951244
modern,1,a_N100_V3+3D,0.8420840604230762
modern,1,a_N100_V3+3D,0.8229580707848072
modern,1,a_N100_V3+3D,1.791791059076786
modern,1,a_N100_V3+3D,1.7343750223517418
modern,1,a_N100_V3+3D,1.7089999746531248
modern,1,a_N100_V3+3D,1.6920409398153424
modern,1,a_N100_V3+3D,1.6876249574124813
modern,1,a_N100_V3+3D,1.6786250052973628
modern,1,a_N100_V3+3D,1.6710830386728048
modern,1,a_N100_V3+3D,1.6710420604795218
modern,1,a_N100_V3+3D,1.6694579971954226
modern,1,a_N100_V3+3D,1.6912500141188502
modern,1,a_N100_V3+3D,1.6865830402821302
modern,1,a_N100_V3+3D,1.675959094427526
modern,1,a_N100_V3+3D,1.678291941061616
modern,1,a_N100_V3+3D,1.6594580374658108
modern,1,a_N100_V3+3D,1.6685419250279665
modern,1,a_N100_V3+3D,1.670041005127132
modern,1,a_N100_V3+3D,1.6517079202458262
modern,1,a_N100_V3+3D,1.7197920242324471
modern,1,a_N100_V3+3D,1.669290941208601
modern,1,a_N100_V3+3D,1.6554580070078373
modern,1,a_N100_V3+3D,1.6502919606864452
modern,1,a_N100_V3+3D,1.655958010815084
modern,1,a_N100_V3+3D,1.6677080420777202
modern,1,a_N100_V3+3D,1.6478750621899962
modern,1,a_N100_V3+3D,1.6502910293638706
modern,1,a_N100_V3+3D,1.667250064201653
modern,1,a_N100_V3+3D,1.6516250325366855
modern,1,a_N100_V3+3D,1.653083018027246
modern,1,a_N100_V3+3D,1.6509160632267594
modern,1,a_N100_V3+3D,1.6550419386476278
modern,1,a_N100_V3+3D,1.648708013817668
modern,1,a_N100_V3+3D,1.6493749571964145
modern,1,a_N100_V3+3D,1.7104169819504023
modern,1,a_N100_V3+3D,1.6544159734621644
modern,1,a_N100_V3+3D,1.6485420055687428
modern,1,a_N100_V3+3D,1.6645420109853148
modern,1,a_N100_V3+3D,1.6452909912914038
modern,1,a_N100_V3+3D,1.650791964493692
modern,1,a_N100_V3+3D,1.658625085838139
modern,1,a_N100_V3+3D,1.6582909738644958
modern,1,a_N100_V3+3D,1.648375065997243
modern,1,a_N100_V3+3D,1.6307500191032887
modern,1,a_N100_V3+3D,1.6344999894499779
modern,1,a_N100_V3+3D,1.6318330308422446
modern,1,a_N100_V3+3D,2.3935409262776375
modern,1,a_N100_V3+3D,2.120541059412062
modern,1,a_N100_V3+3D,1.3095419853925705
modern,1,a_N100_V3+3D,1.2738750083371997
modern,1,a_N100_V3+3D,1.26783293671906
modern,1,a_N100_V3+3D,1.249791937880218
modern,1,a_N100_V3+3D,1.417458988726139
modern,1,a_N100_V3+3D,1.2662500375881791
modern,1,a_N100_V3+3D,1.2437920086085796
modern,1,a_N100_V3+3D,1.2391670607030392
modern,1,a_N100_V3+3D,1.254832954145968
modern,1,a_N100_V3+3D,1.2387080350890756
modern,1,a_N100_V3+3D,1.2305000564083457
modern,1,a_N100_V3+3D,1.2332909973338246
modern,1,a_N100_V3+3D,1.2357920641079545
modern,1,a_N100_V3+3D,1.2400000123307109
modern,1,a_N100_V3+3D,1.8240419449284673
modern,1,a_N100_V3+3D,1.7661659512668848
modern,1,a_N100_V3+3D,1.7904170090332627
modern,1,a_N100_V3+3D,1.7333340365439653
modern,1,a_N100_V3+3D,1.7119590193033218
modern,1,a_N100_V3+3D,1.7046249704435468
modern,1,a_N100_V3+3D,1.6963749658316374
modern,1,a_N100_V3+3D,1.6892499988898635
modern,1,a_N100_V3+3D,1.6822500620037317
modern,1,a_N100_V3+3D,1.693250029347837
modern,1,a_N100_V3+3D,1.767458044923842
modern,1,a_N100_V3+3D,1.6910410486161709
modern,1,a_N100_V3+3D,1.6680839471518993
modern,1,a_N100_V3+3D,1.6890419647097588
modern,1,a_N100_V3+3D,1.6798750730231404
modern,1,a_N100_V3+3D,1.6812499379739165
modern,1,a_N100_V3+3D,1.6785840271040797
modern,1,a_N100_V3+3D,1.7437080387026072
modern,1,a_N100_V3+3D,1.6562090022489429
modern,1,a_N100_V3+3D,1.6639590030536056
modern,1,a_N100_V3+3D,1.6972500598058105
modern,1,a_N100_V3+3D,1.7182090086862445
modern,1,a_N100_V3+3D,1.6746249748393893
modern,1,a_N100_V3+3D,1.6837919829413295
modern,1,a_N100_V3+3D,1.680959016084671
modern,1,a_N100_V3+3D,1.701667089946568
modern,1,a_N100_V3+3D,1.6759170684963465
modern,1,a_N100_V3+3D,1.7119590193033218
modern,1,a_N100_V3+3D,1.6937080072239041
modern,1,a_N100_V3+3D,1.6797080170363188
modern,1,a_N100_V3+3D,1.6437920276075602
modern,1,a_N100_V3+3D,1.7089999746531248
modern,1,a_N100_V3+3D,1.6585419652983546
modern,1,a_N100_V3+3D,1.675875042565167
modern,1,a_N100_V3+3D,1.6667499439790845
modern,1,a_N100_V3+3D,1.6604169504716992
modern,1,a_N100_V3+3D,1.6347080236300826
modern,1,a_N100_V3+3D,1.6655420185998082
modern,1,a_N100_V3+3D,1.6427080845460296
modern,1,a_N100_V3+3D,1.6680840635672212
modern,1,a_N100_V3+3D,1.7078750533983111
modern,1,a_N100_V3+3D,1.6720830462872982
modern,1,a_N100_V3+3D,1.665875082835555
modern,1,a_N100_V3+3D,1.655291998758912
modern,1,a_N100_V3+3D,1.6379579901695251
modern,1,a_N100_V3+3D,2.231708960607648
modern,1,a_N100_V3+3D,0.8655419806018472
modern,1,a_N100_V3+3D,0.851707998663187
modern,1,a_N100_V3+3D,0.8159170392900705
modern,1,a_N100_V3+3D,0.8206249913200736
modern,1,a_N100_V3+3D,0.823125010356307
modern,1,a_N100_V3+3D,0.82566705532372
modern,1,a_N100_V3+3D,0.8003340335562825
modern,1,a_N100_V3+3D,0.8338330080732703
modern,1,a_N100_V3+3D,0.8127080509439111
modern,1,a_N100_V3+3D,0.8107080357149243
modern,1,a_N100_V3+3D,0.8298750035464764
modern,1,a_N100_V3+3D,0.8156669791787863
modern,1,a_N100_V3+3D,0.8006250718608499
modern,1,a_N100_V3+3D,0.8221250027418137
modern,1,a_N100_V3+3D,1.800333964638412
modern,1,a_N100_V3+3D,1.7571659991517663
modern,1,a_N100_V3+3D,1.7132499488070607
modern,1,a_N100_V3+3D,1.7023750115185976
modern,1,a_N100_V3+3D,1.6763329040259123
modern,1,a_N100_V3+3D,2.038458944298327
modern,1,a_N100_V3+3D,1.7212919192388654
modern,1,a_N100_V3+3D,1.6880419570952654
modern,1,a_N100_V3+3D,1.6532499575987458
modern,1,a_N100_V3+3D,1.6482919454574585
modern,1,a_N100_V3+3D,1.6924169613048434
modern,1,a_N100_V3+3D,1.6742090228945017
modern,1,a_N100_V3+3D,1.6801670426502824
modern,1,a_N100_V3+3D,1.6908750403672457
modern,1,a_N100_V3+3D,1.6582920216023922
modern,1,a_N100_V3+3D,1.7087500309571624
modern,1,a_N100_V3+3D,1.658917055465281
modern,1,a_N100_V3+3D,1.7364999512210488
modern,1,a_N100_V3+3D,1.6883750213310122
modern,1,a_N100_V3+3D,1.6695000231266022
modern,1,a_N100_V3+3D,1.6732090152800083
modern,1,a_N100_V3+3D,1.6761659644544125
modern,1,a_N100_V3+3D,1.6259999247267842
modern,1,a_N100_V3+3D,1.6575419576838613
modern,1,a_N100_V3+3D,1.6626249998807907
modern,1,a_N100_V3+3D,1.7105829901993275
modern,1,a_N100_V3+3D,1.6314589884132147
modern,1,a_N100_V3+3D,1.6866250662133098
modern,1,a_N100_V3+3D,1.6525840619578958
modern,1,a_N100_V3+3D,1.6618750523775816
modern,1,a_N100_V3+3D,1.6520830104127526
modern,1,a_N100_V3+3D,1.9610000308603048
modern,1,a_N100_V3+3D,1.6710419440642
modern,1,a_N100_V3+3D,1.7101250123232603
modern,1,a_N100_V3+3D,1.647832919843495
modern,1,a_N100_V3+3D,1.660916954278946
modern,1,a_N100_V3+3D,1.6681249253451824
modern,1,a_N100_V3+3D,1.6584169352427125
modern,1,a_N100_V3+3D,1.6216669464483857
modern,1,a_N100_V3+3D,1.6884589567780495
modern,1,a_N100_V3+3D,1.6801250167191029
modern,1,a_N100_V3+3D,1.676207990385592
modern,1,a_N100_V3+3D,1.6619589878246188
modern,1,a_N100_V3+3D,1.670749974437058
modern,1,a_N100_V3+3D,1.6252920031547546
modern,1,a_N100_V3+3D,1.7247910145670176
modern,1,a_N100_V3+3D,1.6598330112174153
modern,1,a_N100_V3+3D,1.663166913203895
modern,1,a_N100_V3+3D,1.6837910516187549
modern,1,a_N100_V3+3D,1.685541938059032
modern,1,a_N100_V3+3D,1.6305840108543634
modern,1,a_N100_V3+3D,1.6785829793661833
modern,1,a_N100_V3+3D,1.6270829364657402
modern,1,a_N100_V3+3D,1.6534170135855675
modern,1,a_N100_V3+3D,1.6529170097783208
modern,1,a_N100_V3+3D,1.6597500070929527
modern,1,a_N100_V3+3D,1.7279169987887144
modern,1,a_N100_V3+3D,1.670834026299417
modern,1,a_N100_V3+3D,1.6572920139878988
modern,1,a_N100_V3+3D,1.6624170821160078
modern,1,a_N100_V3+3D,1.7575829988345504
modern,1,a_N100_V3+3D,1.7534999642521143
modern,1,a_N100_V3+3D,1.7081249970942736
modern,1,a_N100_V3+3D,1.7013340257108212
modern,1,a_N100_V3+3D,1.709416974335909
modern,1,a_N100_V3+3D,1.6897079767659307
modern,1,a_N100_V3+3D,1.6959590138867497
modern,1,a_N100_V3+3D,1.714959042146802
modern,1,a_N100_V3+3D,1.6862499760463834
modern,1,a_N100_V3+3D,1.6874170396476984
modern,1,a_N100_V3+3D,1.6809579683467746
modern,1,a_N100_V3+3D,1.7332501010969281
modern,1,a_N100_V3+3D,1.6786250052973628
modern,1,a_N100_V3+3D,1.6720419516786933
modern,1,a_N100_V3+3D,1.6551250591874123
modern,1,a_N100_V3+3D,1.6624999698251486
modern,1,a_N100_V3+3D,1.657957909628749
modern,1,a_N100_V3+3D,1.7842910019680858
modern,1,a_N100_V3+3D,1.664959010668099
modern,1,a_N100_V3+3D,1.6614999622106552
modern,1,a_N100_V3+3D,1.6449999529868364
modern,1,a_N100_V3+3D,1.6617090441286564
modern,1,a_N100_V3+3D,1.6467500245198607
modern,1,a_N100_V3+3D,1.651667058467865
modern,1,a_N100_V3+3D,1.650167047046125
modern,1,a_N100_V3+3D,1.664291019551456
modern,1,a_N100_V3+3D,1.6434580320492387
modern,1,a_N100_V3+3D,1.6537080518901348
modern,1,a_N100_V3+3D,1.6428749077022076
modern,1,a_N100_V3+3D,1.6537910560145974
modern,1,a_N100_V3+3D,2.1798339439556003
modern,1,a_N100_V3+3D,0.8510840125381947
modern,1,a_N100_V3+3D,0.8604580070823431
modern,1,a_N100_V3+3D,0.8320839842781425
modern,1,a_N100_V3+3D,0.8162090089172125
modern,1,a_N100_V3+3D,0.8237919537350535
modern,1,a_N100_V3+3D,0.8142499718815088
modern,1,a_N100_V3+3D,0.8111670613288879
modern,1,a_N100_V3+3D,0.8137080585584044
modern,1,a_N100_V3+3D,0.8023330010473728
modern,1,a_N100_V3+3D,0.8119590347632766
modern,1,a_N100_V3+3D,0.8587080519646406
modern,1,a_N100_V3+3D,0.8019169326871634
modern,1,a_N100_V3+3D,0.8047498995438218
modern,1,a_N100_V3+3D,0.8004999253898859
modern,1,a_N100_V3+3D,0.811500009149313
modern,1,a_N100_V3+3D,0.7959590293467045
modern,1,a_N100_V3+3D,0.8130830246955156
modern,1,a_N100_V3+3D,0.8236659923568368
modern,1,a_N100_V3+3D,0.8082910208031535
modern,1,a_N100_V3+3D,0.8037909865379333
modern,1,a_N100_V3+3D,0.8108339970931411
modern,1,a_N100_V3+3D,0.8341670036315918
modern,1,a_N100_V3+3D,0.8149580098688602
modern,1,a_N100_V3+3D,0.8092500502243638
modern,1,a_N100_V3+3D,0.8126250468194485
modern,1,a_N100_V3+3D,0.8047500159591436
modern,1,a_N100_V3+3D,0.8096669334918261
modern,1,a_N100_V3+3D,0.8003329858183861
modern,1,a_N100_V3+3D,1.1544169392436743
modern,1,a_N100_V3+3D,1.8103339243680239
modern,1,a_N100_V3+3D,1.817458076402545
modern,1,a_N100_V3+3D,1.7747499514371157
modern,1,a_N100_V3+3D,1.733790966682136
modern,1,a_N100_V3+3D,1.714541926048696
modern,1,a_N100_V3+3D,1.6959999920800328
modern,1,a_N100_V3+3D,1.6996660269796848
modern,1,a_N100_V3+3D,1.7072920454666018
modern,1,a_N100_V3+3D,1.696875086054206
modern,1,a_N100_V3+3D,1.690334058366716
modern,1,a_N100_V3+3D,1.7253330443054438
modern,1,a_N100_V3+3D,1.6614170745015144
modern,1,a_N100_V3+3D,1.6498330514878035
modern,1,a_N100_V3+3D,1.9732920918613672
modern,1,a_N100_V3+3D,2.0165410824120045
modern,1,a_N100_V3+3D,1.8702499801293015
modern,1,a_N100_V3+3D,1.6997079364955425
modern,1,a_N100_V3+3D,1.7814169405028224
modern,1,a_N100_V3+3D,1.6738750273361802
modern,1,a_N100_V3+3D,1.651583006605506
modern,1,a_N100_V3+3D,1.658500055782497
modern,1,a_N100_V3+3D,1.6395000275224447
modern,1,a_N100_V3+3D,1.6630419995635748
modern,1,a_N100_V3+3D,1.6513749724254012
modern,1,a_N100_V3+3D,1.650292077101767
modern,1,a_N100_V3+3D,1.6448330134153366
modern,1,a_N100_V3+3D,1.679541077464819
modern,1,a_N100_V3+3D,1.6514579765498638
modern,1,a_N100_V3+3D,1.6312079969793558
modern,1,a_N100_V3+3D,1.6491669230163097
modern,1,a_N100_V3+3D,2.600083011202514
modern,1,a_N100_V3+3D,2.4924579774960876
modern,1,a_N100_V3+3D,2.2665419382974505
modern,1,a_N100_V3+3D,2.264666953124106
modern,1,a_N100_V3+3D,1.8902909941971302
modern,1,a_N100_V3+3D,1.767875044606626
modern,1,a_N100_V3+3D,2.139582997187972
modern,1,a_N100_V3+3D,1.3412500265985727
modern,1,a_N100_V3+3D,1.3066669926047325
modern,1,a_N100_V3+3D,1.2954589910805225
modern,1,a_N100_V3+3D,1.3029170222580433
modern,1,a_N100_V3+3D,1.2880000285804272
modern,1,a_N100_V3+3D,1.2880410067737103
modern,1,a_N100_V3+3D,1.2451671063899994
modern,1,a_N100_V3+3D,1.2809999752789736
modern,1,a_N100_V3+3D,1.2526250211521983
modern,1,a_N100_V3+3D,1.268666936084628
modern,1,a_N100_V3+3D,1.2453750241547823
modern,1,a_N100_V3+3D,1.304832985624671
modern,1,a_N100_V3+3D,1.2634999584406614
modern,1,a_N100_V3+3D,1.2679999927058816
modern,1,a_N100_V3+3D,1.2681250227615237
modern,1,a_N100_V3+3D,1.2658749474212527
modern,1,a_N100_V3+3D,1.243583974428475
modern,1,a_N100_V3+3D,1.2532920809462667
modern,1,a_N100_V3+3D,1.2465419713407755
modern,1,a_N100_V3+3D,1.2402500724419951
modern,1,a_N100_V3+3D,1.2382090790197253
modern,1,a_N100_V3+3D,1.2584580108523369
modern,1,a_N100_V3+3D,1.5109170926734805
modern,1,a_N100_V3+3D,1.7932499758899212
modern,1,a_N100_V3+3D,1.7830420983955264
modern,1,a_N100_V3+3D,1.7348339315503836
modern,1,a_N100_V3+3D,1.7111669294536114
modern,1,a_N100_V3+3D,1.719666994176805
modern,1,a_N100_V3+3D,1.7504579154774547
modern,1,a_N100_V3+3D,1.7073339549824595
modern,1,a_N100_V3+3D,1.7068339511752129
modern,1,a_N100_V3+3D,1.6821660101413727
modern,1,a_N100_V3+3D,1.6916249878704548
modern,1,a_N100_V3+3D,1.6807919600978494
modern,1,a_N100_V3+3D,1.7246659845113754
modern,1,a_N100_V3+3D,1.687083044089377
modern,1,a_N100_V3+3D,1.6872920095920563
modern,1,a_N100_V3+3D,1.709457952529192
modern,1,a_N100_V3+3D,1.6917090397328138
modern,1,a_N100_V3+3D,1.681000110693276
modern,1,a_N100_V3+3D,1.74475007224828
modern,1,a_N100_V3+3D,1.6922500217333436
modern,1,a_N100_V3+3D,1.6791250091046095
modern,1,a_N100_V3+3D,1.7084169667214155
modern,1,a_N100_V3+3D,1.6914589796215296
modern,1,a_N100_V3+3D,1.6817909199744463
modern,1,a_N100_V3+3D,1.6685420414432883
modern,1,a_N100_V3+3D,1.6781659796833992
modern,1,a_N100_V3+3D,1.686292001977563
modern,1,a_N100_V3+3D,1.7077920492738485
modern,1,a_N100_V3+3D,1.6738750273361802
modern,1,a_N100_V3+3D,1.6809169901534915
modern,1,a_N100_V3+3D,1.673041027970612
modern,1,a_N100_V3+3D,1.6828750958666205
modern,1,a_N100_V3+3D,1.6945000970736146
modern,1,a_N100_V3+3D,2.0336670568212867
modern,1,a_N100_V3+3D,1.2897499836981297
modern,1,a_N100_V3+3D,1.269417000003159
modern,1,a_N100_V3+3D,1.2562499614432454
modern,1,a_N100_V3+3D,1.2778339441865683
modern,1,a_N100_V3+3D,1.2433750089257956
modern,1,a_N100_V3+3D,1.2583750067278743
modern,1,a_N100_V3+3D,1.2852080399170518
modern,1,a_N100_V3+3D,1.2432499788701534
modern,1,a_N100_V3+3D,1.2672910233959556
modern,1,a_N100_V3+3D,1.302042044699192
modern,1,a_N100_V3+3D,1.2433340307325125
modern,1,a_N100_V3+3D,1.2370829936116934
modern,1,a_N100_V3+3D,1.2577500892803073
modern,1,a_N100_V3+3D,1.2526250211521983
modern,1,a_N100_V3+3D,1.2418751139193773
modern,1,a_N100_V3+3D,1.2788339518010616
modern,1,a_N100_V3+3D,1.242541940882802
modern,1,a_N100_V3+3D,1.2860411079600453
modern,1,a_N100_V3+3D,1.2515840353444219
modern,1,a_N100_V3+3D,1.2673749588429928
modern,1,a_N100_V3+3D,1.2374169891700149
modern,1,a_N100_V3+3D,1.2427499750629067
modern,1,a_N100_V3+3D,1.24008406419307
modern,1,a_N100_V3+3D,1.2326249852776527
modern,1,a_N100_V3+3D,1.266125007532537
modern,1,a_N100_V3+3D,1.250125002115965
modern,1,a_N100_V3+3D,1.2368750758469105
modern,1,a_N100_V3+3D,1.8078329740092158
modern,1,a_N100_V3+3D,1.742832944728434
modern,1,a_N100_V3+3D,1.7131250351667404
modern,1,a_N100_V3+3D,1.7131250351667404
modern,1,a_N100_V3+3D,1.6937080072239041
modern,1,a_N100_V3+3D,1.696416991762817
modern,1,a_N100_V3+3D,1.6851250547915697
modern,1,a_N100_V3+3D,1.6749580390751362
modern,1,a_N100_V3+3D,1.7593340016901493
modern,1,a_N100_V3+3D,1.670916099101305
modern,1,a_N100_V3+3D,1.6554160974919796
modern,1,a_N100_V3+3D,1.6540000215172768
modern,1,a_N100_V3+3D,1.6919159097597003
modern,1,a_N100_V3+3D,1.649749930948019
modern,1,a_N100_V3+3D,1.6637089429423213
modern,1,a_N100_V3+3D,1.6722920117899776
modern,1,a_N100_V3+3D,1.6611670143902302
modern,1,a_N100_V3+3D,1.7266670474782586
modern,1,a_N100_V3+3D,1.6638330416753888
modern,1,a_N100_V3+3D,1.640375005081296
modern,1,a_N100_V3+3D,1.6940420027822256
modern,1,a_N100_V3+3D,1.6495829913765192
modern,1,a_N100_V3+3D,1.6451249830424786
modern,1,a_N100_V3+3D,1.6471249982714653
modern,1,a_N100_V3+3D,1.6512080328539014
modern,1,a_N100_V3+3D,1.6521669458597898
modern,1,a_N100_V3+3D,1.635666936635971
modern,1,a_N100_V3+3D,1.631957944482565
modern,1,a_N100_V3+3D,1.633040956221521
modern,1,a_N100_V3+3D,1.6306249890476465
modern,1,a_N100_V3+3D,1.6360830049961805
modern,1,a_N100_V3+3D,1.6631250036880374
modern,1,a_N100_V3+3D,1.6477500321343541
modern,1,a_N100_V3+3D,1.6544159734621644
modern,1,a_N100_V3+3D,1.6485420055687428
modern,1,a_N100_V3+3D,1.632167026400566
modern,1,a_N100_V3+3D,1.6586669953539968
modern,1,a_N100_V3+3D,1.6354580875486135
modern,1,a_N100_V3+3D,1.6485839150846004
modern,1,a_N100_V3+3D,1.7237919382750988
modern,1,a_N100_V3+3D,2.080499893054366
modern,1,a_N100_V3+3D,1.7389589920639992
modern,1,a_N100_V3+3D,1.721041975542903
modern,1,a_N100_V3+3D,1.6379998996853828
modern,1,a_N100_V3+3D,1.6396669670939445
modern,1,a_N100_V3+3D,1.6832499532029033
modern,1,a_N100_V3+3D,1.6347500495612621
modern,1,a_N100_V3+3D,1.6435839934274554
modern,1,a_N100_V3+3D,1.6380000161007047
modern,1,a_N100_V3+3D,1.6324580647051334
modern,1,a_N100_V3+3D,1.6265840968117118
modern,1,a_N100_V3+3D,1.6309580532833934
modern,1,a_N100_V3+3D,1.6265420708805323
modern,1,a_N100_V3+3D,1.6188750742003322
modern,1,a_N100_V3+3D,1.6318330308422446
modern,1,a_N100_V3+3D,1.6339999856427312
modern,1,a_N100_V3+3D,1.638249959796667
modern,1,a_N100_V3+3D,1.6530829016119242
modern,1,a_N100_V3+3D,1.6574999317526817
modern,1,a_N100_V3+3D,1.6327500343322754
modern,1,a_N100_V3+3D,1.9111669389531016
modern,1,a_N100_V3+3D,1.900666975416243
modern,1,a_N100_V3+3D,1.7404169775545597
modern,1,a_N100_V3+3D,1.7859999788925052
modern,1,a_N100_V3+3D,1.7268749652430415
modern,1,a_N100_V3+3D,1.809834036976099
modern,1,a_N100_V3+3D,1.8207920948043466
modern,1,a_N100_V3+3D,1.7966249724850059
modern,1,a_N100_V3+3D,1.7008750000968575
modern,1,a_N100_V3+3D,1.7633750103414059
modern,1,a_N100_V3+3D,1.7910419264808297
modern,1,a_N100_V3+3D,1.817749929614365
modern,1,a_N100_V3+3D,1.6960829962044954
modern,1,a_N100_V3+3D,1.7838330240920186
modern,1,a_N100_V3+3D,1.711042015813291
modern,1,a_N100_V3+3D,1.7626669723540545
modern,1,a_N100_V3+3D,1.7876250203698874
modern,1,a_N100_V3+3D,1.861124997958541
modern,1,a_N100_V3+3D,1.6672919737175107
modern,1,a_N100_V3+3D,1.7892919713631272
modern,1,a_N100_V3+3D,1.7708750674501061
modern,1,a_N100_V3+3D,1.7691249959170818
modern,1,a_N100_V3+3D,1.739167026244104
modern,1,a_N100_V3+3D,1.7732499400153756
modern,1,a_N100_V3+3D,1.6608750447630882
modern,1,a_N100_V3+3D,1.7550420016050339
modern,1,a_N100_V3+3D,1.7565839225426316
modern,1,a_N100_V3+3D,1.7430000007152557
modern,1,a_N100_V3+3D,2.152791013941169
modern,1,a_N100_V3+3D,1.8637919565662742
modern,1,a_N100_V3+3D,1.7538329120725393
modern,1,a_N100_V3+3D,2.0853750174865127
modern,1,a_N100_V3+3D,1.8334999913349748
modern,1,a_N100_V3+3D,1.8362500704824924
modern,1,a_N100_V3+3D,1.694333041086793
modern,1,a_N100_V3+3D,1.792791998013854
modern,1,a_N100_V3+3D,1.8080830341205
modern,1,a_N100_V3+3D,1.792833092622459
modern,1,a_N100_V3+3D,1.6955839237198234
modern,1,a_N100_V3+3D,1.7775410087779164
modern,1,a_N100_V3+3D,1.7894579796120524
modern,1,a_N100_V3+3D,1.7849169671535492
modern,1,a_N100_V3+3D,1.6971249133348465
modern,1,a_N100_V3+3D,1.836333074606955
modern,1,a_N100_V3+3D,1.6727090114727616
modern,1,a_N100_V3+3D,1.8562499899417162
modern,1,a_N100_V3+3D,1.671917038038373
modern,1,a_N100_V3+3D,1.665416988544166
modern,1,a_N100_V3+3D,1.7007080605253577
modern,1,a_N100_V3+3D,2.145625068806112
modern,1,a_N100_V3+3D,1.3250840129330754
modern,1,a_N100_V3+3D,1.3220830587670207
modern,1,a_N100_V3+3D,1.3100419891998172
modern,1,a_N100_V3+3D,1.3536670012399554
modern,1,a_N100_V3+3D,1.2781249824911356
modern,1,a_N100_V3+3D,1.3391668908298016
modern,1,a_N100_V3+3D,1.2550000101327896
modern,1,a_N100_V3+3D,1.321875024586916
modern,1,a_N100_V3+3D,1.3002499472349882
modern,1,a_N100_V3+3D,1.3629579916596413
modern,1,a_N100_V3+3D,1.7879169899970293
modern,1,a_N100_V3+3D,1.7297079320997
modern,1,a_N100_V3+3D,1.714249956421554
modern,1,a_N100_V3+3D,1.6957499319687486
modern,1,a_N100_V3+3D,1.7000000225380063
modern,1,a_N100_V3+3D,1.681709080003202
modern,1,a_N100_V3+3D,1.6771249938756227
modern,1,a_N100_V3+3D,1.6671670600771904
modern,1,a_N100_V3+3D,1.6892499988898635
modern,1,a_N100_V3+3D,1.6616670181974769
modern,1,a_N100_V3+3D,1.6572080785408616
modern,1,a_N100_V3+3D,1.6776249976828694
modern,1,a_N100_V3+3D,1.6741249710321426
modern,1,a_N100_V3+3D,1.6840000171214342
modern,1,a_N100_V3+3D,1.661999966017902
modern,1,a_N100_V3+3D,1.669666962698102
modern,1,a_N100_V3+3D,2.1000419510528445
modern,1,a_N100_V3+3D,1.8210000125691295
modern,1,a_N100_V3+3D,1.7175000393763185
modern,1,a_N100_V3+3D,1.694333041086793
modern,1,a_N100_V3+3D,1.7087500309571624
modern,1,a_N100_V3+3D,1.6983330715447664
modern,1,a_N100_V3+3D,1.668625045567751
modern,1,a_N100_V3+3D,1.6627920558676124
modern,1,a_N100_V3+3D,1.6688751056790352
modern,1,a_N100_V3+3D,1.6516250325366855
modern,1,a_N100_V3+3D,1.6478749457746744
modern,1,a_N100_V3+3D,1.6673330683261156
modern,1,a_N100_V3+3D,1.6612919280305505
modern,1,a_N100_V3+3D,1.6530000139027834
modern,1,a_N100_V3+3D,1.6655829967930913
modern,1,a_N100_V3+3D,1.6659579705446959
modern,1,a_N100_V3+3D,1.6614589840173721
modern,1,a_N100_V3+3D,1.6672919737175107
modern,1,a_N100_V3+3D,1.6519579803571105
modern,1,a_N100_V3+3D,1.6714590601623058
modern,1,a_N100_V3+3D,1.667542033828795
modern,1,a_N100_V3+3D,1.671500038355589
modern,1,a_N100_V3+3D,1.6605420969426632
modern,1,a_N100_V3+3D,1.6673330683261156
modern,1,a_N100_V3+3D,1.6468750545755029
modern,1,a_N100_V3+3D,1.6539589269086719
modern,1,a_N100_V3+3D,1.6461670165881515
modern,1,a_N100_V3+3D,1.6796670388430357
modern,1,a_N100_V3+3D,1.6593750333413482
modern,1,a_N100_V3+3D,1.7002079403027892
modern,1,a_N100_V3+3D,1.641790964640677
modern,1,a_N100_V3+3D,1.6610840102657676
modern,1,a_N100_V3+3D,1.6408750088885427
modern,1,a_N100_V3+3D,1.98470801115036
modern,1,a_N100_V3+3D,1.2763750273734331
modern,1,a_N100_V3+3D,1.2577080633491278
modern,1,a_N100_V3+3D,1.2418330879881978
modern,1,a_N100_V3+3D,1.2500000884756446
modern,1,a_N100_V3+3D,1.2344580609351397
modern,1,a_N100_V3+3D,1.2189170811325312
modern,1,a_N100_V3+3D,1.2309589656069875
modern,1,a_N100_V3+3D,1.2220420176163316
modern,1,a_N100_V3+3D,1.212958013638854
modern,1,a_N100_V3+3D,1.233916962519288
modern,1,a_N100_V3+3D,1.7707499209791422
modern,1,a_N100_V3+3D,1.759749953635037
modern,1,a_N100_V3+3D,1.7183340387418866
modern,1,a_N100_V3+3D,1.7105829901993275
modern,1,a_N100_V3+3D,1.7002919921651483
modern,1,a_N100_V3+3D,1.9862920744344592
modern,1,a_N100_V3+3D,1.6832080436870456
modern,1,a_N100_V3+3D,1.684625050984323
modern,1,a_N100_V3+3D,1.677999971434474
modern,1,a_N100_V3+3D,1.6720830462872982
modern,1,a_N100_V3+3D,1.6559578943997622
modern,1,a_N100_V3+3D,1.6654590144753456
modern,1,a_N100_V3+3D,1.6581249656155705
modern,1,a_N100_V3+3D,1.7169580096378922
modern,1,a_N100_V3+3D,1.669582910835743
modern,1,a_N100_V3+3D,1.6642080154269934
modern,1,a_N100_V3+3D,1.6694170190021396
modern,1,a_N100_V3+3D,1.7414159374311566
modern,1,a_N100_V3+3D,1.6782080056145787
modern,1,a_N100_V3+3D,1.6570000443607569
modern,1,a_N100_V3+3D,1.6550840809941292
modern,1,a_N100_V3+3D,1.7098750686272979
modern,1,a_N100_V3+3D,1.6871250700205564
modern,1,a_N100_V3+3D,1.6767499037086964
modern,1,a_N100_V3+3D,1.6847500810399652
modern,1,a_N100_V3+3D,1.6620419919490814
modern,1,a_N100_V3+3D,1.6540419310331345
modern,1,a_N100_V3+3D,1.6637078952044249
modern,1,a_N100_V3+3D,1.6582499956712127
modern,1,a_N100_V3+3D,1.65666698012501
modern,1,a_N100_V3+3D,1.664999988861382
modern,1,a_N100_V3+3D,1.7054580384865403
modern,1,a_N100_V3+3D,1.6691250493749976
modern,1,a_N100_V3+3D,1.66637497022748
modern,1,a_N100_V3+3D,1.6640829853713512
modern,1,a_N100_V3+3D,1.6562090022489429
modern,1,a_N100_V3+3D,1.9859160529449582
modern,1,a_N100_V3+3D,1.2826250167563558
modern,1,a_N100_V3+3D,1.252249930985272
modern,1,a_N100_V3+3D,1.2522080214694142
modern,1,a_N100_V3+3D,1.260582939721644
modern,1,a_N100_V3+3D,1.2635840103030205
modern,1,a_N100_V3+3D,1.2468749191612005
modern,1,a_N100_V3+3D,1.2617919128388166
modern,1,a_N100_V3+3D,1.2678749626502395
modern,1,a_N100_V3+3D,1.2565409997478127
modern,1,a_N100_V3+3D,1.2420410057529807
modern,1,a_N100_V3+3D,1.2404590379446745
modern,1,a_N100_V3+3D,1.2812090571969748
modern,1,a_N100_V3+3D,1.245458028279245
modern,1,a_N100_V3+3D,1.2533339904621243
modern,1,a_N100_V3+3D,1.248665968887508
modern,1,a_N100_V3+3D,1.2428750051185489
modern,1,a_N100_V3+3D,1.2343339622020721
modern,1,a_N100_V3+3D,1.2352089397609234
modern,1,a_N100_V3+3D,1.2418340193107724
modern,1,a_N100_V3+3D,1.241832971572876
modern,1,a_N100_V3+3D,1.2341659748926759
modern,1,a_N100_V3+3D,1.230957917869091
modern,1,a_N100_V3+3D,1.245209015905857
modern,1,a_N100_V3+3D,1.9264169968664646
modern,1,a_N100_V3+3D,1.7930830363184214
modern,1,a_N100_V3+3D,1.8085839692503214
modern,1,a_N100_V3+3D,1.7643750179558992
modern,1,a_N100_V3+3D,1.817291951738298
modern,1,a_N100_V3+3D,1.8160840263590217
modern,1,a_N100_V3+3D,1.8016659887507558
modern,1,a_N100_V3+3D,1.678291941061616
modern,1,a_N100_V3+3D,1.8024169839918613
modern,1,a_N100_V3+3D,1.802625018171966
modern,1,a_N100_V3+3D,1.783417072147131
modern,1,a_N100_V3+3D,1.6890410333871841
modern,1,a_N100_V3+3D,1.763415988534689
modern,1,a_N100_V3+3D,1.6775419935584068
modern,1,a_N100_V3+3D,1.8348750891163945
modern,1,a_N100_V3+3D,1.7660419689491391
modern,1,a_N100_V3+3D,1.7829169519245625
modern,1,a_N100_V3+3D,1.7364999512210488
modern,1,a_N100_V3+3D,1.7737079178914428
modern,1,a_N100_V3+3D,1.7732499400153756
modern,1,a_N100_V3+3D,1.7585420282557607
modern,1,a_N100_V3+3D,1.6771659720689058
modern,1,a_N100_V3+3D,1.7944590654224157
modern,1,a_N100_V3+3D,1.6710839699953794
modern,1,a_N100_V3+3D,1.7553750658407807
modern,1,a_N100_V3+3D,1.774249947629869
modern,1,a_N100_V3+3D,1.7709590028971434
modern,1,a_N100_V3+3D,1.6609580488875508
modern,1,a_N100_V3+3D,1.792083028703928
modern,1,a_N100_V3+3D,1.6612089239060879
modern,1,a_N100_V3+3D,1.7987079918384552
modern,1,a_N100_V3+3D,1.7955000512301922
modern,1,a_N100_V3+3D,1.79854198358953
modern,1,a_N100_V3+3D,1.65266590192914
modern,1,a_N100_V3+3D,1.804332947358489
modern,1,a_N100_V3+3D,1.7402919474989176
modern,1,a_N100_V3+3D,1.7890840535983443
modern,1,a_N100_V3+3D,1.6620419919490814
modern,1,a_N100_V3+3D,1.76212505903095
modern,1,a_N100_V3+3D,1.6751670045778155
modern,1,a_N100_V3+3D,1.7662500031292439
modern,1,a_N100_V3+3D,1.7770840786397457
modern,1,a_N100_V3+3D,1.76212505903095
modern,1,a_N100_V3+3D,1.6535420436412096
modern,1,a_N100_V3+3D,1.8135419813916087
modern,1,a_N100_V3+3D,1.7132919747382402
modern,1,a_N100_V3+3D,1.7837079940363765
modern,1,a_N100_V3+3D,1.6790840309113264
modern,1,a_N100_V3+3D,1.743790926411748
modern,1,a_N100_V3+3D,1.6746249748393893
modern,1,a_N100_V3+3D,1.761042047291994
modern,1,a_N100_V3+3D,1.7582089640200138
modern,1,a_N100_V3+3D,1.758666941896081
modern,1,a_N100_V3+3D,1.8487500492483377
modern,1,a_N100_V3+3D,1.7430000007152557
modern,1,a_N100_V3+3D,1.675875042565167
modern,1,a_N100_V3+3D,1.7495420761406422
modern,1,a_N100_V3+3D,1.7703750636428595
modern,1,a_N100_V3+3D,1.7976670060306787
modern,1,a_N100_V3+3D,1.655916916206479
modern,1,a_N100_V3+3D,1.7785830423235893
modern,1,a_N100_V3+3D,1.7570420168340206
modern,1,a_N100_V3+3D,1.9317499827593565
modern,1,a_N100_V3+3D,1.7836660845205188
modern,1,a_N100_V3+3D,1.7435410991311073
modern,1,a_N100_V3+3D,1.73370901029557
modern,1,a_N100_V3+3D,1.7225409392267466
modern,1,a_N100_V3+3D,1.703792018815875
modern,1,a_N100_V3+3D,1.7010000301524997
modern,1,a_N100_V3+3D,1.6770419897511601
modern,1,a_N100_V3+3D,1.6877499874681234
modern,1,a_N100_V3+3D,1.675209030508995
modern,1,a_N100_V3+3D,1.6743330052122474
modern,1,a_N100_V3+3D,1.6724170418456197
modern,1,a_N100_V3+3D,1.7123341094702482
modern,1,a_N100_V3+3D,1.6762909945100546
modern,1,a_N100_V3+3D,1.6878750175237656
modern,1,a_N100_V3+3D,1.719375024549663
modern,1,a_N100_V3+3D,1.6644580755382776
modern,1,a_N100_V3+3D,1.667166012339294
modern,1,a_N100_V3+3D,1.6662919661030173
modern,1,a_N100_V3+3D,1.6665420262143016
modern,1,a_N100_V3+3D,1.6782499151304364
modern,1,a_N100_V3+3D,1.6667500603944063
modern,1,a_N100_V3+3D,1.672958955168724
modern,1,a_N100_V3+3D,2.0704580238088965
modern,1,a_N100_V3+3D,1.6782920574769378
modern,1,a_N100_V3+3D,1.6543749952688813
modern,1,a_N100_V3+3D,1.6705000307410955
modern,1,a_N100_V3+3D,1.6553340246900916
modern,1,a_N100_V3+3D,1.6656250227242708
modern,1,a_N100_V3+3D,1.6839581076055765
modern,1,a_N100_V3+3D,1.6886249650269747
modern,1,a_N100_V3+3D,1.6555419424548745
modern,1,a_N100_V3+3D,1.9841669127345085
modern,1,a_N100_V3+3D,1.27549993339926
modern,1,a_N100_V3+3D,1.2688749702647328
modern,1,a_N100_V3+3D,1.2529579689726233
modern,1,a_N100_V3+3D,1.255249953828752
modern,1,a_N100_V3+3D,1.250125002115965
modern,1,a_N100_V3+3D,1.252833055332303
modern,1,a_N100_V3+3D,1.266209059394896
modern,1,a_N100_V3+3D,1.2748329900205135
modern,1,a_N100_V3+3D,1.2458330020308495
modern,1,a_N100_V3+3D,1.2615841114893556
modern,1,a_N100_V3+3D,1.2462909799069166
modern,1,a_N100_V3+3D,1.2492079986259341
modern,1,a_N100_V3+3D,1.239541103132069
modern,1,a_N100_V3+3D,1.255541923455894
modern,1,a_N100_V3+3D,1.2786249862983823
modern,1,a_N100_V3+3D,1.2547919759526849
modern,1,a_N100_V3+3D,1.2331249890848994
modern,1,a_N100_V3+3D,1.2952079996466637
modern,1,a_N100_V3+3D,1.2366250157356262
modern,1,a_N100_V3+3D,1.2388749746605754
modern,1,a_N100_V3+3D,1.2456669937819242
modern,1,a_N100_V3+3D,1.2441669823601842
modern,1,a_N100_V3+3D,1.2297499924898148
modern,1,a_N100_V3+3D,1.2430420611053705
modern,1,a_N100_V3+3D,1.2383750872686505
modern,1,a_N100_V3+3D,1.773832947947085
modern,1,a_N100_V3+3D,1.7432080348953605
modern,1,a_N100_V3+3D,1.724041998386383
modern,1,a_N100_V3+3D,2.1697920747101307
modern,1,a_N100_V3+3D,1.786665990948677
modern,1,a_N100_V3+3D,1.7428341088816524
modern,1,a_N100_V3+3D,1.7062079859897494
modern,1,a_N100_V3+3D,1.6945420065894723
modern,1,a_N100_V3+3D,1.7154999077320099
modern,1,a_N100_V3+3D,1.683250069618225
modern,1,a_N100_V3+3D,1.6759169520810246
modern,1,a_N100_V3+3D,1.681166933849454
modern,1,a_N100_V3+3D,1.6731659416109324
modern,1,a_N100_V3+3D,1.6705419402569532
modern,1,a_N100_V3+3D,1.6752500087022781
modern,1,a_N100_V3+3D,1.7109999898821115
modern,1,a_N100_V3+3D,1.6590839950367808
modern,1,a_N100_V3+3D,1.9422920886427164
modern,1,a_N100_V3+3D,1.6829159576445818
modern,1,a_N100_V3+3D,1.6706250607967377
modern,1,a_N100_V3+3D,1.6701670829206705
modern,1,a_N100_V3+3D,1.676958054304123
modern,1,a_N100_V3+3D,1.6712920041754842
modern,1,a_N100_V3+3D,1.6651250189170241
modern,1,a_N100_V3+3D,1.6761251026764512
modern,1,a_N100_V3+3D,1.6617090441286564
modern,1,a_N100_V3+3D,1.705082948319614
modern,1,a_N100_V3+3D,1.6584580298513174
modern,1,a_N100_V3+3D,1.6515420284122229
modern,1,a_N100_V3+3D,1.6715839738026261
modern,1,a_N100_V3+3D,1.678040949627757
modern,1,a_N100_V3+3D,1.6576669877395034
modern,1,a_N100_V3+3D,1.7142919823527336
modern,1,a_N100_V3+3D,1.673417049460113
modern,1,a_N100_V3+3D,1.6515000024810433
modern,1,a_N100_V3+3D,1.6530000139027834
modern,1,a_N100_V3+3D,1.6540000215172768
modern,1,a_N100_V3+3D,1.6471251146867871
modern,1,a_N100_V3+3D,1.6663750866428018
modern,1,a_N100_V3+3D,1.6552080633118749
modern,1,a_N100_V3+3D,1.6814579721540213
modern,1,a_N100_V3+3D,1.6626249998807907
modern,1,a_N100_V3+3D,1.6474999720230699
modern,1,a_N100_V3+3D,1.6522080404683948
modern,1,a_N100_V3+3D,1.6720839776098728
modern,1,a_N100_V3+3D,1.7045000568032265
modern,1,a_N100_V3+3D,1.6889170510694385
modern,1,a_N100_V3+3D,1.6690000193193555
modern,1,a_N100_V3+3D,1.6626670258119702
modern,1,a_N100_V3+3D,1.6531669534742832
modern,1,a_N100_V3+3D,1.6599170630797744
modern,1,a_N100_V3+3D,1.649125013500452
modern,1,a_N100_V3+3D,1.6515000024810433
modern,1,a_N100_V3+3D,1.6707920003682375
modern,1,a_N100_V3+3D,1.651874976232648
modern,1,a_N100_V3+3D,1.6615829663351178
modern,1,a_N100_V3+3D,1.6604589764028788
modern,1,a_N100_V3+3D,1.639000023715198
modern,1,a_N100_V3+3D,1.6363749746233225
modern,1,a_N100_V3+3D,1.6709159826859832
modern,1,a_N100_V3+3D,1.8074159743264318
modern,1,a_N100_V3+3D,1.895375084131956
modern,1,a_N100_V3+3D,1.828584005124867
modern,1,a_N100_V3+3D,1.8373749917373061
modern,1,a_N100_V3+3D,1.7132079228758812
modern,1,a_N100_V3+3D,1.828292035497725
modern,1,a_N100_V3+3D,1.699749962426722
modern,1,a_N100_V3+3D,1.6925829695537686
modern,1,a_N100_V3+3D,1.6775419935584068
modern,1,a_N100_V3+3D,1.778709003701806
modern,1,a_N100_V3+3D,1.689958036877215
modern,1,a_N100_V3+3D,1.8033330561593175
modern,1,a_N100_V3+3D,1.777583034709096
modern,1,a_N100_V3+3D,1.7372089205309749
modern,1,a_N100_V3+3D,1.6689160838723183
modern,1,a_N100_V3+3D,1.8024580786004663
modern,1,a_N100_V3+3D,1.731082913465798
modern,1,a_N100_V3+3D,1.679374952800572
modern,1,a_N100_V3+3D,1.6564159886911511
modern,1,a_N100_V3+3D,1.802916987799108
modern,1,a_N100_V3+3D,1.6801250167191029
modern,1,a_N100_V3+3D,1.7663330072537065
modern,1,a_N100_V3+3D,1.7732919659465551
modern,1,a_N100_V3+3D,1.763917040079832
modern,1,a_N100_V3+3D,1.7043340485543013
modern,1,a_N100_V3+3D,1.8135419813916087
modern,1,a_N100_V3+3D,1.6912090359255672
modern,1,a_N100_V3+3D,1.779459067620337
modern,1,a_N100_V3+3D,1.7957920208573341
modern,1,a_N100_V3+3D,1.7908340087160468
modern,1,a_N100_V3+3D,2.0535000367090106
modern,1,a_N100_V3+3D,1.3923750957474113
modern,1,a_N100_V3+3D,1.2687919661402702
modern,1,a_N100_V3+3D,1.3270420022308826
modern,1,a_N100_V3+3D,1.3518750201910734
modern,1,a_N100_V3+3D,1.2827919563278556
modern,1,a_N100_V3+3D,1.2400000123307109
modern,1,a_N100_V3+3D,1.3334170216694474
modern,1,a_N100_V3+3D,1.3500840868800879
modern,1,a_N100_V3+3D,1.3234589714556932
modern,1,a_N100_V3+3D,1.3341670855879784
modern,1,a_N100_V3+3D,1.3211250770837069
modern,1,a_N100_V3+3D,1.2365829898044467
modern,1,a_N100_V3+3D,1.3248330214992166
modern,1,a_N100_V3+3D,1.3332089874893427
modern,1,a_N100_V3+3D,1.6514169983565807
modern,1,a_N100_V3+3D,0.8677910082042217
modern,1,a_N100_V3+3D,0.8923340355977416
modern,1,a_N100_V3+3D,0.8482909761369228
modern,1,a_N100_V3+3D,0.8566250326111913
modern,1,a_N100_V3+3D,0.8932499913498759
modern,1,a_N100_V3+3D,0.8561660069972277
modern,1,a_N100_V3+3D,0.8615830447524786
modern,1,a_N100_V3+3D,0.8410409791395068
modern,1,a_N100_V3+3D,0.8615830447524786
modern,1,a_N100_V3+3D,0.9253750322386622
modern,1,a_N100_V3+3D,1.058791996911168
modern,1,a_N100_V3+3D,0.8883330738171935
modern,1,a_N100_V3+3D,0.8360830834135413
modern,1,a_N100_V3+3D,0.8748749969527125
modern,1,a_N100_V3+3D,1.792083028703928
modern,1,a_N100_V3+3D,1.7297079320997
modern,1,a_N100_V3+3D,1.729500014334917
modern,1,a_N100_V3+3D,1.7068750457838178
modern,1,a_N100_V3+3D,1.703375019133091
modern,1,a_N100_V3+3D,1.6954999882727861
modern,1,a_N100_V3+3D,1.677291002124548
modern,1,a_N100_V3+3D,1.6740829451009631
modern,1,a_N100_V3+3D,1.6599169466644526
modern,1,a_N100_V3+3D,1.6685409937053919
modern,1,a_N100_V3+3D,1.6759579302743077
modern,1,a_N100_V3+3D,1.6876659356057644
modern,1,a_N100_V3+3D,1.6710410127416253
modern,1,a_N100_V3+3D,1.6568329883739352
modern,1,a_N100_V3+3D,1.6595839988440275
modern,1,a_N100_V3+3D,1.770665985532105
modern,1,a_N100_V3+3D,1.7072500195354223
modern,1,a_N100_V3+3D,1.6596250934526324
modern,1,a_N100_V3+3D,1.6551660373806953
modern,1,a_N100_V3+3D,1.6521670622751117
modern,1,a_N100_V3+3D,1.6466669039800763
modern,1,a_N100_V3+3D,1.6594160115346313
modern,1,a_N100_V3+3D,1.6428749077022076
modern,1,a_N100_V3+3D,1.6473339637741446
modern,1,a_N100_V3+3D,1.6464169602841139
modern,1,a_N100_V3+3D,1.643666997551918
modern,1,a_N100_V3+3D,1.673916936852038
modern,1,a_N100_V3+3D,1.6528749838471413
modern,1,a_N100_V3+3D,1.6608330188319087
modern,1,a_N100_V3+3D,1.656707958318293
modern,1,a_N100_V3+3D,1.689499942585826
modern,1,a_N100_V3+3D,1.6408750088885427
modern,1,a_N100_V3+3D,1.6335409600287676
modern,1,a_N100_V3+3D,1.6555420588701963
modern,1,a_N100_V3+3D,1.6473750583827496
modern,1,a_N100_V3+3D,1.6465838998556137
modern,1,a_N100_V3+3D,1.6452919226139784
modern,1,a_N100_V3+3D,1.7070829635486007
modern,1,a_N100_V3+3D,1.6435839934274554
modern,1,a_N100_V3+3D,1.6494159353896976
modern,1,a_N100_V3+3D,1.6398340230807662
modern,1,a_N100_V3+3D,1.6454999567940831
modern,1,a_N100_V3+3D,1.6484579537063837
modern,1,a_N100_V3+3D,1.985750044696033
modern,1,a_N100_V3+3D,1.297999988310039
modern,1,a_N100_V3+3D,1.2616249732673168
modern,1,a_N100_V3+3D,1.2689579743891954
modern,1,a_N100_V3+3D,1.2421670835465193
modern,1,a_N100_V3+3D,1.2385000009089708
modern,1,a_N100_V3+3D,1.2529999949038029
modern,1,a_N100_V3+3D,1.2210829881951213
modern,1,a_N100_V3+3D,1.2508329236879945
modern,1,a_N100_V3+3D,1.223791972734034
modern,1,a_N100_V3+3D,1.2417089892551303
modern,1,a_N100_V3+3D,1.2430829228833318
modern,1,a_N100_V3+3D,1.258040894754231
modern,1,a_N100_V3+3D,1.2209999840706587
modern,1,a_N100_V3+3D,1.2410830240696669
modern,1,a_N100_V3+3D,1.2185829691588879
modern,1,a_N100_V3+3D,1.2195829767733812
modern,1,a_N100_V3+3D,1.7781250644475222
modern,1,a_N100_V3+3D,1.744166947901249
modern,1,a_N100_V3+3D,1.712457975372672
modern,1,a_N100_V3+3D,1.7189589561894536
modern,1,a_N100_V3+3D,1.710166921839118
modern,1,a_N100_V3+3D,1.7555829836055636
modern,1,a_N100_V3+3D,1.6995419282466173
modern,1,a_N100_V3+3D,1.692584017291665
modern,1,a_N100_V3+3D,1.6840000171214342
modern,1,a_N100_V3+3D,1.6981250373646617
modern,1,a_N100_V3+3D,1.6862089978531003
modern,1,a_N100_V3+3D,1.6765000764280558
modern,1,a_N100_V3+3D,1.676916959695518
modern,1,a_N100_V3+3D,1.6684170113876462
modern,1,a_N100_V3+3D,1.6790410736575723
modern,1,a_N100_V3+3D,1.6924169613048434
modern,1,a_N100_V3+3D,1.727958908304572
modern,1,a_N100_V3+3D,1.755499979481101
modern,1,a_N100_V3+3D,1.6920409398153424
modern,1,a_N100_V3+3D,1.6675000078976154
modern,1,a_N100_V3+3D,1.6714580124244094
modern,1,a_N100_V3+3D,1.674375031143427
modern,1,a_N100_V3+3D,1.667208969593048
modern,1,a_N100_V3+3D,1.6675000078976154
modern,1,a_N100_V3+3D,1.66470801923424
modern,1,a_N100_V3+3D,1.7291250405833125
modern,1,a_N100_V3+3D,1.663625007495284
modern,1,a_N100_V3+3D,1.6669159522280097
modern,1,a_N100_V3+3D,1.6499999910593033
modern,1,a_N100_V3+3D,1.6468330286443233
modern,1,a_N100_V3+3D,1.654416904784739
modern,1,a_N100_V3+3D,1.68691691942513
modern,1,a_N100_V3+3D,1.6523749800398946
modern,1,a_N100_V3+3D,1.668291981332004
modern,1,a_N100_V3+3D,1.6561669763177633
modern,1,a_N100_V3+3D,1.6546249389648438
modern,1,a_N100_V3+3D,1.6687919851392508
modern,1,a_N100_V3+3D,1.6603339463472366
modern,1,a_N100_V3+3D,1.6442079795524478
modern,1,a_N100_V3+3D,1.655291998758912
modern,1,a_N100_V3+3D,1.771082985214889
modern,1,a_N100_V3+3D,1.6535830218344927
modern,1,a_N100_V3+3D,1.6622080001980066
modern,1,a_N100_V3+3D,1.6608330188319087
modern,1,a_N100_V3+3D,1.6477080062031746
modern,1,a_N100_V3+3D,2.0216669654473662
modern,1,a_N100_V3+3D,1.503499923273921
modern,1,a_N100_V3+3D,1.4014579355716705
modern,1,a_N100_V3+3D,1.257707946933806
modern,1,a_N100_V3+3D,1.9294170197099447
modern,1,a_N100_V3+3D,1.3565419940277934
modern,1,a_N100_V3+3D,1.2968339724466205
modern,1,a_N100_V3+3D,1.2885829200968146
modern,1,a_N100_V3+3D,1.2948750518262386
modern,1,a_N100_V3+3D,1.2779169483110309
modern,1,a_N100_V3+3D,1.2745000422000885
modern,1,a_N100_V3+3D,1.2704579858109355
modern,1,a_N100_V3+3D,1.25129206571728
modern,1,a_N100_V3+3D,1.2632920406758785
modern,1,a_N100_V3+3D,1.2775000650435686
modern,1,a_N100_V3+3D,1.9453329732641578
modern,1,a_N100_V3+3D,1.7487090080976486
modern,1,a_N100_V3+3D,1.7165419412776828
modern,1,a_N100_V3+3D,1.6958339838311076
modern,1,a_N100_V3+3D,1.7957919044420123
modern,1,a_N100_V3+3D,1.786916982382536
modern,1,a_N100_V3+3D,1.78583397064358
modern,1,a_N100_V3+3D,1.6702499706298113
modern,1,a_N100_V3+3D,1.769874943420291
modern,1,a_N100_V3+3D,1.7060419777408242
modern,1,a_N100_V3+3D,1.760957995429635
modern,1,a_N100_V3+3D,1.7180830473080277
modern,1,a_N100_V3+3D,1.742833061143756
modern,1,a_N100_V3+3D,1.7032499890774488
modern,1,a_N100_V3+3D,1.7581670545041561
modern,1,a_N100_V3+3D,1.7670419765636325
modern,1,a_N100_V3+3D,1.8387919990345836
modern,1,a_N100_V3+3D,1.7518749227747321
modern,1,a_N100_V3+3D,1.735958969220519
modern,1,a_N100_V3+3D,1.650791964493692
modern,1,a_N100_V3+3D,1.759040984325111
modern,1,a_N100_V3+3D,1.7451250459998846
modern,1,a_N100_V3+3D,1.745374989695847
modern,1,a_N100_V3+3D,1.6441670013591647
modern,1,a_N100_V3+3D,1.7229999648407102
modern,1,a_N100_V3+3D,1.7404590034857392
modern,1,a_N100_V3+3D,1.7343750223517418
modern,1,a_N100_V3+3D,1.7652090173214674
modern,1,a_N100_V3+3D,1.886541023850441
modern,1,a_N100_V3+3D,1.6716670943424106
modern,1,a_N100_V3+3D,1.7615839606150985
modern,1,a_N100_V3+3D,1.800249912776053
modern,1,a_N100_V3+3D,1.775332959368825
modern,1,a_N100_V3+3D,1.6513749724254012
modern,1,a_N100_V3+3D,1.7262089531868696
modern,1,a_N100_V3+3D,1.6429999377578497
modern,1,a_N100_V3+3D,2.0719580352306366
modern,1,a_N100_V3+3D,1.3473340077325702
modern,1,a_N100_V3+3D,1.2689169961959124
modern,1,a_N100_V3+3D,1.2208749540150166
modern,1,a_N100_V3+3D,1.3297090772539377
modern,1,a_N100_V3+3D,1.2326249852776527
modern,1,a_N100_V3+3D,1.4170000795274973
modern,1,a_N100_V3+3D,1.3220830587670207
modern,1,a_N100_V3+3D,1.244500046595931
modern,1,a_N100_V3+3D,1.227041007950902
modern,1,a_N100_V3+3D,1.3946660328656435
modern,1,a_N100_V3+3D,1.3037919998168945
modern,1,a_N100_V3+3D,1.3325839536264539
modern,1,a_N100_V3+3D,1.2652500299736857
modern,1,a_N100_V3+3D,1.2657500337809324
modern,1,a_N100_V3+3D,1.2099170126020908
modern,1,a_N100_V3+3D,1.292250002734363
modern,1,a_N100_V3+3D,1.257083029486239
modern,1,a_N100_V3+3D,1.2974579585716128
modern,1,a_N100_V3+3D,1.2169589754194021
modern,1,a_N100_V3+3D,1.2790829641744494
modern,1,a_N100_V3+3D,1.2962090549990535
modern,1,a_N100_V3+3D,1.2193340808153152
modern,1,a_N100_V3+3D,1.2590830447152257
modern,1,a_N100_V3+3D,1.7879159422591329
modern,1,a_N100_V3+3D,1.7784170340746641
modern,1,a_N100_V3+3D,1.7442500684410334
modern,1,a_N100_V3+3D,1.7205839976668358
modern,1,a_N100_V3+3D,1.7276669386774302
modern,1,a_N100_V3+3D,1.711999997496605
modern,1,a_N100_V3+3D,1.7092919442802668
modern,1,a_N100_V3+3D,1.7183750169351697
modern,1,a_N100_V3+3D,1.6908750403672457
modern,1,a_N100_V3+3D,1.6813329420983791
modern,1,a_N100_V3+3D,1.687500043772161
modern,1,a_N100_V3+3D,1.6739999409765005
modern,1,a_N100_V3+3D,1.6613340703770518
modern,1,a_N100_V3+3D,1.6632500337436795
modern,1,a_N100_V3+3D,1.6764160245656967
modern,1,a_N100_V3+3D,1.6736660618335009
modern,1,a_N100_V3+3D,1.6620000824332237
modern,1,a_N100_V3+3D,2.005457994528115
modern,1,a_N100_V3+3D,1.7027080757543445
modern,1,a_N100_V3+3D,1.698999898508191
modern,1,a_N100_V3+3D,1.7021669773384929
modern,1,a_N100_V3+3D,1.6826658975332975
modern,1,a_N100_V3+3D,1.6727909678593278
modern,1,a_N100_V3+3D,1.6767919296398759
modern,1,a_N100_V3+3D,1.701249973848462
modern,1,a_N100_V3+3D,1.6680420376360416
modern,1,a_N100_V3+3D,1.6814159462228417
modern,1,a_N100_V3+3D,1.651959028095007
modern,1,a_N100_V3+3D,1.6508749686181545
modern,1,a_N100_V3+3D,1.6484999796375632
modern,1,a_N100_V3+3D,1.660709036514163
modern,1,a_N100_V3+3D,1.660584006458521
modern,1,a_N100_V3+3D,1.7253330443054438
modern,1,a_N100_V3+3D,1.655958010815084
modern,1,a_N100_V3+3D,1.64899998344481
modern,1,a_N100_V3+3D,1.6505419043824077
modern,1,a_N100_V3+3D,1.6509999986737967
modern,1,a_N100_V3+3D,1.6817919677123427
modern,1,a_N100_V3+3D,1.70112494379282
modern,1,a_N100_V3+3D,1.6639579553157091
modern,1,a_N100_V3+3D,1.658082939684391
modern,1,a_N100_V3+3D,1.6982919769361615
modern,1,a_N100_V3+3D,1.6575410263612866
modern,1,a_N100_V3+3D,1.6697089886292815
modern,1,a_N100_V3+3D,1.6728329937905073
modern,1,a_N100_V3+3D,1.6862500924617052
modern,1,a_N100_V3+3D,1.6584590775892138
modern,1,a_N100_V3+3D,1.6729170456528664
modern,1,a_N100_V3+3D,1.6503330552950501
modern,1,a_N100_V3+3D,1.9373749382793903
modern,1,a_N100_V3+3D,1.2784999562427402
modern,1,a_N100_V3+3D,1.2704170076176524
modern,1,a_N100_V3+3D,1.2503339676186442
modern,1,a_N100_V3+3D,1.2354999780654907
modern,1,a_N100_V3+3D,1.2575829168781638
modern,1,a_N100_V3+3D,1.2253749882802367
modern,1,a_N100_V3+3D,1.2377080274745822
modern,1,a_N100_V3+3D,1.241541001945734
modern,1,a_N100_V3+3D,1.2359160464257002
modern,1,a_N100_V3+3D,1.2351670302450657
modern,1,a_N100_V3+3D,1.7901669489219785
modern,1,a_N100_V3+3D,1.735249999910593
modern,1,a_N100_V3+3D,1.7022090032696724
modern,1,a_N100_V3+3D,1.7064589774236083
modern,1,a_N100_V3+3D,1.6982500674203038
modern,1,a_N100_V3+3D,1.7726250225678086
modern,1,a_N100_V3+3D,1.6825830098241568
modern,1,a_N100_V3+3D,1.6659580869600177
modern,1,a_N100_V3+3D,1.6687499592080712
modern,1,a_N100_V3+3D,1.6591250896453857
modern,1,a_N100_V3+3D,1.67404196690768
modern,1,a_N100_V3+3D,1.65983394253999
modern,1,a_N100_V3+3D,1.7521249828860164
modern,1,a_N100_V3+3D,1.6540829092264175
modern,1,a_N100_V3+3D,1.6767920460551977
modern,1,a_N100_V3+3D,1.6681660199537873
modern,1,a_N100_V3+3D,1.7114999936893582
modern,1,a_N100_V3+3D,1.6913750441744924
modern,1,a_N100_V3+3D,1.6910000704228878
modern,1,a_N100_V3+3D,1.6526670660823584
modern,1,a_N100_V3+3D,1.6507090767845511
modern,1,a_N100_V3+3D,1.6558750066906214
modern,1,a_N100_V3+3D,1.6681660199537873
modern,1,a_N100_V3+3D,1.6529589192941785
modern,1,a_N100_V3+3D,1.6625410644337535
modern,1,a_N100_V3+3D,1.6485829837620258
modern,1,a_N100_V3+3D,1.641083974391222
modern,1,a_N100_V3+3D,1.6604999545961618
modern,1,a_N100_V3+3D,1.639499911107123
modern,1,a_N100_V3+3D,1.6420839820057154
modern,1,a_N100_V3+3D,1.6482910141348839
modern,1,a_N100_V3+3D,1.6755829565227032
modern,1,a_N100_V3+3D,1.6638750676065683
modern,1,a_N100_V3+3D,1.6582920216023922
modern,1,a_N100_V3+3D,1.6498749610036612
modern,1,a_N100_V3+3D,1.6432090196758509
modern,1,a_N100_V3+3D,1.65350001771003
modern,1,a_N100_V3+3D,1.6388329677283764
modern,1,a_N100_V3+3D,1.656958949752152
modern,1,a_N100_V3+3D,1.6525409882888198
modern,1,a_N100_V3+3D,1.6642919508740306
modern,1,a_N100_V3+3D,1.643874915316701
modern,1,a_N100_V3+3D,1.6674159560352564
modern,1,a_N100_V3+3D,1.643582945689559
modern,1,a_N100_V3+3D,1.633833977393806
modern,1,a_N100_V3+3D,1.6828749794512987
modern,1,a_N100_V3+3D,1.6473749419674277
modern,1,a_N100_V3+3D,1.6752500087022781
modern,1,a_N100_V3+3D,1.7472079489380121
modern,1,a_N100_V3+3D,1.6449160175397992
modern,1,a_N100_V3+3D,1.6709170304238796
modern,1,a_N100_V3+3D,1.6448330134153366
modern,1,a_N100_V3+3D,1.6409159870818257
modern,1,a_N100_V3+3D,1.6368749784305692
modern,1,a_N100_V3+3D,1.656375010497868
modern,1,a_N100_V3+3D,1.6463329084217548
modern,1,a_N100_V3+3D,1.6434579156339169
modern,1,a_N100_V3+3D,1.6451249830424786
modern,1,a_N100_V3+3D,1.6648329328745604
modern,1,a_N100_V3+3D,1.6417090082541108
modern,1,a_N100_V3+3D,2.118667005561292
modern,1,a_N100_V3+3D,2.2750829812139273
modern,1,a_N100_V3+3D,2.1654170705005527
modern,1,a_N100_V3+3D,1.908542006276548
modern,1,a_N100_V3+3D,1.8050409853458405
modern,1,a_N100_V3+3D,2.380209043622017
modern,1,a_N100_V3+3D,1.6367500647902489
modern,1,a_N100_V3+3D,1.7053750343620777
modern,1,a_N100_V3+3D,1.3646669685840607
modern,1,a_N100_V3+3D,1.2828749604523182
modern,1,a_N100_V3+3D,1.2688749702647328
modern,1,a_N100_V3+3D,1.633416977711022
modern,1,a_N100_V3+3D,1.5906249172985554
modern,1,a_N100_V3+3D,1.3427919475361705
modern,1,a_N100_V3+3D,1.3402090407907963
modern,1,a_N100_V3+3D,1.5908749774098396
modern,1,a_N100_V3+3D,1.5728329308331013
modern,1,a_N100_V3+3D,1.4498339733108878
modern,1,a_N100_V3+3D,1.711999997496605
modern,1,a_N100_V3+3D,1.6681670676916838
modern,1,a_N100_V3+3D,1.5487500932067633
modern,1,a_N100_V3+3D,1.3386670034378767
modern,1,a_N100_V3+3D,1.2989160604774952
modern,1,a_N100_V3+3D,1.3934168964624405
modern,1,a_N100_V3+3D,1.3452500570565462
modern,1,a_N100_V3+3D,1.6385000199079514
modern,1,a_N100_V3+3D,1.3587919529527426
modern,1,a_N100_V3+3D,1.6272920183837414
modern,1,a_N100_V3+3D,1.361291971988976
modern,1,a_N100_V3+3D,1.6230839537456632
modern,1,a_N100_V3+3D,1.5687079867348075
modern,1,a_N100_V3+3D,1.6363749746233225
modern,1,a_N100_V3+3D,1.5953340334817767
modern,1,a_N100_V3+3D,1.3050420675426722
modern,1,a_N100_V3+3D,1.6391669632866979
modern,1,a_N100_V3+3D,1.329209073446691
modern,1,a_N100_V3+3D,2.3060000967234373
modern,1,a_N100_V3+3D,1.8762920517474413
modern,1,a_N100_V3+3D,1.7277910374104977
modern,1,a_N100_V3+3D,1.7298749880865216
modern,1,a_N100_V3+3D,1.5254999743774533
modern,1,a_N100_V3+3D,1.7876250203698874
modern,1,a_N100_V3+3D,1.0990420123562217
modern,1,a_N100_V3+3D,0.8535409579053521
modern,1,a_N100_V3+3D,1.0755839757621288
modern,1,a_N100_V3+3D,1.0663749417290092
modern,1,a_N100_V3+3D,1.072417013347149
modern,1,a_N100_V3+3D,1.0616249637678266
modern,1,a_N100_V3+3D,1.1587500339373946
modern,1,a_N100_V3+3D,0.8547080215066671
modern,1,a_N100_V3+3D,0.8329590782523155
modern,1,a_N100_V3+3D,0.8577080443501472
modern,1,a_N100_V3+3D,1.0409579845145345
modern,1,a_N100_V3+3D,1.2847920879721642
modern,1,a_N100_V3+3D,1.075041014701128
modern,1,a_N100_V3+3D,1.0401669424027205
modern,1,a_N100_V3+3D,0.8417499484494328
modern,1,a_N100_V3+3D,1.0742919985204935
modern,1,a_N100_V3+3D,0.8270000107586384
modern,1,a_N100_V3+3D,0.8308340329676867
modern,1,a_N100_V3+3D,1.7950000474229455
modern,1,a_N100_V3+3D,1.7669169465079904
modern,1,a_N100_V3+3D,1.7040830571204424
modern,1,a_N100_V3+3D,1.7044170526787639
modern,1,a_N100_V3+3D,1.7008340219035745
modern,1,a_N100_V3+3D,1.6837910516187549
modern,1,a_N100_V3+3D,1.6789590008556843
modern,1,a_N100_V3+3D,1.6759169520810246
modern,1,a_N100_V3+3D,1.6714580124244094
modern,1,a_N100_V3+3D,1.6692079370841384
modern,1,a_N100_V3+3D,1.6760840080678463
modern,1,a_N100_V3+3D,1.663167029619217
modern,1,a_N100_V3+3D,1.6717920079827309
modern,1,a_N100_V3+3D,1.6664169961586595
modern,1,a_N100_V3+3D,1.6580000519752502
modern,1,a_N100_V3+3D,1.6534170135855675
modern,1,a_N100_V3+3D,1.7109999898821115
modern,1,a_N100_V3+3D,1.7660829471424222
modern,1,a_N100_V3+3D,2.0195000106468797
modern,1,a_N100_V3+3D,1.712084049358964
modern,1,a_N100_V3+3D,1.6817920841276646
modern,1,a_N100_V3+3D,1.6788749489933252
modern,1,a_N100_V3+3D,1.6527499537914991
modern,1,a_N100_V3+3D,1.6507079126313329
modern,1,a_N100_V3+3D,1.6491669230163097
modern,1,a_N100_V3+3D,1.6444589709863067
modern,1,a_N100_V3+3D,1.6727909678593278
modern,1,a_N100_V3+3D,1.6405419446527958
modern,1,a_N100_V3+3D,1.6407499788329005
modern,1,a_N100_V3+3D,1.628750003874302
modern,1,a_N100_V3+3D,1.6770840156823397
modern,1,a_N100_V3+3D,1.675209030508995
modern,1,a_N100_V3+3D,1.635667053051293
modern,1,a_N100_V3+3D,1.6334590036422014
modern,1,a_N100_V3+3D,1.630375045351684
modern,1,a_N100_V3+3D,1.6409580130130053
modern,1,a_N100_V3+3D,1.6389589291065931
modern,1,a_N100_V3+3D,1.6387089854106307
modern,1,a_N100_V3+3D,1.643666997551918
modern,1,a_N100_V3+3D,1.6304579330608249
modern,1,a_N100_V3+3D,1.6269999323412776
modern,1,a_N100_V3+3D,1.628416939638555
modern,1,a_N100_V3+3D,1.6420839820057154
modern,1,a_N100_V3+3D,1.6432090196758509
modern,1,a_N100_V3+3D,1.6691250493749976
modern,1,a_N100_V3+3D,1.6468340763822198
modern,1,a_N100_V3+3D,1.644000061787665
modern,1,a_N100_V3+3D,1.6363749746233225
modern,1,a_N100_V3+3D,1.663625007495284
modern,1,a_N100_V3+3D,1.633209059946239
modern,1,a_N100_V3+3D,1.6298750415444374
modern,1,a_N100_V3+3D,1.6228749882429838
modern,1,a_N100_V3+3D,1.6339999856427312
modern,1,a_N100_V3+3D,1.6188329318538308
modern,1,a_N100_V3+3D,1.63612503092736
modern,1,a_N100_V3+3D,1.6383749898523092
modern,1,a_N100_V3+3D,1.6322080045938492
modern,1,a_N100_V3+3D,1.658500055782497
modern,1,a_N100_V3+3D,1.6473339637741446
modern,1,a_N100_V3+3D,1.6380420420318842
modern,1,a_N100_V3+3D,1.7942499835044146
modern,1,a_N100_V3+3D,1.771333976648748
modern,1,a_N100_V3+3D,1.7348750261589885
modern,1,a_N100_V3+3D,1.7156670801341534
modern,1,a_N100_V3+3D,1.7265420174226165
modern,1,a_N100_V3+3D,1.7010830342769623
modern,1,a_N100_V3+3D,1.7017500940710306
modern,1,a_N100_V3+3D,1.700167078524828
modern,1,a_N100_V3+3D,1.7062920378521085
modern,1,a_N100_V3+3D,1.6927089309319854
modern,1,a_N100_V3+3D,1.6952919540926814
modern,1,a_N100_V3+3D,1.6908749239519238
modern,1,a_N100_V3+3D,1.6895829467102885
modern,1,a_N100_V3+3D,1.688124961219728
modern,1,a_N100_V3+3D,1.6884580254554749
modern,1,a_N100_V3+3D,1.6857499722391367
modern,1,a_N100_V3+3D,1.6822500620037317
modern,1,a_N100_V3+3D,1.7147499602288008
modern,1,a_N100_V3+3D,1.6843340126797557
modern,1,a_N100_V3+3D,1.7399999778717756
modern,1,a_N100_V3+3D,1.7170420615002513
modern,1,a_N100_V3+3D,1.6814590198919177
modern,1,a_N100_V3+3D,1.6837500734254718
modern,1,a_N100_V3+3D,1.6952920705080032
modern,1,a_N100_V3+3D,1.6886669909581542
modern,1,a_N100_V3+3D,1.6875839792191982
modern,1,a_N100_V3+3D,1.6697499668225646
modern,1,a_N100_V3+3D,1.6843340126797557
modern,1,a_N100_V3+3D,1.6839579911902547
modern,1,a_N100_V3+3D,1.6818329459056258
modern,1,a_N100_V3+3D,1.6901670023798943
modern,1,a_N100_V3+3D,1.6804999904707074
modern,1,a_N100_V3+3D,1.7227500211447477
modern,1,a_N100_V3+3D,1.6884170472621918
modern,1,a_N100_V3+3D,1.6777500277385116
modern,1,a_N100_V3+3D,1.659124973230064
modern,1,a_N100_V3+3D,1.6746250912547112
modern,1,a_N100_V3+3D,1.6827500658109784
modern,1,a_N100_V3+3D,1.6740000573918223
modern,1,a_N100_V3+3D,1.6687919851392508
modern,1,a_N100_V3+3D,1.6742089064791799
modern,1,a_N100_V3+3D,1.6804999904707074
modern,1,a_N100_V3+3D,1.7103339778259397
modern,1,a_N100_V3+3D,1.6671250341460109
modern,1,a_N100_V3+3D,1.6504169907420874
modern,1,a_N100_V3+3D,1.6887499950826168
modern,1,a_N100_V3+3D,1.6573340399190784
modern,1,a_N100_V3+3D,1.65200000628829
modern,1,a_N100_V3+3D,1.6434170538559556
modern,1,a_N100_V3+3D,1.708792056888342
modern,1,a_N100_V3+3D,1.6435830621048808
modern,1,a_N100_V3+3D,1.646334072574973
modern,1,a_N100_V3+3D,1.6664171125739813
modern,1,a_N100_V3+3D,1.6584170516580343
modern,1,a_N100_V3+3D,1.6472499119117856
modern,1,a_N100_V3+3D,1.6602500109001994
modern,1,a_N100_V3+3D,1.6480829799547791
modern,1,a_N100_V3+3D,1.6532089794054627
modern,1,a_N100_V3+3D,1.676584011875093
modern,1,a_N100_V3+3D,1.6575409099459648
modern,1,a_N100_V3+3D,1.7839999636635184
modern,1,a_N100_V3+3D,1.7996670212596655
modern,1,a_N100_V3+3D,1.7669169465079904
modern,1,a_N100_V3+3D,1.7527079908177257
modern,1,a_N100_V3+3D,1.778292004019022
modern,1,a_N100_V3+3D,1.693999976851046
modern,1,a_N100_V3+3D,1.7803750233724713
modern,1,a_N100_V3+3D,1.76062504760921
modern,1,a_N100_V3+3D,1.7659589648246765
modern,1,a_N100_V3+3D,1.7332090064883232
modern,1,a_N100_V3+3D,1.7526670126244426
modern,1,a_N100_V3+3D,1.6608340665698051
modern,1,a_N100_V3+3D,1.757166930474341
modern,1,a_N100_V3+3D,1.7587500624358654
modern,1,a_N100_V3+3D,1.7647920176386833
modern,1,a_N100_V3+3D,1.7306250520050526
modern,1,a_N100_V3+3D,1.7546250019222498
modern,1,a_N100_V3+3D,1.9685839070007205
modern,1,a_N100_V3+3D,1.6822500620037317
modern,1,a_N100_V3+3D,1.7951660556718707
modern,1,a_N100_V3+3D,1.7615830292925239
modern,1,a_N100_V3+3D,1.6535419272258878
modern,1,a_N100_V3+3D,1.7464999109506607
modern,1,a_N100_V3+3D,1.7476249486207962
modern,1,a_N100_V3+3D,1.7478750087320805
modern,1,a_N100_V3+3D,1.6862499760463834
modern,1,a_N100_V3+3D,1.7429590225219727
modern,1,a_N100_V3+3D,1.6532919835299253
modern,1,a_N100_V3+3D,1.7252499237656593
modern,1,a_N100_V3+3D,1.7277090810239315
modern,1,a_N100_V3+3D,1.7641250742599368
modern,1,a_N100_V3+3D,1.681750058196485
modern,1,a_N100_V3+3D,1.7289998941123486
modern,1,a_N100_V3+3D,1.6696660313755274
modern,1,a_N100_V3+3D,1.7417080234736204
modern,1,a_N100_V3+3D,1.7172499792650342
modern,1,a_N100_V3+3D,1.7325830413028598
modern,1,a_N100_V3+3D,1.6647910233587027
modern,1,a_N100_V3+3D,1.7281669424846768
modern,1,a_N100_V3+3D,1.6578750219196081
modern,1,a_N100_V3+3D,1.7439579823985696
modern,1,a_N100_V3+3D,1.9413339905440807
modern,1,a_N100_V3+3D,1.3745420146733522
modern,1,a_N100_V3+3D,1.2345409486442804
modern,1,a_N100_V3+3D,1.3341250596567988
modern,1,a_N100_V3+3D,1.3176660286262631
modern,1,a_N100_V3+3D,1.2566250516101718
modern,1,a_N100_V3+3D,1.2277918867766857
modern,1,a_N100_V3+3D,1.3368329964578152
modern,1,a_N100_V3+3D,1.2639580527320504
modern,1,a_N100_V3+3D,1.329083926975727
modern,1,a_N100_V3+3D,1.2615830637514591
modern,1,a_N100_V3+3D,1.3035410083830357
modern,1,a_N100_V3+3D,1.2541250325739384
modern,1,a_N100_V3+3D,1.3080419739708304
modern,1,a_N100_V3+3D,1.231707981787622
modern,1,a_N100_V3+3D,1.3162919785827398
modern,1,a_N100_V3+3D,1.3206669827923179
modern,1,a_N100_V3+3D,1.3231670018285513
modern,1,a_N100_V3+3D,1.2432499788701534
modern,1,a_N100_V3+3D,1.763082924298942
modern,1,a_N100_V3+3D,1.7469999147579074
modern,1,a_N100_V3+3D,1.7289581010118127
modern,1,a_N100_V3+3D,1.7055419739335775
modern,1,a_N100_V3+3D,1.6878339229151607
modern,1,a_N100_V3+3D,1.693999976851046
modern,1,a_N100_V3+3D,1.702292007394135
modern,1,a_N100_V3+3D,1.6762090381234884
modern,1,a_N100_V3+3D,1.6695830272510648
modern,1,a_N100_V3+3D,1.6667909221723676
modern,1,a_N100_V3+3D,1.6724580200389028
modern,1,a_N100_V3+3D,1.6705000307410955
modern,1,a_N100_V3+3D,1.667250064201653
modern,1,a_N100_V3+3D,1.6682500718161464
modern,1,a_N100_V3+3D,1.6659171087667346
modern,1,a_N100_V3+3D,1.6483330400660634
modern,1,a_N100_V3+3D,1.6608750447630882
modern,1,a_N100_V3+3D,1.7188750207424164
modern,1,a_N100_V3+3D,1.6671250341460109
modern,1,a_N100_V3+3D,1.6504169907420874
modern,1,a_N100_V3+3D,1.7213330138474703
modern,1,a_N100_V3+3D,1.6614169580861926
modern,1,a_N100_V3+3D,2.203166950494051
modern,1,a_N100_V3+3D,1.7780830385163426
modern,1,a_N100_V3+3D,1.7290000105276704
modern,1,a_N100_V3+3D,1.7201669979840517
modern,1,a_N100_V3+3D,1.7040420789271593
modern,1,a_N100_V3+3D,1.6981250373646617
modern,1,a_N100_V3+3D,1.6945000970736146
modern,1,a_N100_V3+3D,1.700167078524828
modern,1,a_N100_V3+3D,1.687041949480772
modern,1,a_N100_V3+3D,1.708666910417378
modern,1,a_N100_V3+3D,1.680291024968028
modern,1,a_N100_V3+3D,1.6685420414432883
modern,1,a_N100_V3+3D,1.670834026299417
modern,1,a_N100_V3+3D,1.6769159119576216
modern,1,a_N100_V3+3D,1.6666670562699437
modern,1,a_N100_V3+3D,1.6772500239312649
modern,1,a_N100_V3+3D,1.6656670486554503
modern,1,a_N100_V3+3D,1.6793330432847142
modern,1,a_N100_V3+3D,1.97049998678267
modern,1,a_N100_V3+3D,1.2997080339118838
modern,1,a_N100_V3+3D,1.2623330112546682
modern,1,a_N100_V3+3D,1.2520001037046313
modern,1,a_N100_V3+3D,1.2545420322567225
modern,1,a_N100_V3+3D,1.246166997589171
modern,1,a_N100_V3+3D,1.2848750920966268
modern,1,a_N100_V3+3D,1.2442079605534673
modern,1,a_N100_V3+3D,1.249374938197434
modern,1,a_N100_V3+3D,1.2439999263733625
modern,1,a_N100_V3+3D,1.319417031481862
modern,1,a_N100_V3+3D,1.2514579575508833
modern,1,a_N100_V3+3D,1.2526670470833778
modern,1,a_N100_V3+3D,1.2900830479338765
modern,1,a_N100_V3+3D,1.2678749626502395
modern,1,a_N100_V3+3D,1.2535840505734086
modern,1,a_N100_V3+3D,1.241167075932026
modern,1,a_N100_V3+3D,1.2423750013113022
modern,1,a_N100_V3+3D,1.240209094248712
modern,1,a_N100_V3+3D,1.2399581028148532
modern,1,a_N100_V3+3D,1.7944161081686616
modern,1,a_N100_V3+3D,1.7563330475240946
modern,1,a_N100_V3+3D,1.77800003439188
modern,1,a_N100_V3+3D,1.7057500081136823
modern,1,a_N100_V3+3D,1.7007500864565372
modern,1,a_N100_V3+3D,1.6891669947654009
modern,1,a_N100_V3+3D,2.0511660259217024
modern,1,a_N100_V3+3D,1.7976670060306787
modern,1,a_N100_V3+3D,1.7698339652270079
modern,1,a_N100_V3+3D,1.75445806235075
modern,1,a_N100_V3+3D,1.70579191762954
modern,1,a_N100_V3+3D,1.7124590231105685
modern,1,a_N100_V3+3D,1.6972909215837717
modern,1,a_N100_V3+3D,1.6897079767659307
modern,1,a_N100_V3+3D,1.6847499646246433
modern,1,a_N100_V3+3D,1.6732090152800083
modern,1,a_N100_V3+3D,1.695374958217144
modern,1,a_N100_V3+3D,1.728291972540319
modern,1,a_N100_V3+3D,1.6899589681997895
modern,1,a_N100_V3+3D,1.6775419935584068
modern,1,a_N100_V3+3D,1.7094999784603715
modern,1,a_N100_V3+3D,1.6912909923121333
modern,1,a_N100_V3+3D,2.0334579749032855
modern,1,a_N100_V3+3D,1.8247499829158187
modern,1,a_N100_V3+3D,1.791000016964972
modern,1,a_N100_V3+3D,1.7475829226896167
modern,1,a_N100_V3+3D,1.7386670224368572
modern,1,a_N100_V3+3D,1.7332909628748894
modern,1,a_N100_V3+3D,1.7271250253543258
modern,1,a_N100_V3+3D,1.7091670306399465
modern,1,a_N100_V3+3D,1.7099999822676182
modern,1,a_N100_V3+3D,1.7487079603597522
modern,1,a_N100_V3+3D,1.6973749734461308
modern,1,a_N100_V3+3D,1.7078339587897062
modern,1,a_N100_V3+3D,1.7042499966919422
modern,1,a_N100_V3+3D,1.6967090778052807
modern,1,a_N100_V3+3D,1.6907500103116035
modern,1,a_N100_V3+3D,1.684957998804748
modern,1,a_N100_V3+3D,1.7311249393969774
modern,1,a_N100_V3+3D,1.6895830631256104
modern,1,a_N100_V3+3D,1.833333051763475
modern,1,a_N100_V3+3D,1.6783749451860785
modern,1,a_N100_V3+3D,1.6856249421834946
modern,1,a_N100_V3+3D,1.6818329459056258
modern,1,a_N100_V3+3D,1.6825839411467314
modern,1,a_N100_V3+3D,1.961417030543089
modern,1,a_N100_V3+3D,2.218542038463056
modern,1,a_N100_V3+3D,1.7630000365898013
modern,1,a_N100_V3+3D,1.7186659388244152
modern,1,a_N100_V3+3D,1.7053330084308982
modern,1,a_N100_V3+3D,1.7673330148681998
modern,1,a_N100_V3+3D,1.680250046774745
modern,1,a_N100_V3+3D,1.6904580406844616
modern,1,a_N100_V3+3D,1.6742919106036425
modern,1,a_N100_V3+3D,2.159166964702308
modern,1,a_N100_V3+3D,1.8136249855160713
modern,1,a_N100_V3+3D,1.7658749129623175
modern,1,a_N100_V3+3D,1.738332910463214
modern,1,a_N100_V3+3D,1.7791249556466937
modern,1,a_N100_V3+3D,1.7217920394614339
modern,1,a_N100_V3+3D,1.8544589402154088
modern,1,a_N100_V3+3D,1.7969580367207527
modern,1,a_N100_V3+3D,1.7403330421075225
modern,1,a_N100_V3+3D,1.7424160614609718
modern,1,a_N100_V3+3D,1.737041980959475
modern,1,a_N100_V3+3D,1.7266669310629368
modern,1,a_N100_V3+3D,1.7007499700412154
modern,1,a_N100_V3+3D,1.723417080938816
modern,1,a_N100_V3+3D,1.7077079974114895
modern,1,a_N100_V3+3D,1.70766597148031
modern,1,a_N100_V3+3D,1.7222079914063215
modern,1,a_N100_V3+3D,1.7063330160453916
modern,1,a_N100_V3+3D,1.7118329415097833
modern,1,a_N100_V3+3D,1.6837919829413295
modern,1,a_N100_V3+3D,1.6955420142039657
modern,1,a_N100_V3+3D,1.7007080605253577
modern,1,a_N100_V3+3D,1.6828750958666205
modern,1,a_N100_V3+3D,1.756874960847199
modern,1,a_N100_V3+3D,1.6793330432847142
modern,1,a_N100_V3+3D,1.7090830951929092
modern,1,a_N100_V3+3D,1.7527089221403003
modern,1,a_N100_V3+3D,1.7021249514073133
modern,1,a_N100_V3+3D,1.6792499227449298
modern,1,a_N100_V3+3D,1.6975419130176306
modern,1,a_N100_V3+3D,1.6853329725563526
modern,1,a_N100_V3+3D,1.699332962743938
modern,1,a_N100_V3+3D,1.6578750219196081
modern,1,a_N100_V3+3D,1.680874964222312
modern,1,a_N100_V3+3D,1.681291963905096
modern,1,a_N100_V3+3D,1.6892499988898635
modern,1,a_N100_V3+3D,1.6694159712642431
modern,1,a_N100_V3+3D,1.7133330693468451
modern,1,a_N100_V3+3D,1.6697089886292815
modern,1,a_N100_V3+3D,1.6692080534994602
modern,1,a_N100_V3+3D,2.0217500859871507
modern,1,a_N100_V3+3D,1.289541949518025
modern,1,a_N100_V3+3D,1.5186249511316419
modern,1,a_N100_V3+3D,0.8679579477757215
modern,1,a_N100_V3+3D,0.8272919803857803
modern,1,a_N100_V3+3D,0.8421669481322169
modern,1,a_N100_V3+3D,0.8405420230701566
modern,1,a_N100_V3+3D,0.865416950546205
modern,1,a_N100_V3+3D,0.9652080480009317
modern,1,a_N100_V3+3D,0.8797500049695373
modern,1,a_N100_V3+3D,0.8256250293925405
modern,1,a_N100_V3+3D,0.8086670422926545
modern,1,a_N100_V3+3D,0.8149580098688602
modern,1,a_N100_V3+3D,0.8164159953594208
modern,1,a_N100_V3+3D,0.8232919499278069
modern,1,a_N100_V3+3D,0.8244579657912254
modern,1,a_N100_V3+3D,0.85958291310817
modern,1,a_N100_V3+3D,0.8390829898416996
modern,1,a_N100_V3+3D,0.8104579756036401
modern,1,a_N100_V3+3D,0.8315839804708958
modern,1,a_N100_V3+3D,0.8153750095516443
modern,1,a_N100_V3+3D,0.8837919449433684
modern,1,a_N100_V3+3D,0.8456669747829437
modern,1,a_N100_V3+3D,0.8590000215917826
modern,1,a_N100_V3+3D,0.8001669775694609
modern,1,a_N100_V3+3D,0.8444170234724879
modern,1,a_N100_V3+3D,1.7939578974619508
modern,1,a_N100_V3+3D,1.7426250269636512
modern,1,a_N100_V3+3D,1.715417020022869
modern,1,a_N100_V3+3D,1.7099169781431556
modern,1,a_N100_V3+3D,1.69479101896286
modern,1,a_N100_V3+3D,1.6909579280763865
modern,1,a_N100_V3+3D,1.6975419130176306
modern,1,a_N100_V3+3D,1.6891669947654009
modern,1,a_N100_V3+3D,1.6742500010877848
modern,1,a_N100_V3+3D,1.677333959378302
modern,1,a_N100_V3+3D,1.672958955168724
modern,1,a_N100_V3+3D,1.661999966017902
modern,1,a_N100_V3+3D,1.6654999926686287
modern,1,a_N100_V3+3D,1.6757500125095248
modern,1,a_N100_V3+3D,1.6817499417811632
modern,1,a_N100_V3+3D,1.6996670747175813
modern,1,a_N100_V3+3D,1.7248750664293766
modern,1,a_N100_V3+3D,1.6710420604795218
modern,1,a_N100_V3+3D,1.6740839928388596
modern,1,a_N100_V3+3D,1.6706669703125954
modern,1,a_N100_V3+3D,1.6621669055894017
modern,1,a_N100_V3+3D,1.7318750033155084
modern,1,a_N100_V3+3D,1.6747500048950315
modern,1,a_N100_V3+3D,1.682791975326836
modern,1,a_N100_V3+3D,1.6659590182825923
modern,1,a_N100_V3+3D,1.6597500070929527
modern,1,a_N100_V3+3D,1.6609580488875508
modern,1,a_N100_V3+3D,1.6526250401511788
modern,1,a_N100_V3+3D,1.649084035307169
modern,1,a_N100_V3+3D,1.6505829989910126
modern,1,a_N100_V3+3D,1.657749991863966
modern,1,a_N100_V3+3D,1.6969999996945262
modern,1,a_N100_V3+3D,1.6637080116197467
modern,1,a_N100_V3+3D,1.6549589345231652
modern,1,a_N100_V3+3D,1.6806659987196326
modern,1,a_N100_V3+3D,1.6488749533891678
modern,1,a_N100_V3+3D,1.644291914999485
modern,1,a_N100_V3+3D,1.648374949581921
modern,1,a_N100_V3+3D,1.6564999241381884
modern,1,a_N100_V3+3D,1.654834020882845
modern,1,a_N100_V3+3D,1.6526250401511788
modern,1,a_N100_V3+3D,1.641124952584505
modern,1,a_N100_V3+3D,1.649209065362811
modern,1,a_N100_V3+3D,1.6523749800398946
modern,1,a_N100_V3+3D,1.64733303245157
modern,1,a_N100_V3+3D,1.722124987281859
modern,1,a_N100_V3+3D,1.6581249656155705
modern,1,a_N100_V3+3D,1.6743330052122474
modern,1,a_N100_V3+3D,1.6618339577689767
modern,1,a_N100_V3+3D,1.6960420180112123
modern,1,a_N100_V3+3D,1.649708952754736
modern,1,a_N100_V3+3D,1.6755840042605996
modern,1,a_N100_V3+3D,1.6575000481680036
modern,1,a_N100_V3+3D,1.6530000139027834
modern,1,a_N100_V3+3D,1.6661669360473752
modern,1,a_N100_V3+3D,1.6510830027982593
modern,1,a_N100_V3+3D,1.6560000367462635
modern,1,a_N100_V3+3D,1.6475419979542494
modern,1,a_N100_V3+3D,1.6696660313755274
modern,1,a_N100_V3+3D,1.6452920390293002
modern,1,a_N100_V3+3D,1.819667057134211
modern,1,a_N100_V3+3D,1.8862499855458736
modern,1,a_N100_V3+3D,1.7468339065089822
modern,1,a_N100_V3+3D,1.9123340025544167
modern,1,a_N100_V3+3D,1.7542080022394657
modern,1,a_N100_V3+3D,1.7501669935882092
modern,1,a_N100_V3+3D,1.7246250063180923
modern,1,a_N100_V3+3D,1.7497920198366046
modern,1,a_N100_V3+3D,2.3973749484866858
modern,1,a_N100_V3+3D,1.8590419786050916
modern,1,a_N100_V3+3D,1.7984580481424928
modern,1,a_N100_V3+3D,1.809834036976099
modern,1,a_N100_V3+3D,1.7219589790329337
modern,1,a_N100_V3+3D,1.711708027869463
modern,1,a_N100_V3+3D,1.7269590171054006
modern,1,a_N100_V3+3D,1.752207987010479
modern,1,a_N100_V3+3D,1.7271670512855053
modern,1,a_N100_V3+3D,1.9565830007195473
modern,1,a_N100_V3+3D,1.751166069880128
modern,1,a_N100_V3+3D,2.016250044107437
modern,1,a_N100_V3+3D,1.7148329643532634
modern,1,a_N100_V3+3D,1.8070410005748272
modern,1,a_N100_V3+3D,1.7135830130428076
modern,1,a_N100_V3+3D,1.7424169927835464
modern,1,a_N100_V3+3D,1.7071249894797802
modern,1,a_N100_V3+3D,1.7206670017912984
modern,1,a_N100_V3+3D,1.69579207431525
modern,1,a_N100_V3+3D,1.7202920280396938
modern,1,a_N100_V3+3D,1.694625010713935
modern,1,a_N100_V3+3D,1.6957500483840704
modern,1,a_N100_V3+3D,1.7067500157281756
modern,1,a_N100_V3+3D,1.7064580461010337
modern,1,a_N100_V3+3D,1.6772919334471226
modern,1,a_N100_V3+3D,1.9645410357043147
modern,1,a_N100_V3+3D,1.710166921839118
modern,1,a_N100_V3+3D,1.7972919158637524
modern,1,a_N100_V3+3D,1.6922500217333436
modern,1,a_N100_V3+3D,1.7202920280396938
modern,1,a_N100_V3+3D,1.696125022135675
modern,1,a_N100_V3+3D,1.7343340441584587
modern,1,a_N100_V3+3D,1.6882920172065496
modern,1,a_N100_V3+3D,1.7043340485543013
modern,1,a_N100_V3+3D,1.686709001660347
modern,1,a_N100_V3+3D,1.714583020657301
modern,1,a_N100_V3+3D,1.67841708753258
modern,1,a_N100_V3+3D,1.7155830282717943
modern,1,a_N100_V3+3D,1.687208074145019
modern,1,a_N100_V3+3D,1.725624897517264
modern,1,a_N100_V3+3D,1.687374897301197
modern,1,a_N100_V3+3D,1.7289998941123486
modern,1,a_N100_V3+3D,1.7457499634474516
modern,1,a_N100_V3+3D,2.3177919210866094
modern,1,a_N100_V3+3D,1.8817499512806535
modern,1,a_N100_V3+3D,1.7977500101551414
modern,1,a_N100_V3+3D,1.7609590431675315
modern,1,a_N100_V3+3D,1.8164169741794467
modern,1,a_N100_V3+3D,1.7322920029982924
modern,1,a_N100_V3+3D,1.7160839634016156
modern,1,a_N100_V3+3D,1.7110829940065742
modern,1,a_N100_V3+3D,1.7219590954482555
modern,1,a_N100_V3+3D,1.7869580769911408
modern,1,a_N100_V3+3D,1.7339579062536359
modern,1,a_N100_V3+3D,1.7098329262807965
modern,1,a_N100_V3+3D,1.7327090026810765
modern,1,a_N100_V3+3D,1.678875065408647
modern,1,a_N100_V3+3D,1.669666962698102
modern,1,a_N100_V3+3D,1.6697500832378864
modern,1,a_N100_V3+3D,2.0305829821154475
modern,1,a_N100_V3+3D,1.771082985214889
modern,1,a_N100_V3+3D,1.7427499406039715
modern,1,a_N100_V3+3D,1.7050839960575104
modern,1,a_N100_V3+3D,1.6872918931767344
modern,1,a_N100_V3+3D,1.6815420240163803
modern,1,a_N100_V3+3D,1.6773749375715852
modern,1,a_N100_V3+3D,1.675124978646636
modern,1,a_N100_V3+3D,1.6677499515935779
modern,1,a_N100_V3+3D,1.6729170456528664
modern,1,a_N100_V3+3D,1.7201249720528722
modern,1,a_N100_V3+3D,1.6710839699953794
modern,1,a_N100_V3+3D,1.6670840559527278
modern,1,a_N100_V3+3D,1.672290964052081
modern,1,a_N100_V3+3D,1.8198750913143158
modern,1,a_N100_V3+3D,1.7143749864771962
modern,1,a_N100_V3+3D,1.6565000405535102
modern,1,a_N100_V3+3D,1.661374932155013
modern,1,a_N100_V3+3D,2.238666987977922
modern,1,a_N100_V3+3D,1.8667499534785748
modern,1,a_N100_V3+3D,1.7062498955056071
modern,1,a_N100_V3+3D,1.6695839585736394
modern,1,a_N100_V3+3D,1.6589169390499592
modern,1,a_N100_V3+3D,1.6604169504716992
modern,1,a_N100_V3+3D,1.699834014289081
modern,1,a_N100_V3+3D,1.6582499956712127
modern,1,a_N100_V3+3D,1.6630840254947543
modern,1,a_N100_V3+3D,1.6548329731449485
modern,1,a_N100_V3+3D,1.6510420246049762
modern,1,a_N100_V3+3D,1.644417061470449
modern,1,a_N100_V3+3D,1.6591250896453857
modern,1,a_N100_V3+3D,1.6377919819206
modern,1,a_N100_V3+3D,1.6612089239060879
modern,1,a_N100_V3+3D,1.661416026763618
modern,1,a_N100_V3+3D,1.6723750159144402
modern,1,a_N100_V3+3D,1.6683340072631836
modern,1,a_N100_V3+3D,1.657083979807794
modern,1,a_N100_V3+3D,1.6515000024810433
modern,1,a_N100_V3+3D,1.678749918937683
modern,1,a_N100_V3+3D,1.647957949899137
modern,1,a_N100_V3+3D,1.6339169815182686
modern,1,a_N100_V3+3D,1.6510830027982593
modern,1,a_N100_V3+3D,1.6618339577689767
modern,1,a_N100_V3+3D,1.652666018344462
modern,1,a_N100_V3+3D,1.6694579971954226
modern,1,a_N100_V3+3D,1.6628340817987919
modern,1,a_N100_V3+3D,1.672666985541582
modern,1,a_N100_V3+3D,1.6499999910593033
modern,1,a_N100_V3+3D,1.6905838856473565
modern,1,a_N100_V3+3D,1.6543749952688813
modern,1,a_N100_V3+3D,1.6841249307617545
modern,1,a_N100_V3+3D,1.6840000171214342
modern,1,a_N100_V3+3D,1.6539579955860972
modern,1,a_N100_V3+3D,1.7929580062627792
modern,1,a_N100_V3+3D,1.7764579970389605
modern,1,a_N100_V3+3D,1.7278339946642518
modern,1,a_N100_V3+3D,1.7165830358862877
modern,1,a_N100_V3+3D,1.7138749826699495
modern,1,a_N100_V3+3D,1.696416991762817
modern,1,a_N100_V3+3D,1.7512500053271651
modern,1,a_N100_V3+3D,1.8125410424545407
modern,1,a_N100_V3+3D,1.706958981230855
modern,1,a_N100_V3+3D,1.6879999311640859
modern,1,a_N100_V3+3D,1.7223329050466418
modern,1,a_N100_V3+3D,1.687415991909802
modern,1,a_N100_V3+3D,1.6800420125946403
modern,1,a_N100_V3+3D,1.6802499303594232
modern,1,a_N100_V3+3D,1.6713340301066637
modern,1,a_N100_V3+3D,1.6703750006854534
modern,1,a_N100_V3+3D,1.6548329731449485
modern,1,a_N100_V3+3D,1.7268749652430415
modern,1,a_N100_V3+3D,1.661999966017902
modern,1,a_N100_V3+3D,1.6706670867279172
modern,1,a_N100_V3+3D,1.6650420147925615
modern,1,a_N100_V3+3D,1.6605829587206244
modern,1,a_N100_V3+3D,1.6765000764280558
modern,1,a_N100_V3+3D,1.694333041086793
modern,1,a_N100_V3+3D,1.8527080537751317
modern,1,a_N100_V3+3D,1.7004999099299312
modern,1,a_N100_V3+3D,1.6645420109853148
modern,1,a_N100_V3+3D,1.6599169466644526
modern,1,a_N100_V3+3D,1.656707958318293
modern,1,a_N100_V3+3D,1.6558329807594419
modern,1,a_N100_V3+3D,1.6605829587206244
modern,1,a_N100_V3+3D,1.6542499652132392
modern,1,a_N100_V3+3D,1.7042090184986591
modern,1,a_N100_V3+3D,1.6828749794512987
modern,1,a_N100_V3+3D,1.6583750257268548
modern,1,a_N100_V3+3D,1.654834020882845
modern,1,a_N100_V3+3D,1.6712500946596265
modern,1,a_N100_V3+3D,1.6463330248370767
modern,1,a_N100_V3+3D,1.6504160594195127
modern,1,a_N100_V3+3D,1.668499899096787
modern,1,a_N100_V3+3D,1.6479999758303165
modern,1,a_N100_V3+3D,1.6597089124843478
modern,1,a_N100_V3+3D,1.652624923735857
modern,1,a_N100_V3+3D,1.6533329617232084
modern,1,a_N100_V3+3D,1.6446249792352319
modern,1,a_N100_V3+3D,1.9280000124126673
modern,1,a_N100_V3+3D,1.6707920003682375
modern,1,a_N100_V3+3D,1.666167052462697
modern,1,a_N100_V3+3D,1.6640420071780682
modern,1,a_N100_V3+3D,1.6687919851392508
modern,1,a_N100_V3+3D,1.6667080344632268
modern,1,a_N100_V3+3D,1.6620830865576863
modern,1,a_N100_V3+3D,1.6684170113876462
modern,1,a_N100_V3+3D,1.6556669725105166
modern,1,a_N100_V3+3D,1.9336669938638806
modern,1,a_N100_V3+3D,1.2813750654459
modern,1,a_N100_V3+3D,1.2622919166460633
modern,1,a_N100_V3+3D,1.255208975635469
modern,1,a_N100_V3+3D,1.244375016540289
modern,1,a_N100_V3+3D,1.2359169777482748
modern,1,a_N100_V3+3D,1.7816670006141067
modern,1,a_N100_V3+3D,1.7842910019680858
modern,1,a_N100_V3+3D,1.7572090728208423
modern,1,a_N100_V3+3D,1.689958036877215
modern,1,a_N100_V3+3D,1.7224580515176058
modern,1,a_N100_V3+3D,1.6725840978324413
modern,1,a_N100_V3+3D,1.700083026662469
modern,1,a_N100_V3+3D,1.6885000513866544
modern,1,a_N100_V3+3D,1.6948339762166142
modern,1,a_N100_V3+3D,1.68058299459517
modern,1,a_N100_V3+3D,1.6921249916777015
modern,1,a_N100_V3+3D,1.67254195548594
modern,1,a_N100_V3+3D,1.6906249802559614
modern,1,a_N100_V3+3D,1.6708750044927
modern,1,a_N100_V3+3D,1.6727499896660447
modern,1,a_N100_V3+3D,1.6770829679444432
modern,1,a_N100_V3+3D,1.766707981005311
modern,1,a_N100_V3+3D,1.671832986176014
modern,1,a_N100_V3+3D,1.6640409594401717
modern,1,a_N100_V3+3D,1.6530000139027834
modern,1,a_N100_V3+3D,1.684917020611465
modern,1,a_N100_V3+3D,1.6682080458849669
modern,1,a_N100_V3+3D,1.6589160077273846
modern,1,a_N100_V3+3D,1.6993340104818344
modern,1,a_N100_V3+3D,1.6800001030787826
modern,1,a_N100_V3+3D,1.654291059821844
modern,1,a_N100_V3+3D,1.6545839607715607
modern,1,a_N100_V3+3D,1.6455419827252626
modern,1,a_N100_V3+3D,1.6902079805731773
modern,1,a_N100_V3+3D,1.6554170288145542
modern,1,a_N100_V3+3D,1.6772079980000854
modern,1,a_N100_V3+3D,1.6987499548122287
modern,1,a_N100_V3+3D,1.6339999856427312
modern,1,a_N100_V3+3D,1.6617500223219395
modern,1,a_N100_V3+3D,1.6659999964758754
modern,1,a_N100_V3+3D,1.6396250575780869
modern,1,a_N100_V3+3D,1.6764170723035932
modern,1,a_N100_V3+3D,1.6451250994578004
modern,1,a_N100_V3+3D,1.67720892932266
modern,1,a_N100_V3+3D,1.6783749451860785
modern,1,a_N100_V3+3D,1.6786250052973628
modern,1,a_N100_V3+3D,1.660624984651804
modern,1,a_N100_V3+3D,1.665416988544166
modern,1,a_N100_V3+3D,1.647832919843495
modern,1,a_N100_V3+3D,1.6339169815182686
modern,1,a_N100_V3+3D,1.7119169933721423
modern,1,a_N100_V3+3D,1.6499169869348407
modern,1,a_N100_V3+3D,1.665875082835555
modern,1,a_N100_V3+3D,1.6656250227242708
modern,1,a_N100_V3+3D,1.628750003874302
modern,1,a_N100_V3+3D,1.6539590433239937
modern,1,a_N100_V3+3D,1.673749997280538
modern,1,a_N100_V3+3D,1.6311670187860727
modern,1,a_N100_V3+3D,1.6853330889716744
modern,1,a_N100_V3+3D,2.1989160450175405
modern,1,a_N100_V3+3D,1.7318329773843288
modern,1,a_N100_V3+3D,1.7593749798834324
modern,1,a_N100_V3+3D,1.732375007122755
modern,1,a_N100_V3+3D,1.7227079952135682
modern,1,a_N100_V3+3D,1.689583994448185
modern,1,a_N100_V3+3D,1.7891250317916274
modern,1,a_N100_V3+3D,1.7736669396981597
modern,1,a_N100_V3+3D,1.7231249948963523
modern,1,a_N100_V3+3D,1.706958981230855
modern,1,a_N100_V3+3D,1.706999959424138
modern,1,a_N100_V3+3D,1.7038329970091581
modern,1,a_N100_V3+3D,1.6855420544743538
modern,1,a_N100_V3+3D,1.6778330318629742
modern,1,a_N100_V3+3D,1.681625028140843
modern,1,a_N100_V3+3D,1.6772500239312649
modern,1,a_N100_V3+3D,1.67375011369586
modern,1,a_N100_V3+3D,1.6784999752417207
modern,1,a_N100_V3+3D,1.6852080589160323
modern,1,a_N100_V3+3D,1.6854170244187117
modern,1,a_N100_V3+3D,1.683417009189725
modern,1,a_N100_V3+3D,1.6768749337643385
modern,1,a_N100_V3+3D,1.688541960902512
modern,1,a_N100_V3+3D,1.7143329605460167
modern,1,a_N100_V3+3D,1.6641250113025308
modern,1,a_N100_V3+3D,1.6550420550629497
modern,1,a_N100_V3+3D,1.9409159431234002
modern,1,a_N100_V3+3D,1.6644590068608522
modern,1,a_N100_V3+3D,1.6574590699747205
modern,1,a_N100_V3+3D,1.732083037495613
modern,1,a_N100_V3+3D,1.6820840537548065
modern,1,a_N100_V3+3D,1.664375071413815
modern,1,a_N100_V3+3D,1.6666660085320473
modern,1,a_N100_V3+3D,1.6734999371692538
modern,1,a_N100_V3+3D,1.6660839319229126
modern,1,a_N100_V3+3D,1.661375048570335
modern,1,a_N100_V3+3D,1.6680000117048621
modern,1,a_N100_V3+3D,1.7246250063180923
modern,1,a_N100_V3+3D,1.6853329725563526
modern,1,a_N100_V3+3D,1.6609589802101254
modern,1,a_N100_V3+3D,1.6638749511912465
modern,1,a_N100_V3+3D,1.673665945418179
modern,1,a_N100_V3+3D,1.6627920558676124
modern,1,a_N100_V3+3D,2.0194590324535966
modern,1,a_N100_V3+3D,1.8004160374403
modern,1,a_N100_V3+3D,1.752207987010479
modern,1,a_N100_V3+3D,1.7410420114174485
modern,1,a_N100_V3+3D,1.7149170162156224
modern,1,a_N100_V3+3D,1.7093750648200512
modern,1,a_N100_V3+3D,1.6879169270396233
modern,1,a_N100_V3+3D,1.6989581054076552
modern,1,a_N100_V3+3D,1.7182090086862445
modern,1,a_N100_V3+3D,1.6991249285638332
modern,1,a_N100_V3+3D,1.6811250243335962
modern,1,a_N100_V3+3D,1.677958993241191
modern,1,a_N100_V3+3D,1.6690839547663927
modern,1,a_N100_V3+3D,1.661833026446402
modern,1,a_N100_V3+3D,1.664999988861382
modern,1,a_N100_V3+3D,1.6622500261291862
modern,1,a_N100_V3+3D,1.7260829918086529
modern,1,a_N100_V3+3D,1.6793750692158937
modern,1,a_N100_V3+3D,1.688667107373476
modern,1,a_N100_V3+3D,1.6741660656407475
modern,1,a_N100_V3+3D,1.674333936534822
modern,1,a_N100_V3+3D,1.6976249171420932
modern,1,a_N100_V3+3D,1.676167012192309
modern,1,a_N100_V3+3D,1.7939999233931303
modern,1,a_N100_V3+3D,1.7628750065341592
modern,1,a_N100_V3+3D,1.7074169591069221
modern,1,a_N100_V3+3D,1.7105001024901867
modern,1,a_N100_V3+3D,1.69179099611938
modern,1,a_N100_V3+3D,1.6857919981703162
modern,1,a_N100_V3+3D,1.6992909368127584
modern,1,a_N100_V3+3D,1.6799999866634607
modern,1,a_N100_V3+3D,1.6697919927537441
modern,1,a_N100_V3+3D,1.6799169825389981
modern,1,a_N100_V3+3D,1.6797080170363188
modern,1,a_N100_V3+3D,1.664250041358173
modern,1,a_N100_V3+3D,1.6572499880567193
modern,1,a_N100_V3+3D,1.6571669839322567
modern,1,a_N100_V3+3D,1.6507500549778342
modern,1,a_N100_V3+3D,1.661083078943193
modern,1,a_N100_V3+3D,1.6628330340608954
modern,1,a_N100_V3+3D,1.6643339768052101
modern,1,a_N100_V3+3D,1.713500008918345
modern,1,a_N100_V3+3D,1.6635830979794264
modern,1,a_N100_V3+3D,1.6904999502003193
modern,1,a_N100_V3+3D,1.6614579362794757
modern,1,a_N100_V3+3D,1.6663329442963004
modern,1,a_N100_V3+3D,1.6888329992070794
modern,1,a_N100_V3+3D,1.6521250363439322
modern,1,a_N100_V3+3D,1.6572920139878988
modern,1,a_N100_V3+3D,1.6583750257268548
modern,1,a_N100_V3+3D,1.6496250173076987
modern,1,a_N100_V3+3D,1.6515000024810433
modern,1,a_N100_V3+3D,1.665084040723741
modern,1,a_N100_V3+3D,1.665332936681807
modern,1,a_N100_V3+3D,1.6502500511705875
modern,1,a_N100_V3+3D,1.689624972641468
modern,1,a_N100_V3+3D,1.6532919835299253
modern,1,a_N100_V3+3D,1.652791048400104
modern,1,a_N100_V3+3D,1.6572499880567193
modern,1,a_N100_V3+3D,1.6542079392820597
modern,1,a_N100_V3+3D,1.6563329845666885
modern,1,a_N100_V3+3D,1.6457500169053674
modern,1,a_N100_V3+3D,1.6477500321343541
modern,1,a_N100_V3+3D,1.640500035136938
modern,1,a_N100_V3+3D,1.6522090882062912
modern,1,a_N100_V3+3D,1.6445419751107693
modern,1,a_N100_V3+3D,1.6482080100104213
modern,1,a_N100_V3+3D,1.6365000046789646
modern,1,a_N100_V3+3D,1.6449170652776957
modern,1,a_N100_V3+3D,1.6805831110104918
modern,1,a_N100_V3+3D,1.648208941332996
modern,1,a_N100_V3+3D,1.6437089070677757
modern,1,a_N100_V3+3D,1.6502500511705875
modern,1,a_N100_V3+3D,1.6456249868497252
modern,1,a_N100_V3+3D,1.6362499445676804
modern,1,a_N100_V3+3D,1.6380420420318842
modern,1,a_N100_V3+3D,1.706290990114212
modern,1,a_N100_V3+3D,1.64395896717906
modern,1,a_N100_V3+3D,1.6618749359622598
modern,1,a_N100_V3+3D,1.6431249678134918
modern,1,a_N100_V3+3D,1.6451249830424786
modern,1,a_N100_V3+3D,1.648375065997243
modern,1,a_N100_V3+3D,1.6892501153051853
modern,1,a_N100_V3+3D,1.8204159568995237
modern,1,a_N100_V3+3D,1.8192080315202475
modern,1,a_N100_V3+3D,1.746125053614378
modern,1,a_N100_V3+3D,1.7712080152705312
modern,1,a_N100_V3+3D,1.7373330192640424
modern,1,a_N100_V3+3D,1.7232500249519944
modern,1,a_N100_V3+3D,1.7796660540625453
modern,1,a_N100_V3+3D,1.7365410458296537
modern,1,a_N100_V3+3D,1.7078339587897062
modern,1,a_N100_V3+3D,1.692833029665053
modern,1,a_N100_V3+3D,1.713083009235561
modern,1,a_N100_V3+3D,1.6662919661030173
modern,1,a_N100_V3+3D,1.7690409440547228
modern,1,a_N100_V3+3D,1.7055829521268606
modern,1,a_N100_V3+3D,1.7099169781431556
modern,1,a_N100_V3+3D,1.6632500337436795
modern,1,a_N100_V3+3D,1.6922920476645231
modern,1,a_N100_V3+3D,1.74791703466326
modern,1,a_N100_V3+3D,1.7030410235747695
modern,1,a_N100_V3+3D,1.7032499890774488
modern,1,a_N100_V3+3D,1.6674160724505782
modern,1,a_N100_V3+3D,1.6649160534143448
modern,1,a_N100_V3+3D,1.6681250417605042
modern,1,a_N100_V3+3D,1.6664589056745172
modern,1,a_N100_V3+3D,1.7235000850632787
modern,1,a_N100_V3+3D,1.6523330705240369
modern,1,a_N100_V3+3D,1.6744169406592846
modern,1,a_N100_V3+3D,1.6604999545961618
modern,1,a_N100_V3+3D,1.6597500070929527
modern,1,a_N100_V3+3D,1.677958993241191
modern,1,a_N100_V3+3D,1.649457961320877
modern,1,a_N100_V3+3D,1.6977499471977353
modern,1,a_N100_V3+3D,1.668957993388176
modern,1,a_N100_V3+3D,1.6465840162709355
modern,1,a_N100_V3+3D,1.647208002395928
modern,1,a_N100_V3+3D,1.6667090822011232
modern,1,a_N100_V3+3D,1.6656250227242708
modern,1,a_N100_V3+3D,1.6332080122083426
modern,1,a_N100_V3+3D,2.040749997831881
modern,1,a_N100_V3+3D,1.6410000389441848
modern,1,a_N100_V3+3D,1.6415829304605722
modern,1,a_N100_V3+3D,1.6734999371692538
modern,1,a_N100_V3+3D,1.679374952800572
modern,1,a_N100_V3+3D,1.6504579689353704
modern,1,a_N100_V3+3D,1.661999966017902
modern,1,a_N100_V3+3D,1.6921659698709846
modern,1,a_N100_V3+3D,1.6642090631648898
modern,1,a_N100_V3+3D,1.6799999866634607
modern,1,a_N100_V3+3D,1.6571249580010772
modern,1,a_N100_V3+3D,2.1317920181900263
modern,1,a_N100_V3+3D,1.7593340016901493
modern,1,a_N100_V3+3D,1.6995000187307596
modern,1,a_N100_V3+3D,1.6587079735472798
modern,1,a_N100_V3+3D,1.6419999301433563
modern,1,a_N100_V3+3D,1.7052909824997187
modern,1,a_N100_V3+3D,1.6749579226598144
modern,1,a_N100_V3+3D,1.6574999317526817
modern,1,a_N100_V3+3D,1.6890409169718623
modern,1,a_N100_V3+3D,1.6727920155972242
modern,1,a_N100_V3+3D,1.6427920199930668
modern,1,a_N100_V3+3D,1.76679203286767
modern,1,a_N100_V3+3D,1.7237080028280616
modern,1,a_N100_V3+3D,1.7029589507728815
modern,1,a_N100_V3+3D,1.6874580178409815
modern,1,a_N100_V3+3D,1.6842499608173966
modern,1,a_N100_V3+3D,1.6821250319480896
modern,1,a_N100_V3+3D,1.6689159674569964
modern,1,a_N100_V3+3D,1.67254195548594
modern,1,a_N100_V3+3D,1.6644999850541353
modern,1,a_N100_V3+3D,1.6708329785615206
modern,1,a_N100_V3+3D,1.658833003602922
modern,1,a_N100_V3+3D,1.673125079832971
modern,1,a_N100_V3+3D,1.6639999812468886
modern,1,a_N100_V3+3D,1.6685000155121088
modern,1,a_N100_V3+3D,1.6562090022489429
modern,1,a_N100_V3+3D,1.653833081945777
modern,1,a_N100_V3+3D,1.6802499303594232
modern,1,a_N100_V3+3D,1.7004580004140735
modern,1,a_N100_V3+3D,1.6625840216875076
modern,1,a_N100_V3+3D,1.6513749724254012
modern,1,a_N100_V3+3D,1.6514590242877603
modern,1,a_N100_V3+3D,1.6445409273728728
modern,1,a_N100_V3+3D,1.6407499788329005
modern,1,a_N100_V3+3D,1.6477500321343541
modern,1,a_N100_V3+3D,1.6771249938756227
modern,1,a_N100_V3+3D,1.6380830202251673
modern,1,a_N100_V3+3D,2.1868750918656588
modern,1,a_N100_V3+3D,2.158333081752062
modern,1,a_N100_V3+3D,1.8539580050855875
modern,1,a_N100_V3+3D,1.6753339441493154
modern,1,a_N100_V3+3D,1.6695000231266022
modern,1,a_N100_V3+3D,1.9375000847503543
modern,1,a_N100_V3+3D,1.6822919715195894
modern,1,a_N100_V3+3D,1.6709580086171627
modern,1,a_N100_V3+3D,1.6459999606013298
modern,1,a_N100_V3+3D,1.6588750295341015
modern,1,a_N100_V3+3D,1.6365409828722477
modern,1,a_N100_V3+3D,1.6384159680455923
modern,1,a_N100_V3+3D,1.9421670585870743
modern,1,a_N100_V3+3D,1.2723749969154596
modern,1,a_N100_V3+3D,1.6993340104818344
modern,1,a_N100_V3+3D,2.3806249955669045
modern,1,a_N100_V3+3D,1.7620830330997705
modern,1,a_N100_V3+3D,1.4321670169010758
modern,1,a_N100_V3+3D,1.3257089303806424
modern,1,a_N100_V3+3D,1.6054160660132766
modern,1,a_N100_V3+3D,1.3777499552816153
modern,1,a_N100_V3+3D,1.3662920100614429
modern,1,a_N100_V3+3D,1.2965829810127616
modern,1,a_N100_V3+3D,1.2811250053346157
modern,1,a_N100_V3+3D,1.2857919791713357
modern,1,a_N100_V3+3D,1.2906669871881604
modern,1,a_N100_V3+3D,1.254832954145968
modern,1,a_N100_V3+3D,1.245875027962029
modern,1,a_N100_V3+3D,1.280208001844585
modern,1,a_N100_V3+3D,1.247375039383769
modern,1,a_N100_V3+3D,1.2351670302450657
modern,1,a_N100_V3+3D,1.2492910027503967
modern,1,a_N100_V3+3D,1.2266670819371939
modern,1,a_N100_V3+3D,1.2242089724168181
modern,1,a_N100_V3+3D,1.779999933205545
modern,1,a_N100_V3+3D,1.7512919148430228
modern,1,a_N100_V3+3D,1.7200419679284096
modern,1,a_N100_V3+3D,1.6946670366451144
modern,1,a_N100_V3+3D,1.693999976851046
modern,1,a_N100_V3+3D,1.6850000247359276
modern,1,a_N100_V3+3D,1.7172920051962137
modern,1,a_N100_V3+3D,1.689624972641468
modern,1,a_N100_V3+3D,1.6859170282259583
modern,1,a_N100_V3+3D,1.7027079593390226
modern,1,a_N100_V3+3D,1.6702499706298113
modern,1,a_N100_V3+3D,1.6674589132890105
modern,1,a_N100_V3+3D,1.6637078952044249
modern,1,a_N100_V3+3D,1.6597919166088104
modern,1,a_N100_V3+3D,1.968042110092938
modern,1,a_N100_V3+3D,1.6659999964758754
modern,1,a_N100_V3+3D,1.6633750637993217
modern,1,a_N100_V3+3D,1.7142919823527336
modern,1,a_N100_V3+3D,1.6611249884590507
modern,1,a_N100_V3+3D,1.651583006605506
modern,1,a_N100_V3+3D,1.649125013500452
modern,1,a_N100_V3+3D,1.6453330172225833
modern,1,a_N100_V3+3D,1.6638750676065683
modern,1,a_N100_V3+3D,1.6515000024810433
modern,1,a_N100_V3+3D,1.6754580428823829
modern,1,a_N100_V3+3D,1.7022080719470978
modern,1,a_N100_V3+3D,1.6742919106036425
modern,1,a_N100_V3+3D,1.6457499004900455
modern,1,a_N100_V3+3D,1.6404578927904367
modern,1,a_N100_V3+3D,1.6431669937446713
modern,1,a_N100_V3+3D,1.6425419598817825
modern,1,a_N100_V3+3D,1.6774999676272273
modern,1,a_N100_V3+3D,1.64079200476408
modern,1,a_N100_V3+3D,1.6459169564768672
modern,1,a_N100_V3+3D,1.6478749457746744
modern,1,a_N100_V3+3D,1.6751670045778155
modern,1,a_N100_V3+3D,1.6542919911444187
modern,1,a_N100_V3+3D,1.6489169793203473
modern,1,a_N100_V3+3D,1.6500420169904828
modern,1,a_N100_V3+3D,1.6416660510003567
modern,1,a_N100_V3+3D,1.638874993659556
modern,1,a_N100_V3+3D,1.6519589116796851
modern,1,a_N100_V3+3D,1.6325420001521707
modern,1,a_N100_V3+3D,1.6463749343529344
modern,1,a_N100_V3+3D,1.6458339523524046
modern,1,a_N100_V3+3D,1.665291958488524
modern,1,a_N100_V3+3D,1.65704102255404
modern,1,a_N100_V3+3D,1.662332913838327
modern,1,a_N100_V3+3D,1.645082957111299
modern,1,a_N100_V3+3D,1.7374579329043627
modern,1,a_N100_V3+3D,1.6503749648109078
modern,1,a_N100_V3+3D,1.6394580015912652
modern,1,a_N100_V3+3D,1.6327080084010959
modern,1,a_N100_V3+3D,1.6304160235449672
modern,1,a_N100_V3+3D,2.349583082832396
modern,1,a_N100_V3+3D,1.3915830058977008
modern,1,a_N100_V3+3D,1.300874981097877
modern,1,a_N100_V3+3D,1.29408307839185
modern,1,a_N100_V3+3D,1.2747079599648714
modern,1,a_N100_V3+3D,1.3227090239524841
modern,1,a_N100_V3+3D,1.8163749482482672
modern,1,a_N100_V3+3D,1.7797499895095825
modern,1,a_N100_V3+3D,1.707417075522244
modern,1,a_N100_V3+3D,1.7332909628748894
modern,1,a_N100_V3+3D,1.7360830679535866
modern,1,a_N100_V3+3D,1.7177920090034604
modern,1,a_N100_V3+3D,1.7292500706389546
modern,1,a_N100_V3+3D,1.7131669446825981
modern,1,a_N100_V3+3D,1.7176249530166388
modern,1,a_N100_V3+3D,1.7136659007519484
modern,1,a_N100_V3+3D,1.7353750299662352
modern,1,a_N100_V3+3D,1.6694579971954226
modern,1,a_N100_V3+3D,1.6525830142199993
modern,1,a_N100_V3+3D,1.6833749832585454
modern,1,a_N100_V3+3D,1.6883750213310122
modern,1,a_N100_V3+3D,1.6849159728735685
modern,1,a_N100_V3+3D,1.7079169629141688
modern,1,a_N100_V3+3D,1.7378750490024686
modern,1,a_N100_V3+3D,1.6853749984875321
modern,1,a_N100_V3+3D,1.708541065454483
modern,1,a_N100_V3+3D,1.68020895216614
modern,1,a_N100_V3+3D,1.6843749908730388
modern,1,a_N100_V3+3D,1.6939579509198666
modern,1,a_N100_V3+3D,1.6788339708000422
modern,1,a_N100_V3+3D,1.6758330166339874
modern,1,a_N100_V3+3D,1.7286669462919235
modern,1,a_N100_V3+3D,1.6807500505819917
modern,1,a_N100_V3+3D,1.701208995655179
modern,1,a_N100_V3+3D,1.7072920454666018
modern,1,a_N100_V3+3D,1.6749580390751362
modern,1,a_N100_V3+3D,1.6781659796833992
modern,1,a_N100_V3+3D,1.7325000371783972
modern,1,a_N100_V3+3D,1.70195905957371
modern,1,a_N100_V3+3D,1.6793330432847142
modern,1,a_N100_V3+3D,1.7042499966919422
modern,1,a_N100_V3+3D,1.6898750327527523
modern,1,a_N100_V3+3D,1.6775000840425491
modern,1,a_N100_V3+3D,1.68058299459517
modern,1,a_N100_V3+3D,1.693541998974979
modern,1,a_N100_V3+3D,1.6764579340815544
modern,1,a_N100_V3+3D,1.7067500157281756
modern,1,a_N100_V3+3D,1.6482500359416008
modern,1,a_N100_V3+3D,1.6898749163374305
modern,1,a_N100_V3+3D,1.7039580270648003
modern,1,a_N100_V3+3D,1.6972089651972055
modern,1,a_N100_V3+3D,1.7043330008164048
modern,1,a_N100_V3+3D,1.6532500740140676
modern,1,a_N100_V3+3D,1.690459088422358
modern,1,a_N100_V3+3D,1.6926659736782312
modern,1,a_N100_V3+3D,1.70700007583946
modern,1,a_N100_V3+3D,1.6863750061020255
modern,1,a_N100_V3+3D,1.6823750920593739
modern,1,a_N100_V3+3D,1.6765830805525184
modern,1,a_N100_V3+3D,1.6861249459907413
modern,1,a_N100_V3+3D,1.6879579052329063
modern,1,a_N100_V3+3D,1.6933329170569777
modern,1,a_N100_V3+3D,1.6542499652132392
modern,1,a_N100_V3+3D,1.6789579531177878
modern,1,a_N100_V3+3D,1.9620000384747982
modern,1,a_N100_V3+3D,1.7151670763269067
modern,1,a_N100_V3+3D,1.7966669984161854
modern,1,a_N100_V3+3D,1.7655830597504973
modern,1,a_N100_V3+3D,1.732375007122755
modern,1,a_N100_V3+3D,1.7181670991703868
modern,1,a_N100_V3+3D,1.7116250237450004
modern,1,a_N100_V3+3D,1.7032920150086284
modern,1,a_N100_V3+3D,1.6883329953998327
modern,1,a_N100_V3+3D,1.686624949797988
modern,1,a_N100_V3+3D,1.679791952483356
modern,1,a_N100_V3+3D,1.6861249459907413
modern,1,a_N100_V3+3D,1.7037499928846955
modern,1,a_N100_V3+3D,1.952333957888186
modern,1,a_N100_V3+3D,1.2939999578520656
modern,1,a_N100_V3+3D,1.2542919721454382
modern,1,a_N100_V3+3D,1.5583750791847706
modern,1,a_N100_V3+3D,1.3598750811070204
modern,1,a_N100_V3+3D,1.3215000508353114
modern,1,a_N100_V3+3D,1.3039170298725367
modern,1,a_N100_V3+3D,1.3545420952141285
modern,1,a_N100_V3+3D,1.296208007261157
modern,1,a_N100_V3+3D,1.283791963942349
modern,1,a_N100_V3+3D,1.2860419228672981
modern,1,a_N100_V3+3D,1.295166090130806
modern,1,a_N100_V3+3D,1.2706669513136148
modern,1,a_N100_V3+3D,1.2681669322773814
modern,1,a_N100_V3+3D,1.276249997317791
modern,1,a_N100_V3+3D,1.3128749560564756
modern,1,a_N100_V3+3D,1.2704170076176524
modern,1,a_N100_V3+3D,1.2685420224443078
modern,1,a_N100_V3+3D,1.253416994586587
modern,1,a_N100_V3+3D,1.271874993108213
modern,1,a_N100_V3+3D,1.2710420414805412
modern,1,a_N100_V3+3D,1.2935420963913202
modern,1,a_N100_V3+3D,1.2540420284494758
modern,1,a_N100_V3+3D,1.2577499728649855
modern,1,a_N100_V3+3D,1.26129190903157
modern,1,a_N100_V3+3D,1.2532910332083702
modern,1,a_N100_V3+3D,1.2564579956233501
modern,1,a_N100_V3+3D,1.2877079425379634
modern,1,a_N100_V3+3D,1.2577499728649855
modern,1,a_N100_V3+3D,1.2451659422367811
modern,1,a_N100_V3+3D,1.2440000427886844
modern,1,a_N100_V3+3D,1.2510420056059957
modern,1,a_N100_V3+3D,1.2703329557552934
modern,1,a_N100_V3+3D,1.2451669899746776
modern,1,a_N100_V3+3D,1.2471670052036643
modern,1,a_N100_V3+3D,1.2676659971475601
modern,1,a_N100_V3+3D,1.2469170615077019
modern,1,a_N100_V3+3D,1.239792094565928
modern,1,a_N100_V3+3D,1.2530829990282655
modern,1,a_N100_V3+3D,1.23570894356817
modern,1,a_N100_V3+3D,1.2459169374778867
modern,1,a_N100_V3+3D,1.5802079578861594
modern,1,a_N100_V3+3D,1.2353339698165655
modern,1,a_N100_V3+3D,1.2406669557094574
modern,1,a_N100_V3+3D,1.2489169603213668
modern,1,a_N100_V3+3D,1.30341702606529
modern,1,a_N100_V3+3D,1.2329999590292573
modern,1,a_N100_V3+3D,1.2435410171747208
modern,1,a_N100_V3+3D,1.2364160502329469
modern,1,a_N100_V3+3D,1.7845419934019446
modern,1,a_N100_V3+3D,1.749749993905425
modern,1,a_N100_V3+3D,1.6922500217333436
modern,1,a_N100_V3+3D,1.7114580841735005
modern,1,a_N100_V3+3D,1.6923339571803808
modern,1,a_N100_V3+3D,1.6800420125946403
modern,1,a_N100_V3+3D,1.6904579242691398
modern,1,a_N100_V3+3D,1.6825839411467314
modern,1,a_N100_V3+3D,1.6804999904707074
modern,1,a_N100_V3+3D,1.6641670372337103
modern,1,a_N100_V3+3D,1.6632919432595372
modern,1,a_N100_V3+3D,1.6572079621255398
modern,1,a_N100_V3+3D,1.6531250439584255
modern,1,a_N100_V3+3D,1.665291958488524
modern,1,a_N100_V3+3D,1.6500829951837659
modern,1,a_N100_V3+3D,1.6534170135855675
modern,1,a_N100_V3+3D,1.7138340044766665
modern,1,a_N100_V3+3D,1.6664160648360848
modern,1,a_N100_V3+3D,1.6576669877395034
modern,1,a_N100_V3+3D,1.656249980442226
modern,1,a_N100_V3+3D,1.6463749343529344
modern,1,a_N100_V3+3D,1.6492089489474893
modern,1,a_N100_V3+3D,1.6558750066906214
modern,1,a_N100_V3+3D,1.6525000100955367
modern,1,a_N100_V3+3D,2.052791998721659
modern,1,a_N100_V3+3D,1.656334032304585
modern,1,a_N100_V3+3D,1.6890409169718623
modern,1,a_N100_V3+3D,2.169374958612025
modern,1,a_N100_V3+3D,2.0518340170383453
modern,1,a_N100_V3+3D,1.782290986739099
modern,1,a_N100_V3+3D,1.7162919975817204
modern,1,a_N100_V3+3D,1.7500000540167093
modern,1,a_N100_V3+3D,1.7030000453814864
modern,1,a_N100_V3+3D,1.6886669909581542
modern,1,a_N100_V3+3D,1.6706249443814158
modern,1,a_N100_V3+3D,1.6820828896015882
modern,1,a_N100_V3+3D,1.7048339359462261
modern,1,a_N100_V3+3D,1.698249951004982
modern,1,a_N100_V3+3D,1.6834581037983298
modern,1,a_N100_V3+3D,1.667083939537406
modern,1,a_N100_V3+3D,1.6618339577689767
modern,1,a_N100_V3+3D,1.6787080094218254
modern,1,a_N100_V3+3D,1.679459004662931
modern,1,a_N100_V3+3D,1.7115840455517173
modern,1,a_N100_V3+3D,1.6587079735472798
modern,1,a_N100_V3+3D,1.6920840134844184
modern,1,a_N100_V3+3D,1.6654590144753456
modern,1,a_N100_V3+3D,1.6555000329390168
modern,1,a_N100_V3+3D,1.6594999469816685
modern,1,a_N100_V3+3D,1.656874897889793
modern,1,a_N100_V3+3D,1.6654160572215915
modern,1,a_N100_V3+3D,1.6542919911444187
modern,1,a_N100_V3+3D,1.6482919454574585
modern,1,a_N100_V3+3D,1.669833087362349
modern,1,a_N100_V3+3D,1.660624984651804
modern,1,a_N100_V3+3D,1.663916977122426
modern,1,a_N100_V3+3D,1.6992080491036177
modern,1,a_N100_V3+3D,1.6820840537548065
modern,1,a_N100_V3+3D,1.6987499548122287
modern,1,a_N100_V3+3D,1.6687080496922135
modern,1,a_N100_V3+3D,1.7937079537659883
modern,1,a_N100_V3+3D,1.7571249045431614
modern,1,a_N100_V3+3D,1.7573749646544456
modern,1,a_N100_V3+3D,1.7239589942619205
modern,1,a_N100_V3+3D,1.7165829194709659
modern,1,a_N100_V3+3D,1.722541986964643
modern,1,a_N100_V3+3D,1.7175839748233557
modern,1,a_N100_V3+3D,1.7157919937744737
modern,1,a_N100_V3+3D,1.7105829901993275
modern,1,a_N100_V3+3D,1.725416979752481
modern,1,a_N100_V3+3D,1.6884590731933713
modern,1,a_N100_V3+3D,1.7084580613300204
modern,1,a_N100_V3+3D,1.6806250205263495
modern,1,a_N100_V3+3D,1.6902090283110738
modern,1,a_N100_V3+3D,1.7080000834539533
modern,1,a_N100_V3+3D,1.6980000073090196
modern,1,a_N100_V3+3D,1.6846669605001807
modern,1,a_N100_V3+3D,1.8412919016554952
modern,1,a_N100_V3+3D,1.6951250145211816
modern,1,a_N100_V3+3D,1.6854999121278524
modern,1,a_N100_V3+3D,1.686417032033205
modern,1,a_N100_V3+3D,1.6934999730437994
modern,1,a_N100_V3+3D,1.712833996862173
modern,1,a_N100_V3+3D,2.0698750158771873
modern,1,a_N100_V3+3D,1.814541989006102
modern,1,a_N100_V3+3D,1.7577920807525516
modern,1,a_N100_V3+3D,1.8494579708203673
modern,1,a_N100_V3+3D,1.7562080174684525
modern,1,a_N100_V3+3D,1.7351669957861304
modern,1,a_N100_V3+3D,1.7429169965907931
modern,1,a_N100_V3+3D,1.7474169144406915
modern,1,a_N100_V3+3D,2.033041906543076
modern,1,a_N100_V3+3D,1.7376249888911843
modern,1,a_N100_V3+3D,1.7430420266464353
modern,1,a_N100_V3+3D,1.711374963633716
modern,1,a_N100_V3+3D,1.7287079244852066
modern,1,a_N100_V3+3D,1.727208960801363
modern,1,a_N100_V3+3D,1.708333962596953
modern,1,a_N100_V3+3D,1.7099999822676182
modern,1,a_N100_V3+3D,1.8100000452250242
modern,1,a_N100_V3+3D,1.6849590465426445
modern,1,a_N100_V3+3D,1.7027920112013817
modern,1,a_N100_V3+3D,1.7199580324813724
modern,1,a_N100_V3+3D,1.6973339952528477
modern,1,a_N100_V3+3D,1.6974580939859152
modern,1,a_N100_V3+3D,1.6986249247565866
modern,1,a_N100_V3+3D,1.6951669240370393
modern,1,a_N100_V3+3D,1.6954169841483235
modern,1,a_N100_V3+3D,1.716500031761825
modern,1,a_N100_V3+3D,1.7099999822676182
modern,1,a_N100_V3+3D,1.7160000279545784
modern,1,a_N100_V3+3D,1.6914589796215296
modern,1,a_N100_V3+3D,1.6993749886751175
modern,1,a_N100_V3+3D,1.6966250259429216
modern,1,a_N100_V3+3D,1.7119169933721423
modern,1,a_N100_V3+3D,1.7030000453814864
modern,1,a_N100_V3+3D,1.7252920661121607
modern,1,a_N100_V3+3D,1.7305000219494104
modern,1,a_N100_V3+3D,1.7095840303227305
modern,1,a_N100_V3+3D,1.6840000171214342
modern,1,a_N100_V3+3D,1.7994160298258066
modern,1,a_N100_V3+3D,1.7510420875623822
modern,1,a_N100_V3+3D,1.7200000584125519
modern,1,a_N100_V3+3D,1.7039580270648003
modern,1,a_N100_V3+3D,1.6882080817595124
modern,1,a_N100_V3+3D,1.677999971434474
modern,1,a_N100_V3+3D,1.6871669795364141
modern,1,a_N100_V3+3D,1.6761249862611294
modern,1,a_N100_V3+3D,1.6709589399397373
modern,1,a_N100_V3+3D,1.676624990068376
modern,1,a_N100_V3+3D,1.6658329404890537
modern,1,a_N100_V3+3D,1.6579170478507876
modern,1,a_N100_V3+3D,1.6653749626129866
modern,1,a_N100_V3+3D,1.6527080442756414
modern,1,a_N100_V3+3D,1.6477920580655336
modern,1,a_N100_V3+3D,1.656375010497868
modern,1,a_N100_V3+3D,1.6735420795157552
modern,1,a_N100_V3+3D,1.6949169803410769
modern,1,a_N100_V3+3D,1.653833081945777
modern,1,a_N100_V3+3D,1.6565830446779728
modern,1,a_N100_V3+3D,1.6666669398546219
modern,1,a_N100_V3+3D,1.6597500070929527
modern,1,a_N100_V3+3D,1.6528329579159617
modern,1,a_N100_V3+3D,1.6533340094611049
modern,1,a_N100_V3+3D,1.6495840391144156
modern,1,a_N100_V3+3D,1.6614159103482962
modern,1,a_N100_V3+3D,1.6598340589553118
modern,1,a_N100_V3+3D,1.6792500391602516
modern,1,a_N100_V3+3D,1.6528749838471413
modern,1,a_N100_V3+3D,1.6458340687677264
modern,1,a_N100_V3+3D,1.6350409714505076
modern,1,a_N100_V3+3D,1.640083035454154
modern,1,a_N100_V3+3D,1.70700007583946
modern,1,a_N100_V3+3D,1.6515000024810433
modern,1,a_N100_V3+3D,1.6440830659121275
modern,1,a_N100_V3+3D,1.6456249868497252
modern,1,a_N100_V3+3D,1.6649160534143448
modern,1,a_N100_V3+3D,1.6405829228460789
modern,1,a_N100_V3+3D,1.9745839526876807
modern,1,a_N100_V3+3D,1.2635840103030205
modern,1,a_N100_V3+3D,1.2422909494489431
modern,1,a_N100_V3+3D,1.225625048391521
modern,1,a_N100_V3+3D,1.2293750187382102
modern,1,a_N100_V3+3D,1.2284170370548964
modern,1,a_N100_V3+3D,1.2138750171288848
modern,1,a_N100_V3+3D,1.233499962836504
modern,1,a_N100_V3+3D,1.220916979946196
modern,1,a_N100_V3+3D,1.2435830431059003
modern,1,a_N100_V3+3D,1.233541057445109
modern,1,a_N100_V3+3D,1.208250061608851
modern,1,a_N100_V3+3D,1.2187089305371046
modern,1,a_N100_V3+3D,1.2128750095143914
modern,1,a_N100_V3+3D,1.212207949720323
modern,1,a_N100_V3+3D,1.208959030918777
modern,1,a_N100_V3+3D,1.216875039972365
modern,1,a_N100_V3+3D,1.2254579924046993
modern,1,a_N100_V3+3D,1.2372499331831932
modern,1,a_N100_V3+3D,1.2522919569164515
modern,1,a_N100_V3+3D,1.223042025230825
modern,1,a_N100_V3+3D,1.2131250696256757
modern,1,b_N100_V4,2.4681249633431435
modern,1,b_N100_V4,2.310957992449403
modern,1,b_N100_V4,2.245166921056807
modern,1,b_N100_V4,2.2014169953763485
modern,1,b_N100_V4,2.2579169599339366
modern,1,b_N100_V4,2.2159169893711805
modern,1,b_N100_V4,2.185707911849022
modern,1,b_N100_V4,2.164916950277984
modern,1,b_N100_V4,2.176875015720725
modern,1,b_N100_V4,2.222082926891744
modern,1,b_N100_V4,2.1631669951602817
modern,1,b_N100_V4,2.159791998565197
modern,1,b_N100_V4,2.1672090515494347
modern,1,b_N100_V4,2.1733749890699983
modern,1,b_N100_V4,2.1745420526713133
modern,1,b_N100_V4,2.2029579849913716
modern,1,b_N100_V4,2.1699160570278764
modern,1,b_N100_V4,2.1671669092029333
modern,1,b_N100_V4,2.1513330284506083
modern,1,b_N100_V4,2.1484579192474484
modern,1,b_N100_V4,2.1445000311359763
modern,1,b_N100_V4,2.18487496022135
modern,1,b_N100_V4,2.142332959920168
modern,1,b_N100_V4,2.1492919186130166
modern,1,b_N100_V4,2.1430839551612735
modern,1,b_N100_V4,2.176417037844658
modern,1,b_N100_V4,2.1423749858513474
modern,1,b_N100_V4,2.1466660546138883
modern,1,b_N100_V4,2.1336249774321914
modern,1,b_N100_V4,2.243375056423247
modern,1,b_N100_V4,2.1614159923046827
modern,1,b_N100_V4,2.142250072211027
modern,1,b_N100_V4,2.146666985936463
modern,1,b_N100_V4,2.140791970305145
modern,1,b_N100_V4,2.1370419999584556
modern,1,b_N100_V4,2.1370419999584556
modern,1,b_N100_V4,2.163957920856774
modern,1,b_N100_V4,2.194541972130537
modern,1,b_N100_V4,2.1376670338213444
modern,1,b_N100_V4,2.219625050202012
modern,1,b_N100_V4,2.1347920410335064
modern,1,b_N100_V4,2.177583985030651
modern,1,b_N100_V4,2.1392919588834047
modern,1,b_N100_V4,2.1442080615088344
modern,1,b_N100_V4,2.1364589920267463
modern,1,b_N100_V4,2.156083006411791
modern,1,b_N100_V4,2.1558330627158284
modern,1,b_N100_V4,2.124916994944215
modern,1,b_N100_V4,2.1409589098766446
modern,1,b_N100_V4,2.1447499748319387
modern,1,b_N100_V4,2.1390420151874423
modern,1,b_N100_V4,2.1288749994710088
modern,1,b_N100_V4,2.1473750239238143
modern,1,b_N100_V4,2.172334003262222
modern,1,b_N100_V4,2.1523749455809593
modern,1,b_N100_V4,2.1359999664127827
modern,1,b_N100_V4,2.133500063791871
modern,1,b_N100_V4,2.144208992831409
modern,1,b_N100_V4,2.11537501309067
modern,1,b_N100_V4,2.1845840383321047
modern,1,b_N100_V4,2.214042004197836
modern,1,b_N100_V4,2.217167057096958
modern,1,b_N100_V4,2.1615420700982213
modern,1,b_N100_V4,2.1429999032989144
modern,1,b_N100_V4,2.1462501026690006
modern,1,b_N100_V4,2.142040990293026
modern,1,b_N100_V4,2.1400830009952188
modern,1,b_N100_V4,2.1524160401895642
modern,1,b_N100_V4,2.163875033147633
modern,1,b_N100_V4,2.166207996197045
modern,1,b_N100_V4,3.044874989427626
modern,1,b_N100_V4,2.264791983179748
modern,1,b_N100_V4,2.2168339928612113
modern,1,b_N100_V4,2.2157919593155384
modern,1,b_N100_V4,2.1879590349271894
modern,1,b_N100_V4,2.177166985347867
modern,1,b_N100_V4,2.1740830270573497
modern,1,b_N100_V4,2.2267920430749655
modern,1,b_N100_V4,2.1531248930841684
modern,1,b_N100_V4,2.154167043045163
modern,1,b_N100_V4,2.1404169965535402
modern,1,b_N100_V4,2.1567499497905374
modern,1,b_N100_V4,2.1622920176014304
modern,1,b_N100_V4,2.1234999876469374
modern,1,b_N100_V4,2.126125036738813
modern,1,b_N100_V4,2.1701250225305557
modern,1,b_N100_V4,2.1577089792117476
modern,1,b_N100_V4,2.152375061996281
modern,1,b_N100_V4,2.161749987863004
modern,1,b_N100_V4,2.136500086635351
modern,1,b_N100_V4,2.2672920022159815
modern,1,b_N100_V4,2.135417074896395
modern,1,b_N100_V4,2.1263330709189177
modern,1,b_N100_V4,2.2692499915137887
modern,1,b_N100_V4,2.1310410229489207
modern,1,b_N100_V4,2.1320419618859887
modern,1,b_N100_V4,2.1503749303519726
modern,1,b_N100_V4,2.1297079510986805
modern,1,b_N100_V4,2.1422499557957053
modern,1,b_N100_V4,2.199250040575862
modern,1,b_N100_V4,2.152125001884997
modern,1,b_N100_V4,2.146958955563605
modern,1,b_N100_V4,2.1696670446544886
modern,1,b_N100_V4,2.1321659442037344
modern,1,b_N100_V4,2.1350840106606483
modern,1,b_N100_V4,2.127666026353836
modern,1,b_N100_V4,2.1596660371869802
modern,1,b_N100_V4,2.1139170276001096
modern,1,b_N100_V4,2.1681669168174267
modern,1,b_N100_V4,2.117042080499232
modern,1,b_N100_V4,2.1175419678911567
modern,1,b_N100_V4,2.140832948498428
modern,1,b_N100_V4,2.1638330072164536
modern,1,b_N100_V4,2.138584037311375
modern,1,b_N100_V4,2.1421669516712427
modern,1,b_N100_V4,2.147458028048277
modern,1,b_N100_V4,2.1375829819589853
modern,1,b_N100_V4,2.135167014785111
modern,1,b_N100_V4,2.127625048160553
modern,1,b_N100_V4,2.130792010575533
modern,1,b_N100_V4,2.2801250452175736
modern,1,b_N100_V4,2.3689999943599105
modern,1,b_N100_V4,2.278542029671371
modern,1,b_N100_V4,2.2324160672724247
modern,1,b_N100_V4,2.2117500193417072
modern,1,b_N100_V4,2.22550006583333
modern,1,b_N100_V4,2.186249941587448
modern,1,b_N100_V4,2.1928339265286922
modern,1,b_N100_V4,2.1927079651504755
modern,1,b_N100_V4,2.2083750227466226
modern,1,b_N100_V4,2.2099169436842203
modern,1,b_N100_V4,2.236249973066151
modern,1,b_N100_V4,2.2460840409621596
modern,1,b_N100_V4,2.1892919903621078
modern,1,b_N100_V4,2.18941702041775
modern,1,b_N100_V4,2.200833987444639
modern,1,b_N100_V4,2.1801249822601676
modern,1,b_N100_V4,2.1966249914839864
modern,1,b_N100_V4,2.1814170759171247
modern,1,b_N100_V4,2.1633750293403864
modern,1,b_N100_V4,2.1915000397711992
modern,1,b_N100_V4,2.1831670310348272
modern,1,b_N100_V4,2.1762499818578362
modern,1,b_N100_V4,2.2259169491007924
modern,1,b_N100_V4,2.183459000661969
modern,1,b_N100_V4,2.1484169410541654
modern,1,b_N100_V4,2.2023749770596623
modern,1,b_N100_V4,2.192875021137297
modern,1,b_N100_V4,2.1887909388169646
modern,1,b_N100_V4,2.217249944806099
modern,1,b_N100_V4,2.1947920322418213
modern,1,b_N100_V4,2.2395839914679527
modern,1,b_N100_V4,2.2030830150470138
modern,1,b_N100_V4,2.2266251035034657
modern,1,b_N100_V4,2.1795000648126006
modern,1,b_N100_V4,2.2239170502871275
modern,1,b_N100_V4,2.177624963223934
modern,1,b_N100_V4,2.189457998611033
modern,1,b_N100_V4,2.179291914217174
modern,1,b_N100_V4,2.184749930165708
modern,1,b_N100_V4,2.2007919615134597
modern,1,b_N100_V4,2.2336249239742756
modern,1,b_N100_V4,2.191249979659915
modern,1,b_N100_V4,2.217083005234599
modern,1,b_N100_V4,2.20529199577868
modern,1,b_N100_V4,2.17504205647856
modern,1,b_N100_V4,2.1965840132907033
modern,1,b_N100_V4,2.2057080641388893
modern,1,b_N100_V4,2.141667064279318
modern,1,b_N100_V4,2.2055000299587846
modern,1,b_N100_V4,2.201708033680916
modern,1,b_N100_V4,2.174583962187171
modern,1,b_N100_V4,2.1894589299336076
modern,1,b_N100_V4,2.193833002820611
modern,1,b_N100_V4,2.1727499552071095
modern,1,b_N100_V4,2.1809589816257358
modern,1,b_N100_V4,2.145665930584073
modern,1,b_N100_V4,2.147875027731061
modern,1,b_N100_V4,2.139999996870756
modern,1,b_N100_V4,2.190500032156706
modern,1,b_N100_V4,2.211624989286065
modern,1,b_N100_V4,2.199250040575862
modern,1,b_N100_V4,2.1852079080417752
modern,1,b_N100_V4,2.1650419803336263
modern,1,b_N100_V4,2.2199159720912576
modern,1,b_N100_V4,2.142834011465311
modern,1,b_N100_V4,2.1364169660955667
modern,1,b_N100_V4,2.1437499672174454
modern,1,b_N100_V4,2.13795795571059
modern,1,b_N100_V4,2.126708044670522
modern,1,b_N100_V4,2.1658330224454403
modern,1,b_N100_V4,2.126542036421597
modern,1,b_N100_V4,2.14729190338403
modern,1,b_N100_V4,2.1373750641942024
modern,1,b_N100_V4,2.130166976712644
modern,1,b_N100_V4,2.1794160129502416
modern,1,b_N100_V4,2.2000829922035336
modern,1,b_N100_V4,2.135374932549894
modern,1,b_N100_V4,2.1214159205555916
modern,1,b_N100_V4,2.1420830162242055
modern,1,b_N100_V4,2.1237919572740793
modern,1,b_N100_V4,2.1199999609962106
modern,1,b_N100_V4,2.1349999587982893
modern,1,b_N100_V4,2.1302499808371067
modern,1,b_N100_V4,2.1217080065980554
modern,1,b_N100_V4,2.152125001884997
modern,1,b_N100_V4,2.112500020302832
modern,1,b_N100_V4,2.3845830000936985
modern,1,b_N100_V4,2.7250420534983277
modern,1,b_N100_V4,2.29666696395725
modern,1,b_N100_V4,2.2315001115202904
modern,1,b_N100_V4,2.215125015936792
modern,1,b_N100_V4,2.2580840159207582
modern,1,b_N100_V4,2.1767079597339034
modern,1,b_N100_V4,2.1802500123158097
modern,1,b_N100_V4,2.18475004658103
modern,1,b_N100_V4,2.310000010766089
modern,1,b_N100_V4,2.172500011511147
modern,1,b_N100_V4,2.1695420145988464
modern,1,b_N100_V4,2.1642500068992376
modern,1,b_N100_V4,2.1834580693393946
modern,1,b_N100_V4,2.166125108487904
modern,1,b_N100_V4,2.1667080000042915
modern,1,b_N100_V4,2.1773750195279717
modern,1,b_N100_V4,2.1610839758068323
modern,1,b_N100_V4,2.163291908800602
modern,1,b_N100_V4,2.190333092585206
modern,1,b_N100_V4,2.1817079978063703
modern,1,b_N100_V4,2.1644169464707375
modern,1,b_N100_V4,2.1511249942705035
modern,1,b_N100_V4,2.161583979614079
modern,1,b_N100_V4,2.195082954131067
modern,1,b_N100_V4,2.1765000419691205
modern,1,b_N100_V4,2.1635839948430657
modern,1,b_N100_V4,2.160041010938585
modern,1,b_N100_V4,2.1818330278620124
modern,1,b_N100_V4,2.2343340096995234
modern,1,b_N100_V4,2.1920829312875867
modern,1,b_N100_V4,2.1947920322418213
modern,1,b_N100_V4,2.1548749646171927
modern,1,b_N100_V4,2.2602920653298497
modern,1,b_N100_V4,2.2265829611569643
modern,1,b_N100_V4,2.193792024627328
modern,1,b_N100_V4,2.2146670380607247
modern,1,b_N100_V4,2.1870830096304417
modern,1,b_N100_V4,2.172208041884005
modern,1,b_N100_V4,2.166207996197045
modern,1,b_N100_V4,2.1987500367686152
modern,1,b_N100_V4,2.150542102754116
modern,1,b_N100_V4,2.1521669114008546
modern,1,b_N100_V4,2.1657500183209777
modern,1,b_N100_V4,2.153499983251095
modern,1,b_N100_V4,2.1394999930635095
modern,1,b_N100_V4,2.1362919360399246
modern,1,b_N100_V4,2.1351249888539314
modern,1,b_N100_V4,2.1361670223996043
modern,1,b_N100_V4,2.133041969500482
modern,1,b_N100_V4,2.1715000038966537
modern,1,b_N100_V4,2.4352920008823276
modern,1,b_N100_V4,2.5088340044021606
modern,1,b_N100_V4,2.5611669989302754
modern,1,b_N100_V4,2.2064170334488153
modern,1,b_N100_V4,2.1636660676449537
modern,1,b_N100_V4,2.150624990463257
modern,1,b_N100_V4,2.140458906069398
modern,1,b_N100_V4,2.1322499960660934
modern,1,b_N100_V4,2.123333979398012
modern,1,b_N100_V4,2.132207970134914
modern,1,b_N100_V4,2.1624580258503556
modern,1,b_N100_V4,2.1473750239238143
modern,1,b_N100_V4,2.1320839878171682
modern,1,b_N100_V4,2.2386249620467424
modern,1,b_N100_V4,2.4855840019881725
modern,1,b_N100_V4,2.9435829492285848
modern,1,b_N100_V4,2.3305841023102403
modern,1,b_N100_V4,2.256459090858698
modern,1,b_N100_V4,2.2264160215854645
modern,1,b_N100_V4,2.204792108386755
modern,1,b_N100_V4,2.2170000011101365
modern,1,b_N100_V4,2.1689169807359576
modern,1,b_N100_V4,2.1751249441877007
modern,1,b_N100_V4,2.1691250149160624
modern,1,b_N100_V4,2.179333008825779
modern,1,b_N100_V4,2.168416976928711
modern,1,b_N100_V4,2.1671249996870756
modern,1,b_N100_V4,2.1497500129044056
modern,1,b_N100_V4,2.1637920290231705
modern,1,b_N100_V4,2.143083023838699
modern,1,b_N100_V4,2.138374955393374
modern,1,b_N100_V4,2.1812920458614826
modern,1,b_N100_V4,2.1357500227168202
modern,1,b_N100_V4,2.185042016208172
modern,1,b_N100_V4,2.1571670658886433
modern,1,b_N100_V4,2.1282919915392995
modern,1,b_N100_V4,2.1388750756159425
modern,1,b_N100_V4,2.1370829781517386
modern,1,b_N100_V4,2.1434170193970203
modern,1,b_N100_V4,2.131040906533599
modern,1,b_N100_V4,3.28362500295043
modern,1,b_N100_V4,2.347709028981626
modern,1,b_N100_V4,2.3165419697761536
modern,1,b_N100_V4,2.2257919190451503
modern,1,b_N100_V4,2.2082090144976974
modern,1,b_N100_V4,2.175165922380984
modern,1,b_N100_V4,2.3215829860419035
modern,1,b_N100_V4,2.4106670171022415
modern,1,b_N100_V4,2.1605839719995856
modern,1,b_N100_V4,2.787292003631592
modern,1,b_N100_V4,2.322915941476822
modern,1,b_N100_V4,2.2756250109523535
modern,1,b_N100_V4,2.235666965134442
modern,1,b_N100_V4,2.2152920719236135
modern,1,b_N100_V4,2.227082964964211
modern,1,b_N100_V4,2.2404170595109463
modern,1,b_N100_V4,2.2418330190703273
modern,1,b_N100_V4,2.2234159987419844
modern,1,b_N100_V4,2.2670829202979803
modern,1,b_N100_V4,2.210250007919967
modern,1,b_N100_V4,2.404165919870138
modern,1,b_N100_V4,2.5800419971346855
modern,1,b_N100_V4,2.2582500241696835
modern,1,b_N100_V4,2.5930829579010606
modern,1,b_N100_V4,2.22116697113961
modern,1,b_N100_V4,2.1962090395390987
modern,1,b_N100_V4,2.216167049482465
modern,1,b_N100_V4,2.166458056308329
modern,1,b_N100_V4,2.370250062085688
modern,1,b_N100_V4,2.1791670005768538
modern,1,b_N100_V4,2.2115829633548856
modern,1,b_N100_V4,2.1780839888378978
modern,1,b_N100_V4,2.1929589565843344
modern,1,b_N100_V4,2.189332968555391
modern,1,b_N100_V4,2.177709015086293
modern,1,b_N100_V4,2.1626659436151385
modern,1,b_N100_V4,2.264707931317389
modern,1,b_N100_V4,2.163083991035819
modern,1,b_N100_V4,2.146999933756888
modern,1,b_N100_V4,2.3897909559309483
modern,1,b_N100_V4,2.138833049684763
modern,1,b_N100_V4,2.156459027901292
modern,1,b_N100_V4,2.332707983441651
modern,1,b_N100_V4,2.17870797496289
modern,1,b_N100_V4,2.167833037674427
modern,1,b_N100_V4,2.1713749738410115
modern,1,b_N100_V4,2.176124951802194
modern,1,b_N100_V4,2.2142910165712237
modern,1,b_N100_V4,2.166333026252687
modern,1,b_N100_V4,2.1624999353662133
modern,1,b_N100_V4,2.250832971185446
modern,1,b_N100_V4,2.1592079428955913
modern,1,b_N100_V4,2.1595420548692346
modern,1,b_N100_V4,2.1824159193784
modern,1,b_N100_V4,2.185374964028597
modern,1,b_N100_V4,2.167792059481144
modern,1,b_N100_V4,2.1447499748319387
modern,1,b_N100_V4,2.1266250405460596
modern,1,b_N100_V4,2.163959085009992
modern,1,b_N100_V4,2.1336249774321914
modern,1,b_N100_V4,2.186125027947128
modern,1,b_N100_V4,2.153916982933879
modern,1,b_N100_V4,2.2390829399228096
modern,1,b_N100_V4,2.2898749448359013
modern,1,b_N100_V4,2.209833008237183
modern,1,b_N100_V4,2.1921669831499457
modern,1,b_N100_V4,2.293333993293345
modern,1,b_N100_V4,2.2865410428494215
modern,1,b_N100_V4,2.206167089752853
modern,1,b_N100_V4,2.1713339956477284
modern,1,b_N100_V4,2.1759580122306943
modern,1,b_N100_V4,2.1609169198200107
modern,1,b_N100_V4,2.1823749411851168
modern,1,b_N100_V4,2.2139999782666564
modern,1,b_N100_V4,2.178792026825249
modern,1,b_N100_V4,2.1669589914381504
modern,1,b_N100_V4,2.220915979705751
modern,1,b_N100_V4,2.1587919909507036
modern,1,b_N100_V4,2.1884170128032565
modern,1,b_N100_V4,2.1752079483121634
modern,1,b_N100_V4,2.1492920350283384
modern,1,b_N100_V4,2.155833994038403
modern,1,b_N100_V4,2.1832920610904694
modern,1,b_N100_V4,2.151167020201683
modern,1,b_N100_V4,2.182208001613617
modern,1,b_N100_V4,2.1617080783471465
modern,1,b_N100_V4,2.153624896891415
modern,1,b_N100_V4,2.161291893571615
modern,1,b_N100_V4,2.164167002774775
modern,1,b_N100_V4,2.1699590142816305
modern,1,b_N100_V4,2.1535420091822743
modern,1,b_N100_V4,2.170707914046943
modern,1,b_N100_V4,2.1982499165460467
modern,1,b_N100_V4,2.1776669891551137
modern,1,b_N100_V4,2.1950409281998873
modern,1,b_N100_V4,2.1603750064969063
modern,1,b_N100_V4,2.1421670680865645
modern,1,b_N100_V4,2.1775830537080765
modern,1,b_N100_V4,2.1630830597132444
modern,1,b_N100_V4,2.1474590757861733
modern,1,b_N100_V4,2.1630419651046395
modern,1,b_N100_V4,2.1488750353455544
modern,1,b_N100_V4,2.150333020836115
modern,1,b_N100_V4,2.1559579763561487
modern,1,b_N100_V4,2.1506670163944364
modern,1,b_N100_V4,2.1854171063750982
modern,1,b_N100_V4,2.1675419993698597
modern,1,b_N100_V4,2.151333959773183
modern,1,b_N100_V4,2.1489999489858747
modern,1,b_N100_V4,2.129458007402718
modern,1,b_N100_V4,2.1429579937830567
modern,1,b_N100_V4,2.141374978236854
modern,1,b_N100_V4,2.175375004298985
modern,1,b_N100_V4,2.131375018507242
modern,1,b_N100_V4,2.136375056579709
modern,1,b_N100_V4,2.1676250034943223
modern,1,b_N100_V4,2.1468339255079627
modern,1,b_N100_V4,2.151916967704892
modern,1,b_N100_V4,2.149707986973226
modern,1,b_N100_V4,2.1985420025885105
modern,1,b_N100_V4,2.2147089475765824
modern,1,b_N100_V4,2.143166959285736
modern,1,b_N100_V4,2.2334579844027758
modern,1,b_N100_V4,2.2342499578371644
modern,1,b_N100_V4,2.2124999668449163
modern,1,b_N100_V4,2.2257500095292926
modern,1,b_N100_V4,2.185540972277522
modern,1,b_N100_V4,2.2346669575199485
modern,1,b_N100_V4,2.2098340559750795
modern,1,b_N100_V4,2.1736250491812825
modern,1,b_N100_V4,2.173583023250103
modern,1,b_N100_V4,2.164207980968058
modern,1,b_N100_V4,2.178666996769607
modern,1,b_N100_V4,2.152250031940639
modern,1,b_N100_V4,2.186666941270232
modern,1,b_N100_V4,2.172499895095825
modern,1,b_N100_V4,2.1849169861525297
modern,1,b_N100_V4,2.1439589327201247
modern,1,b_N100_V4,2.161916927434504
modern,1,b_N100_V4,2.119207987561822
modern,1,b_N100_V4,2.1907499758526683
modern,1,b_N100_V4,2.1762499818578362
modern,1,b_N100_V4,2.129458007402718
modern,1,b_N100_V4,2.1400830009952188
modern,1,b_N100_V4,2.1683750674128532
modern,1,b_N100_V4,2.145666046999395
modern,1,b_N100_V4,2.2058329777792096
modern,1,b_N100_V4,2.186375088058412
modern,1,b_N100_V4,2.1810830803588033
modern,1,b_N100_V4,2.135624992661178
modern,1,b_N100_V4,2.1541669266298413
modern,1,b_N100_V4,2.1441669669002295
modern,1,b_N100_V4,2.1707919659093022
modern,1,b_N100_V4,2.5439169257879257
modern,1,b_N100_V4,2.322791959159076
modern,1,b_N100_V4,2.2165830014273524
modern,1,b_N100_V4,2.2236669901758432
modern,1,b_N100_V4,2.3579580010846257
modern,1,b_N100_V4,2.22400005441159
modern,1,b_N100_V4,2.23033397924155
modern,1,b_N100_V4,2.2117079934105277
modern,1,b_N100_V4,2.1729590371251106
modern,1,b_N100_V4,2.1406670566648245
modern,1,b_N100_V4,2.1377080120146275
modern,1,b_N100_V4,2.240083063952625
modern,1,b_N100_V4,2.702082972973585
modern,1,b_N100_V4,2.4625828955322504
modern,1,b_N100_V4,2.6571250054985285
modern,1,b_N100_V4,2.3372089490294456
modern,1,b_N100_V4,2.7071658987551928
modern,1,b_N100_V4,2.8074579313397408
modern,1,b_N100_V4,2.2529589477926493
modern,1,b_N100_V4,2.212375053204596
modern,1,b_N100_V4,2.196707995608449
modern,1,b_N100_V4,2.1862919675186276
modern,1,b_N100_V4,2.235832973383367
modern,1,b_N100_V4,2.3885410046204925
modern,1,b_N100_V4,2.3973750649020076
modern,1,b_N100_V4,2.370458096265793
modern,1,b_N100_V4,2.407624968327582
modern,1,b_N100_V4,2.521499991416931
modern,1,b_N100_V4,2.177458954975009
modern,1,b_N100_V4,2.2432919358834624
modern,1,b_N100_V4,2.4361659307032824
modern,1,b_N100_V4,2.284709014929831
modern,1,b_N100_V4,2.2031660191714764
modern,1,b_N100_V4,2.353082993067801
modern,1,b_N100_V4,2.2139590000733733
modern,1,b_N100_V4,2.335416036657989
modern,1,b_N100_V4,2.184250042773783
modern,1,b_N100_V4,2.1715419134125113
modern,1,b_N100_V4,2.1993329282850027
modern,1,b_N100_V4,2.1754169138148427
modern,1,b_N100_V4,2.1570419194176793
modern,1,b_N100_V4,2.176165929995477
modern,1,b_N100_V4,2.1671249996870756
modern,1,b_N100_V4,2.163709024898708
modern,1,b_N100_V4,2.1685409592464566
modern,1,b_N100_V4,2.1899580024182796
modern,1,b_N100_V4,2.1437499672174454
modern,1,b_N100_V4,2.139040967449546
modern,1,b_N100_V4,2.1505419863387942
modern,1,b_N100_V4,2.1552920807152987
modern,1,b_N100_V4,2.1705409744754434
modern,1,b_N100_V4,2.1393330534920096
modern,1,b_N100_V4,2.128833904862404
modern,1,b_N100_V4,2.1607500966638327
modern,1,b_N100_V4,2.1515419939532876
modern,1,b_N100_V4,2.19924992416054
modern,1,b_N100_V4,2.1981250029057264
modern,1,b_N100_V4,2.6551670162007213
modern,1,b_N100_V4,2.278125029988587
modern,1,b_N100_V4,2.2653749911114573
modern,1,b_N100_V4,2.213416970334947
modern,1,b_N100_V4,2.2585829719901085
modern,1,b_N100_V4,2.2265410516411066
modern,1,b_N100_V4,2.2117920452728868
modern,1,b_N100_V4,2.607500064186752
modern,1,b_N100_V4,2.6773749850690365
modern,1,b_N100_V4,2.350208000279963
modern,1,b_N100_V4,2.2902500350028276
modern,1,b_N100_V4,2.2508749971166253
modern,1,b_N100_V4,2.2650829050689936
modern,1,b_N100_V4,2.228999976068735
modern,1,b_N100_V4,2.2472499404102564
modern,1,b_N100_V4,2.205083961598575
modern,1,b_N100_V4,2.2303330479189754
modern,1,b_N100_V4,2.217415953055024
modern,1,b_N100_V4,2.235958003439009
modern,1,b_N100_V4,2.166417078115046
modern,1,b_N100_V4,2.2142500383779407
modern,1,b_N100_V4,2.1933329990133643
modern,1,b_N100_V4,2.221542061306536
modern,1,b_N100_V4,2.190958010032773
modern,1,b_N100_V4,2.1991670364513993
modern,1,b_N100_V4,2.1893749944865704
modern,1,b_N100_V4,2.1643330110237002
modern,1,b_N100_V4,2.177832997404039
modern,1,b_N100_V4,2.1726249251514673
modern,1,b_N100_V4,2.1887909388169646
modern,1,b_N100_V4,2.2435829741880298
modern,1,b_N100_V4,2.2015420254319906
modern,1,b_N100_V4,2.2577500203624368
modern,1,b_N100_V4,2.209250000305474
modern,1,b_N100_V4,2.1849590120837092
modern,1,b_N100_V4,2.1675419993698597
modern,1,b_N100_V4,2.1836250089108944
modern,1,b_N100_V4,2.19912501052022
modern,1,b_N100_V4,2.174417022615671
modern,1,b_N100_V4,2.1964580519124866
modern,1,b_N100_V4,2.2174590267241
modern,1,b_N100_V4,2.1441250573843718
modern,1,b_N100_V4,2.163542085327208
modern,1,b_N100_V4,2.153583918698132
modern,1,b_N100_V4,2.1597910672426224
modern,1,b_N100_V4,2.1598750026896596
modern,1,b_N100_V4,2.157083945348859
modern,1,b_N100_V4,2.1416249219328165
modern,1,b_N100_V4,2.146832994185388
modern,1,b_N100_V4,2.154374960809946
modern,1,b_N100_V4,2.1723329555243254
modern,1,b_N100_V4,2.139999996870756
modern,1,b_N100_V4,2.152542001567781
modern,1,b_N100_V4,2.133334055542946
modern,1,b_N100_V4,2.1404590224847198
modern,1,b_N100_V4,2.1358750527724624
modern,1,b_N100_V4,2.133707981556654
modern,1,b_N100_V4,2.131916000507772
modern,1,b_N100_V4,2.142875106073916
modern,1,b_N100_V4,2.126375096850097
modern,1,b_N100_V4,2.1252079168334603
modern,1,b_N100_V4,2.1728749852627516
modern,1,b_N100_V4,2.146249986253679
modern,1,b_N100_V4,2.1358749363571405
modern,1,b_N100_V4,2.127500018104911
modern,1,b_N100_V4,2.1155410213395953
modern,1,b_N100_V4,2.112791989929974
modern,1,b_N100_V4,2.1314170444384217
modern,1,b_N100_V4,2.1256660111248493
modern,1,b_N100_V4,2.1624580258503556
modern,1,b_N100_V4,2.140709082596004
modern,1,b_N100_V4,2.1446660393849015
modern,1,b_N100_V4,2.1632499992847443
modern,1,b_N100_V4,2.1306249545887113
modern,1,b_N100_V4,2.1297080675140023
modern,1,b_N100_V4,2.1220410708338022
modern,1,b_N100_V4,2.1315839840099216
modern,1,b_N100_V4,2.1360829705372453
modern,1,b_N100_V4,2.141583012416959
modern,1,b_N100_V4,2.122499980032444
modern,1,b_N100_V4,2.120874938555062
modern,1,b_N100_V4,2.121124998666346
modern,1,b_N100_V4,2.2381250746548176
modern,1,b_N100_V4,2.163000055588782
modern,1,b_N100_V4,2.1197920432314277
modern,1,b_N100_V4,2.2065420635044575
modern,1,b_N100_V4,2.143541001714766
modern,1,b_N100_V4,2.126708044670522
modern,1,b_N100_V4,2.129291999153793
modern,1,b_N100_V4,2.1353750489652157
modern,1,b_N100_V4,2.1322499960660934
modern,1,b_N100_V4,2.1254169987514615
modern,1,b_N100_V4,2.2843750193715096
modern,1,b_N100_V4,2.2727499017491937
modern,1,b_N100_V4,2.337916987016797
modern,1,b_N100_V4,2.2196249337866902
modern,1,b_N100_V4,2.326917019672692
modern,1,b_N100_V4,2.4290840374305844
modern,1,b_N100_V4,2.351582981646061
modern,1,b_N100_V4,2.2237920202314854
modern,1,b_N100_V4,2.3422089871019125
modern,1,b_N100_V4,2.284000045619905
modern,1,b_N100_V4,2.187000005505979
modern,1,b_N100_V4,2.226959099061787
modern,1,b_N100_V4,2.2614160552620888
modern,1,b_N100_V4,2.157874987460673
modern,1,b_N100_V4,2.161374897696078
modern,1,b_N100_V4,2.303041983395815
modern,1,b_N100_V4,2.2895419970154762
modern,1,b_N100_V4,2.150624990463257
modern,1,b_N100_V4,2.2394999396055937
modern,1,b_N100_V4,2.2468329407274723
modern,1,b_N100_V4,2.230208949185908
modern,1,b_N100_V4,2.3409579880535603
modern,1,b_N100_V4,2.2957499604672194
modern,1,b_N100_V4,2.167167025618255
modern,1,b_N100_V4,2.2769159404560924
modern,1,b_N100_V4,2.2321250289678574
modern,1,b_N100_V4,2.299875020980835
modern,1,b_N100_V4,2.1862920839339495
modern,1,b_N100_V4,2.2985420655459166
modern,1,b_N100_V4,2.136124996468425
modern,1,b_N100_V4,2.2760829888284206
modern,1,b_N100_V4,2.2901250049471855
modern,1,b_N100_V4,2.3206250043585896
modern,1,b_N100_V4,2.17720796354115
modern,1,b_N100_V4,2.4247909896075726
modern,1,b_N100_V4,2.2031250409781933
modern,1,b_N100_V4,2.274292055517435
modern,1,b_N100_V4,2.2109169512987137
modern,1,b_N100_V4,2.1804170683026314
modern,1,b_N100_V4,2.15516600292176
modern,1,b_N100_V4,2.28583300486207
modern,1,b_N100_V4,2.160875010304153
modern,1,b_N100_V4,2.3030410520732403
modern,1,b_N100_V4,2.1955000702291727
modern,1,b_N100_V4,2.3107919842004776
modern,1,b_N100_V4,2.1615829318761826
modern,1,b_N100_V4,2.2814999101683497
modern,1,b_N100_V4,2.2854169365018606
modern,1,b_N100_V4,2.230374957434833
modern,1,b_N100_V4,2.1859999978914857
modern,1,b_N100_V4,2.2370839724317193
modern,1,b_N100_V4,2.1740420488640666
modern,1,b_N100_V4,2.266624942421913
modern,1,b_N100_V4,2.1618340397253633
modern,1,b_N100_V4,2.282375004142523
modern,1,b_N100_V4,2.160458010621369
modern,1,b_N100_V4,2.193583990447223
modern,1,b_N100_V4,2.181290998123586
modern,1,b_N100_V4,2.249667071737349
modern,1,b_N100_V4,2.208291902206838
modern,1,b_N100_V4,2.211000071838498
modern,1,b_N100_V4,2.153417095541954
modern,1,b_N100_V4,2.4794579949229956
modern,1,b_N100_V4,2.1352909971028566
modern,1,b_N100_V4,2.1422499557957053
modern,1,b_N100_V4,2.1336660720407963
modern,1,b_N100_V4,2.1213749423623085
modern,1,b_N100_V4,2.095083938911557
modern,1,b_N100_V4,2.136999974027276
modern,1,b_N100_V4,2.153084031306207
modern,1,b_N100_V4,2.126125036738813
modern,1,b_N100_V4,2.116458024829626
modern,1,b_N100_V4,2.0994170336052775
modern,1,b_N100_V4,2.13425001129508
modern,1,b_N100_V4,2.1349580492824316
modern,1,b_N100_V4,2.1050000796094537
modern,1,b_N100_V4,2.594000077806413
modern,1,b_N100_V4,2.1485830657184124
modern,1,b_N100_V4,2.3427499691024423
modern,1,b_N100_V4,2.0907919388264418
modern,1,b_N100_V4,2.1117080468684435
modern,1,b_N100_V4,2.0970829064026475
modern,1,b_N100_V4,2.106625004671514
modern,1,b_N100_V4,2.1642500068992376
modern,1,b_N100_V4,2.126000006683171
modern,1,b_N100_V4,2.1049589850008488
modern,1,b_N100_V4,2.1139580057933927
modern,1,b_N100_V4,2.10100004915148
modern,1,b_N100_V4,2.1032500080764294
modern,1,b_N100_V4,2.141708042472601
modern,1,b_N100_V4,2.108125016093254
modern,1,b_N100_V4,2.1025420865043998
modern,1,b_N100_V4,2.099833101965487
modern,1,b_N100_V4,2.0947089651599526
modern,1,b_N100_V4,2.116083982400596
modern,1,b_N100_V4,2.096499898470938
modern,1,b_N100_V4,2.11404194124043
modern,1,b_N100_V4,2.1053749369457364
modern,1,b_N100_V4,2.101499936543405
modern,1,b_N100_V4,2.0916250068694353
modern,1,b_N100_V4,2.0889589795842767
modern,1,b_N100_V4,2.108874963596463
modern,1,b_N100_V4,2.1005000453442335
modern,1,b_N100_V4,2.138292067684233
modern,1,b_N100_V4,2.1419170079752803
modern,1,b_N100_V4,2.106541069224477
modern,1,b_N100_V4,2.0986670861020684
modern,1,b_N100_V4,2.10100004915148
modern,1,b_N100_V4,2.1344999549910426
modern,1,b_N100_V4,2.1065420005470514
modern,1,b_N100_V4,2.1204999648034573
modern,1,b_N100_V4,2.1062500309199095
modern,1,b_N100_V4,2.11554195266217
modern,1,b_N100_V4,2.104207989759743
modern,1,b_N100_V4,2.1077089477330446
modern,1,b_N100_V4,2.2209170274436474
modern,1,b_N100_V4,2.138374955393374
modern,1,b_N100_V4,2.1070840302854776
modern,1,b_N100_V4,2.0982499700039625
modern,1,b_N100_V4,2.113458001986146
modern,1,b_N100_V4,2.2255409276112914
modern,1,b_N100_V4,2.277249936014414
modern,1,b_N100_V4,2.218874986283481
modern,1,b_N100_V4,2.2215000353753567
modern,1,b_N100_V4,2.2349170176312327
modern,1,b_N100_V4,2.244667033664882
modern,1,b_N100_V4,2.165707992389798
modern,1,b_N100_V4,2.201208029873669
modern,1,b_N100_V4,2.188792102970183
modern,1,b_N100_V4,2.1677500335499644
modern,1,b_N100_V4,2.225250005722046
modern,1,b_N100_V4,2.1726249251514673
modern,1,b_N100_V4,2.1564580965787172
modern,1,b_N100_V4,2.190792001783848
modern,1,b_N100_V4,2.188208978623152
modern,1,b_N100_V4,2.2081249626353383
modern,1,b_N100_V4,2.1624580258503556
modern,1,b_N100_V4,3.2921669771894813
modern,1,b_N100_V4,2.691374975256622
modern,1,b_N100_V4,2.3492079926654696
modern,1,b_N100_V4,2.231542021036148
modern,1,b_N100_V4,2.2982079535722733
modern,1,b_N100_V4,2.248167060315609
modern,1,b_N100_V4,2.257667016237974
modern,1,b_N100_V4,2.1928329952061176
modern,1,b_N100_V4,2.2241671103984118
modern,1,b_N100_V4,2.236124943010509
modern,1,b_N100_V4,2.190333907492459
modern,1,b_N100_V4,2.1602079505100846
modern,1,b_N100_V4,2.197250025346875
modern,1,b_N100_V4,2.2011660039424896
modern,1,b_N100_V4,2.2135420003905892
modern,1,b_N100_V4,2.201791969127953
modern,1,b_N100_V4,2.1979589946568012
modern,1,b_N100_V4,2.2108330158516765
modern,1,b_N100_V4,2.213625004515052
modern,1,b_N100_V4,2.2028329549357295
modern,1,b_N100_V4,2.202791045419872
modern,1,b_N100_V4,2.1860840497538447
modern,1,b_N100_V4,2.201916999183595
modern,1,b_N100_V4,2.236458007246256
modern,1,b_N100_V4,2.1905419416725636
modern,1,b_N100_V4,2.212457940913737
modern,1,b_N100_V4,2.1615830482915044
modern,1,b_N100_V4,2.205834025517106
modern,1,b_N100_V4,2.17420794069767
modern,1,b_N100_V4,2.190000028349459
modern,1,b_N100_V4,2.2332919761538506
modern,1,b_N100_V4,2.171332947909832
modern,1,b_N100_V4,2.177832997404039
modern,1,b_N100_V4,2.1864169975742698
modern,1,b_N100_V4,2.2019159514456987
modern,1,b_N100_V4,2.201375085860491
modern,1,b_N100_V4,2.1604159846901894
modern,1,b_N100_V4,2.164833014830947
modern,1,b_N100_V4,2.164292032830417
modern,1,b_N100_V4,2.1899999119341373
modern,1,b_N100_V4,2.227416029199958
modern,1,b_N100_V4,2.1763750119134784
modern,1,b_N100_V4,2.164584002457559
modern,1,b_N100_V4,2.279041917063296
modern,1,b_N100_V4,2.222042065113783
modern,1,b_N100_V4,2.1737091010436416
modern,1,b_N100_V4,2.1789170568808913
modern,1,b_N100_V4,2.199165988713503
modern,1,b_N100_V4,2.186249941587448
modern,1,b_N100_V4,2.1911250660195947
modern,1,b_N100_V4,2.18804192263633
modern,1,b_N100_V4,2.1547499345615506
modern,1,b_N100_V4,2.161000040359795
modern,1,b_N100_V4,2.196374931372702
modern,1,b_N100_V4,2.1829999750480056
modern,1,b_N100_V4,2.1990840323269367
modern,1,b_N100_V4,2.1514580585062504
modern,1,b_N100_V4,2.1542920731008053
modern,1,b_N100_V4,2.172083011828363
modern,1,b_N100_V4,2.1636669989675283
modern,1,b_N100_V4,2.1705840481445193
modern,1,b_N100_V4,2.1556660067290068
modern,1,b_N100_V4,2.1531250094994903
modern,1,b_N100_V4,2.1362919360399246
modern,1,b_N100_V4,2.1463331067934632
modern,1,b_N100_V4,2.185833058319986
modern,1,b_N100_V4,2.1678749471902847
modern,1,b_N100_V4,2.53033300396055
modern,1,b_N100_V4,2.1548749646171927
modern,1,b_N100_V4,2.188374986872077
modern,1,b_N100_V4,2.1627499954774976
modern,1,b_N100_V4,2.2392079699784517
modern,1,b_N100_V4,2.1587080555036664
modern,1,b_N100_V4,2.186874975450337
modern,1,b_N100_V4,2.1463329903781414
modern,1,b_N100_V4,2.1332090254873037
modern,1,b_N100_V4,2.130666049197316
modern,1,b_N100_V4,2.135500079020858
modern,1,b_N100_V4,2.146958955563605
modern,1,b_N100_V4,2.1803330164402723
modern,1,b_N100_V4,2.1450419444590807
modern,1,b_N100_V4,2.196915913373232
modern,1,b_N100_V4,2.1352909971028566
modern,1,b_N100_V4,2.143832971341908
modern,1,b_N100_V4,2.1389159373939037
modern,1,b_N100_V4,2.182167023420334
modern,1,b_N100_V4,2.11237499024719
modern,1,b_N100_V4,2.1477920236065984
modern,1,b_N100_V4,2.199999988079071
modern,1,b_N100_V4,2.1402500569820404
modern,1,b_N100_V4,2.176417037844658
modern,1,b_N100_V4,2.1834999788552523
modern,1,b_N100_V4,2.1717080380767584
modern,1,b_N100_V4,2.1568340016528964
modern,1,b_N100_V4,2.1248330594971776
modern,1,b_N100_V4,2.1408339962363243
modern,1,b_N100_V4,2.152667031623423
modern,1,b_N100_V4,2.187166945077479
modern,1,b_N100_V4,2.155749942176044
modern,1,b_N100_V4,2.171084051951766
modern,1,b_N100_V4,2.1545420167967677
modern,1,b_N100_V4,2.133833011612296
modern,1,b_N100_V4,2.2450840333476663
modern,1,b_N100_V4,2.2631660103797913
modern,1,b_N100_V4,2.203332958742976
modern,1,b_N100_V4,2.1735839545726776
modern,1,b_N100_V4,2.163416938856244
modern,1,b_N100_V4,2.157874987460673
modern,1,b_N100_V4,2.149124979041517
modern,1,b_N100_V4,2.1842080168426037
modern,1,b_N100_V4,2.1630829432979226
modern,1,b_N100_V4,2.155250054784119
modern,1,b_N100_V4,2.187957987189293
modern,1,b_N100_V4,2.1723329555243254
modern,1,b_N100_V4,2.137709059752524
modern,1,b_N100_V4,2.1715409820899367
modern,1,b_N100_V4,2.158125047571957
modern,1,b_N100_V4,2.141583012416959
modern,1,b_N100_V4,2.14533309917897
modern,1,b_N100_V4,2.1661249920725822
modern,1,b_N100_V4,2.5679590180516243
modern,1,b_N100_V4,2.3170829517766833
modern,1,b_N100_V4,2.2601248929277062
modern,1,b_N100_V4,2.264042035676539
modern,1,b_N100_V4,2.2325830068439245
modern,1,b_N100_V4,2.22466595005244
modern,1,b_N100_V4,2.2162090754136443
modern,1,b_N100_V4,2.216791035607457
modern,1,b_N100_V4,2.2190409945324063
modern,1,b_N100_V4,2.202708041295409
modern,1,b_N100_V4,2.187125035561621
modern,1,b_N100_V4,2.1782920230180025
modern,1,b_N100_V4,2.2848339285701513
modern,1,b_N100_V4,2.212833031080663
modern,1,b_N100_V4,2.1784999407827854
modern,1,b_N100_V4,2.1893340162932873
modern,1,b_N100_V4,2.1769169252365828
modern,1,b_N100_V4,2.1822908893227577
modern,1,b_N100_V4,2.1632079733535647
modern,1,b_N100_V4,2.1475839894264936
modern,1,b_N100_V4,2.156500006094575
modern,1,b_N100_V4,2.1716670598834753
modern,1,b_N100_V4,2.1626249654218554
modern,1,b_N100_V4,2.179333008825779
modern,1,b_N100_V4,2.182458061724901
modern,1,b_N100_V4,2.178083057515323
modern,1,b_N100_V4,2.1595830330625176
modern,1,b_N100_V4,2.161791082471609
modern,1,b_N100_V4,2.166207996197045
modern,1,b_N100_V4,2.1734589245170355
modern,1,b_N100_V4,2.155083930119872
modern,1,b_N100_V4,2.1595839643850923
modern,1,b_N100_V4,2.161624957807362
modern,1,b_N100_V4,2.1502500167116523
modern,1,b_N100_V4,2.2043329663574696
modern,1,b_N100_V4,2.1762920077890158
modern,1,b_N100_V4,2.1535829873755574
modern,1,b_N100_V4,2.1422910504043102
modern,1,b_N100_V4,2.1514169638976455
modern,1,b_N100_V4,2.1447089966386557
modern,1,b_N100_V4,2.1623329957947135
modern,1,b_N100_V4,2.1747080609202385
modern,1,b_N100_V4,2.1670839050784707
modern,1,b_N100_V4,2.2970830323174596
modern,1,b_N100_V4,2.281207940541208
modern,1,b_N100_V4,2.1902909502387047
modern,1,b_N100_V4,2.1719159558415413
modern,1,b_N100_V4,2.181416959501803
modern,1,b_N100_V4,2.5634169578552246
modern,1,b_N100_V4,2.2200830280780792
modern,1,b_N100_V4,2.1695420145988464
modern,1,b_N100_V4,2.1834170911461115
modern,1,b_N100_V4,2.1526659838855267
modern,1,b_N100_V4,2.213292056694627
modern,1,b_N100_V4,2.2201669635251164
modern,1,b_N100_V4,2.2123330272734165
modern,1,b_N100_V4,2.196250017732382
modern,1,b_N100_V4,2.2126659750938416
modern,1,b_N100_V4,2.1727909334003925
modern,1,b_N100_V4,2.215582993812859
modern,1,b_N100_V4,2.177000045776367
modern,1,b_N100_V4,2.1852499339729548
modern,1,b_N100_V4,2.1450420608744025
modern,1,b_N100_V4,2.1856670500710607
modern,1,b_N100_V4,2.347292029298842
modern,1,b_N100_V4,2.221084083430469
modern,1,b_N100_V4,2.155291032977402
modern,1,b_N100_V4,2.1632079733535647
modern,1,b_N100_V4,2.1482500014826655
modern,1,b_N100_V4,2.2153339814394712
modern,1,b_N100_V4,2.1980830933898687
modern,1,b_N100_V4,2.2253330098465085
modern,1,b_N100_V4,2.168291946873069
modern,1,b_N100_V4,2.1699159406125546
modern,1,b_N100_V4,2.1897919941693544
modern,1,b_N100_V4,2.1335419733077288
modern,1,b_N100_V4,2.2945000091567636
modern,1,b_N100_V4,2.1890830248594284
modern,1,b_N100_V4,2.1765000419691205
modern,1,b_N100_V4,2.2000829922035336
modern,1,b_N100_V4,2.18020798638463
modern,1,b_N100_V4,2.149250009097159
modern,1,b_N100_V4,2.168916049413383
modern,1,b_N100_V4,2.2007080260664225
modern,1,b_N100_V4,2.179624978452921
modern,1,b_N100_V4,2.178875030949712
modern,1,b_N100_V4,2.258207998238504
modern,1,b_N100_V4,2.194874919950962
modern,1,b_N100_V4,2.1352089243009686
modern,1,b_N100_V4,2.1960409358143806
modern,1,b_N100_V4,2.1561250323429704
modern,1,b_N100_V4,2.170249936170876
modern,1,b_N100_V4,2.1600420586764812
modern,1,b_N100_V4,2.2020420292392373
modern,1,b_N100_V4,2.124791033565998
modern,1,b_N100_V4,2.1661249920725822
modern,1,b_N100_V4,2.1273340098559856
modern,1,b_N100_V4,2.219083020463586
modern,1,b_N100_V4,2.1831250051036477
modern,1,b_N100_V4,2.174583962187171
modern,1,b_N100_V4,2.142125042155385
modern,1,b_N100_V4,2.133250003680587
modern,1,b_N100_V4,2.1697089541703463
modern,1,b_N100_V4,2.230042009614408
modern,1,b_N100_V4,2.2271659690886736
modern,1,b_N100_V4,2.2036670707166195
modern,1,b_N100_V4,2.311042044311762
modern,1,b_N100_V4,2.177832997404039
modern,1,b_N100_V4,3.30716697499156
modern,1,b_N100_V4,2.3877080529928207
modern,1,b_N100_V4,2.3075001081451774
modern,1,b_N100_V4,2.2901660995557904
modern,1,b_N100_V4,2.2277079988271
modern,1,b_N100_V4,2.221417031250894
modern,1,b_N100_V4,2.356791985221207
modern,1,b_N100_V4,2.1993749542161822
modern,1,b_N100_V4,2.2091249702498317
modern,1,b_N100_V4,2.3791249841451645
modern,1,b_N100_V4,2.280707936733961
modern,1,b_N100_V4,2.178875030949712
modern,1,b_N100_V4,2.1987910149618983
modern,1,b_N100_V4,2.1873749792575836
modern,1,b_N100_V4,2.173250075429678
modern,1,b_N100_V4,2.189375110901892
modern,1,b_N100_V4,2.154582994990051
modern,1,b_N100_V4,2.1629170514643192
modern,1,b_N100_V4,2.1468339255079627
modern,1,b_N100_V4,2.1701250225305557
modern,1,b_N100_V4,2.164207980968058
modern,1,b_N100_V4,2.1494169486686587
modern,1,b_N100_V4,2.193499938584864
modern,1,b_N100_V4,2.179207978770137
modern,1,b_N100_V4,2.152833971194923
modern,1,b_N100_V4,2.1510409424081445
modern,1,b_N100_V4,2.1441669669002295
modern,1,b_N100_V4,2.15616705827415
modern,1,b_N100_V4,2.1599159808829427
modern,1,b_N100_V4,2.1452499786391854
modern,1,b_N100_V4,2.2447920637205243
modern,1,b_N100_V4,2.1472080843523145
modern,1,b_N100_V4,2.146917046047747
modern,1,b_N100_V4,2.1698339842259884
modern,1,b_N100_V4,2.153458073735237
modern,1,b_N100_V4,2.159499912522733
modern,1,b_N100_V4,2.1539999870583415
modern,1,b_N100_V4,2.135374932549894
modern,1,b_N100_V4,2.1590000251308084
modern,1,b_N100_V4,2.263000002130866
modern,1,b_N100_V4,2.2003749618306756
modern,1,b_N100_V4,2.1625830559059978
modern,1,b_N100_V4,2.1510840160772204
modern,1,b_N100_V4,2.1550420206040144
modern,1,b_N100_V4,2.1393749630078673
modern,1,b_N100_V4,2.162792021408677
modern,1,b_N100_V4,2.1461250726133585
modern,1,b_N100_V4,2.1580420434474945
modern,1,b_N100_V4,2.1394590148702264
modern,1,b_N100_V4,2.1317501086741686
modern,1,b_N100_V4,2.1332919131964445
modern,1,b_N100_V4,2.19258398283273
modern,1,b_N100_V4,2.145665930584073
modern,1,b_N100_V4,2.133041969500482
modern,1,b_N100_V4,2.143042045645416
modern,1,b_N100_V4,2.2313749650493264
modern,1,b_N100_V4,2.244999981485307
modern,1,b_N100_V4,2.1539999870583415
modern,1,b_N100_V4,2.161500044167042
modern,1,b_N100_V4,2.15162499807775
modern,1,b_N100_V4,2.139416988939047
modern,1,b_N100_V4,2.221332979388535
modern,1,b_N100_V4,2.1282919915392995
modern,1,b_N100_V4,2.224500058218837
modern,1,b_N100_V4,2.157583017833531
modern,1,b_N100_V4,2.1493330132216215
modern,1,b_N100_V4,2.138374955393374
modern,1,b_N100_V4,2.1325419656932354
modern,1,b_N100_V4,2.1324579138308764
modern,1,b_N100_V4,2.1274170139804482
modern,1,b_N100_V4,2.43070803117007
modern,1,b_N100_V4,2.180833020247519
modern,1,b_N100_V4,2.1497090347111225
modern,1,b_N100_V4,2.133250003680587
modern,1,b_N100_V4,2.152582979761064
modern,1,b_N100_V4,2.128250082023442
modern,1,b_N100_V4,2.125791972503066
modern,1,b_N100_V4,2.144875004887581
modern,1,b_N100_V4,2.128667081706226
modern,1,b_N100_V4,2.130375010892749
modern,1,b_N100_V4,2.1397500531747937
modern,1,b_N100_V4,2.134124981239438
modern,1,b_N100_V4,2.1544169867411256
modern,1,b_N100_V4,2.1332079777494073
modern,1,b_N100_V4,2.259874949231744
modern,1,b_N100_V4,2.1327079739421606
modern,1,b_N100_V4,2.239416935481131
modern,1,b_N100_V4,2.1677500335499644
modern,1,b_N100_V4,2.1288329735398293
modern,1,b_N100_V4,2.1325000561773777
modern,1,b_N100_V4,2.1382090635597706
modern,1,b_N100_V4,2.147749997675419
modern,1,b_N100_V4,2.135958056896925
modern,1,b_N100_V4,2.1315000485628843
modern,1,b_N100_V4,2.2038330789655447
modern,1,b_N100_V4,2.152667031623423
modern,1,b_N100_V4,2.155874972231686
modern,1,b_N100_V4,2.1289169089868665
modern,1,b_N100_V4,2.1113750990480185
modern,1,b_N100_V4,2.1199589828029275
modern,1,b_N100_V4,2.1729159634560347
modern,1,b_N100_V4,2.102707978338003
modern,1,b_N100_V4,2.559083979576826
modern,1,b_N100_V4,2.32812506146729
modern,1,b_N100_V4,2.2353749955073
modern,1,b_N100_V4,2.2105410462245345
modern,1,b_N100_V4,2.203167066909373
modern,1,b_N100_V4,2.19091703183949
modern,1,b_N100_V4,2.2244590800255537
modern,1,b_N100_V4,2.179041039198637
modern,1,b_N100_V4,2.199583104811609
modern,1,b_N100_V4,2.223583054728806
modern,1,b_N100_V4,2.154541900381446
modern,1,b_N100_V4,2.2057079477235675
modern,1,b_N100_V4,2.1914589451625943
modern,1,b_N100_V4,2.312208991497755
modern,1,b_N100_V4,2.3005829425528646
modern,1,b_N100_V4,2.26491701323539
modern,1,b_N100_V4,2.1999579621478915
modern,1,b_N100_V4,2.2207499714568257
modern,1,b_N100_V4,2.217208966612816
modern,1,b_N100_V4,2.2307910257950425
modern,1,b_N100_V4,2.246082993224263
modern,1,b_N100_V4,2.350958064198494
modern,1,b_N100_V4,2.2208329755812883
modern,1,b_N100_V4,2.203208045102656
modern,1,b_N100_V4,2.191042061895132
modern,1,b_N100_V4,2.2451250115409493
modern,1,b_N100_V4,2.213750034570694
modern,1,b_N100_V4,2.23987502977252
modern,1,b_N100_V4,2.1839160472154617
modern,1,b_N100_V4,2.2487910464406013
modern,1,b_N100_V4,2.1834999788552523
modern,1,b_N100_V4,2.192790969274938
modern,1,b_N100_V4,2.241792040877044
modern,1,b_N100_V4,2.2192089818418026
modern,1,b_N100_V4,2.17720796354115
modern,1,b_N100_V4,2.2132500307634473
modern,1,b_N100_V4,2.180667011998594
modern,1,b_N100_V4,2.190832979977131
modern,1,b_N100_V4,2.1849580807611346
modern,1,b_N100_V4,2.2029170067980886
modern,1,b_N100_V4,2.1648750407621264
modern,1,b_N100_V4,2.1841670386493206
modern,1,b_N100_V4,2.1985420025885105
modern,1,b_N100_V4,2.1769580198451877
modern,1,b_N100_V4,2.185625024139881
modern,1,b_N100_V4,2.2100829519331455
modern,1,b_N100_V4,2.1666670218110085
modern,1,b_N100_V4,2.180667011998594
modern,1,b_N100_V4,2.2094170562922955
modern,1,b_N100_V4,2.180458977818489
modern,1,b_N100_V4,2.152959001250565
modern,1,b_N100_V4,2.195624983869493
modern,1,b_N100_V4,2.156540984287858
modern,1,b_N100_V4,2.2123330272734165
modern,1,b_N100_V4,2.167667029425502
modern,1,b_N100_V4,2.180290990509093
modern,1,b_N100_V4,2.1270830184221268
modern,1,b_N100_V4,2.2035411093384027
modern,1,b_N100_V4,2.1559580927714705
modern,1,b_N100_V4,2.2478329483419657
modern,1,b_N100_V4,2.1779589587822556
modern,1,b_N100_V4,2.1919580176472664
modern,1,b_N100_V4,2.1601669723168015
modern,1,b_N100_V4,2.223541960120201
modern,1,b_N100_V4,2.171791042201221
modern,1,b_N100_V4,2.1792500047013164
modern,1,b_N100_V4,2.156374976038933
modern,1,b_N100_V4,2.1741660311818123
modern,1,b_N100_V4,2.144583035260439
modern,1,b_N100_V4,2.16383405495435
modern,1,b_N100_V4,2.161666052415967
modern,1,b_N100_V4,2.1851659985259175
modern,1,b_N100_V4,2.176417037844658
modern,1,b_N100_V4,2.2531660506501794
modern,1,b_N100_V4,2.2015830036252737
modern,1,b_N100_V4,2.157707931473851
modern,1,b_N100_V4,2.164791920222342
modern,1,b_N100_V4,2.1439589327201247
modern,1,b_N100_V4,2.147582941688597
modern,1,b_N100_V4,2.1438340190798044
modern,1,b_N100_V4,2.1668339613825083
modern,1,b_N100_V4,2.134582959115505
modern,1,b_N100_V4,2.1327079739421606
modern,1,b_N100_V4,2.140791970305145
modern,1,b_N100_V4,2.1699999924749136
modern,1,b_N100_V4,2.134750015102327
modern,1,b_N100_V4,2.11837503593415
modern,1,b_N100_V4,2.1917499834671617
modern,1,b_N100_V4,2.1375000942498446
modern,1,b_N100_V4,2.228541998192668
modern,1,b_N100_V4,2.163458033464849
modern,1,b_N100_V4,2.130999928340316
modern,1,b_N100_V4,2.123249927535653
modern,1,b_N100_V4,2.125832950696349
modern,1,b_N100_V4,2.15466704685241
modern,1,b_N100_V4,2.166624995879829
modern,1,b_N100_V4,2.1366250002756715
modern,1,b_N100_V4,2.109832945279777
modern,1,b_N100_V4,2.11891601793468
modern,1,b_N100_V4,2.1500829607248306
modern,1,b_N100_V4,2.1268329583108425
modern,1,b_N100_V4,2.154792076908052
modern,1,b_N100_V4,2.140917000360787
modern,1,b_N100_V4,2.2162089589983225
modern,1,b_N100_V4,2.1306249545887113
modern,1,b_N100_V4,2.169458079151809
modern,1,b_N100_V4,2.123833983205259
modern,1,b_N100_V4,2.1213339641690254
modern,1,b_N100_V4,2.1362919360399246
modern,1,b_N100_V4,2.1219169721007347
modern,1,b_N100_V4,2.1207500249147415
modern,1,b_N100_V4,2.169625018723309
modern,1,b_N100_V4,2.133792033419013
modern,1,b_N100_V4,2.120250021107495
modern,1,b_N100_V4,2.1403749706223607
modern,1,b_N100_V4,2.1610830444842577
modern,1,b_N100_V4,2.1247920813038945
modern,1,b_N100_V4,2.1192500134930015
modern,1,b_N100_V4,2.118290984071791
modern,1,b_N100_V4,2.1074169781059027
modern,1,b_N100_V4,2.177832997404039
modern,1,b_N100_V4,2.1407909225672483
modern,1,b_N100_V4,2.116749994456768
modern,1,b_N100_V4,2.122666919603944
modern,1,b_N100_V4,2.1174579160287976
modern,1,b_N100_V4,2.714499947614968
modern,1,b_N100_V4,2.3008750285953283
modern,1,b_N100_V4,2.237917040474713
modern,1,b_N100_V4,2.2057919995859265
modern,1,b_N100_V4,2.1917499834671617
modern,1,b_N100_V4,2.1843749564141035
modern,1,b_N100_V4,2.166084013879299
modern,1,b_N100_V4,2.165375044569373
modern,1,b_N100_V4,2.250958001241088
modern,1,b_N100_V4,2.2206250578165054
modern,1,b_N100_V4,2.2518750047311187
modern,1,b_N100_V4,2.2202919935807586
modern,1,b_N100_V4,2.2125410614535213
modern,1,b_N100_V4,2.1813749335706234
modern,1,b_N100_V4,2.2118339547887444
modern,1,b_N100_V4,2.1719590295106173
modern,1,b_N100_V4,2.191124949604273
modern,1,b_N100_V4,2.19091703183949
modern,1,b_N100_V4,2.174625056795776
modern,1,b_N100_V4,2.2007080260664225
modern,1,b_N100_V4,2.1972920512780547
modern,1,b_N100_V4,2.2583750542253256
modern,1,b_N100_V4,2.1747080609202385
modern,1,b_N100_V4,2.1928329952061176
modern,1,b_N100_V4,2.1709169959649444
modern,1,b_N100_V4,2.211500075645745
modern,1,b_N100_V4,2.18187493737787
modern,1,b_N100_V4,2.178083057515323
modern,1,b_N100_V4,2.7127080829814076
modern,1,b_N100_V4,2.171874977648258
modern,1,b_N100_V4,2.1851250203326344
modern,1,b_N100_V4,2.202749950811267
modern,1,b_N100_V4,2.17354204505682
modern,1,b_N100_V4,2.1841670386493206
modern,1,b_N100_V4,2.1859999978914857
modern,1,b_N100_V4,2.1635000593960285
modern,1,b_N100_V4,2.1624170476570725
modern,1,b_N100_V4,2.1412500645965338
modern,1,b_N100_V4,2.1692500449717045
modern,1,b_N100_V4,2.1859590196982026
modern,1,b_N100_V4,2.178916009142995
modern,1,b_N100_V4,2.1742089884355664
modern,1,b_N100_V4,2.2022919729351997
modern,1,b_N100_V4,2.140666008926928
modern,1,b_N100_V4,2.189083956182003
modern,1,b_N100_V4,2.1709579741582274
modern,1,b_N100_V4,2.155040972866118
modern,1,b_N100_V4,2.1403339924290776
modern,1,b_N100_V4,2.1617079619318247
modern,1,b_N100_V4,2.183833043090999
modern,1,b_N100_V4,2.154375077225268
modern,1,b_N100_V4,2.1654580486938357
modern,1,b_N100_V4,2.1860830020159483
modern,1,b_N100_V4,2.15316703543067
modern,1,b_N100_V4,2.173334010876715
modern,1,b_N100_V4,2.273542108014226
modern,1,b_N100_V4,2.188249956816435
modern,1,b_N100_V4,2.135666902177036
modern,1,b_N100_V4,2.1678749471902847
modern,1,b_N100_V4,2.1707919659093022
modern,1,b_N100_V4,2.168250037357211
modern,1,b_N100_V4,2.143374993465841
modern,1,b_N100_V4,2.133958972990513
modern,1,b_N100_V4,2.168250037357211
modern,1,b_N100_V4,2.175917034037411
modern,1,b_N100_V4,2.181416959501803
modern,1,b_N100_V4,2.1620839834213257
modern,1,b_N100_V4,2.147583058103919
modern,1,b_N100_V4,2.2303329315036535
modern,1,b_N100_V4,2.1780829411000013
modern,1,b_N100_V4,2.3644169559702277
modern,1,b_N100_V4,2.1649579284712672
modern,1,b_N100_V4,2.158417017199099
modern,1,b_N100_V4,2.1892919903621078
modern,1,b_N100_V4,2.1392909111455083
modern,1,b_N100_V4,2.1473750239238143
modern,1,b_N100_V4,2.1386670414358377
modern,1,b_N100_V4,2.1487920312210917
modern,1,b_N100_V4,2.138082985766232
modern,1,b_N100_V4,2.146500046364963
modern,1,b_N100_V4,2.1351249888539314
modern,1,b_N100_V4,2.1252500591799617
modern,1,b_N100_V4,2.120458986610174
modern,1,b_N100_V4,2.154541085474193
modern,1,b_N100_V4,2.1343749249354005
modern,1,b_N100_V4,2.131165936589241
modern,1,b_N100_V4,2.447832957841456
modern,1,b_N100_V4,2.229832927696407
modern,1,b_N100_V4,2.152542001567781
modern,1,b_N100_V4,2.1316659403964877
modern,1,b_N100_V4,2.1845829905942082
modern,1,b_N100_V4,2.1310000447556376
modern,1,b_N100_V4,2.378624980337918
modern,1,b_N100_V4,2.145292004570365
modern,1,b_N100_V4,2.176084090024233
modern,1,b_N100_V4,2.1242500515654683
modern,1,b_N100_V4,2.130917040631175
modern,1,b_N100_V4,2.128833089955151
modern,1,b_N100_V4,2.126125036738813
modern,1,b_N100_V4,2.119207987561822
modern,1,b_N100_V4,2.1135839633643627
modern,1,b_N100_V4,2.1312079625204206
modern,1,b_N100_V4,2.1398329408839345
modern,1,b_N100_V4,2.1255839383229613
modern,1,b_N100_V4,2.149916021153331
modern,1,b_N100_V4,2.1243749652057886
modern,1,b_N100_V4,2.123999991454184
modern,1,b_N100_V4,2.114292001351714
modern,1,b_N100_V4,2.133833011612296
modern,1,b_N100_V4,2.1246670512482524
modern,1,b_N100_V4,2.143208053894341
modern,1,b_N100_V4,2.1048750495538116
modern,1,b_N100_V4,2.099041943438351
modern,1,b_N100_V4,2.098791068419814
modern,1,b_N100_V4,2.1053749369457364
modern,1,b_N100_V4,2.1600829204544425
modern,1,b_N100_V4,2.132499939762056
modern,1,b_N100_V4,2.114625065587461
modern,1,b_N100_V4,2.2496660239994526
modern,1,b_N100_V4,2.1340829553082585
modern,1,b_N100_V4,2.1229999838396907
modern,1,b_N100_V4,2.1083339815959334
modern,1,b_N100_V4,2.119458978995681
modern,1,b_N100_V4,2.113332971930504
modern,1,b_N100_V4,2.1450420608744025
modern,1,b_N100_V4,2.1348330192267895
modern,1,b_N100_V4,2.1191249834373593
modern,1,b_N100_V4,2.0918339723721147
modern,1,b_N100_V4,2.2132910089567304
modern,1,b_N100_V4,2.2127919364720583
modern,1,b_N100_V4,2.168125007301569
modern,1,b_N100_V4,2.1676250034943223
modern,1,b_N100_V4,2.165124984458089
modern,1,b_N100_V4,2.1602080669254065
modern,1,b_N100_V4,2.163125085644424
modern,1,b_N100_V4,2.1987920626997948
modern,1,b_N100_V4,2.145958016626537
modern,1,b_N100_V4,2.161374897696078
modern,1,b_N100_V4,2.2801669547334313
modern,1,b_N100_V4,2.160249976441264
modern,1,b_N100_V4,2.158166957087815
modern,1,b_N100_V4,2.153624896891415
modern,1,b_N100_V4,2.154832938686013
modern,1,b_N100_V4,2.1517090499401093
modern,1,b_N100_V4,2.1351249888539314
modern,1,b_N100_V4,2.1356670185923576
modern,1,b_N100_V4,2.2579170763492584
modern,1,b_N100_V4,2.1957920398563147
modern,1,b_N100_V4,2.1688750712201
modern,1,b_N100_V4,2.1415840601548553
modern,1,b_N100_V4,2.1499170688912272
modern,1,b_N100_V4,2.387666027061641
modern,1,b_N100_V4,2.1274168975651264
modern,1,b_N100_V4,2.159333089366555
modern,1,b_N100_V4,2.1345410495996475
modern,1,b_N100_V4,2.150624990463257
modern,1,b_N100_V4,2.1682499209418893
modern,1,b_N100_V4,2.1570828976109624
modern,1,b_N100_V4,2.1476249676197767
modern,1,b_N100_V4,2.168542006984353
modern,1,b_N100_V4,2.1399579709395766
modern,1,b_N100_V4,2.158542047254741
modern,1,b_N100_V4,2.1311669843271375
modern,1,b_N100_V4,2.1360829705372453
modern,1,b_N100_V4,2.137084025889635
modern,1,b_N100_V4,2.1246670512482524
modern,1,b_N100_V4,2.1497500129044056
modern,1,b_N100_V4,2.1607920061796904
modern,1,b_N100_V4,2.1216250024735928
modern,1,b_N100_V4,2.1927079651504755
modern,1,b_N100_V4,2.1276669576764107
modern,1,b_N100_V4,2.1188328973948956
modern,1,b_N100_V4,2.1602079505100846
modern,1,b_N100_V4,2.208749996498227
modern,1,b_N100_V4,2.1257089683786035
modern,1,b_N100_V4,2.1172920241951942
modern,1,b_N100_V4,2.133792033419013
modern,1,b_N100_V4,2.212041988968849
modern,1,b_N100_V4,2.1405420266091824
modern,1,b_N100_V4,2.150875050574541
modern,1,b_N100_V4,2.132166991941631
modern,1,b_N100_V4,2.126915962435305
modern,1,b_N100_V4,2.127333078533411
modern,1,b_N100_V4,2.128374995663762
modern,1,b_N100_V4,2.1213750587776303
modern,1,b_N100_V4,2.1458339178934693
modern,1,b_N100_V4,2.1228339755907655
modern,1,b_N100_V4,2.1283329697325826
modern,1,b_N100_V4,2.273417077958584
modern,1,b_N100_V4,2.2123329108580947
modern,1,b_N100_V4,2.2026660153642297
modern,1,b_N100_V4,2.1849169861525297
modern,1,b_N100_V4,2.1796670043841004
modern,1,b_N100_V4,2.1682080114260316
modern,1,b_N100_V4,2.1715830080211163
modern,1,b_N100_V4,2.1629580296576023
modern,1,b_N100_V4,2.154708025045693
modern,1,b_N100_V4,2.152791013941169
modern,1,b_N100_V4,2.198917092755437
modern,1,b_N100_V4,2.1537919528782368
modern,1,b_N100_V4,2.5896249571815133
modern,1,b_N100_V4,2.3099579848349094
modern,1,b_N100_V4,2.254875027574599
modern,1,b_N100_V4,2.2542920196428895
modern,1,b_N100_V4,2.222999930381775
modern,1,b_N100_V4,2.196958987042308
modern,1,b_N100_V4,2.204791991971433
modern,1,b_N100_V4,2.179333008825779
modern,1,b_N100_V4,2.250332967378199
modern,1,b_N100_V4,2.2044170182198286
modern,1,b_N100_V4,2.1905420580878854
modern,1,b_N100_V4,2.179083996452391
modern,1,b_N100_V4,2.187040983699262
modern,1,b_N100_V4,2.158957999199629
modern,1,b_N100_V4,2.1754169138148427
modern,1,b_N100_V4,2.174749970436096
modern,1,b_N100_V4,2.1964169573038816
modern,1,b_N100_V4,2.198666916228831
modern,1,b_N100_V4,2.1999169839546084
modern,1,b_N100_V4,2.2008329397067428
modern,1,b_N100_V4,2.1730420412495732
modern,1,b_N100_V4,2.1669999696314335
modern,1,b_N100_V4,2.196582965552807
modern,1,b_N100_V4,2.1977920550853014
modern,1,b_N100_V4,2.1638330072164536
modern,1,b_N100_V4,2.18008307274431
modern,1,b_N100_V4,2.1712500602006912
modern,1,b_N100_V4,2.164624980650842
modern,1,b_N100_V4,2.1741660311818123
modern,1,b_N100_V4,3.0175410211086273
modern,1,b_N100_V4,2.2941669449210167
modern,1,b_N100_V4,2.2410419769585133
modern,1,b_N100_V4,2.2168339928612113
modern,1,b_N100_V4,2.22566700540483
modern,1,b_N100_V4,2.1923750173300505
modern,1,b_N100_V4,2.212041988968849
modern,1,b_N100_V4,2.182625001296401
modern,1,b_N100_V4,2.200333052314818
modern,1,b_N100_V4,2.2571670124307275
modern,1,b_N100_V4,2.1962920436635613
modern,1,b_N100_V4,2.2212080657482147
modern,1,b_N100_V4,2.1618750179186463
modern,1,b_N100_V4,2.199375070631504
modern,1,b_N100_V4,2.170833060517907
modern,1,b_N100_V4,2.168874954804778
modern,1,b_N100_V4,2.169957966543734
modern,1,b_N100_V4,2.184457960538566
modern,1,b_N100_V4,2.181791001930833
modern,1,b_N100_V4,2.2501249331980944
modern,1,b_N100_V4,2.2710419725626707
modern,1,b_N100_V4,2.2291250061243773
modern,1,b_N100_V4,2.195082954131067
modern,1,b_N100_V4,2.1880000131204724
modern,1,b_N100_V4,2.2168339928612113
modern,1,b_N100_V4,2.1896250545978546
modern,1,b_N100_V4,2.18020798638463
modern,1,b_N100_V4,2.171833999454975
modern,1,b_N100_V4,2.1629170514643192
modern,1,b_N100_V4,2.21333303488791
modern,1,b_N100_V4,2.159374998882413
modern,1,b_N100_V4,2.184875076636672
modern,1,b_N100_V4,2.1787909790873528
modern,1,b_N100_V4,2.199208945967257
modern,1,b_N100_V4,2.17720796354115
modern,1,b_N100_V4,2.1537499269470572
modern,1,b_N100_V4,2.1740420488640666
modern,1,b_N100_V4,2.1574579877778888
modern,1,b_N100_V4,2.1521670278161764
modern,1,b_N100_V4,2.155209076590836
modern,1,b_N100_V4,2.1929999347776175
modern,1,b_N100_V4,2.253166981972754
modern,1,b_N100_V4,2.150542102754116
modern,1,b_N100_V4,2.155959024094045
modern,1,b_N100_V4,2.169625018723309
modern,1,b_N100_V4,2.1579170133918524
modern,1,b_N100_V4,2.1381669212132692
modern,1,b_N100_V4,2.1428329637274146
modern,1,b_N100_V4,2.157542039640248
modern,1,b_N100_V4,2.1897079423069954
modern,1,b_N100_V4,2.187749953009188
modern,1,b_N100_V4,2.1590000251308084
modern,1,b_N100_V4,2.1959999576210976
modern,1,b_N100_V4,2.148958039470017
modern,1,b_N100_V4,2.162459073588252
modern,1,b_N100_V4,2.1396660013124347
modern,1,b_N100_V4,2.1799580426886678
modern,1,b_N100_V4,2.1426670718938112
modern,1,b_N100_V4,2.1395001094788313
modern,1,b_N100_V4,2.1457920083776116
modern,1,b_N100_V4,2.1483339369297028
modern,1,b_N100_V4,2.151666092686355
modern,1,b_N100_V4,2.173874992877245
modern,1,b_N100_V4,2.1500419825315475
modern,1,b_N100_V4,2.1577499574050307
modern,1,b_N100_V4,2.1437089890241623
modern,1,b_N100_V4,2.1299580112099648
modern,1,b_N100_V4,2.1326669957488775
modern,1,b_N100_V4,2.149124979041517
modern,1,b_N100_V4,2.154416055418551
modern,1,b_N100_V4,2.2034579887986183
modern,1,b_N100_V4,2.1473329979926348
modern,1,b_N100_V4,2.1401250269263983
modern,1,b_N100_V4,2.1731670713052154
modern,1,b_N100_V4,2.1407920867204666
modern,1,b_N100_V4,2.1293330937623978
modern,1,b_N100_V4,2.1450830390676856
modern,1,b_N100_V4,2.2681669797748327
modern,1,b_N100_V4,2.163624973036349
modern,1,b_N100_V4,2.22604104783386
modern,1,b_N100_V4,2.3501249961555004
modern,1,b_N100_V4,2.2561250953003764
modern,1,b_N100_V4,2.1754580084234476
modern,1,b_N100_V4,2.22250004298985
modern,1,b_N100_V4,2.14712496381253
modern,1,b_N100_V4,2.5496669113636017
modern,1,b_N100_V4,2.267874893732369
modern,1,b_N100_V4,2.222499926574528
modern,1,b_N100_V4,2.244874951429665
modern,1,b_N100_V4,2.2038749884814024
modern,1,b_N100_V4,2.1938749123364687
modern,1,b_N100_V4,2.18941702041775
modern,1,b_N100_V4,2.173417015001178
modern,1,b_N100_V4,2.1910839714109898
modern,1,b_N100_V4,2.185916993767023
modern,1,b_N100_V4,2.1669160341843963
modern,1,b_N100_V4,2.1590840769931674
modern,1,b_N100_V4,2.157291048206389
modern,1,b_N100_V4,2.146832994185388
modern,1,b_N100_V4,2.158583956770599
modern,1,b_N100_V4,2.15833296533674
modern,1,b_N100_V4,2.1818329114466906
modern,1,b_N100_V4,2.148458966985345
modern,1,b_N100_V4,2.1589170210063457
modern,1,b_N100_V4,2.1925829350948334
modern,1,b_N100_V4,2.1459999261423945
modern,1,b_N100_V4,2.146582934074104
modern,1,b_N100_V4,2.1544579649344087
modern,1,b_N100_V4,2.148917061276734
modern,1,b_N100_V4,2.1482500014826655
modern,1,b_N100_V4,2.1458329865708947
modern,1,b_N100_V4,2.128708059899509
modern,1,b_N100_V4,2.137583098374307
modern,1,b_N100_V4,2.1418749820441008
modern,1,b_N100_V4,2.1757499780505896
modern,1,b_N100_V4,2.1351249888539314
modern,1,b_N100_V4,2.1295829210430384
modern,1,b_N100_V4,2.133250003680587
modern,1,b_N100_V4,2.123833983205259
modern,1,b_N100_V4,2.130916924215853
modern,1,b_N100_V4,2.1393749630078673
modern,1,b_N100_V4,2.1342920372262597
modern,1,b_N100_V4,2.1221659844741225
modern,1,b_N100_V4,2.1281250519677997
modern,1,b_N100_V4,2.120707998983562
modern,1,b_N100_V4,2.175290952436626
modern,1,b_N100_V4,2.1361670223996043
modern,1,b_N100_V4,2.1362080005928874
modern,1,b_N100_V4,2.12304200977087
modern,1,b_N100_V4,2.1177910966798663
modern,1,b_N100_V4,2.129624946974218
modern,1,b_N100_V4,2.1401250269263983
modern,1,b_N100_V4,2.1301249507814646
modern,1,b_N100_V4,2.1369169699028134
modern,1,b_N100_V4,2.1566658979281783
modern,1,b_N100_V4,2.5762500008568168
modern,1,b_N100_V4,2.27966601960361
modern,1,b_N100_V4,2.226541982963681
modern,1,b_N100_V4,2.220374997705221
modern,1,b_N100_V4,2.2741659777238965
modern,1,b_N100_V4,2.270999946631491
modern,1,b_N100_V4,2.231291960924864
modern,1,b_N100_V4,2.2021250333637
modern,1,b_N100_V4,2.2053749999031425
modern,1,b_N100_V4,2.2313750814646482
modern,1,b_N100_V4,2.2392080863937736
modern,1,b_N100_V4,2.1984580671414733
modern,1,b_N100_V4,2.213791012763977
modern,1,b_N100_V4,2.2019160678610206
modern,1,b_N100_V4,2.180707990191877
modern,1,b_N100_V4,2.218207926489413
modern,1,b_N100_V4,2.1879589185118675
modern,1,b_N100_V4,2.224082942120731
modern,1,b_N100_V4,2.186833997257054
modern,1,b_N100_V4,2.192041021771729
modern,1,b_N100_V4,2.1817079978063703
modern,1,b_N100_V4,2.2262500133365393
modern,1,b_N100_V4,2.175375004298985
modern,1,b_N100_V4,2.177917049266398
modern,1,b_N100_V4,2.1916250698268414
modern,1,b_N100_V4,2.1916660480201244
modern,1,b_N100_V4,2.1815000800415874
modern,1,b_N100_V4,2.2408339427784085
modern,1,b_N100_V4,2.161166979931295
modern,1,b_N100_V4,2.177832997404039
modern,1,b_N100_V4,2.172625041566789
modern,1,b_N100_V4,2.2942080395296216
modern,1,b_N100_V4,2.1549579687416553
modern,1,b_N100_V4,2.1742089884355664
modern,1,b_N100_V4,2.1815409418195486
modern,1,b_N100_V4,2.1795829525217414
modern,1,b_N100_V4,2.1717080380767584
modern,1,b_N100_V4,2.1671659778803587
modern,1,b_N100_V4,2.1628750255331397
modern,1,b_N100_V4,2.1771250758320093
modern,1,b_N100_V4,2.1730420412495732
modern,1,b_N100_V4,2.173583023250103
modern,1,b_N100_V4,2.1828339667990804
modern,1,b_N100_V4,2.1850410848855972
modern,1,b_N100_V4,2.161624957807362
modern,1,b_N100_V4,2.1790829487144947
modern,1,b_N100_V4,2.1739999065175653
modern,1,b_N100_V4,2.163416938856244
modern,1,b_N100_V4,2.185499994084239
modern,1,b_N100_V4,2.166207996197045
modern,1,b_N100_V4,2.15066596865654
modern,1,b_N100_V4,2.245499985292554
modern,1,b_N100_V4,2.191915991716087
modern,1,b_N100_V4,2.1810000762343407
modern,1,b_N100_V4,2.1739170188084245
modern,1,b_N100_V4,2.1756250644102693
modern,1,b_N100_V4,2.1564170019701123
modern,1,b_N100_V4,2.2098339395597577
modern,1,b_N100_V4,2.173291053622961
modern,1,b_N100_V4,2.1547500509768724
modern,1,b_N100_V4,2.1731669548898935
modern,1,b_N100_V4,2.1864159498363733
modern,1,b_N100_V4,2.1466249600052834
modern,1,b_N100_V4,2.2124169627204537
modern,1,b_N100_V4,2.2207910660654306
modern,1,b_N100_V4,2.211917075328529
modern,1,b_N100_V4,2.184291952289641
modern,1,b_N100_V4,2.1691248985007405
modern,1,b_N100_V4,2.167333965189755
modern,1,b_N100_V4,2.1667919354513288
modern,1,b_N100_V4,2.145916922017932
modern,1,b_N100_V4,2.1439589327201247
modern,1,b_N100_V4,2.133250003680587
modern,1,b_N100_V4,2.2174590267241
modern,1,b_N100_V4,2.175459056161344
modern,1,b_N100_V4,2.152874949388206
modern,1,b_N100_V4,2.146249986253679
modern,1,b_N100_V4,2.1445000311359763
modern,1,b_N100_V4,2.1342079853639007
modern,1,b_N100_V4,2.496834029443562
modern,1,b_N100_V4,2.2739170817658305
modern,1,b_N100_V4,2.225833013653755
modern,1,b_N100_V4,2.2053749999031425
modern,1,b_N100_V4,2.2280419943854213
modern,1,b_N100_V4,2.2804579930379987
modern,1,b_N100_V4,2.1601669723168015
modern,1,b_N100_V4,2.154208952561021
modern,1,b_N100_V4,2.1382078994065523
modern,1,b_N100_V4,2.1780419629067183
modern,1,b_N100_V4,2.145000034943223
modern,1,b_N100_V4,2.137457951903343
modern,1,b_N100_V4,2.134084003046155
modern,1,b_N100_V4,2.142708981409669
modern,1,b_N100_V4,2.9522080440074205
modern,1,b_N100_V4,2.311791991814971
modern,1,b_N100_V4,2.2690000478178263
modern,1,b_N100_V4,2.199083101004362
modern,1,b_N100_V4,2.1920419530943036
modern,1,b_N100_V4,2.188999904319644
modern,1,b_N100_V4,2.1745830308645964
modern,1,b_N100_V4,2.163833938539028
modern,1,b_N100_V4,2.1566249197348952
modern,1,b_N100_V4,2.1615829318761826
modern,1,b_N100_V4,2.1440000273287296
modern,1,b_N100_V4,2.194124972447753
modern,1,b_N100_V4,2.1613750141113997
modern,1,b_N100_V4,2.1460000425577164
modern,1,b_N100_V4,2.142250072211027
modern,1,b_N100_V4,2.1413330687209964
modern,1,b_N100_V4,2.1368340821936727
modern,1,b_N100_V4,2.1442919969558716
modern,1,b_N100_V4,2.3440420627593994
modern,1,b_N100_V4,2.1784589625895023
modern,1,b_N100_V4,2.15645891148597
modern,1,b_N100_V4,2.144458005204797
modern,1,b_N100_V4,2.1717919735237956
modern,1,b_N100_V4,2.140625030733645
modern,1,b_N100_V4,2.1487920312210917
modern,1,b_N100_V4,2.228084020316601
modern,1,b_N100_V4,2.150750020518899
modern,1,b_N100_V4,2.1371670300140977
modern,1,b_N100_V4,2.1242090733721852
modern,1,b_N100_V4,2.1256670588627458
modern,1,b_N100_V4,2.1419579861685634
modern,1,b_N100_V4,3.0429159523919225
modern,1,b_N100_V4,2.966207917779684
modern,1,b_N100_V4,3.1056669540703297
modern,1,b_N100_V4,2.9024159302935004
modern,1,b_N100_V4,3.081665956415236
modern,1,b_N100_V4,2.8972920263186097
modern,1,b_N100_V4,2.6486660353839397
modern,1,b_N100_V4,2.4086670018732548
modern,1,b_N100_V4,2.1868330659344792
modern,1,b_N100_V4,2.656791009940207
modern,1,b_N100_V4,2.6367499958723783
modern,1,b_N100_V4,2.9088339069858193
modern,1,b_N100_V4,3.09945794288069
modern,1,b_N100_V4,2.657374949194491
modern,1,b_N100_V4,2.6212920201942325
modern,1,b_N100_V4,2.4213329888880253
modern,1,b_N100_V4,2.6557919336482882
modern,1,b_N100_V4,2.6487079448997974
modern,1,b_N100_V4,2.8632499743252993
modern,1,b_N100_V4,2.6527500012889504
modern,1,b_N100_V4,2.70941702183336
modern,1,b_N100_V4,2.896375022828579
modern,1,b_N100_V4,2.644167048856616
modern,1,b_N100_V4,2.8655000496655703
modern,1,b_N100_V4,2.6200830470770597
modern,1,b_N100_V4,2.942332997918129
modern,1,b_N100_V4,2.190291997976601
modern,1,b_N100_V4,2.6531670009717345
modern,1,b_N100_V4,2.1801249822601676
modern,1,b_N100_V4,2.624416956678033
modern,1,b_N100_V4,2.642290899530053
modern,1,b_N100_V4,2.640790888108313
modern,1,b_N100_V4,2.9402499785646796
modern,1,b_N100_V4,2.405958017334342
modern,1,b_N100_V4,2.6533749187365174
modern,1,b_N100_V4,2.6273339753970504
modern,1,b_N100_V4,3.037207992747426
modern,1,b_N100_V4,2.632542047649622
modern,1,b_N100_V4,2.8716670349240303
modern,1,b_N100_V4,2.862208988517523
modern,1,b_N100_V4,2.6147080352529883
modern,1,b_N100_V4,2.8314999071881175
modern,1,b_N100_V4,2.642250037752092
modern,1,b_N100_V4,2.6387498946860433
modern,1,b_N100_V4,2.8125420212745667
modern,1,b_N100_V4,2.640457940287888
modern,1,b_N100_V4,2.6480419328436255
modern,1,b_N100_V4,2.423292025923729
modern,1,b_N100_V4,3.0323329847306013
modern,1,b_N100_V4,2.62320798356086
modern,1,b_N100_V4,2.6235419791191816
modern,1,b_N100_V4,2.8281660052016377
modern,1,b_N100_V4,2.463832963258028
modern,1,b_N100_V4,2.443209057673812
modern,1,b_N100_V4,3.0852080089971423
modern,1,b_N100_V4,2.9206250328570604
modern,1,b_N100_V4,3.05516691878438
modern,1,b_N100_V4,2.4377499939873815
modern,1,b_N100_V4,2.8539999620988965
modern,1,b_N100_V4,2.408333937637508
modern,1,b_N100_V4,2.247874974273145
modern,1,b_N100_V4,2.182625001296401
modern,1,b_N100_V4,2.1696670446544886
modern,1,b_N100_V4,2.1945409243926406
modern,1,b_N100_V4,2.120375051163137
modern,1,b_N100_V4,2.1302920067682862
modern,1,b_N100_V4,2.1461660508066416
modern,1,b_N100_V4,2.1686250111088157
modern,1,b_N100_V4,2.142417011782527
modern,1,b_N100_V4,2.5891250697895885
modern,1,b_N100_V4,2.2683750139549375
modern,1,b_N100_V4,2.2642089752480388
modern,1,b_N100_V4,2.2022079210728407
modern,1,b_N100_V4,2.2112919250503182
modern,1,b_N100_V4,2.2292499197646976
modern,1,b_N100_V4,2.1748750004917383
modern,1,b_N100_V4,2.160249976441264
modern,1,b_N100_V4,2.1801249822601676
modern,1,b_N100_V4,2.157042035833001
modern,1,b_N100_V4,2.168125007301569
modern,1,b_N100_V4,2.172791981138289
modern,1,b_N100_V4,2.1580420434474945
modern,1,b_N100_V4,2.1393330534920096
modern,1,b_N100_V4,2.1872500656172633
modern,1,b_N100_V4,2.190625062212348
modern,1,b_N100_V4,2.541125053539872
modern,1,b_N100_V4,2.314374898560345
modern,1,b_N100_V4,2.2272500209510326
modern,1,b_N100_V4,2.188541926443577
modern,1,b_N100_V4,2.183459000661969
modern,1,b_N100_V4,2.186874975450337
modern,1,b_N100_V4,2.16749997343868
modern,1,b_N100_V4,2.179750008508563
modern,1,b_N100_V4,2.1910000359639525
modern,1,b_N100_V4,2.209375030361116
modern,1,b_N100_V4,2.1763340337201953
modern,1,b_N100_V4,2.161958022043109
modern,1,b_N100_V4,2.1498750429600477
modern,1,b_N100_V4,2.1575000137090683
modern,1,b_N100_V4,2.1665829699486494
modern,1,b_N100_V4,2.139999996870756
modern,1,b_N100_V4,2.1540410816669464
modern,1,b_N100_V4,2.139416988939047
modern,1,b_N100_V4,2.14879191480577
modern,1,b_N100_V4,2.1535829873755574
modern,1,b_N100_V4,2.2119999630376697
modern,1,b_N100_V4,2.187624922953546
modern,1,b_N100_V4,2.188374986872077
modern,1,b_N100_V4,2.1437499672174454
modern,1,b_N100_V4,2.1333330078050494
modern,1,b_N100_V4,2.1384579595178366
modern,1,b_N100_V4,2.149541978724301
modern,1,b_N100_V4,2.137000090442598
modern,1,b_N100_V4,2.1490000654011965
modern,1,b_N100_V4,2.1343750413507223
modern,1,b_N100_V4,2.1747080609202385
modern,1,b_N100_V4,2.241249894723296
modern,1,b_N100_V4,2.184957964345813
modern,1,b_N100_V4,2.1381250116974115
modern,1,b_N100_V4,2.153625013306737
modern,1,b_N100_V4,2.2362909512594342
modern,1,b_N100_V4,2.2117079934105277
modern,1,b_N100_V4,2.19091703183949
modern,1,b_N100_V4,2.185957971960306
modern,1,b_N100_V4,2.1787909790873528
modern,1,b_N100_V4,2.210334059782326
modern,1,b_N100_V4,2.172083011828363
modern,1,b_N100_V4,2.17708304990083
modern,1,b_N100_V4,2.1677090553566813
modern,1,b_N100_V4,2.1727500716224313
modern,1,b_N100_V4,2.1554999984800816
modern,1,b_N100_V4,2.1601669723168015
modern,1,b_N100_V4,2.1757500944659114
modern,1,b_N100_V4,2.1568749798461795
modern,1,b_N100_V4,2.4162089684978127
modern,1,b_N100_V4,2.2318329429253936
modern,1,b_N100_V4,2.210416947491467
modern,1,b_N100_V4,2.1717919735237956
modern,1,b_N100_V4,2.179540926590562
modern,1,b_N100_V4,2.163665951229632
modern,1,b_N100_V4,2.181667019613087
modern,1,b_N100_V4,2.1635410375893116
modern,1,b_N100_V4,2.16299993917346
modern,1,b_N100_V4,2.150417072698474
modern,1,b_N100_V4,2.1592910634353757
modern,1,b_N100_V4,2.1852500503882766
modern,1,b_N100_V4,2.178249997086823
modern,1,b_N100_V4,2.182000083848834
modern,1,b_N100_V4,2.1577919833362103
modern,1,b_N100_V4,2.1733329631388187
modern,1,b_N100_V4,2.1718329517170787
modern,1,b_N100_V4,2.154707908630371
modern,1,b_N100_V4,2.139084041118622
modern,1,b_N100_V4,2.1360409446060658
modern,1,b_N100_V4,2.1496249828487635
modern,1,b_N100_V4,2.147249993868172
modern,1,b_N100_V4,2.1431660279631615
modern,1,b_N100_V4,2.257124986499548
modern,1,b_N100_V4,2.163709024898708
modern,1,b_N100_V4,2.159584080800414
modern,1,b_N100_V4,2.1480830619111657
modern,1,b_N100_V4,2.160541946068406
modern,1,b_N100_V4,2.149833017028868
modern,1,b_N100_V4,2.1494580432772636
modern,1,b_N100_V4,2.152249915525317
modern,1,b_N100_V4,2.1625409135594964
modern,1,b_N100_V4,2.1449580090120435
modern,1,b_N100_V4,2.1740839583799243
modern,1,b_N100_V4,2.1585000213235617
modern,1,b_N100_V4,2.1509999642148614
modern,1,b_N100_V4,2.1577089792117476
modern,1,b_N100_V4,2.145332982763648
modern,1,b_N100_V4,2.1475410321727395
modern,1,b_N100_V4,2.1602920023724437
modern,1,b_N100_V4,2.163083991035819
modern,1,b_N100_V4,2.163417055271566
modern,1,b_N100_V4,2.1591249387711287
modern,1,b_N100_V4,2.194583066739142
modern,1,b_N100_V4,2.1908750059083104
modern,1,b_N100_V4,2.155708963982761
modern,1,b_N100_V4,2.3123749997466803
modern,1,b_N100_V4,2.3112089838832617
modern,1,b_N100_V4,2.2915840381756425
modern,1,b_N100_V4,2.298958017490804
modern,1,b_N100_V4,2.1857089595869184
modern,1,b_N100_V4,2.292291959747672
modern,1,b_N100_V4,2.197457943111658
modern,1,b_N100_V4,2.199999988079071
modern,1,b_N100_V4,2.298415987752378
modern,1,b_N100_V4,2.2831669775769114
modern,1,b_N100_V4,2.1578329615294933
modern,1,b_N100_V4,2.211417071521282
modern,1,b_N100_V4,2.14208394754678
modern,1,b_N100_V4,2.252083970233798
modern,1,b_N100_V4,2.1504999604076147
modern,1,b_N100_V4,2.2617499344050884
modern,1,b_N100_V4,2.147833933122456
modern,1,b_N100_V4,3.154665930196643
modern,1,b_N100_V4,2.786541939713061
modern,1,b_N100_V4,2.3679169826209545
modern,1,b_N100_V4,2.231165999546647
modern,1,b_N100_V4,2.332167001441121
modern,1,b_N100_V4,2.218250068835914
modern,1,b_N100_V4,2.3102080449461937
modern,1,b_N100_V4,2.1979999728500843
modern,1,b_N100_V4,2.270875032991171
modern,1,b_N100_V4,2.2171250311657786
modern,1,b_N100_V4,2.3093749769032
modern,1,b_N100_V4,2.3240839364007115
modern,1,b_N100_V4,2.3168340558186173
modern,1,b_N100_V4,2.3149590706452727
modern,1,b_N100_V4,2.3537500528618693
modern,1,b_N100_V4,2.193916938267648
modern,1,b_N100_V4,2.3059999803081155
modern,1,b_N100_V4,2.1881660213693976
modern,1,b_N100_V4,2.298375009559095
modern,1,b_N100_V4,2.2105000680312514
modern,1,b_N100_V4,2.2564170649275184
modern,1,b_N100_V4,2.208000048995018
modern,1,b_N100_V4,2.3011249722912908
modern,1,b_N100_V4,2.2666670847684145
modern,1,b_N100_V4,2.277167048305273
modern,1,b_N100_V4,2.163833938539028
modern,1,b_N100_V4,2.281875000335276
modern,1,b_N100_V4,2.1893330849707127
modern,1,b_N100_V4,2.2514169104397297
modern,1,b_N100_V4,2.2162089589983225
modern,1,b_N100_V4,2.271957928314805
modern,1,b_N100_V4,2.171833999454975
modern,1,b_N100_V4,2.268709009513259
modern,1,b_N100_V4,2.3080420214682817
modern,1,b_N100_V4,2.272167010232806
modern,1,b_N100_V4,2.160875010304153
modern,1,b_N100_V4,2.264791983179748
modern,1,b_N100_V4,2.1832080092281103
modern,1,b_N100_V4,2.2429160308092833
modern,1,b_N100_V4,2.269666059873998
modern,1,b_N100_V4,2.1746669663116336
modern,1,b_N100_V4,2.2677918896079063
modern,1,b_N100_V4,2.291332930326462
modern,1,b_N100_V4,2.3054579505696893
modern,1,b_N100_V4,2.2472080308943987
modern,1,b_N100_V4,2.2085830569267273
modern,1,b_N100_V4,2.209541038610041
modern,1,b_N100_V4,2.2550420835614204
modern,1,b_N100_V4,2.215250045992434
modern,1,b_N100_V4,2.194958971813321
modern,1,b_N100_V4,2.1950419759377837
modern,1,b_N100_V4,2.1972499089315534
modern,1,b_N100_V4,2.1906669717282057
modern,1,b_N100_V4,2.227499964646995
modern,1,b_N100_V4,2.1928329952061176
modern,1,b_N100_V4,2.1843339782208204
modern,1,b_N100_V4,2.1953339455649257
modern,1,b_N100_V4,2.187208039686084
modern,1,b_N100_V4,2.1956670098006725
modern,1,b_N100_V4,2.1876670653000474
modern,1,b_N100_V4,2.1730000153183937
modern,1,b_N100_V4,2.1911250660195947
modern,1,b_N100_V4,2.192292013205588
modern,1,b_N100_V4,2.188500016927719
modern,1,b_N100_V4,2.221292001195252
modern,1,b_N100_V4,2.1829589968547225
modern,1,b_N100_V4,2.165541984140873
modern,1,b_N100_V4,2.591458964161575
modern,1,b_N100_V4,2.3085420252755284
modern,1,b_N100_V4,2.2596250055357814
modern,1,b_N100_V4,2.2682909620925784
modern,1,b_N100_V4,2.228209050372243
modern,1,b_N100_V4,2.264208043925464
modern,1,b_N100_V4,2.193792024627328
modern,1,b_N100_V4,2.229040954262018
modern,1,b_N100_V4,2.175666973926127
modern,1,b_N100_V4,2.1995410788804293
modern,1,b_N100_V4,2.174417022615671
modern,1,b_N100_V4,2.16737505979836
modern,1,b_N100_V4,2.175833913497627
modern,1,b_N100_V4,2.179083996452391
modern,1,b_N100_V4,2.173749962821603
modern,1,b_N100_V4,2.1649579284712672
modern,1,b_N100_V4,2.6028749998658895
modern,1,b_N100_V4,2.407124964520335
modern,1,b_N100_V4,2.252834034152329
modern,1,b_N100_V4,2.2530839778482914
modern,1,b_N100_V4,2.1997919538989663
modern,1,b_N100_V4,2.207249985076487
modern,1,b_N100_V4,2.1938750287517905
modern,1,b_N100_V4,2.1862920839339495
modern,1,b_N100_V4,2.1657090401276946
modern,1,b_N100_V4,2.184875076636672
modern,1,b_N100_V4,2.205000026151538
modern,1,b_N100_V4,2.177458954975009
modern,1,b_N100_V4,2.198041998781264
modern,1,b_N100_V4,2.1833330392837524
modern,1,b_N100_V4,2.1678749471902847
modern,1,b_N100_V4,2.172791981138289
modern,1,b_N100_V4,2.19979090616107
modern,1,b_N100_V4,2.1730000153183937
modern,1,b_N100_V4,2.1639589685946703
modern,1,b_N100_V4,2.253792015835643
modern,1,b_N100_V4,2.3001249646767974
modern,1,b_N100_V4,2.236457890830934
modern,1,b_N100_V4,2.2406670032069087
modern,1,b_N100_V4,2.1935829427093267
modern,1,b_N100_V4,2.1964579354971647
modern,1,b_N100_V4,2.1833329228684306
modern,1,b_N100_V4,2.2231669863685966
modern,1,b_N100_V4,2.174166962504387
modern,1,b_N100_V4,2.1930839866399765
modern,1,b_N100_V4,2.177624963223934
modern,1,b_N100_V4,2.1698330529034138
modern,1,b_N100_V4,2.171542029827833
modern,1,b_N100_V4,2.636207966133952
modern,1,b_N100_V4,2.329208073206246
modern,1,b_N100_V4,2.2239999379962683
modern,1,b_N100_V4,2.214082982391119
modern,1,b_N100_V4,2.237499924376607
modern,1,b_N100_V4,2.2176249185577035
modern,1,b_N100_V4,2.244624891318381
modern,1,b_N100_V4,2.208332996815443
modern,1,b_N100_V4,2.1698749624192715
modern,1,b_N100_V4,2.214916981756687
modern,1,b_N100_V4,2.163124969229102
modern,1,b_N100_V4,2.2274169605225325
modern,1,b_N100_V4,2.1594580030068755
modern,1,b_N100_V4,2.1828330354765058
modern,1,b_N100_V4,2.1708339918404818
modern,1,b_N100_V4,2.1809589816257358
modern,1,b_N100_V4,2.168582985177636
modern,1,b_N100_V4,2.2625839337706566
modern,1,b_N100_V4,2.1693329326808453
modern,1,b_N100_V4,2.1799580426886678
modern,1,b_N100_V4,2.165958983823657
modern,1,b_N100_V4,2.181457937695086
modern,1,b_N100_V4,2.194541972130537
modern,1,b_N100_V4,2.178249997086823
modern,1,b_N100_V4,2.157042035833001
modern,1,b_N100_V4,2.1786249708384275
modern,1,b_N100_V4,2.163124969229102
modern,1,b_N100_V4,2.1799580426886678
modern,1,b_N100_V4,2.220249967649579
modern,1,b_N100_V4,2.1712920861318707
modern,1,b_N100_V4,2.1836659871041775
modern,1,b_N100_V4,2.259250031784177
modern,1,b_N100_V4,2.834749990142882
modern,1,b_N100_V4,2.3590829223394394
modern,1,b_N100_V4,2.2873750422149897
modern,1,b_N100_V4,2.2149590076878667
modern,1,b_N100_V4,2.223458024673164
modern,1,b_N100_V4,2.204666961915791
modern,1,b_N100_V4,2.201333991251886
modern,1,b_N100_V4,2.215708023868501
modern,1,b_N100_V4,2.1709579741582274
modern,1,b_N100_V4,2.1986670326441526
modern,1,b_N100_V4,2.212250023148954
modern,1,b_N100_V4,2.1947079803794622
modern,1,b_N100_V4,2.198041998781264
modern,1,b_N100_V4,2.149500069208443
modern,1,b_N100_V4,2.1579579915851355
modern,1,b_N100_V4,2.216416993178427
modern,1,b_N100_V4,2.288250019773841
modern,1,b_N100_V4,2.2832920076325536
modern,1,b_N100_V4,2.2360420553013682
modern,1,b_N100_V4,2.2396250860765576
modern,1,b_N100_V4,2.2378750145435333
modern,1,b_N100_V4,2.208166988566518
modern,1,b_N100_V4,2.182499971240759
modern,1,b_N100_V4,2.200957969762385
modern,1,b_N100_V4,2.18037492595613
modern,1,b_N100_V4,2.177832997404039
modern,1,b_N100_V4,2.1949579240754247
modern,1,b_N100_V4,2.176000038161874
modern,1,b_N100_V4,2.5675829965621233
modern,1,b_N100_V4,2.1735409973189235
modern,1,b_N100_V4,2.1637079771608114
modern,1,b_N100_V4,2.210750011727214
modern,1,b_N100_V4,2.1896250545978546
modern,1,b_N100_V4,2.1387090673670173
modern,1,b_N100_V4,2.1935830591246486
modern,1,b_N100_V4,2.2187920985743403
modern,1,b_N100_V4,2.1745000267401338
modern,1,b_N100_V4,2.1717079216614366
modern,1,b_N100_V4,2.1787500008940697
modern,1,b_N100_V4,2.1859999978914857
modern,1,b_N100_V4,2.1691659931093454
modern,1,b_N100_V4,2.23237497266382
modern,1,b_N100_V4,2.148458966985345
modern,1,b_N100_V4,2.1515829721465707
modern,1,b_N100_V4,2.1670409478247166
modern,1,b_N100_V4,2.1626249654218554
modern,1,b_N100_V4,2.2181670647114515
modern,1,b_N100_V4,2.187333069741726
modern,1,b_N100_V4,2.1498340647667646
modern,1,b_N100_V4,2.2025000071153045
modern,1,b_N100_V4,2.1675419993698597
modern,1,b_N100_V4,2.1618749015033245
modern,1,b_N100_V4,2.1874579833820462
modern,1,b_N100_V4,2.183666918426752
modern,1,b_N100_V4,2.175541943870485
modern,1,b_N100_V4,2.5841249153017998
modern,1,b_N100_V4,2.215582993812859
modern,1,b_N100_V4,2.1979999728500843
modern,1,b_N100_V4,2.3005829425528646
modern,1,b_N100_V4,2.7645420050248504
modern,1,b_N100_V4,2.4237920297309756
modern,1,b_N100_V4,2.2722079884260893
modern,1,b_N100_V4,2.7288330020383
modern,1,b_N100_V4,2.3432500893250108
modern,1,b_N100_V4,2.2910000989213586
modern,1,b_N100_V4,2.269707969389856
modern,1,b_N100_V4,2.2620419040322304
modern,1,b_N100_V4,2.288541989400983
modern,1,b_N100_V4,2.2355419350787997
modern,1,b_N100_V4,2.24620895460248
modern,1,b_N100_V4,2.2117920452728868
modern,1,b_N100_V4,2.2288329200819135
modern,1,b_N100_V4,2.220083959400654
modern,1,b_N100_V4,2.211082959547639
modern,1,b_N100_V4,2.1751249441877007
modern,1,b_N100_V4,2.5435839779675007
modern,1,b_N100_V4,2.301290980540216
modern,1,b_N100_V4,3.024540957994759
modern,1,b_N100_V4,2.33445898629725
modern,1,b_N100_V4,2.24204093683511
modern,1,b_N100_V4,2.208417048677802
modern,1,b_N100_V4,2.209041966125369
modern,1,b_N100_V4,2.7352500474080443
modern,1,b_N100_V4,2.5111250579357147
modern,1,b_N100_V4,2.419791999273002
modern,1,b_N100_V4,2.2286250023171306
modern,1,b_N100_V4,2.3785000666975975
modern,1,b_N100_V4,2.184041077271104
modern,1,b_N100_V4,2.1798749221488833
modern,1,b_N100_V4,2.1824579453095794
modern,1,b_N100_V4,2.1695420145988464
modern,1,b_N100_V4,2.1676659816876054
modern,1,b_N100_V4,2.161374897696078
modern,1,b_N100_V4,2.2015420254319906
modern,1,b_N100_V4,2.1634999429807067
modern,1,b_N100_V4,2.16599996201694
modern,1,b_N100_V4,2.1453750086948276
modern,1,b_N100_V4,2.156500006094575
modern,1,b_N100_V4,2.1617909660562873
modern,1,b_N100_V4,2.1553749684244394
modern,1,b_N100_V4,2.1403750870376825
modern,1,b_N100_V4,2.142583020031452
modern,1,b_N100_V4,2.159541007131338
modern,1,b_N100_V4,2.1553330589085817
modern,1,b_N100_V4,2.1930000511929393
modern,1,b_N100_V4,2.1560000022873282
modern,1,b_N100_V4,2.161957905627787
modern,1,b_N100_V4,2.1634158911183476
modern,1,b_N100_V4,2.1386250155046582
modern,1,b_N100_V4,2.151540946215391
modern,1,b_N100_V4,2.142542041838169
modern,1,b_N100_V4,2.1617920137941837
modern,1,b_N100_V4,2.1434579975903034
modern,1,b_N100_V4,2.1334580378606915
modern,1,b_N100_V4,2.1644170628860593
modern,1,b_N100_V4,2.141500008292496
modern,1,b_N100_V4,2.151958062313497
modern,1,b_N100_V4,2.150458050891757
modern,1,b_N100_V4,2.1491250954568386
modern,1,b_N100_V4,2.1355419885367155
modern,1,b_N100_V4,2.140291966497898
modern,1,b_N100_V4,2.138082985766232
modern,1,b_N100_V4,2.1412079222500324
modern,1,b_N100_V4,2.138999989256263
modern,1,b_N100_V4,2.6642909506335855
modern,1,b_N100_V4,2.1748750004917383
modern,1,b_N100_V4,2.139999996870756
modern,1,b_N100_V4,2.261957968585193
modern,1,b_N100_V4,2.153416979126632
modern,1,b_N100_V4,2.1497500129044056
modern,1,b_N100_V4,2.563958056271076
modern,1,b_N100_V4,2.2957499604672194
modern,1,b_N100_V4,2.2435419959947467
modern,1,b_N100_V4,2.230124897323549
modern,1,b_N100_V4,2.2121669026091695
modern,1,b_N100_V4,2.2284589940682054
modern,1,b_N100_V4,2.3686669301241636
modern,1,b_N100_V4,2.2384169278666377
modern,1,b_N100_V4,2.261707908473909
modern,1,b_N100_V4,2.318790997378528
modern,1,b_N100_V4,2.2780420258641243
modern,1,b_N100_V4,2.329000039026141
modern,1,b_N100_V4,2.1922909654676914
modern,1,b_N100_V4,2.295291982591152
modern,1,b_N100_V4,2.171333064325154
modern,1,b_N100_V4,2.3564579896628857
modern,1,b_N100_V4,2.20379198435694
modern,1,b_N100_V4,2.2094170562922955
modern,1,b_N100_V4,2.1838750690221786
modern,1,b_N100_V4,2.2940830094739795
modern,1,b_N100_V4,2.241958980448544
modern,1,b_N100_V4,2.3105830186977983
modern,1,b_N100_V4,2.303916960954666
modern,1,b_N100_V4,2.326332964003086
modern,1,b_N100_V4,2.1909159841015935
modern,1,b_N100_V4,2.323125023394823
modern,1,b_N100_V4,2.1742499666288495
modern,1,b_N100_V4,2.28883302770555
modern,1,b_N100_V4,2.3071670439094305
modern,1,b_N100_V4,2.301375032402575
modern,1,b_N100_V4,2.1828330354765058
modern,1,b_N100_V4,2.2949579870328307
modern,1,b_N100_V4,2.251042053103447
modern,1,b_N100_V4,2.3111660266295075
modern,1,b_N100_V4,2.163583063520491
modern,1,b_N100_V4,2.2938339971005917
modern,1,b_N100_V4,2.322500105947256
modern,1,b_N100_V4,2.2982499795034528
modern,1,b_N100_V4,2.2420419845730066
modern,1,b_N100_V4,2.3162500001490116
modern,1,b_N100_V4,2.192916930653155
modern,1,b_N100_V4,2.3094579810276628
modern,1,b_N100_V4,2.3051659809425473
modern,1,b_N100_V4,2.3053750628605485
modern,1,b_N100_V4,2.2574589820578694
modern,1,b_N100_V4,2.2969580022618175
modern,1,b_N100_V4,2.237166976556182
modern,1,b_N100_V4,2.2845000494271517
modern,1,b_N100_V4,2.274707891047001
modern,1,b_N100_V4,2.3010000586509705
modern,1,b_N100_V4,2.1638749167323112
modern,1,b_N100_V4,2.312458003871143
modern,1,b_N100_V4,2.3165830643847585
modern,1,b_N100_V4,2.2583339596167207
modern,1,b_N100_V4,2.276749932207167
modern,1,b_N100_V4,2.342625055462122
modern,1,b_N100_V4,2.1944589680060744
modern,1,b_N100_V4,2.5487500242888927
modern,1,b_N100_V4,2.2632500622421503
modern,1,b_N100_V4,2.3145839804783463
modern,1,b_N100_V4,2.171125030145049
modern,1,b_N100_V4,2.287041977979243
modern,1,b_N100_V4,2.177917049266398
modern,1,b_N100_V4,2.2854580311104655
modern,1,b_N100_V4,2.2898330353200436
modern,1,b_N100_V4,2.293374971486628
modern,1,b_N100_V4,2.2216669749468565
modern,1,b_N100_V4,2.249708049930632
modern,1,b_N100_V4,2.1898329723626375
modern,1,b_N100_V4,2.2082909708842635
modern,1,b_N100_V4,2.166000078432262
modern,1,b_N100_V4,2.152125001884997
modern,1,b_N100_V4,2.143625053577125
modern,1,b_N100_V4,2.1273749880492687
modern,1,b_N100_V4,2.1572080440819263
modern,1,b_N100_V4,2.1405410952866077
modern,1,b_N100_V4,2.125541097484529
modern,1,b_N100_V4,2.1512919338420033
modern,1,b_N100_V4,2.1432499634101987
modern,1,b_N100_V4,2.129417029209435
modern,1,b_N100_V4,2.127625048160553
modern,1,b_N100_V4,2.1284579997882247
modern,1,b_N100_V4,2.1144170314073563
modern,1,b_N100_V4,2.1238750778138638
modern,1,b_N100_V4,2.1194160217419267
modern,1,b_N100_V4,2.1240829955786467
modern,1,b_N100_V4,2.120290999300778
modern,1,b_N100_V4,2.144249971024692
modern,1,b_N100_V4,2.142250072211027
modern,1,b_N100_V4,2.130333916284144
modern,1,b_N100_V4,2.145750098861754
modern,1,b_N100_V4,2.130916924215853
modern,1,b_N100_V4,2.114499919116497
modern,1,b_N100_V4,2.131290966644883
modern,1,b_N100_V4,2.1061250008642673
modern,1,b_N100_V4,2.126834006048739
modern,1,b_N100_V4,2.12508300319314
modern,1,b_N100_V4,2.1202079951763153
modern,1,b_N100_V4,2.1447499748319387
modern,1,b_N100_V4,2.2017499431967735
modern,1,b_N100_V4,2.1201249910518527
modern,1,b_N100_V4,2.1281250519677997
modern,1,b_N100_V4,2.120833029039204
modern,1,b_N100_V4,2.1190420957282186
modern,1,b_N100_V4,2.1164589561522007
modern,1,b_N100_V4,2.117499941959977
modern,1,b_N100_V4,2.1216669119894505
modern,1,b_N100_V4,2.117166994139552
modern,1,b_N100_V4,2.1209579426795244
modern,1,b_N100_V4,2.150957938283682
modern,1,b_N100_V4,2.1166669903323054
modern,1,b_N100_V4,2.113458001986146
modern,1,b_N100_V4,2.118124975822866
modern,1,b_N100_V4,2.12004198692739
modern,1,b_N100_V4,2.114083035849035
modern,1,b_N100_V4,2.1182920318096876
modern,1,b_N100_V4,2.1048750495538116
modern,1,b_N100_V4,2.117083058692515
modern,1,b_N100_V4,2.112292102538049
modern,1,b_N100_V4,2.142834011465311
modern,1,b_N100_V4,2.1219580667093396
modern,1,b_N100_V4,2.113416907377541
modern,1,b_N100_V4,2.1165419602766633
modern,1,b_N100_V4,2.1088329376652837
modern,1,b_N100_V4,2.105874940752983
modern,1,b_N100_V4,2.1292089950293303
modern,1,b_N100_V4,2.24137504119426
modern,1,b_N100_V4,2.239000052213669
modern,1,b_N100_V4,2.1989999804645777
modern,1,b_N100_V4,2.2295829840004444
modern,1,b_N100_V4,2.239791094325483
modern,1,b_N100_V4,2.1857089595869184
modern,1,b_N100_V4,2.1844999864697456
modern,1,b_N100_V4,2.1565419156104326
modern,1,b_N100_V4,2.1423749858513474
modern,1,b_N100_V4,2.1712089655920863
modern,1,b_N100_V4,2.1492920350283384
modern,1,b_N100_V4,2.169625018723309
modern,1,b_N100_V4,2.1781669929623604
modern,1,b_N100_V4,2.142000012099743
modern,1,b_N100_V4,2.174125052988529
modern,1,b_N100_V4,2.1677910117432475
modern,1,b_N100_V4,2.13779101613909
modern,1,b_N100_V4,2.1689999848604202
modern,1,b_N100_V4,2.178416005335748
modern,1,b_N100_V4,2.1748750004917383
modern,1,b_N100_V4,2.220124937593937
modern,1,b_N100_V4,2.1664579398930073
modern,1,b_N100_V4,2.1476249676197767
modern,1,b_N100_V4,2.148041967302561
modern,1,b_N100_V4,2.1937090205028653
modern,1,b_N100_V4,2.1610830444842577
modern,1,b_N100_V4,2.151499968022108
modern,1,b_N100_V4,2.170374966226518
modern,1,b_N100_V4,2.170042018406093
modern,1,b_N100_V4,2.159042051061988
modern,1,b_N100_V4,2.1520410664379597
modern,1,b_N100_V4,2.15162499807775
modern,1,b_N100_V4,2.171291969716549
modern,1,b_N100_V4,2.167416037991643
modern,1,b_N100_V4,2.184957964345813
modern,1,b_N100_V4,2.1910829236730933
modern,1,b_N100_V4,2.1813749335706234
modern,1,b_N100_V4,2.1473329979926348
modern,1,b_N100_V4,2.1620000479742885
modern,1,b_N100_V4,2.1649160189554095
modern,1,b_N100_V4,2.1502500167116523
modern,1,b_N100_V4,2.1554590202867985
modern,1,b_N100_V4,2.144875004887581
modern,1,b_N100_V4,2.1567499497905374
modern,1,b_N100_V4,2.16066709253937
modern,1,b_N100_V4,2.1932499948889017
modern,1,b_N100_V4,2.192875021137297
modern,1,b_N100_V4,2.2849589586257935
modern,1,b_N100_V4,2.87070800550282
modern,1,b_N100_V4,2.8695830842480063
modern,1,b_N100_V4,2.5066250236704946
modern,1,b_N100_V4,2.2563330130651593
modern,1,b_N100_V4,2.200332935899496
modern,1,b_N100_V4,3.2382089411839843
modern,1,b_N100_V4,2.876124926842749
modern,1,b_N100_V4,2.813915954902768
modern,1,b_N100_V4,2.4689589627087116
modern,1,b_N100_V4,2.255000057630241
modern,1,b_N100_V4,2.219791989773512
modern,1,b_N100_V4,2.716084010899067
modern,1,b_N100_V4,2.590749994851649
modern,1,b_N100_V4,2.4066249607130885
modern,1,b_N100_V4,2.5725000305101275
modern,1,b_N100_V4,2.308791968971491
modern,1,b_N100_V4,2.2637080401182175
modern,1,b_N100_V4,2.2765840403735638
modern,1,b_N100_V4,2.276333048939705
modern,1,b_N100_V4,2.2262079874053597
modern,1,b_N100_V4,2.224624971859157
modern,1,b_N100_V4,2.2111660800874233
modern,1,b_N100_V4,2.1769589511677623
modern,1,b_N100_V4,2.21662491094321
modern,1,b_N100_V4,2.187624922953546
modern,1,b_N100_V4,2.1832919446751475
modern,1,b_N100_V4,2.1944170584902167
modern,1,b_N100_V4,2.1490829531103373
modern,1,b_N100_V4,2.2115829633548856
modern,1,b_N100_V4,2.1707090782001615
modern,1,b_N100_V4,2.2025000071153045
modern,1,b_N100_V4,2.1682080114260316
modern,1,b_N100_V4,2.1859999978914857
modern,1,b_N100_V4,2.1926250774413347
modern,1,b_N100_V4,2.174125052988529
modern,1,b_N100_V4,2.182791940867901
modern,1,b_N100_V4,2.200750051997602
modern,1,b_N100_V4,2.17120791785419
modern,1,b_N100_V4,2.160208998247981
modern,1,b_N100_V4,2.2257500095292926
modern,1,b_N100_V4,2.170790918171406
modern,1,b_N100_V4,2.1882919827476144
modern,1,b_N100_V4,2.210875041782856
modern,1,b_N100_V4,2.1667920518666506
modern,1,b_N100_V4,2.173959044739604
modern,1,b_N100_V4,2.182000083848834
modern,1,b_N100_V4,2.168582985177636
modern,1,b_N100_V4,2.193583990447223
modern,1,b_N100_V4,2.206500037573278
modern,1,b_N100_V4,2.1841670386493206
modern,1,b_N100_V4,2.180167008191347
modern,1,b_N100_V4,2.1863330621272326
modern,1,b_N100_V4,2.1775829372927547
modern,1,b_N100_V4,2.1849999902769923
modern,1,b_N100_V4,2.187583944760263
modern,1,b_N100_V4,2.1823749411851168
modern,1,b_N100_V4,2.1648749243468046
modern,1,b_N100_V4,2.159290947020054
modern,1,b_N100_V4,2.1609580144286156
modern,1,b_N100_V4,2.1504589822143316
modern,1,b_N100_V4,2.1963330218568444
modern,1,b_N100_V4,2.169208019040525
modern,1,b_N100_V4,2.176084090024233
modern,1,b_N100_V4,2.1144580096006393
modern,1,b_N100_V4,2.1323750261217356
modern,1,b_N100_V4,2.1620839834213257
modern,1,b_N100_V4,2.1821660920977592
modern,1,b_N100_V4,2.169000101275742
modern,1,b_N100_V4,2.166084013879299
modern,1,b_N100_V4,2.169374958612025
modern,1,b_N100_V4,2.203207928687334
modern,1,b_N100_V4,2.167792059481144
modern,1,b_N100_V4,2.2724579321220517
modern,1,b_N100_V4,2.2709169425070286
modern,1,b_N100_V4,2.26329208817333
modern,1,b_N100_V4,2.2113339509814978
modern,1,b_N100_V4,2.1763750119134784
modern,1,b_N100_V4,2.2134159225970507
modern,1,b_N100_V4,2.2298339754343033
modern,1,b_N100_V4,2.2080419585108757
modern,1,b_N100_V4,2.2577079944312572
modern,1,b_N100_V4,2.2005420178174973
modern,1,b_N100_V4,2.214499982073903
modern,1,b_N100_V4,2.1600830368697643
modern,1,b_N100_V4,2.1982500329613686
modern,1,b_N100_V4,2.2023339988663793
modern,1,b_N100_V4,2.1896660327911377
modern,1,b_N100_V4,2.2232920164242387
modern,1,b_N100_V4,2.19579110853374
modern,1,b_N100_V4,2.1754580084234476
modern,1,b_N100_V4,2.21895903814584
modern,1,b_N100_V4,2.21129204146564
modern,1,b_N100_V4,2.229625009931624
modern,1,b_N100_V4,2.15516600292176
modern,1,b_N100_V4,2.202417002990842
modern,1,b_N100_V4,2.1863329457119107
modern,1,b_N100_V4,2.212999970652163
modern,1,b_N100_V4,2.1900410065427423
modern,1,b_N100_V4,2.2216669749468565
modern,1,b_N100_V4,2.1435420494526625
modern,1,b_N100_V4,2.1862920839339495
modern,1,b_N100_V4,2.212833031080663
modern,1,b_N100_V4,2.202874980866909
modern,1,b_N100_V4,2.1909999195486307
modern,1,b_N100_V4,2.1814160281792283
modern,1,b_N100_V4,2.2082499926909804
modern,1,b_N100_V4,2.1910000359639525
modern,1,b_N100_V4,2.163333003409207
modern,1,b_N100_V4,2.6615840615704656
modern,1,b_N100_V4,2.262667054310441
modern,1,b_N100_V4,2.191875013522804
modern,1,b_N100_V4,2.2333329543471336
modern,1,b_N100_V4,2.219459041953087
modern,1,b_N100_V4,2.1574579877778888
modern,1,b_N100_V4,2.1994999842718244
modern,1,b_N100_V4,2.180459094233811
modern,1,b_N100_V4,2.2479170002043247
modern,1,b_N100_V4,2.1950840018689632
modern,1,b_N100_V4,2.2074589505791664
modern,1,b_N100_V4,2.1666669053956866
modern,1,b_N100_V4,2.1252919686958194
modern,1,b_N100_V4,2.1759159862995148
modern,1,b_N100_V4,2.1958749275654554
modern,1,b_N100_V4,2.167584025301039
modern,1,b_N100_V4,2.1751250606030226
modern,1,b_N100_V4,2.147458028048277
modern,1,b_N100_V4,2.1351659670472145
modern,1,b_N100_V4,2.1356670185923576
modern,1,b_N100_V4,2.133083064109087
modern,1,b_N100_V4,2.134417067281902
modern,1,b_N100_V4,2.132417052052915
modern,1,b_N100_V4,2.1597499726340175
modern,1,b_N100_V4,2.3660409497097135
modern,1,b_N100_V4,2.292416989803314
modern,1,b_N100_V4,2.3179580457508564
modern,1,b_N100_V4,2.308333059772849
modern,1,b_N100_V4,2.182291937060654
modern,1,b_N100_V4,2.2372090024873614
modern,1,b_N100_V4,2.1372080082073808
modern,1,b_N100_V4,2.3043330293148756
modern,1,b_N100_V4,2.1595839643850923
modern,1,b_N100_V4,2.3019169457256794
modern,1,b_N100_V4,2.2694170475006104
modern,1,b_N100_V4,2.259041997604072
modern,1,b_N100_V4,2.155209076590836
modern,1,b_N100_V4,2.20662506762892
modern,1,b_N100_V4,2.1173330023884773
modern,1,b_N100_V4,2.2185409907251596
modern,1,b_N100_V4,2.220708061940968
modern,1,b_N100_V4,2.1977920550853014
modern,1,b_N100_V4,2.197791007347405
modern,1,b_N100_V4,2.2184998961165547
modern,1,b_N100_V4,2.1322090178728104
modern,1,b_N100_V4,2.2635830100625753
modern,1,b_N100_V4,2.2142919478937984
modern,1,b_N100_V4,2.147875027731061
modern,1,b_N100_V4,2.1285420516505837
modern,1,b_N100_V4,2.1866660099476576
modern,1,b_N100_V4,2.2314590169116855
modern,1,b_N100_V4,2.237041015177965
modern,1,b_N100_V4,2.116583054885268
modern,1,b_N100_V4,2.1933340467512608
modern,1,b_N100_V4,2.231165999546647
modern,1,b_N100_V4,2.237541018985212
modern,1,b_N100_V4,2.1306249545887113
modern,1,b_N100_V4,2.1973749389871955
modern,1,b_N100_V4,2.115874900482595
modern,1,b_N100_V4,2.6801249478012323
modern,1,b_N100_V4,2.3650829680263996
modern,1,b_N100_V4,2.3540830006822944
modern,1,b_N100_V4,2.255083993077278
modern,1,b_N100_V4,2.312875003553927
modern,1,b_N100_V4,2.1871660137549043
modern,1,b_N100_V4,2.3290839744731784
modern,1,b_N100_V4,2.3291250690817833
modern,1,b_N100_V4,2.25558306556195
modern,1,b_N100_V4,2.178541966713965
modern,1,b_N100_V4,2.2047910606488585
modern,1,b_N100_V4,2.2494170116260648
modern,1,b_N100_V4,2.2591669112443924
modern,1,b_N100_V4,2.2016250295564532
modern,1,b_N100_V4,2.2301669232547283
modern,1,b_N100_V4,2.131124958395958
modern,1,b_N100_V4,2.2457499289885163
modern,1,b_N100_V4,2.296707942150533
modern,1,b_N100_V4,2.2507089888677
modern,1,b_N100_V4,2.1526250056922436
modern,1,b_N100_V4,2.210250007919967
modern,1,b_N100_V4,2.247750060632825
modern,1,b_N100_V4,2.2338340058922768
modern,1,b_N100_V4,2.278874977491796
modern,1,b_N100_V4,2.272250014357269
modern,1,b_N100_V4,2.253500046208501
modern,1,b_N100_V4,2.2339170100167394
modern,1,b_N100_V4,2.220875001512468
modern,1,b_N100_V4,2.178875030949712
modern,1,b_N100_V4,2.1645829547196627
modern,1,b_N100_V4,2.1799589740112424
modern,1,b_N100_V4,2.1620410261675715
modern,1,b_N100_V4,2.5434159906581044
modern,1,b_N100_V4,2.1983340848237276
modern,1,b_N100_V4,2.1709579741582274
modern,1,b_N100_V4,2.1390001056715846
modern,1,b_N100_V4,2.1566660143435
modern,1,b_N100_V4,2.162916003726423
modern,1,b_N100_V4,2.2035829024389386
modern,1,b_N100_V4,2.1390839247033
modern,1,b_N100_V4,2.155583002604544
modern,1,b_N100_V4,2.1415420342236757
modern,1,b_N100_V4,2.162041957490146
modern,1,b_N100_V4,2.145958016626537
modern,1,b_N100_V4,2.1654999582096934
modern,1,b_N100_V4,2.147249993868172
modern,1,b_N100_V4,2.148041035979986
modern,1,b_N100_V4,2.1493330132216215
modern,1,b_N100_V4,2.165250014513731
modern,1,b_N100_V4,2.1513750543817878
modern,1,b_N100_V4,2.145000034943223
modern,1,b_N100_V4,2.135541057214141
modern,1,b_N100_V4,2.1347079891711473
modern,1,b_N100_V4,2.1250410936772823
modern,1,b_N100_V4,2.125917002558708
modern,1,b_N100_V4,2.150332904420793
modern,1,b_N100_V4,2.154249930754304
modern,1,b_N100_V4,2.1426669554784894
modern,1,b_N100_V4,2.1455829264596105
modern,1,b_N100_V4,2.1640839986503124
modern,1,b_N100_V4,2.129583968780935
modern,1,b_N100_V4,2.13945796713233
modern,1,b_N100_V4,2.139040967449546
modern,1,b_N100_V4,2.2027090890333056
modern,1,b_N100_V4,2.144708065316081
modern,1,b_N100_V4,2.1494170650839806
modern,1,b_N100_V4,2.9140410479158163
modern,1,b_N100_V4,2.2866250947117805
modern,1,b_N100_V4,2.238999935798347
modern,1,b_N100_V4,2.281000022776425
modern,1,b_N100_V4,2.2504579974338412
modern,1,b_N100_V4,2.223749994300306
modern,1,b_N100_V4,2.1953750401735306
modern,1,b_N100_V4,2.2030830150470138
modern,1,b_N100_V4,2.262874972075224
modern,1,b_N100_V4,2.2207499714568257
modern,1,b_N100_V4,2.1867910400032997
modern,1,b_N100_V4,2.182208001613617
modern,1,b_N100_V4,2.1849169861525297
modern,1,b_N100_V4,2.1709169959649444
modern,1,b_N100_V4,2.2066670935600996
modern,1,b_N100_V4,2.1880839485675097
modern,1,b_N100_V4,2.1772501058876514
modern,1,b_N100_V4,2.1763750119134784
modern,1,b_N100_V4,2.1769169252365828
modern,1,b_N100_V4,2.291332930326462
modern,1,b_N100_V4,2.2298749536275864
modern,1,b_N100_V4,2.20595789141953
modern,1,b_N100_V4,2.193916938267648
modern,1,b_N100_V4,2.174749970436096
modern,1,b_N100_V4,2.3073749616742134
modern,1,b_N100_V4,2.212374936789274
modern,1,b_N100_V4,2.1727089770138264
modern,1,b_N100_V4,2.152916043996811
modern,1,b_N100_V4,2.2804579930379987
modern,1,b_N100_V4,2.186583005823195
modern,1,b_N100_V4,2.1426250459626317
modern,1,b_N100_V4,2.4169579846784472
modern,1,b_N100_V4,2.150458050891757
modern,1,b_N100_V4,2.172167063690722
modern,1,b_N100_V4,2.2033749846741557
modern,1,b_N100_V4,2.1848330507054925
modern,1,b_N100_V4,2.2988750133663416
modern,1,b_N100_V4,2.15150008443743
modern,1,b_N100_V4,2.148666069842875
modern,1,b_N100_V4,2.1825419971719384
modern,1,b_N100_V4,2.224082942120731
modern,1,b_N100_V4,2.7507080230861902
modern,1,b_N100_V4,2.265542047098279
modern,1,b_N100_V4,2.202874980866909
modern,1,b_N100_V4,2.1527500357478857
modern,1,b_N100_V4,2.218708978034556
modern,1,b_N100_V4,2.1852910285815597
modern,1,b_N100_V4,2.1725420374423265
modern,1,b_N100_V4,2.15000007301569
modern,1,b_N100_V4,2.1630829432979226
modern,1,b_N100_V4,2.139250049367547
modern,1,b_N100_V4,2.117290976457298
modern,1,b_N100_V4,2.1317079663276672
modern,1,b_N100_V4,2.1740830270573497
modern,1,b_N100_V4,2.1626249654218554
modern,1,b_N100_V4,2.1626249654218554
modern,1,b_N100_V4,2.1448329789564013
modern,1,b_N100_V4,2.156415954232216
modern,1,b_N100_V4,2.222541021183133
modern,1,b_N100_V4,2.1883329609408975
modern,1,b_N100_V4,2.1721250377595425
modern,1,b_N100_V4,2.15466704685241
modern,1,b_N100_V4,2.139250049367547
modern,1,b_N100_V4,2.1505000768229365
modern,1,b_N100_V4,2.1621249616146088
modern,1,b_N100_V4,2.189458115026355
modern,1,b_N100_V4,2.2156669292598963
modern,1,b_N100_V4,2.141791977919638
modern,1,b_N100_V4,2.1745000267401338
modern,1,b_N100_V4,2.140625030733645
modern,1,b_N100_V4,2.153625013306737
modern,1,b_N100_V4,2.1791670005768538
modern,1,b_N100_V4,2.15162499807775
modern,1,b_N100_V4,2.1340829553082585
modern,1,b_N100_V4,2.145749982446432
modern,1,b_N100_V4,2.151041990146041
modern,1,b_N100_V4,2.1857500541955233
modern,1,b_N100_V4,2.1529579535126686
modern,1,b_N100_V4,2.1785000571981072
modern,1,b_N100_V4,2.2686250740662217
modern,1,b_N100_V4,2.293833065778017
modern,1,b_N100_V4,2.2803330793976784
modern,1,b_N100_V4,2.241874928586185
modern,1,b_N100_V4,2.1996250143274665
modern,1,b_N100_V4,2.2412920370697975
modern,1,b_N100_V4,2.2159169893711805
modern,1,b_N100_V4,2.2601670352742076
modern,1,b_N100_V4,2.2327089682221413
modern,1,b_N100_V4,2.2435829741880298
modern,1,b_N100_V4,2.217791974544525
modern,1,b_N100_V4,2.293374971486628
modern,1,b_N100_V4,2.2088750265538692
modern,1,b_N100_V4,2.2097500041127205
modern,1,b_N100_V4,2.1975840209051967
modern,1,b_N100_V4,2.1926671033725142
modern,1,b_N100_V4,2.188708051107824
modern,1,b_N100_V4,2.2294160444289446
modern,1,b_N100_V4,2.2417919244617224
modern,1,b_N100_V4,2.1940419683232903
modern,1,b_N100_V4,2.238792018033564
modern,1,b_N100_V4,2.166333026252687
modern,1,b_N100_V4,2.2058329777792096
modern,1,b_N100_V4,2.23016703967005
modern,1,b_N100_V4,2.2073329892009497
modern,1,b_N100_V4,2.2167080314829946
modern,1,b_N100_V4,2.2231669863685966
modern,1,b_N100_V4,2.1942920284345746
modern,1,b_N100_V4,2.225833013653755
modern,1,b_N100_V4,2.2016670554876328
modern,1,b_N100_V4,2.2172080352902412
modern,1,b_N100_V4,2.2027920931577682
modern,1,b_N100_V4,2.1858339896425605
modern,1,b_N100_V4,2.2057919995859265
modern,1,b_N100_V4,2.1450829226523638
modern,1,b_N100_V4,2.1440000273287296
modern,1,b_N100_V4,2.2152909077703953
modern,1,b_N100_V4,2.197124995291233
modern,1,b_N100_V4,2.2061249474063516
modern,1,b_N100_V4,2.1914170356467366
modern,1,b_N100_V4,2.2208329755812883
modern,1,b_N100_V4,2.199250040575862
modern,1,b_N100_V4,2.1706250263378024
modern,1,b_N100_V4,2.2217920050024986
modern,1,b_N100_V4,2.189874998293817
modern,1,b_N100_V4,2.1881250431761146
modern,1,b_N100_V4,2.159917028620839
modern,1,b_N100_V4,2.1935419645160437
modern,1,b_N100_V4,2.1884170128032565
modern,1,b_N100_V4,2.2391669917851686
modern,1,b_N100_V4,2.203166950494051
modern,1,b_N100_V4,2.1816249936819077
modern,1,b_N100_V4,2.1662910003215075
modern,1,b_N100_V4,2.2080839844420552
modern,1,b_N100_V4,2.1772499894723296
modern,1,b_N100_V4,2.1984169725328684
modern,1,b_N100_V4,2.184250042773783
modern,1,b_N100_V4,2.1889579948037863
modern,1,b_N100_V4,2.1643340587615967
modern,1,b_N100_V4,2.224750001914799
modern,1,b_N100_V4,2.2686249576509
modern,1,b_N100_V4,2.1982499165460467
modern,1,b_N100_V4,2.223416930064559
modern,1,b_N100_V4,2.1757499780505896
modern,1,b_N100_V4,2.178666996769607
modern,1,b_N100_V4,2.1698339842259884
modern,1,b_N100_V4,2.1932499948889017
modern,1,b_N100_V4,2.141708042472601
modern,1,b_N100_V4,2.1705840481445193
modern,1,b_N100_V4,2.257875050418079
modern,1,b_N100_V4,2.2526250686496496
modern,1,b_N100_V4,2.165083074942231
modern,1,b_N100_V4,2.1769580198451877
modern,1,b_N100_V4,2.1505000768229365
modern,1,b_N100_V4,2.1623329957947135
modern,1,b_N100_V4,2.1909161005169153
modern,1,b_N100_V4,2.171332947909832
modern,1,b_N100_V4,2.17254098970443
modern,1,b_N100_V4,2.1840829867869616
modern,1,b_N100_V4,2.1665829699486494
modern,1,b_N100_V4,2.231874968856573
modern,1,b_N100_V4,2.197541994974017
modern,1,b_N100_V4,2.6096670189872384
modern,1,b_N100_V4,2.3083750857040286
modern,1,b_N100_V4,2.289333031512797
modern,1,b_N100_V4,2.255207975395024
modern,1,b_N100_V4,2.289209049195051
modern,1,b_N100_V4,2.306291018612683
modern,1,b_N100_V4,2.239458030089736
modern,1,b_N100_V4,2.200291957706213
modern,1,b_N100_V4,2.2334170062094927
modern,1,b_N100_V4,2.1914580138400197
modern,1,b_N100_V4,2.1974159171804786
modern,1,b_N100_V4,2.1919580176472664
modern,1,b_N100_V4,2.22100003156811
modern,1,b_N100_V4,2.2002500481903553
modern,1,b_N100_V4,2.185208024457097
modern,1,b_N100_V4,2.1881669526919723
modern,1,b_N100_V4,2.1906669717282057
modern,1,b_N100_V4,2.1818330278620124
modern,1,b_N100_V4,2.2440829779952765
modern,1,b_N100_V4,2.2781670559197664
modern,1,b_N100_V4,2.208041027188301
modern,1,b_N100_V4,2.191083040088415
modern,1,b_N100_V4,2.1944999461993575
modern,1,b_N100_V4,2.1671669092029333
modern,1,b_N100_V4,2.212457940913737
modern,1,b_N100_V4,2.181457937695086
modern,1,b_N100_V4,2.198916976340115
modern,1,b_N100_V4,2.178916009142995
modern,1,b_N100_V4,2.1822090493515134
modern,1,b_N100_V4,2.191249979659915
modern,1,b_N100_V4,2.1908750059083104
modern,1,b_N100_V4,2.1404590224847198
modern,1,b_N100_V4,2.194999950006604
modern,1,b_N100_V4,2.1725830156356096
modern,1,b_N100_V4,2.1640420891344547
modern,1,b_N100_V4,2.529500052332878
modern,1,b_N100_V4,2.1659580525010824
modern,1,b_N100_V4,2.181999967433512
modern,1,b_N100_V4,2.27479194290936
modern,1,b_N100_V4,2.2910829866304994
modern,1,b_N100_V4,2.19858402851969
modern,1,b_N100_V4,2.200332935899496
modern,1,b_N100_V4,2.2023749770596623
modern,1,b_N100_V4,2.1956670098006725
modern,1,b_N100_V4,2.169625018723309
modern,1,b_N100_V4,2.1891669603064656
modern,1,b_N100_V4,2.2085410309955478
modern,1,b_N100_V4,2.1786249708384275
modern,1,b_N100_V4,2.5374579709023237
modern,1,b_N100_V4,2.2622920805588365
modern,1,b_N100_V4,2.201082999818027
modern,1,b_N100_V4,2.185167046263814
modern,1,b_N100_V4,2.1896250545978546
modern,1,b_N100_V4,2.175291068851948
modern,1,b_N100_V4,2.141374978236854
modern,1,b_N100_V4,2.1836250089108944
modern,1,b_N100_V4,2.1565830102190375
modern,1,b_N100_V4,2.1760829258710146
modern,1,b_N100_V4,2.1549169905483723
modern,1,b_N100_V4,2.1877909312024713
modern,1,b_N100_V4,2.1932499948889017
modern,1,b_N100_V4,2.2081249626353383
modern,1,b_N100_V4,2.1923340391367674
modern,1,b_N100_V4,2.1641249768435955
modern,1,b_N100_V4,2.181250019930303
modern,1,b_N100_V4,2.180416020564735
modern,1,b_N100_V4,2.1804170683026314
modern,1,b_N100_V4,2.6929170126095414
modern,1,b_N100_V4,2.3170410422608256
modern,1,b_N100_V4,2.263166941702366
modern,1,b_N100_V4,2.2012079134583473
modern,1,b_N100_V4,2.2599579533562064
modern,1,b_N100_V4,2.2086669923737645
modern,1,b_N100_V4,2.2159169893711805
modern,1,b_N100_V4,2.2242909763008356
modern,1,b_N100_V4,2.1908750059083104
modern,1,b_N100_V4,2.221125061623752
modern,1,b_N100_V4,2.2077090106904507
modern,1,b_N100_V4,2.2072920110076666
modern,1,b_N100_V4,2.2852920228615403
modern,1,b_N100_V4,2.2257909877225757
modern,1,b_N100_V4,2.244875067844987
modern,1,b_N100_V4,2.1945839980617166
modern,1,b_N100_V4,2.2172919707372785
modern,1,b_N100_V4,2.2099169436842203
modern,1,b_N100_V4,2.194667002186179
modern,1,b_N100_V4,2.1908340277150273
modern,1,b_N100_V4,2.2189170122146606
modern,1,b_N100_V4,2.184416982345283
modern,1,b_N100_V4,2.1835840307176113
modern,1,b_N100_V4,2.183542004786432
modern,1,b_N100_V4,2.1777499932795763
modern,1,b_N100_V4,2.2050420520827174
modern,1,b_N100_V4,2.1879159612581134
modern,1,b_N100_V4,2.2049170220270753
modern,1,b_N100_V4,2.184791024774313
modern,1,b_N100_V4,2.1757500944659114
modern,1,b_N100_V4,2.63091700617224
modern,1,b_N100_V4,2.2390829399228096
modern,1,b_N100_V4,2.2109999554231763
modern,1,b_N100_V4,2.1926250774413347
modern,1,b_N100_V4,2.215334097854793
modern,1,b_N100_V4,2.1985420025885105
modern,1,b_N100_V4,2.1589170210063457
modern,1,b_N100_V4,2.15945893432945
modern,1,b_N100_V4,2.1759169176220894
modern,1,b_N100_V4,2.170583000406623
modern,1,b_N100_V4,2.1611249540001154
modern,1,b_N100_V4,2.162041957490146
modern,1,b_N100_V4,2.156374976038933
modern,1,b_N100_V4,2.1735839545726776
modern,1,b_N100_V4,2.1490840008482337
modern,1,b_N100_V4,2.2633339976891875
modern,1,b_N100_V4,2.16233404353261
modern,1,b_N100_V4,2.153750043362379
modern,1,b_N100_V4,2.13758391328156
modern,1,b_N100_V4,2.1345000714063644
modern,1,b_N100_V4,2.1358750527724624
modern,1,b_N100_V4,2.148917061276734
modern,1,b_N100_V4,2.136208931915462
modern,1,b_N100_V4,2.1272499579936266
modern,1,b_N100_V4,2.135041984729469
modern,1,b_N100_V4,2.1564579801633954
modern,1,b_N100_V4,2.1258339984342456
modern,1,b_N100_V4,2.1325829438865185
modern,1,b_N100_V4,2.1307499846443534
modern,1,b_N100_V4,2.123959013260901
modern,1,b_N100_V4,2.1442919969558716
modern,1,b_N100_V4,2.134209033101797
modern,1,b_N100_V4,2.1305420668795705
modern,1,b_N100_V4,2.555500017479062
modern,1,b_N100_V4,2.2966250544413924
modern,1,b_N100_V4,2.230499987490475
modern,1,b_N100_V4,2.2431251127272844
modern,1,b_N100_V4,2.1892499644309282
modern,1,b_N100_V4,2.1970419911667705
modern,1,b_N100_V4,2.180541050620377
modern,1,b_N100_V4,2.194667002186179
modern,1,b_N100_V4,2.1894159726798534
modern,1,b_N100_V4,2.171332947909832
modern,1,b_N100_V4,2.233249950222671
modern,1,b_N100_V4,2.1715840557590127
modern,1,b_N100_V4,2.1671249996870756
modern,1,b_N100_V4,2.2207089932635427
modern,1,b_N100_V4,2.853000070899725
modern,1,b_N100_V4,2.316500060260296
modern,1,b_N100_V4,2.249542041681707
modern,1,b_N100_V4,2.207250101491809
modern,1,b_N100_V4,2.1655000746250153
modern,1,b_N100_V4,2.195916953496635
modern,1,b_N100_V4,2.1972910035401583
modern,1,b_N100_V4,2.171458094380796
modern,1,b_N100_V4,2.1774169290438294
modern,1,b_N100_V4,2.166624995879829
modern,1,b_N100_V4,2.2070829290896654
modern,1,b_N100_V4,2.163750003091991
modern,1,b_N100_V4,2.159166964702308
modern,1,b_N100_V4,2.166292048059404
modern,1,b_N100_V4,2.2451659897342324
modern,1,b_N100_V4,2.271957928314805
modern,1,b_N100_V4,2.2305840393528342
modern,1,b_N100_V4,2.2363750031217933
modern,1,b_N100_V4,2.3179579293355346
modern,1,b_N100_V4,2.2618339862674475
modern,1,b_N100_V4,2.247457974590361
modern,1,b_N100_V4,2.197416964918375
modern,1,b_N100_V4,2.198709058575332
modern,1,b_N100_V4,2.207334036938846
modern,1,b_N100_V4,2.179750008508563
modern,1,b_N100_V4,2.2274170769378543
modern,1,b_N100_V4,2.2032499546185136
modern,1,b_N100_V4,2.2247079759836197
modern,1,b_N100_V4,2.1962919272482395
modern,1,b_N100_V4,2.1973749389871955
modern,1,b_N100_V4,2.2330419160425663
modern,1,b_N100_V4,2.238249988295138
modern,1,b_N100_V4,2.1617079619318247
modern,1,b_N100_V4,2.1697080228477716
modern,1,b_N100_V4,2.215125015936792
modern,1,b_N100_V4,2.1889579948037863
modern,1,b_N100_V4,2.231582999229431
modern,1,b_N100_V4,2.2450840333476663
modern,1,b_N100_V4,2.179583068937063
modern,1,b_N100_V4,2.1953750401735306
modern,1,b_N100_V4,2.2102089133113623
modern,1,b_N100_V4,2.225416013970971
modern,1,b_N100_V4,2.243374940007925
modern,1,b_N100_V4,2.2251249756664038
modern,1,b_N100_V4,2.1869998890906572
modern,1,b_N100_V4,2.14712496381253
modern,1,b_N100_V4,2.1996250143274665
modern,1,b_N100_V4,2.1827499149367213
modern,1,b_N100_V4,2.1415420342236757
modern,1,b_N100_V4,2.16599996201694
modern,1,b_N100_V4,2.2068750113248825
modern,1,b_N100_V4,2.1982500329613686
modern,1,b_N100_V4,2.1669170819222927
modern,1,b_N100_V4,2.186583005823195
modern,1,b_N100_V4,2.1576250437647104
modern,1,b_N100_V4,2.148374915122986
modern,1,b_N100_V4,2.1770410239696503
modern,1,b_N100_V4,2.252541948109865
modern,1,b_N100_V4,2.206292003393173
modern,1,b_N100_V4,2.175666973926127
modern,1,b_N100_V4,2.1563750924542546
modern,1,b_N100_V4,2.180167008191347
modern,1,b_N100_V4,2.1936659468337893
modern,1,b_N100_V4,2.1925419569015503
modern,1,b_N100_V4,2.148499945178628
modern,1,b_N100_V4,2.1806249860674143
modern,1,b_N100_V4,2.2260829573497176
modern,1,b_N100_V4,2.180375042371452
modern,1,b_N100_V4,2.1562910405918956
modern,1,b_N100_V4,2.141583012416959
modern,1,b_N100_V4,2.2074999287724495
modern,1,b_N100_V4,2.1336660720407963
modern,1,b_N100_V4,2.155791036784649
modern,1,b_N100_V4,2.195791923440993
modern,1,b_N100_V4,2.2761659929528832
modern,1,b_N100_V4,2.2336250403895974
modern,1,b_N100_V4,2.210458042100072
modern,1,b_N100_V4,2.227500081062317
modern,1,b_N100_V4,2.2088750265538692
modern,1,b_N100_V4,2.1990410750731826
modern,1,b_N100_V4,2.1648749243468046
modern,1,b_N100_V4,2.2502089850604534
modern,1,b_N100_V4,2.2017499431967735
modern,1,b_N100_V4,2.2389169316738844
modern,1,b_N100_V4,2.1554590202867985
modern,1,b_N100_V4,2.174499910324812
modern,1,b_N100_V4,2.15479196049273
modern,1,b_N100_V4,2.2067499812692404
modern,1,b_N100_V4,2.220458001829684
modern,1,b_N100_V4,2.212667022831738
modern,1,b_N100_V4,2.1650829585269094
modern,1,b_N100_V4,2.1743749966844916
modern,1,b_N100_V4,2.161292009986937
modern,1,b_N100_V4,2.3207920603454113
modern,1,b_N100_V4,2.2324169985949993
modern,1,b_N100_V4,2.209208905696869
modern,1,b_N100_V4,2.1811668993905187
modern,1,b_N100_V4,2.1650419803336263
modern,1,b_N100_V4,2.1705839317291975
modern,1,b_N100_V4,2.182499971240759
modern,1,b_N100_V4,2.2373750107362866
modern,1,b_N100_V4,2.2236669901758432
modern,1,b_N100_V4,2.167999977245927
modern,1,b_N100_V4,2.196375047788024
modern,1,b_N100_V4,2.148958039470017
modern,1,b_N100_V4,2.2068750113248825
modern,1,b_N100_V4,2.148333005607128
modern,1,b_N100_V4,2.200709073804319
modern,1,b_N100_V4,2.1773340413346887
modern,1,b_N100_V4,2.119000069797039
modern,1,b_N100_V4,2.1507919300347567
modern,1,b_N100_V4,2.18037492595613
modern,1,b_N100_V4,2.1174579160287976
modern,1,b_N100_V4,2.1161669865250587
modern,1,b_N100_V4,2.1615419536828995
modern,1,b_N100_V4,2.145499922335148
modern,1,b_N100_V4,2.118416945450008
modern,1,b_N100_V4,2.179750008508563
modern,1,b_N100_V4,2.2203329717740417
modern,1,b_N100_V4,2.2034579887986183
modern,1,b_N100_V4,2.1751660387963057
modern,1,b_N100_V4,2.1656249882653356
modern,1,b_N100_V4,2.1502500167116523
modern,1,b_N100_V4,2.1921670995652676
modern,1,b_N100_V4,2.177292015403509
modern,1,b_N100_V4,2.161791897378862
modern,1,b_N100_V4,2.1511249942705035
modern,1,b_N100_V4,2.1675409516319633
modern,1,b_N100_V4,2.1663339575752616
modern,1,b_N100_V4,2.1636669989675283
modern,1,b_N100_V4,2.1460409043356776
modern,1,b_N100_V4,2.1567499497905374
modern,1,b_N100_V4,2.1523749455809593
modern,1,b_N100_V4,2.17120791785419
