tool,replicate,config,sub_ms
modern,3,a_N100_V3+3D,1.8505830084905028
modern,3,a_N100_V3+3D,1.8115839920938015
modern,3,a_N100_V3+3D,1.7749170074239373
modern,3,a_N100_V3+3D,1.7318340251222253
modern,3,a_N100_V3+3D,1.708041992969811
modern,3,a_N100_V3+3D,1.701249973848462
modern,3,a_N100_V3+3D,1.7073749331757426
modern,3,a_N100_V3+3D,1.6913339495658875
modern,3,a_N100_V3+3D,1.7249579541385174
modern,3,a_N100_V3+3D,1.742459018714726
modern,3,a_N100_V3+3D,1.702583977021277
modern,3,a_N100_V3+3D,1.6924169613048434
modern,3,a_N100_V3+3D,1.722124987281859
modern,3,a_N100_V3+3D,1.6865000361576676
modern,3,a_N100_V3+3D,1.7640000442042947
modern,3,a_N100_V3+3D,1.7057079821825027
modern,3,a_N100_V3+3D,1.6859590541571379
modern,3,a_N100_V3+3D,1.6957500483840704
modern,3,a_N100_V3+3D,1.7175840912386775
modern,3,a_N100_V3+3D,1.7377500189468265
modern,3,a_N100_V3+3D,1.7195830587297678
modern,3,a_N100_V3+3D,1.7371670110151172
modern,3,a_N100_V3+3D,1.6962089575827122
modern,3,a_N100_V3+3D,1.6931660939007998
modern,3,a_N100_V3+3D,1.7157499678432941
modern,3,a_N100_V3+3D,1.6840000171214342
modern,3,a_N100_V3+3D,1.669707940891385
modern,3,a_N100_V3+3D,1.699000014923513
modern,3,a_N100_V3+3D,1.679584034718573
modern,3,a_N100_V3+3D,1.7112090718001127
modern,3,a_N100_V3+3D,1.7534580547362566
modern,3,a_N100_V3+3D,1.7014170298352838
modern,3,a_N100_V3+3D,1.6724170418456197
modern,3,a_N100_V3+3D,1.718917046673596
modern,3,a_N100_V3+3D,1.7069590976461768
modern,3,a_N100_V3+3D,1.6978750936686993
modern,3,a_N100_V3+3D,1.6850839601829648
modern,3,a_N100_V3+3D,1.6695839585736394
modern,3,a_N100_V3+3D,1.6829170053824782
modern,3,a_N100_V3+3D,1.6912500141188502
modern,3,a_N100_V3+3D,1.6955839237198234
modern,3,a_N100_V3+3D,1.7351669957861304
modern,3,a_N100_V3+3D,1.7252919496968389
modern,3,a_N100_V3+3D,1.6865420620888472
modern,3,a_N100_V3+3D,1.681625028140843
modern,3,a_N100_V3+3D,1.683542039245367
modern,3,a_N100_V3+3D,1.9127080449834466
modern,3,a_N100_V3+3D,1.6937920590862632
modern,3,a_N100_V3+3D,1.6837920993566513
modern,3,a_N100_V3+3D,1.7214170657098293
modern,3,a_N100_V3+3D,1.6876670997589827
modern,3,a_N100_V3+3D,1.6927089309319854
modern,3,a_N100_V3+3D,1.7411248991265893
modern,3,a_N100_V3+3D,1.6908749239519238
modern,3,a_N100_V3+3D,1.6602500109001994
modern,3,a_N100_V3+3D,1.655291998758912
modern,3,a_N100_V3+3D,1.6582079697400331
modern,3,a_N100_V3+3D,1.6523340018466115
modern,3,a_N100_V3+3D,1.6514159506186843
modern,3,a_N100_V3+3D,1.675124978646636
modern,3,a_N100_V3+3D,1.79387500975281
modern,3,a_N100_V3+3D,1.8158750608563423
modern,3,a_N100_V3+3D,1.7814590828493237
modern,3,a_N100_V3+3D,1.7835829639807343
modern,3,a_N100_V3+3D,1.7270829994231462
modern,3,a_N100_V3+3D,1.7494999337941408
modern,3,a_N100_V3+3D,1.694625010713935
modern,3,a_N100_V3+3D,1.7550830962136388
modern,3,a_N100_V3+3D,1.7489579040557146
modern,3,a_N100_V3+3D,1.7507500015199184
modern,3,a_N100_V3+3D,1.7637910787016153
modern,3,a_N100_V3+3D,1.7398339696228504
modern,3,a_N100_V3+3D,1.7089159227907658
modern,3,a_N100_V3+3D,1.749417046085
modern,3,a_N100_V3+3D,1.7337920144200325
modern,3,a_N100_V3+3D,1.7280830070376396
modern,3,a_N100_V3+3D,1.6703750006854534
modern,3,a_N100_V3+3D,1.710540964268148
modern,3,a_N100_V3+3D,1.7330000409856439
modern,3,a_N100_V3+3D,1.7817920306697488
modern,3,a_N100_V3+3D,1.7021660460159183
modern,3,a_N100_V3+3D,1.7432080348953605
modern,3,a_N100_V3+3D,1.685792114585638
modern,3,a_N100_V3+3D,1.7107919557020068
modern,3,a_N100_V3+3D,1.7270410899072886
modern,3,a_N100_V3+3D,1.7129579791799188
modern,3,a_N100_V3+3D,1.6741249710321426
modern,3,a_N100_V3+3D,1.6941659850999713
modern,3,a_N100_V3+3D,1.6633749473839998
modern,3,a_N100_V3+3D,1.7115840455517173
modern,3,a_N100_V3+3D,1.707750023342669
modern,3,a_N100_V3+3D,1.7096670344471931
modern,3,a_N100_V3+3D,1.6801250167191029
modern,3,a_N100_V3+3D,1.7163329757750034
modern,3,a_N100_V3+3D,1.6618750523775816
modern,3,a_N100_V3+3D,1.7242500325664878
modern,3,a_N100_V3+3D,1.665875082835555
modern,3,a_N100_V3+3D,1.7162919975817204
modern,3,a_N100_V3+3D,1.9742919830605388
modern,3,a_N100_V3+3D,1.3119160430505872
modern,3,a_N100_V3+3D,1.3015830190852284
modern,3,a_N100_V3+3D,1.317500020377338
modern,3,a_N100_V3+3D,1.265249913558364
modern,3,a_N100_V3+3D,1.313582994043827
modern,3,a_N100_V3+3D,1.224125036969781
modern,3,a_N100_V3+3D,1.5261659864336252
modern,3,a_N100_V3+3D,1.323582953773439
modern,3,a_N100_V3+3D,1.326250028796494
modern,3,a_N100_V3+3D,1.2493750546127558
modern,3,a_N100_V3+3D,1.3464170042425394
modern,3,a_N100_V3+3D,1.2388749746605754
modern,3,a_N100_V3+3D,1.2912499951198697
modern,3,a_N100_V3+3D,1.2902080779895186
modern,3,a_N100_V3+3D,1.309791929088533
modern,3,a_N100_V3+3D,1.2400830164551735
modern,3,a_N100_V3+3D,1.2412499636411667
modern,3,a_N100_V3+3D,1.3128339778631926
modern,3,a_N100_V3+3D,1.3258339604362845
modern,3,a_N100_V3+3D,1.2528329389169812
modern,3,a_N100_V3+3D,1.245834049768746
modern,3,a_N100_V3+3D,1.7765839584171772
modern,3,a_N100_V3+3D,1.783709041774273
modern,3,a_N100_V3+3D,1.7277499428018928
modern,3,a_N100_V3+3D,1.7025000415742397
modern,3,a_N100_V3+3D,1.7072079936042428
modern,3,a_N100_V3+3D,1.6969580901786685
modern,3,a_N100_V3+3D,1.688874908722937
modern,3,a_N100_V3+3D,2.0329589024186134
modern,3,a_N100_V3+3D,1.8085000338032842
modern,3,a_N100_V3+3D,1.7756669549271464
modern,3,a_N100_V3+3D,1.7427089624106884
modern,3,a_N100_V3+3D,1.7302499618381262
modern,3,a_N100_V3+3D,1.7316669691354036
modern,3,a_N100_V3+3D,1.7165829194709659
modern,3,a_N100_V3+3D,1.7061249818652868
modern,3,a_N100_V3+3D,1.707709045149386
modern,3,a_N100_V3+3D,1.6957090701907873
modern,3,a_N100_V3+3D,1.7719579627737403
modern,3,a_N100_V3+3D,1.6907500103116035
modern,3,a_N100_V3+3D,1.7062079859897494
modern,3,a_N100_V3+3D,1.7169580096378922
modern,3,a_N100_V3+3D,1.677333959378302
modern,3,a_N100_V3+3D,1.681166933849454
modern,3,a_N100_V3+3D,1.685666968114674
modern,3,a_N100_V3+3D,1.6783339669927955
modern,3,a_N100_V3+3D,1.6851249383762479
modern,3,a_N100_V3+3D,1.6744999447837472
modern,3,a_N100_V3+3D,1.6733750235289335
modern,3,a_N100_V3+3D,1.7152909422293305
modern,3,a_N100_V3+3D,1.6852079425007105
modern,3,a_N100_V3+3D,1.6803750768303871
modern,3,a_N100_V3+3D,1.73204205930233
modern,3,a_N100_V3+3D,1.6930829733610153
modern,3,a_N100_V3+3D,1.6754590906202793
modern,3,a_N100_V3+3D,1.6818750882521272
modern,3,a_N100_V3+3D,1.6630830941721797
modern,3,a_N100_V3+3D,1.6659169923514128
modern,3,a_N100_V3+3D,1.677333959378302
modern,3,a_N100_V3+3D,1.670749974437058
modern,3,a_N100_V3+3D,1.6658749664202332
modern,3,a_N100_V3+3D,1.6599999507889152
modern,3,a_N100_V3+3D,1.6724580200389028
modern,3,a_N100_V3+3D,1.6777500277385116
modern,3,a_N100_V3+3D,1.6759999562054873
modern,3,a_N100_V3+3D,1.6887079691514373
modern,3,a_N100_V3+3D,1.7107500461861491
modern,3,a_N100_V3+3D,1.6752500087022781
modern,3,a_N100_V3+3D,1.6677080420777202
modern,3,a_N100_V3+3D,1.6724170418456197
modern,3,a_N100_V3+3D,1.6799590084701777
modern,3,a_N100_V3+3D,1.7307500820606947
modern,3,a_N100_V3+3D,1.673000049777329
modern,3,a_N100_V3+3D,1.6857910668477416
modern,3,a_N100_V3+3D,1.6734999371692538
modern,3,a_N100_V3+3D,1.677333959378302
modern,3,a_N100_V3+3D,1.669334014877677
modern,3,a_N100_V3+3D,1.6659590182825923
modern,3,a_N100_V3+3D,1.6644999850541353
modern,3,a_N100_V3+3D,1.7291660187765956
modern,3,a_N100_V3+3D,1.6927500255405903
modern,3,a_N100_V3+3D,1.8265419639647007
modern,3,a_N100_V3+3D,1.7534999642521143
modern,3,a_N100_V3+3D,1.728000002913177
modern,3,a_N100_V3+3D,1.7147910548374057
modern,3,a_N100_V3+3D,1.702332985587418
modern,3,a_N100_V3+3D,1.7171670915558934
modern,3,a_N100_V3+3D,1.6905000666156411
modern,3,a_N100_V3+3D,1.6938750632107258
modern,3,a_N100_V3+3D,1.6789169749245048
modern,3,a_N100_V3+3D,1.686041010543704
modern,3,a_N100_V3+3D,1.6673749778419733
modern,3,a_N100_V3+3D,2.0461659878492355
modern,3,a_N100_V3+3D,1.8049579812213778
modern,3,a_N100_V3+3D,1.8025420140475035
modern,3,a_N100_V3+3D,1.7239589942619205
modern,3,a_N100_V3+3D,1.7399159260094166
modern,3,a_N100_V3+3D,1.7494580242782831
modern,3,a_N100_V3+3D,1.7802090151235461
modern,3,a_N100_V3+3D,1.709582982584834
modern,3,a_N100_V3+3D,1.7119579715654254
modern,3,a_N100_V3+3D,1.7318750033155084
modern,3,a_N100_V3+3D,1.6957080224528909
modern,3,a_N100_V3+3D,1.6954580787569284
modern,3,a_N100_V3+3D,1.671458943746984
modern,3,a_N100_V3+3D,1.675291103310883
modern,3,a_N100_V3+3D,1.6604579286649823
modern,3,a_N100_V3+3D,1.6721669817343354
modern,3,a_N100_V3+3D,1.674374914728105
modern,3,a_N100_V3+3D,1.7531670164316893
modern,3,a_N100_V3+3D,1.670542056672275
modern,3,a_N100_V3+3D,1.6768330242484808
modern,3,a_N100_V3+3D,1.69329100754112
modern,3,a_N100_V3+3D,1.6595000633969903
modern,3,a_N100_V3+3D,1.662791008129716
modern,3,a_N100_V3+3D,1.6702499706298113
modern,3,a_N100_V3+3D,1.658917055465281
modern,3,a_N100_V3+3D,1.6610000748187304
modern,3,a_N100_V3+3D,1.6475829761475325
modern,3,a_N100_V3+3D,1.6360839363187551
modern,3,a_N100_V3+3D,1.6428750241175294
modern,3,a_N100_V3+3D,2.1560839377343655
modern,3,a_N100_V3+3D,1.9112919690087438
modern,3,a_N100_V3+3D,1.7405409598723054
modern,3,a_N100_V3+3D,2.0002080127596855
modern,3,a_N100_V3+3D,1.768374931998551
modern,3,a_N100_V3+3D,1.782999956049025
modern,3,a_N100_V3+3D,1.7200000584125519
modern,3,a_N100_V3+3D,1.7103750724345446
modern,3,a_N100_V3+3D,1.6928750555962324
modern,3,a_N100_V3+3D,1.6910419799387455
modern,3,a_N100_V3+3D,1.7593750962987542
modern,3,a_N100_V3+3D,1.6876660520210862
modern,3,a_N100_V3+3D,1.6650829929858446
modern,3,a_N100_V3+3D,1.6708339098840952
modern,3,a_N100_V3+3D,2.0033330656588078
modern,3,a_N100_V3+3D,1.2815840309485793
modern,3,a_N100_V3+3D,1.2522089527919888
modern,3,a_N100_V3+3D,1.2488749343901873
modern,3,a_N100_V3+3D,1.2568749953061342
modern,3,a_N100_V3+3D,1.295833964832127
modern,3,a_N100_V3+3D,1.8482499290257692
modern,3,a_N100_V3+3D,1.7453329637646675
modern,3,a_N100_V3+3D,1.8154170829802752
modern,3,a_N100_V3+3D,1.762000028975308
modern,3,a_N100_V3+3D,1.7599170096218586
modern,3,a_N100_V3+3D,1.7027920112013817
modern,3,a_N100_V3+3D,1.7336250748485327
modern,3,a_N100_V3+3D,1.7269999952986836
modern,3,a_N100_V3+3D,1.7246250063180923
modern,3,a_N100_V3+3D,1.6664579743519425
modern,3,a_N100_V3+3D,1.745374989695847
modern,3,a_N100_V3+3D,1.6934999730437994
modern,3,a_N100_V3+3D,1.7398330383002758
modern,3,a_N100_V3+3D,1.724416040815413
modern,3,a_N100_V3+3D,1.7226670170202851
modern,3,a_N100_V3+3D,1.8992499681189656
modern,3,a_N100_V3+3D,1.7314580036327243
modern,3,a_N100_V3+3D,1.7104169819504023
modern,3,a_N100_V3+3D,1.749000046402216
modern,3,a_N100_V3+3D,1.731958007439971
modern,3,a_N100_V3+3D,1.7770420527085662
modern,3,a_N100_V3+3D,1.7297500744462013
modern,3,a_N100_V3+3D,1.7313749995082617
modern,3,a_N100_V3+3D,1.6447919188067317
modern,3,a_N100_V3+3D,1.7271669348701835
modern,3,a_N100_V3+3D,1.6788329230621457
modern,3,a_N100_V3+3D,1.7216670094057918
modern,3,a_N100_V3+3D,1.7016249476000667
modern,3,a_N100_V3+3D,1.7398749478161335
modern,3,a_N100_V3+3D,1.6586669953539968
modern,3,a_N100_V3+3D,2.0454999757930636
modern,3,a_N100_V3+3D,1.3272080104798079
modern,3,a_N100_V3+3D,1.3502499787136912
modern,3,a_N100_V3+3D,1.2362500419840217
modern,3,a_N100_V3+3D,1.3052920112386346
modern,3,a_N100_V3+3D,1.2714160839095712
modern,3,a_N100_V3+3D,1.2810000916942954
modern,3,a_N100_V3+3D,1.3075420865789056
modern,3,a_N100_V3+3D,1.3038750039413571
modern,3,a_N100_V3+3D,1.2327919248491526
modern,3,a_N100_V3+3D,1.3506250688806176
modern,3,a_N100_V3+3D,1.2197500327602029
modern,3,a_N100_V3+3D,1.3565419940277934
modern,3,a_N100_V3+3D,1.4162079896777868
modern,3,a_N100_V3+3D,1.391374971717596
modern,3,a_N100_V3+3D,1.2410420458763838
modern,3,a_N100_V3+3D,1.4045829884707928
modern,3,a_N100_V3+3D,1.376583008095622
modern,3,a_N100_V3+3D,1.2556250439956784
modern,3,a_N100_V3+3D,1.2688330607488751
modern,3,a_N100_V3+3D,1.316084060817957
modern,3,a_N100_V3+3D,1.2324589770287275
modern,3,a_N100_V3+3D,1.3022921048104763
modern,3,a_N100_V3+3D,1.2271669693291187
modern,3,a_N100_V3+3D,1.257083029486239
modern,3,a_N100_V3+3D,1.216250006109476
modern,3,a_N100_V3+3D,1.2237499468028545
modern,3,a_N100_V3+3D,1.3119999784976244
modern,3,a_N100_V3+3D,1.3040000339969993
modern,3,a_N100_V3+3D,1.2885420583188534
modern,3,a_N100_V3+3D,1.783750019967556
modern,3,a_N100_V3+3D,1.7441670643165708
modern,3,a_N100_V3+3D,1.7220840090885758
modern,3,a_N100_V3+3D,1.700415974482894
modern,3,a_N100_V3+3D,1.7052080947905779
modern,3,a_N100_V3+3D,1.7652080859988928
modern,3,a_N100_V3+3D,1.709083910100162
modern,3,a_N100_V3+3D,1.6680420376360416
modern,3,a_N100_V3+3D,1.6662499401718378
modern,3,a_N100_V3+3D,1.664999988861382
modern,3,a_N100_V3+3D,1.6664169961586595
modern,3,a_N100_V3+3D,1.6825409838929772
modern,3,a_N100_V3+3D,1.653042039833963
modern,3,a_N100_V3+3D,1.6616670181974769
modern,3,a_N100_V3+3D,1.6644999850541353
modern,3,a_N100_V3+3D,1.6583329997956753
modern,3,a_N100_V3+3D,1.6572080785408616
modern,3,a_N100_V3+3D,1.6545000253245234
modern,3,a_N100_V3+3D,1.6396250575780869
modern,3,a_N100_V3+3D,1.64229201618582
modern,3,a_N100_V3+3D,1.6609999584034085
modern,3,a_N100_V3+3D,1.6828340012580156
modern,3,a_N100_V3+3D,1.6996669583022594
modern,3,a_N100_V3+3D,1.6672499477863312
modern,3,a_N100_V3+3D,1.6589589649811387
modern,3,a_N100_V3+3D,1.6468330286443233
modern,3,a_N100_V3+3D,1.6464169602841139
modern,3,a_N100_V3+3D,1.6561249503865838
modern,3,a_N100_V3+3D,1.6633750637993217
modern,3,a_N100_V3+3D,1.6649169847369194
modern,3,a_N100_V3+3D,1.6546660335734487
modern,3,a_N100_V3+3D,1.6558750066906214
modern,3,a_N100_V3+3D,1.6534160822629929
modern,3,a_N100_V3+3D,1.6484580701217055
modern,3,a_N100_V3+3D,1.6483330400660634
modern,3,a_N100_V3+3D,1.6460419865325093
modern,3,a_N100_V3+3D,1.6740410355851054
modern,3,a_N100_V3+3D,2.0357919856905937
modern,3,a_N100_V3+3D,1.6538340132683516
modern,3,a_N100_V3+3D,1.6455419827252626
modern,3,a_N100_V3+3D,1.6416249563917518
modern,3,a_N100_V3+3D,1.6550410073250532
modern,3,a_N100_V3+3D,1.6393340192735195
modern,3,a_N100_V3+3D,1.636457978747785
modern,3,a_N100_V3+3D,1.6469170805066824
modern,3,a_N100_V3+3D,1.6448750393465161
modern,3,a_N100_V3+3D,1.6601249808445573
modern,3,a_N100_V3+3D,1.6609590966254473
modern,3,a_N100_V3+3D,1.6452500130981207
modern,3,a_N100_V3+3D,1.6717499820515513
modern,3,a_N100_V3+3D,1.6547919949516654
modern,3,a_N100_V3+3D,1.6819580923765898
modern,3,a_N100_V3+3D,1.6467079985886812
modern,3,a_N100_V3+3D,1.6579589573666453
modern,3,a_N100_V3+3D,1.6437920276075602
modern,3,a_N100_V3+3D,1.6426249640062451
modern,3,a_N100_V3+3D,1.6383749898523092
modern,3,a_N100_V3+3D,1.6359169967472553
modern,3,a_N100_V3+3D,1.642958028241992
modern,3,a_N100_V3+3D,1.6484999796375632
modern,3,a_N100_V3+3D,1.7992500215768814
modern,3,a_N100_V3+3D,1.7712090630084276
modern,3,a_N100_V3+3D,1.730874995701015
modern,3,a_N100_V3+3D,1.733458018861711
modern,3,a_N100_V3+3D,1.7128749750554562
modern,3,a_N100_V3+3D,1.7080840189009905
modern,3,a_N100_V3+3D,1.6977080376818776
modern,3,a_N100_V3+3D,1.703792018815875
modern,3,a_N100_V3+3D,1.6980000073090196
modern,3,a_N100_V3+3D,1.7538750544190407
modern,3,a_N100_V3+3D,1.702750101685524
modern,3,a_N100_V3+3D,1.6994589241221547
modern,3,a_N100_V3+3D,1.6853749984875321
modern,3,a_N100_V3+3D,1.6913749277591705
modern,3,a_N100_V3+3D,1.6915840096771717
modern,3,a_N100_V3+3D,1.6767079941928387
modern,3,a_N100_V3+3D,1.7542500281706452
modern,3,a_N100_V3+3D,1.6887090168893337
modern,3,a_N100_V3+3D,1.6822500620037317
modern,3,a_N100_V3+3D,1.661833026446402
modern,3,a_N100_V3+3D,1.6814999980852008
modern,3,a_N100_V3+3D,1.7104579601436853
modern,3,a_N100_V3+3D,1.6691670753061771
modern,3,a_N100_V3+3D,1.6609590966254473
modern,3,a_N100_V3+3D,1.9877080339938402
modern,3,a_N100_V3+3D,1.6605000710114837
modern,3,a_N100_V3+3D,1.6671669436618686
modern,3,a_N100_V3+3D,1.6602081013843417
modern,3,a_N100_V3+3D,1.6697919927537441
modern,3,a_N100_V3+3D,1.6626670258119702
modern,3,a_N100_V3+3D,2.0128749310970306
modern,3,a_N100_V3+3D,1.5559169696643949
modern,3,a_N100_V3+3D,1.2862089788541198
modern,3,a_N100_V3+3D,1.262082951143384
modern,3,a_N100_V3+3D,1.2514169793576002
modern,3,a_N100_V3+3D,1.2580000329762697
modern,3,a_N100_V3+3D,1.252082991413772
modern,3,a_N100_V3+3D,1.262958045117557
modern,3,a_N100_V3+3D,1.4712091069668531
modern,3,a_N100_V3+3D,1.3809590600430965
modern,3,a_N100_V3+3D,1.6359171131625772
modern,3,a_N100_V3+3D,1.3822080800309777
modern,3,a_N100_V3+3D,1.3302500592544675
modern,3,a_N100_V3+3D,1.2950419913977385
modern,3,a_N100_V3+3D,1.3072500005364418
modern,3,a_N100_V3+3D,1.2757920194417238
modern,3,a_N100_V3+3D,1.2819169787690043
modern,3,a_N100_V3+3D,1.2706669513136148
modern,3,a_N100_V3+3D,1.2671250151470304
modern,3,a_N100_V3+3D,1.2719579972326756
modern,3,a_N100_V3+3D,1.3362499885261059
modern,3,a_N100_V3+3D,1.2934160185977817
modern,3,a_N100_V3+3D,1.2601660564541817
modern,3,a_N100_V3+3D,1.2585840886458755
modern,3,a_N100_V3+3D,1.2525420170277357
modern,3,a_N100_V3+3D,1.2551669497042894
modern,3,a_N100_V3+3D,1.3026249362155795
modern,3,a_N100_V3+3D,1.2428750051185489
modern,3,a_N100_V3+3D,1.246499945409596
modern,3,a_N100_V3+3D,1.2495840201154351
modern,3,a_N100_V3+3D,1.8055409891530871
modern,3,a_N100_V3+3D,1.8723340472206473
modern,3,a_N100_V3+3D,1.7349169356748462
modern,3,a_N100_V3+3D,1.8120839959010482
modern,3,a_N100_V3+3D,1.809416920877993
modern,3,a_N100_V3+3D,1.799624995328486
modern,3,a_N100_V3+3D,1.7097089439630508
modern,3,a_N100_V3+3D,1.7418339848518372
modern,3,a_N100_V3+3D,1.7520419787615538
modern,3,a_N100_V3+3D,1.7581250285729766
modern,3,a_N100_V3+3D,1.7180839786306024
modern,3,a_N100_V3+3D,1.7634580144658685
modern,3,a_N100_V3+3D,1.666167052462697
modern,3,a_N100_V3+3D,1.7691249959170818
modern,3,a_N100_V3+3D,1.7618749989196658
modern,3,a_N100_V3+3D,1.7026669811457396
modern,3,a_N100_V3+3D,1.6634170897305012
modern,3,a_N100_V3+3D,1.8315418856218457
modern,3,a_N100_V3+3D,1.7125419108197093
modern,3,a_N100_V3+3D,1.7257500439882278
modern,3,a_N100_V3+3D,1.7032079631462693
modern,3,a_N100_V3+3D,1.7432079184800386
modern,3,a_N100_V3+3D,1.703999936580658
modern,3,a_N100_V3+3D,1.7534999642521143
modern,3,a_N100_V3+3D,1.7324170330539346
modern,3,a_N100_V3+3D,1.7497920198366046
modern,3,a_N100_V3+3D,1.6515420284122229
modern,3,a_N100_V3+3D,2.399583929218352
modern,3,a_N100_V3+3D,1.7554170917719603
modern,3,a_N100_V3+3D,1.8227919936180115
modern,3,a_N100_V3+3D,1.7876249039545655
modern,3,a_N100_V3+3D,1.8305000849068165
modern,3,a_N100_V3+3D,1.7099999822676182
modern,3,a_N100_V3+3D,1.7927089938893914
modern,3,a_N100_V3+3D,1.6920840134844184
modern,3,a_N100_V3+3D,1.7513749189674854
modern,3,a_N100_V3+3D,1.7509999452158809
modern,3,a_N100_V3+3D,1.7405420076102018
modern,3,a_N100_V3+3D,1.6632500337436795
modern,3,a_N100_V3+3D,1.7480000387877226
modern,3,a_N100_V3+3D,1.759542035870254
modern,3,a_N100_V3+3D,1.7434590263292193
modern,3,a_N100_V3+3D,1.6638750676065683
modern,3,a_N100_V3+3D,1.7412090674042702
modern,3,a_N100_V3+3D,1.657542074099183
modern,3,a_N100_V3+3D,2.1905830362811685
modern,3,a_N100_V3+3D,1.823584083467722
modern,3,a_N100_V3+3D,1.75008294172585
modern,3,a_N100_V3+3D,1.703666988760233
modern,3,a_N100_V3+3D,1.7995840171352029
modern,3,a_N100_V3+3D,1.7068750457838178
modern,3,a_N100_V3+3D,1.7095840303227305
modern,3,a_N100_V3+3D,1.8192499410361052
modern,3,a_N100_V3+3D,1.783333020284772
modern,3,a_N100_V3+3D,1.7182499868795276
modern,3,a_N100_V3+3D,1.8019169801846147
modern,3,a_N100_V3+3D,1.7550000920891762
modern,3,a_N100_V3+3D,1.695167040452361
modern,3,a_N100_V3+3D,1.73204205930233
modern,3,a_N100_V3+3D,1.7538330284878612
modern,3,a_N100_V3+3D,1.7835419857874513
modern,3,a_N100_V3+3D,1.7726250225678086
modern,3,a_N100_V3+3D,1.7194999381899834
modern,3,a_N100_V3+3D,1.7282500630244613
modern,3,a_N100_V3+3D,1.7047920264303684
modern,3,a_N100_V3+3D,1.7099999822676182
modern,3,a_N100_V3+3D,1.6952080186456442
modern,3,a_N100_V3+3D,1.6930840210989118
modern,3,a_N100_V3+3D,1.6728340415284038
modern,3,a_N100_V3+3D,1.671625068411231
modern,3,a_N100_V3+3D,1.6901660710573196
modern,3,a_N100_V3+3D,1.6674170037731528
modern,3,a_N100_V3+3D,1.6647500451654196
modern,3,a_N100_V3+3D,1.6639999812468886
modern,3,a_N100_V3+3D,1.6715839738026261
modern,3,a_N100_V3+3D,1.6749579226598144
modern,3,a_N100_V3+3D,1.7242919420823455
modern,3,a_N100_V3+3D,1.691750017926097
modern,3,a_N100_V3+3D,1.6681670676916838
modern,3,a_N100_V3+3D,1.68524996843189
modern,3,a_N100_V3+3D,1.6658749664202332
modern,3,a_N100_V3+3D,1.6703750006854534
modern,3,a_N100_V3+3D,1.7061249818652868
modern,3,a_N100_V3+3D,1.6717500984668732
modern,3,a_N100_V3+3D,1.6685840673744678
modern,3,a_N100_V3+3D,1.6672080382704735
modern,3,a_N100_V3+3D,1.6649160534143448
modern,3,a_N100_V3+3D,1.9799579167738557
modern,3,a_N100_V3+3D,1.304166973568499
modern,3,a_N100_V3+3D,1.2590419501066208
modern,3,a_N100_V3+3D,1.2583329807966948
modern,3,a_N100_V3+3D,1.242124941200018
modern,3,a_N100_V3+3D,1.2832500506192446
modern,3,a_N100_V3+3D,1.2579170288518071
modern,3,a_N100_V3+3D,1.2958749430254102
modern,3,a_N100_V3+3D,1.2468340573832393
modern,3,a_N100_V3+3D,1.2427920009940863
modern,3,a_N100_V3+3D,1.2573329731822014
modern,3,a_N100_V3+3D,1.237209071405232
modern,3,a_N100_V3+3D,1.235875068232417
modern,3,a_N100_V3+3D,1.233624992892146
modern,3,a_N100_V3+3D,1.5361669939011335
modern,3,a_N100_V3+3D,0.8444589329883456
modern,3,a_N100_V3+3D,0.8359169587492943
modern,3,a_N100_V3+3D,0.8141669677570462
modern,3,a_N100_V3+3D,0.8102080319076777
modern,3,a_N100_V3+3D,0.8057919330894947
modern,3,a_N100_V3+3D,0.8099999977275729
modern,3,a_N100_V3+3D,0.8178750285878778
modern,3,a_N100_V3+3D,0.8056670194491744
modern,3,a_N100_V3+3D,0.841250061057508
modern,3,a_N100_V3+3D,0.8085829904302955
modern,3,a_N100_V3+3D,0.834000064060092
modern,3,a_N100_V3+3D,0.8066250011324883
modern,3,a_N100_V3+3D,0.8533330401405692
modern,3,a_N100_V3+3D,0.8352909935638309
modern,3,a_N100_V3+3D,0.7990839658305049
modern,3,a_N100_V3+3D,0.8018750231713057
modern,3,a_N100_V3+3D,0.8032500045374036
modern,3,a_N100_V3+3D,0.7964168908074498
modern,3,a_N100_V3+3D,1.8098339205607772
modern,3,a_N100_V3+3D,1.752624986693263
modern,3,a_N100_V3+3D,1.7302919877693057
modern,3,a_N100_V3+3D,1.715916907414794
modern,3,a_N100_V3+3D,1.7127919709309936
modern,3,a_N100_V3+3D,1.7151249339804053
modern,3,a_N100_V3+3D,1.7014580080285668
modern,3,a_N100_V3+3D,1.69291696511209
modern,3,a_N100_V3+3D,1.7084999708458781
modern,3,a_N100_V3+3D,1.6987909330055118
modern,3,a_N100_V3+3D,1.6687910538166761
modern,3,a_N100_V3+3D,1.6901670023798943
modern,3,a_N100_V3+3D,1.695167040452361
modern,3,a_N100_V3+3D,1.7162919975817204
modern,3,a_N100_V3+3D,1.6899170586839318
modern,3,a_N100_V3+3D,1.666791969910264
modern,3,a_N100_V3+3D,1.6652499325573444
modern,3,a_N100_V3+3D,1.7587499460205436
modern,3,a_N100_V3+3D,1.7216670094057918
modern,3,a_N100_V3+3D,1.6786250052973628
modern,3,a_N100_V3+3D,1.681957975961268
modern,3,a_N100_V3+3D,1.9985419930890203
modern,3,a_N100_V3+3D,1.66637497022748
modern,3,a_N100_V3+3D,1.7575829988345504
modern,3,a_N100_V3+3D,1.660750014707446
modern,3,a_N100_V3+3D,1.6901670023798943
modern,3,a_N100_V3+3D,1.679584034718573
modern,3,a_N100_V3+3D,1.6787920612841845
modern,3,a_N100_V3+3D,1.652417005971074
modern,3,a_N100_V3+3D,1.68020895216614
modern,3,a_N100_V3+3D,1.648249919526279
modern,3,a_N100_V3+3D,1.6546660335734487
modern,3,a_N100_V3+3D,1.7024578992277384
modern,3,a_N100_V3+3D,1.670749974437058
modern,3,a_N100_V3+3D,1.660584006458521
modern,3,a_N100_V3+3D,1.6882920172065496
modern,3,a_N100_V3+3D,1.655207946896553
modern,3,a_N100_V3+3D,1.6754999523982406
modern,3,a_N100_V3+3D,1.6543329693377018
modern,3,a_N100_V3+3D,1.658499939367175
modern,3,a_N100_V3+3D,1.6587090212851763
modern,3,a_N100_V3+3D,1.6459160251542926
modern,3,a_N100_V3+3D,1.6512080328539014
modern,3,a_N100_V3+3D,1.6671250341460109
modern,3,a_N100_V3+3D,1.661500078625977
modern,3,a_N100_V3+3D,2.001916989684105
modern,3,a_N100_V3+3D,1.2617919128388166
modern,3,a_N100_V3+3D,1.2343749403953552
modern,3,a_N100_V3+3D,1.2338339583948255
modern,3,a_N100_V3+3D,1.226249965839088
modern,3,a_N100_V3+3D,1.256000017747283
modern,3,a_N100_V3+3D,1.2200420023873448
modern,3,a_N100_V3+3D,1.225917018018663
modern,3,a_N100_V3+3D,1.2952500255778432
modern,3,a_N100_V3+3D,1.2289580190554261
modern,3,a_N100_V3+3D,1.2227919651195407
modern,3,a_N100_V3+3D,1.2208330444991589
modern,3,a_N100_V3+3D,1.2250000145286322
modern,3,a_N100_V3+3D,1.225750078447163
modern,3,a_N100_V3+3D,1.2199580669403076
modern,3,a_N100_V3+3D,1.8370409961789846
modern,3,a_N100_V3+3D,1.7581249121576548
modern,3,a_N100_V3+3D,1.8097910797223449
modern,3,a_N100_V3+3D,1.7042920226231217
modern,3,a_N100_V3+3D,1.7889169976115227
modern,3,a_N100_V3+3D,1.8097079591825604
modern,3,a_N100_V3+3D,1.774042029865086
modern,3,a_N100_V3+3D,1.7194170504808426
modern,3,a_N100_V3+3D,1.7393330344930291
modern,3,a_N100_V3+3D,1.6728329937905073
modern,3,a_N100_V3+3D,1.6919999616220593
modern,3,a_N100_V3+3D,1.7796249594539404
modern,3,a_N100_V3+3D,1.7600830178707838
modern,3,a_N100_V3+3D,1.6861669719219208
modern,3,a_N100_V3+3D,1.758792088367045
modern,3,a_N100_V3+3D,1.678416971117258
modern,3,a_N100_V3+3D,1.7712089465931058
modern,3,a_N100_V3+3D,1.8394999206066132
modern,3,a_N100_V3+3D,1.7481249524280429
modern,3,a_N100_V3+3D,1.6675419174134731
modern,3,a_N100_V3+3D,1.7785000381991267
modern,3,a_N100_V3+3D,1.6820000018924475
modern,3,a_N100_V3+3D,1.7672920366749167
modern,3,a_N100_V3+3D,1.7700419994071126
modern,3,a_N100_V3+3D,1.7654170515015721
modern,3,a_N100_V3+3D,1.7104999860748649
modern,3,a_N100_V3+3D,1.767750014550984
modern,3,a_N100_V3+3D,1.651708036661148
modern,3,a_N100_V3+3D,1.7459590453654528
modern,3,a_N100_V3+3D,1.8557080766186118
modern,3,a_N100_V3+3D,1.7631249502301216
modern,3,a_N100_V3+3D,1.7016250640153885
modern,3,a_N100_V3+3D,1.7641669837757945
modern,3,a_N100_V3+3D,1.7707499209791422
modern,3,a_N100_V3+3D,1.7349579138681293
modern,3,a_N100_V3+3D,1.6742079751566052
modern,3,a_N100_V3+3D,1.7437919741496444
modern,3,a_N100_V3+3D,1.6499999910593033
modern,3,a_N100_V3+3D,1.7179580172523856
modern,3,a_N100_V3+3D,1.7348750261589885
modern,3,a_N100_V3+3D,1.7232090467587113
modern,3,a_N100_V3+3D,1.838749973103404
modern,3,a_N100_V3+3D,1.737416023388505
modern,3,a_N100_V3+3D,1.6792920650914311
modern,3,a_N100_V3+3D,1.7664999468252063
modern,3,a_N100_V3+3D,2.188666956499219
modern,3,a_N100_V3+3D,0.8547919569537044
modern,3,a_N100_V3+3D,0.8731669513508677
modern,3,a_N100_V3+3D,0.8268340025097132
modern,3,a_N100_V3+3D,0.8708329405635595
modern,3,a_N100_V3+3D,0.8803749224171042
modern,3,a_N100_V3+3D,0.8183340542018414
modern,3,a_N100_V3+3D,0.8757079485803843
modern,3,a_N100_V3+3D,0.8258749730885029
modern,3,a_N100_V3+3D,0.8289580000564456
modern,3,a_N100_V3+3D,0.8608340285718441
modern,3,a_N100_V3+3D,0.8561250288039446
modern,3,a_N100_V3+3D,1.1585419997572899
modern,3,a_N100_V3+3D,0.9330000029876828
modern,3,a_N100_V3+3D,0.8522500284016132
modern,3,a_N100_V3+3D,1.7909579910337925
modern,3,a_N100_V3+3D,1.728000002913177
modern,3,a_N100_V3+3D,1.6910830745473504
modern,3,a_N100_V3+3D,1.6785829793661833
modern,3,a_N100_V3+3D,1.6638330416753888
modern,3,a_N100_V3+3D,1.6716669779270887
modern,3,a_N100_V3+3D,1.6668750904500484
modern,3,a_N100_V3+3D,1.6655419021844864
modern,3,a_N100_V3+3D,1.6544170212000608
modern,3,a_N100_V3+3D,1.6474579460918903
modern,3,a_N100_V3+3D,1.658082939684391
modern,3,a_N100_V3+3D,1.8605840159580112
modern,3,a_N100_V3+3D,2.059499965980649
modern,3,a_N100_V3+3D,2.5850830134004354
modern,3,a_N100_V3+3D,2.4420840200036764
modern,3,a_N100_V3+3D,2.6397500187158585
modern,3,a_N100_V3+3D,1.8969590310007334
modern,3,a_N100_V3+3D,1.8720420775935054
modern,3,a_N100_V3+3D,1.756582991220057
modern,3,a_N100_V3+3D,1.7046669963747263
modern,3,a_N100_V3+3D,1.7140839481726289
modern,3,a_N100_V3+3D,1.6995000187307596
modern,3,a_N100_V3+3D,1.6858750022947788
modern,3,a_N100_V3+3D,1.6926659736782312
modern,3,a_N100_V3+3D,1.7850419972091913
modern,3,a_N100_V3+3D,1.6782090533524752
modern,3,a_N100_V3+3D,1.6936659812927246
modern,3,a_N100_V3+3D,1.676957937888801
modern,3,a_N100_V3+3D,1.6732499934732914
modern,3,a_N100_V3+3D,1.6805840423330665
modern,3,a_N100_V3+3D,1.6783330356702209
modern,3,a_N100_V3+3D,1.998750027269125
modern,3,a_N100_V3+3D,1.6967500559985638
modern,3,a_N100_V3+3D,1.6829170053824782
modern,3,a_N100_V3+3D,1.6737089026719332
modern,3,a_N100_V3+3D,1.6708330949768424
modern,3,a_N100_V3+3D,1.6618750523775816
modern,3,a_N100_V3+3D,1.6594999469816685
modern,3,a_N100_V3+3D,1.6616249922662973
modern,3,a_N100_V3+3D,1.6647499287500978
modern,3,a_N100_V3+3D,1.6594169428572059
modern,3,a_N100_V3+3D,1.6529170097783208
modern,3,a_N100_V3+3D,1.6594580374658108
modern,3,a_N100_V3+3D,1.6440419713035226
modern,3,a_N100_V3+3D,1.6576660564169288
modern,3,a_N100_V3+3D,1.6899999463930726
modern,3,a_N100_V3+3D,1.662541995756328
modern,3,a_N100_V3+3D,1.6569580184295774
modern,3,a_N100_V3+3D,1.6558750066906214
modern,3,a_N100_V3+3D,1.6461670165881515
modern,3,a_N100_V3+3D,1.6360419103875756
modern,3,a_N100_V3+3D,1.641583046875894
modern,3,a_N100_V3+3D,1.6462079947814345
modern,3,a_N100_V3+3D,1.6501250211149454
modern,3,a_N100_V3+3D,1.6934999730437994
modern,3,a_N100_V3+3D,1.6579580260440707
modern,3,a_N100_V3+3D,1.6517910407856107
modern,3,a_N100_V3+3D,2.12824996560812
modern,3,a_N100_V3+3D,1.6975420294329524
modern,3,a_N100_V3+3D,1.645041978918016
modern,3,a_N100_V3+3D,1.807082910090685
modern,3,a_N100_V3+3D,1.796458032913506
modern,3,a_N100_V3+3D,2.060165978036821
modern,3,a_N100_V3+3D,1.8091249512508512
modern,3,a_N100_V3+3D,1.7786250682547688
modern,3,a_N100_V3+3D,1.744709094054997
modern,3,a_N100_V3+3D,1.7303329659625888
modern,3,a_N100_V3+3D,1.7369170673191547
modern,3,a_N100_V3+3D,1.7477910732850432
modern,3,a_N100_V3+3D,1.716500031761825
modern,3,a_N100_V3+3D,1.716375001706183
modern,3,a_N100_V3+3D,1.7082910053431988
modern,3,a_N100_V3+3D,1.703999936580658
modern,3,a_N100_V3+3D,1.7058749217540026
modern,3,a_N100_V3+3D,1.6749169444665313
modern,3,a_N100_V3+3D,1.687041949480772
modern,3,a_N100_V3+3D,1.67254195548594
modern,3,a_N100_V3+3D,1.7414999892935157
modern,3,a_N100_V3+3D,1.681625028140843
modern,3,a_N100_V3+3D,1.7586670583114028
modern,3,a_N100_V3+3D,1.6807920765131712
modern,3,a_N100_V3+3D,1.676000072620809
modern,3,a_N100_V3+3D,1.6886250814422965
modern,3,a_N100_V3+3D,1.6774169635027647
modern,3,a_N100_V3+3D,1.728583942167461
modern,3,a_N100_V3+3D,1.6807080246508121
modern,3,a_N100_V3+3D,1.6734589589759707
modern,3,a_N100_V3+3D,1.6789579531177878
modern,3,a_N100_V3+3D,1.681625028140843
modern,3,a_N100_V3+3D,1.6976249171420932
modern,3,a_N100_V3+3D,2.237832988612354
modern,3,a_N100_V3+3D,0.8730830159038305
modern,3,a_N100_V3+3D,0.8772920118644834
modern,3,a_N100_V3+3D,0.8320410270243883
modern,3,a_N100_V3+3D,0.8212500251829624
modern,3,a_N100_V3+3D,0.8157920092344284
modern,3,a_N100_V3+3D,0.8230829844251275
modern,3,a_N100_V3+3D,0.8157920092344284
modern,3,a_N100_V3+3D,0.8133338997140527
modern,3,a_N100_V3+3D,0.8147089974954724
modern,3,a_N100_V3+3D,0.8138749981299043
modern,3,a_N100_V3+3D,0.8133340161293745
modern,3,a_N100_V3+3D,0.8093329379335046
modern,3,a_N100_V3+3D,0.8121669525280595
modern,3,a_N100_V3+3D,0.8170000510290265
modern,3,a_N100_V3+3D,0.8098749676719308
modern,3,a_N100_V3+3D,0.8138329721987247
modern,3,a_N100_V3+3D,0.8127500768750906
modern,3,a_N100_V3+3D,0.8084579603746533
modern,3,a_N100_V3+3D,0.8101670537143946
modern,3,a_N100_V3+3D,0.8185839978978038
modern,3,a_N100_V3+3D,0.8074580691754818
modern,3,a_N100_V3+3D,0.8098330581560731
modern,3,a_N100_V3+3D,0.8218339644372463
modern,3,a_N100_V3+3D,0.859541934914887
modern,3,a_N100_V3+3D,0.8078329265117645
modern,3,a_N100_V3+3D,0.825915951281786
modern,3,a_N100_V3+3D,0.820874935016036
modern,3,a_N100_V3+3D,0.7990419398993254
modern,3,a_N100_V3+3D,0.8278340101242065
modern,3,a_N100_V3+3D,1.9360000733286142
modern,3,a_N100_V3+3D,1.8634159350767732
modern,3,a_N100_V3+3D,1.7261250177398324
modern,3,a_N100_V3+3D,1.8256669864058495
modern,3,a_N100_V3+3D,1.7786669777706265
modern,3,a_N100_V3+3D,1.800708007067442
modern,3,a_N100_V3+3D,1.881500007584691
modern,3,a_N100_V3+3D,1.7718749586492777
modern,3,a_N100_V3+3D,1.680250046774745
modern,3,a_N100_V3+3D,1.7559169791638851
modern,3,a_N100_V3+3D,1.7856670310720801
modern,3,a_N100_V3+3D,1.763167092576623
modern,3,a_N100_V3+3D,1.6588749131187797
modern,3,a_N100_V3+3D,1.8149169627577066
modern,3,a_N100_V3+3D,1.6677499515935779
modern,3,a_N100_V3+3D,1.7697919392958283
modern,3,a_N100_V3+3D,1.7384999664500356
modern,3,a_N100_V3+3D,1.8067499622702599
modern,3,a_N100_V3+3D,1.6547919949516654
modern,3,a_N100_V3+3D,1.7472089966759086
modern,3,a_N100_V3+3D,1.7828750424087048
modern,3,a_N100_V3+3D,1.7750839469954371
modern,3,a_N100_V3+3D,1.6377909341827035
modern,3,a_N100_V3+3D,1.7433749744668603
modern,3,a_N100_V3+3D,1.7740830080583692
modern,3,a_N100_V3+3D,1.8116660648956895
modern,3,a_N100_V3+3D,1.715207938104868
modern,3,a_N100_V3+3D,1.772749936208129
modern,3,a_N100_V3+3D,1.6404999187216163
modern,3,a_N100_V3+3D,1.7133330693468451
modern,3,a_N100_V3+3D,1.7323339125141501
modern,3,a_N100_V3+3D,1.782999956049025
modern,3,a_N100_V3+3D,1.6667080344632268
modern,3,a_N100_V3+3D,1.7581669380888343
modern,3,a_N100_V3+3D,1.645416021347046
modern,3,a_N100_V3+3D,1.6312500229105353
modern,3,a_N100_V3+3D,2.0577090326696634
modern,3,a_N100_V3+3D,1.353709027171135
modern,3,a_N100_V3+3D,1.241166959516704
modern,3,a_N100_V3+3D,1.5724999830126762
modern,3,a_N100_V3+3D,1.44829205237329
modern,3,a_N100_V3+3D,1.379417022690177
modern,3,a_N100_V3+3D,1.2847910402342677
modern,3,a_N100_V3+3D,1.4004999538883567
modern,3,a_N100_V3+3D,1.303125056438148
modern,3,a_N100_V3+3D,1.3785000192001462
modern,3,a_N100_V3+3D,1.3652089983224869
modern,3,a_N100_V3+3D,1.2640409404411912
modern,3,a_N100_V3+3D,1.2954589910805225
modern,3,a_N100_V3+3D,1.3309590285643935
modern,3,a_N100_V3+3D,1.266457955352962
modern,3,a_N100_V3+3D,1.3445840450003743
modern,3,a_N100_V3+3D,1.3111250009387732
modern,3,a_N100_V3+3D,1.351958024315536
modern,3,a_N100_V3+3D,1.2431249488145113
modern,3,a_N100_V3+3D,1.3492500875145197
modern,3,a_N100_V3+3D,1.3662079581990838
modern,3,a_N100_V3+3D,1.2356669176369905
modern,3,a_N100_V3+3D,1.25962495803833
modern,3,a_N100_V3+3D,1.5869579510763288
modern,3,a_N100_V3+3D,1.7968330066651106
modern,3,a_N100_V3+3D,1.767458044923842
modern,3,a_N100_V3+3D,1.7272919649258256
modern,3,a_N100_V3+3D,1.7334161093458533
modern,3,a_N100_V3+3D,1.719541964121163
modern,3,a_N100_V3+3D,1.6977909253910184
modern,3,a_N100_V3+3D,1.685290946625173
modern,3,a_N100_V3+3D,1.6936250030994415
modern,3,a_N100_V3+3D,1.7273749690502882
modern,3,a_N100_V3+3D,1.6989170107990503
modern,3,a_N100_V3+3D,1.6942920628935099
modern,3,a_N100_V3+3D,1.9276250386610627
modern,3,a_N100_V3+3D,1.770957955159247
modern,3,a_N100_V3+3D,1.716083032079041
modern,3,a_N100_V3+3D,1.7131250351667404
modern,3,a_N100_V3+3D,1.7094160430133343
modern,3,a_N100_V3+3D,1.703167101368308
modern,3,a_N100_V3+3D,1.746834022924304
modern,3,a_N100_V3+3D,1.7020830418914557
modern,3,a_N100_V3+3D,1.676832907833159
modern,3,a_N100_V3+3D,1.6710410127416253
modern,3,a_N100_V3+3D,1.6693329671397805
modern,3,a_N100_V3+3D,1.6572079621255398
modern,3,a_N100_V3+3D,1.6569590661674738
modern,3,a_N100_V3+3D,1.6690409975126386
modern,3,a_N100_V3+3D,1.6975000035017729
modern,3,a_N100_V3+3D,1.6550000291317701
modern,3,a_N100_V3+3D,1.680874964222312
modern,3,a_N100_V3+3D,1.6531660221517086
modern,3,a_N100_V3+3D,1.655709114857018
modern,3,a_N100_V3+3D,1.6546660335734487
modern,3,a_N100_V3+3D,1.657749991863966
modern,3,a_N100_V3+3D,2.0407919073477387
modern,3,a_N100_V3+3D,1.284124911762774
modern,3,a_N100_V3+3D,1.2708749854937196
modern,3,a_N100_V3+3D,1.42354192212224
modern,3,a_N100_V3+3D,1.2402499560266733
modern,3,a_N100_V3+3D,1.231833011843264
modern,3,a_N100_V3+3D,1.2290839804336429
modern,3,a_N100_V3+3D,1.5153749845921993
modern,3,a_N100_V3+3D,1.624083030037582
modern,3,a_N100_V3+3D,1.3024590443819761
modern,3,a_N100_V3+3D,1.247250009328127
modern,3,a_N100_V3+3D,1.2421669671311975
modern,3,a_N100_V3+3D,1.227125059813261
modern,3,a_N100_V3+3D,1.227125059813261
modern,3,a_N100_V3+3D,1.2432500952854753
modern,3,a_N100_V3+3D,1.2213339796289802
modern,3,a_N100_V3+3D,1.2223750818520784
modern,3,a_N100_V3+3D,1.2224169913679361
modern,3,a_N100_V3+3D,1.2724170228466392
modern,3,a_N100_V3+3D,1.2240830110386014
modern,3,a_N100_V3+3D,1.2279580114409328
modern,3,a_N100_V3+3D,1.2273750035092235
modern,3,a_N100_V3+3D,1.2280000373721123
modern,3,a_N100_V3+3D,1.2500829761847854
modern,3,a_N100_V3+3D,1.2132920091971755
modern,3,a_N100_V3+3D,1.2130000395700336
modern,3,a_N100_V3+3D,1.2133329873904586
modern,3,a_N100_V3+3D,1.7085000872612
modern,3,a_N100_V3+3D,1.8241669749841094
modern,3,a_N100_V3+3D,1.7894170014187694
modern,3,a_N100_V3+3D,1.7592499498277903
modern,3,a_N100_V3+3D,1.7396659823134542
modern,3,a_N100_V3+3D,1.7159170238301158
modern,3,a_N100_V3+3D,1.7145839519798756
modern,3,a_N100_V3+3D,1.6796250129118562
modern,3,a_N100_V3+3D,1.7174159875139594
modern,3,a_N100_V3+3D,1.7127919709309936
modern,3,a_N100_V3+3D,1.6766670159995556
modern,3,a_N100_V3+3D,1.6825830098241568
modern,3,a_N100_V3+3D,1.6897920286282897
modern,3,a_N100_V3+3D,1.6698340186849236
modern,3,a_N100_V3+3D,1.6725410241633654
modern,3,a_N100_V3+3D,1.7022080719470978
modern,3,a_N100_V3+3D,1.7156250542029738
modern,3,a_N100_V3+3D,1.6666249139234424
modern,3,a_N100_V3+3D,1.7527499003335834
modern,3,a_N100_V3+3D,1.6648749588057399
modern,3,a_N100_V3+3D,1.6814999980852008
modern,3,a_N100_V3+3D,1.886500045657158
modern,3,a_N100_V3+3D,1.7412080196663737
modern,3,a_N100_V3+3D,1.6679579857736826
modern,3,a_N100_V3+3D,1.6774580581113696
modern,3,a_N100_V3+3D,1.6692919889464974
modern,3,a_N100_V3+3D,1.6951250145211816
modern,3,a_N100_V3+3D,1.683417009189725
modern,3,a_N100_V3+3D,1.6778750577941537
modern,3,a_N100_V3+3D,1.645333948545158
modern,3,a_N100_V3+3D,1.6440830659121275
modern,3,a_N100_V3+3D,1.6445830697193742
modern,3,a_N100_V3+3D,1.7079169629141688
modern,3,a_N100_V3+3D,1.6674590297043324
modern,3,a_N100_V3+3D,1.6847499646246433
modern,3,a_N100_V3+3D,1.6902500065043569
modern,3,a_N100_V3+3D,1.6556669725105166
modern,3,a_N100_V3+3D,1.651291036978364
modern,3,a_N100_V3+3D,1.6744999447837472
modern,3,a_N100_V3+3D,1.6522500663995743
modern,3,a_N100_V3+3D,1.688875025138259
modern,3,a_N100_V3+3D,1.6617500223219395
modern,3,a_N100_V3+3D,1.6537500778213143
modern,3,a_N100_V3+3D,1.6502910293638706
modern,3,a_N100_V3+3D,1.6277080867439508
modern,3,a_N100_V3+3D,1.6402089968323708
modern,3,a_N100_V3+3D,1.6851250547915697
modern,3,a_N100_V3+3D,1.6577919013798237
modern,3,a_N100_V3+3D,1.660916954278946
modern,3,a_N100_V3+3D,1.6547079430893064
modern,3,a_N100_V3+3D,1.676499960012734
modern,3,a_N100_V3+3D,1.6484169755131006
modern,3,a_N100_V3+3D,1.649749930948019
modern,3,a_N100_V3+3D,1.6468330286443233
modern,3,a_N100_V3+3D,1.6466670203953981
modern,3,a_N100_V3+3D,1.6483330400660634
modern,3,a_N100_V3+3D,1.7013750039041042
modern,3,a_N100_V3+3D,1.659334055148065
modern,3,a_N100_V3+3D,1.6422090120613575
modern,3,a_N100_V3+3D,1.6890420811250806
modern,3,a_N100_V3+3D,1.6387919895350933
modern,3,a_N100_V3+3D,1.7968330066651106
modern,3,a_N100_V3+3D,1.7589590279385448
modern,3,a_N100_V3+3D,1.7268749652430415
modern,3,a_N100_V3+3D,1.7347920220345259
modern,3,a_N100_V3+3D,1.742042019031942
modern,3,a_N100_V3+3D,1.7020830418914557
modern,3,a_N100_V3+3D,1.7161250580102205
modern,3,a_N100_V3+3D,1.7030839808285236
modern,3,a_N100_V3+3D,1.6754580428823829
modern,3,a_N100_V3+3D,1.684832968749106
modern,3,a_N100_V3+3D,1.7045000568032265
modern,3,a_N100_V3+3D,1.7082920530810952
modern,3,a_N100_V3+3D,1.6849589301273227
modern,3,a_N100_V3+3D,1.6847499646246433
modern,3,a_N100_V3+3D,1.6869999235495925
modern,3,a_N100_V3+3D,1.6898749163374305
modern,3,a_N100_V3+3D,1.6991249285638332
modern,3,a_N100_V3+3D,1.7364169470965862
modern,3,a_N100_V3+3D,1.6886669909581542
modern,3,a_N100_V3+3D,1.6875829314813018
modern,3,a_N100_V3+3D,1.6920419875532389
modern,3,a_N100_V3+3D,1.6603340627625585
modern,3,a_N100_V3+3D,1.6761249862611294
modern,3,a_N100_V3+3D,1.6672919737175107
modern,3,a_N100_V3+3D,1.697625033557415
modern,3,a_N100_V3+3D,1.6777090495452285
modern,3,a_N100_V3+3D,1.7127920873463154
modern,3,a_N100_V3+3D,1.6757919220253825
modern,3,a_N100_V3+3D,1.6742500010877848
modern,3,a_N100_V3+3D,1.6572499880567193
modern,3,a_N100_V3+3D,1.6714169178158045
modern,3,a_N100_V3+3D,1.9382499158382416
modern,3,a_N100_V3+3D,1.6984579851850867
modern,3,a_N100_V3+3D,1.6804999904707074
modern,3,a_N100_V3+3D,1.6643749549984932
modern,3,a_N100_V3+3D,1.6700000269338489
modern,3,a_N100_V3+3D,1.688916003331542
modern,3,a_N100_V3+3D,1.7032090108841658
modern,3,a_N100_V3+3D,1.6817080322653055
modern,3,a_N100_V3+3D,1.6870420658960938
modern,3,a_N100_V3+3D,1.7030000453814864
modern,3,a_N100_V3+3D,1.6935410676524043
modern,3,a_N100_V3+3D,1.6531669534742832
modern,3,a_N100_V3+3D,1.6710419440642
modern,3,a_N100_V3+3D,1.6707079485058784
modern,3,a_N100_V3+3D,1.691124984063208
modern,3,a_N100_V3+3D,1.6572920139878988
modern,3,a_N100_V3+3D,1.6601249808445573
modern,3,a_N100_V3+3D,1.7028340371325612
modern,3,a_N100_V3+3D,1.9832500256597996
modern,3,a_N100_V3+3D,1.2835420202463865
modern,3,a_N100_V3+3D,1.2435000389814377
modern,3,a_N100_V3+3D,1.2449170462787151
modern,3,a_N100_V3+3D,1.2390000047162175
modern,3,a_N100_V3+3D,1.2626670068129897
modern,3,a_N100_V3+3D,1.2370420154184103
modern,3,a_N100_V3+3D,1.2879159767180681
modern,3,a_N100_V3+3D,1.2492920504882932
modern,3,a_N100_V3+3D,1.2498749420046806
modern,3,a_N100_V3+3D,1.2459999416023493
modern,3,a_N100_V3+3D,1.7766670789569616
modern,3,a_N100_V3+3D,1.7220000736415386
modern,3,a_N100_V3+3D,1.7040830571204424
modern,3,a_N100_V3+3D,1.733125071041286
modern,3,a_N100_V3+3D,1.6822500620037317
modern,3,a_N100_V3+3D,1.6670420300215483
modern,3,a_N100_V3+3D,1.664999988861382
modern,3,a_N100_V3+3D,1.6671669436618686
modern,3,a_N100_V3+3D,1.6728329937905073
modern,3,a_N100_V3+3D,1.6547499690204859
modern,3,a_N100_V3+3D,1.6518339980393648
modern,3,a_N100_V3+3D,1.6542499652132392
modern,3,a_N100_V3+3D,1.6538749914616346
modern,3,a_N100_V3+3D,1.6420839820057154
modern,3,a_N100_V3+3D,1.635708031244576
modern,3,a_N100_V3+3D,1.6653339844197035
modern,3,a_N100_V3+3D,1.6400839667767286
modern,3,a_N100_V3+3D,1.6947920667007565
modern,3,a_N100_V3+3D,1.641959068365395
modern,3,a_N100_V3+3D,1.6532500740140676
modern,3,a_N100_V3+3D,1.6468330286443233
modern,3,a_N100_V3+3D,1.6659169923514128
modern,3,a_N100_V3+3D,1.6392910620197654
modern,3,a_N100_V3+3D,1.6358329448848963
modern,3,a_N100_V3+3D,1.6568329883739352
modern,3,a_N100_V3+3D,1.641083974391222
modern,3,a_N100_V3+3D,1.662124996073544
modern,3,a_N100_V3+3D,1.640290953218937
modern,3,a_N100_V3+3D,1.6351250233128667
modern,3,a_N100_V3+3D,1.655916916206479
modern,3,a_N100_V3+3D,1.6380840679630637
modern,3,a_N100_V3+3D,1.6650420147925615
modern,3,a_N100_V3+3D,1.6360420268028975
modern,3,a_N100_V3+3D,1.631750026717782
modern,3,a_N100_V3+3D,1.6343750758096576
modern,3,a_N100_V3+3D,1.6536250477656722
modern,3,a_N100_V3+3D,1.6376660205423832
modern,3,a_N100_V3+3D,1.6347910277545452
modern,3,a_N100_V3+3D,1.6416669823229313
modern,3,a_N100_V3+3D,1.6349159413948655
modern,3,a_N100_V3+3D,1.6274589579552412
modern,3,a_N100_V3+3D,1.6373749822378159
modern,3,a_N100_V3+3D,1.6312920488417149
modern,3,a_N100_V3+3D,1.636000000871718
modern,3,a_N100_V3+3D,1.6374170081689954
modern,3,a_N100_V3+3D,1.6669590258970857
modern,3,a_N100_V3+3D,1.6585839912295341
modern,3,a_N100_V3+3D,1.6952500445768237
modern,3,a_N100_V3+3D,1.7057920340448618
modern,3,a_N100_V3+3D,2.2814590483903885
modern,3,a_N100_V3+3D,1.4493330381810665
modern,3,a_N100_V3+3D,1.7596249235793948
modern,3,a_N100_V3+3D,1.4627499040216208
modern,3,a_N100_V3+3D,1.4523329446092248
modern,3,a_N100_V3+3D,1.527042011730373
modern,3,a_N100_V3+3D,1.2886669719591737
modern,3,a_N100_V3+3D,1.3097079936414957
modern,3,a_N100_V3+3D,1.260999939404428
modern,3,a_N100_V3+3D,1.2579590547829866
modern,3,a_N100_V3+3D,1.2579580070450902
modern,3,a_N100_V3+3D,1.9674579380080104
modern,3,a_N100_V3+3D,1.90754106733948
modern,3,a_N100_V3+3D,1.941458904184401
modern,3,a_N100_V3+3D,1.83516601100564
modern,3,a_N100_V3+3D,1.8968329532071948
modern,3,a_N100_V3+3D,1.9418749725446105
modern,3,a_N100_V3+3D,1.7469159793108702
modern,3,a_N100_V3+3D,1.7547080060467124
modern,3,a_N100_V3+3D,1.725125010125339
modern,3,a_N100_V3+3D,1.8094589468091726
modern,3,a_N100_V3+3D,1.6797500429674983
modern,3,a_N100_V3+3D,1.6934589948505163
modern,3,a_N100_V3+3D,1.7234999686479568
modern,3,a_N100_V3+3D,1.6835000133141875
modern,3,a_N100_V3+3D,1.7097090603783727
modern,3,a_N100_V3+3D,1.701249973848462
modern,3,a_N100_V3+3D,1.6852919943630695
modern,3,a_N100_V3+3D,1.7292919801548123
modern,3,a_N100_V3+3D,1.6580000519752502
modern,3,a_N100_V3+3D,1.6817499417811632
modern,3,a_N100_V3+3D,1.6662089619785547
modern,3,a_N100_V3+3D,1.6806659987196326
modern,3,a_N100_V3+3D,1.701249973848462
modern,3,a_N100_V3+3D,1.684917020611465
modern,3,a_N100_V3+3D,1.6671669436618686
modern,3,a_N100_V3+3D,1.678040949627757
modern,3,a_N100_V3+3D,1.702000037766993
modern,3,a_N100_V3+3D,1.7318750033155084
modern,3,a_N100_V3+3D,1.6530409920960665
modern,3,a_N100_V3+3D,2.6866670232266188
modern,3,a_N100_V3+3D,1.8158330349251628
modern,3,a_N100_V3+3D,1.7914579948410392
modern,3,a_N100_V3+3D,2.2404169430956244
modern,3,a_N100_V3+3D,1.9352079834789038
modern,3,a_N100_V3+3D,1.7272919649258256
modern,3,a_N100_V3+3D,1.70616596005857
modern,3,a_N100_V3+3D,2.0452910102903843
modern,3,a_N100_V3+3D,1.2865419266745448
modern,3,a_N100_V3+3D,1.3049589470028877
modern,3,a_N100_V3+3D,1.2605839874595404
modern,3,a_N100_V3+3D,1.286791986785829
modern,3,a_N100_V3+3D,1.2621249770745635
modern,3,a_N100_V3+3D,1.2622090289369226
modern,3,a_N100_V3+3D,1.2595000443980098
modern,3,a_N100_V3+3D,1.2827920727431774
modern,3,a_N100_V3+3D,1.2438329868018627
modern,3,a_N100_V3+3D,1.2788750464096665
modern,3,a_N100_V3+3D,1.2409168994054198
modern,3,a_N100_V3+3D,1.301625045016408
modern,3,a_N100_V3+3D,1.2660420034080744
modern,3,a_N100_V3+3D,1.2888750061392784
modern,3,a_N100_V3+3D,1.2427079491317272
modern,3,a_N100_V3+3D,1.234250026755035
modern,3,a_N100_V3+3D,1.2462500017136335
modern,3,a_N100_V3+3D,1.2608329998329282
modern,3,a_N100_V3+3D,1.2704170076176524
modern,3,a_N100_V3+3D,1.2319170637056231
modern,3,a_N100_V3+3D,1.2997089652344584
modern,3,a_N100_V3+3D,1.2465830659493804
modern,3,a_N100_V3+3D,1.2273340253159404
modern,3,a_N100_V3+3D,1.7886250279843807
modern,3,a_N100_V3+3D,2.0434169564396143
modern,3,a_N100_V3+3D,1.8247499829158187
modern,3,a_N100_V3+3D,1.7425409751012921
modern,3,a_N100_V3+3D,1.7234999686479568
modern,3,a_N100_V3+3D,1.7286250367760658
modern,3,a_N100_V3+3D,1.7116250237450004
modern,3,a_N100_V3+3D,1.6922920476645231
modern,3,a_N100_V3+3D,1.6780830919742584
modern,3,a_N100_V3+3D,1.701416913419962
modern,3,a_N100_V3+3D,1.671500038355589
modern,3,a_N100_V3+3D,1.6637500375509262
modern,3,a_N100_V3+3D,1.6709589399397373
modern,3,a_N100_V3+3D,1.6853749984875321
modern,3,a_N100_V3+3D,1.6728750197216868
modern,3,a_N100_V3+3D,1.7039170488715172
modern,3,a_N100_V3+3D,2.000332926400006
modern,3,a_N100_V3+3D,1.7108330503106117
modern,3,a_N100_V3+3D,1.6537500778213143
modern,3,a_N100_V3+3D,1.6499999910593033
modern,3,a_N100_V3+3D,1.6507920809090137
modern,3,a_N100_V3+3D,1.6958749620243907
modern,3,a_N100_V3+3D,1.6715420642867684
modern,3,a_N100_V3+3D,1.648042001761496
modern,3,a_N100_V3+3D,1.6517499461770058
modern,3,a_N100_V3+3D,1.6590420855209231
modern,3,a_N100_V3+3D,1.6365410992875695
modern,3,a_N100_V3+3D,1.6944999806582928
modern,3,a_N100_V3+3D,1.6525000100955367
modern,3,a_N100_V3+3D,1.66787498164922
modern,3,a_N100_V3+3D,1.8703340319916606
modern,3,a_N100_V3+3D,1.865625032223761
modern,3,a_N100_V3+3D,1.6759999562054873
modern,3,a_N100_V3+3D,1.6879590693861246
modern,3,a_N100_V3+3D,1.662875059992075
modern,3,a_N100_V3+3D,1.6583329997956753
modern,3,a_N100_V3+3D,1.637500012293458
modern,3,a_N100_V3+3D,1.6605420969426632
modern,3,a_N100_V3+3D,1.651250058785081
modern,3,a_N100_V3+3D,1.691084005869925
modern,3,a_N100_V3+3D,1.6603339463472366
modern,3,a_N100_V3+3D,2.2522079525515437
modern,3,a_N100_V3+3D,2.336833975277841
modern,3,a_N100_V3+3D,1.914000022225082
modern,3,a_N100_V3+3D,1.8831659108400345
modern,3,a_N100_V3+3D,1.7513750353828073
modern,3,a_N100_V3+3D,1.9018750172108412
modern,3,a_N100_V3+3D,2.6175420498475432
modern,3,a_N100_V3+3D,1.973167061805725
modern,3,a_N100_V3+3D,1.76212505903095
modern,3,a_N100_V3+3D,1.6961670480668545
modern,3,a_N100_V3+3D,1.812709029763937
modern,3,a_N100_V3+3D,2.179416944272816
modern,3,a_N100_V3+3D,2.1181670017540455
modern,3,a_N100_V3+3D,1.7985840095207095
modern,3,a_N100_V3+3D,1.7657499993219972
modern,3,a_N100_V3+3D,1.735541969537735
modern,3,a_N100_V3+3D,1.7860420048236847
modern,3,a_N100_V3+3D,1.7371670110151172
modern,3,a_N100_V3+3D,1.7021659296005964
modern,3,a_N100_V3+3D,1.791000016964972
modern,3,a_N100_V3+3D,1.7789159901440144
modern,3,a_N100_V3+3D,1.7334999283775687
modern,3,a_N100_V3+3D,1.7293329583480954
modern,3,a_N100_V3+3D,1.758791971951723
modern,3,a_N100_V3+3D,1.711374963633716
modern,3,a_N100_V3+3D,1.7071659676730633
modern,3,a_N100_V3+3D,1.693250029347837
modern,3,a_N100_V3+3D,1.6899170586839318
modern,3,a_N100_V3+3D,1.6878340393304825
modern,3,a_N100_V3+3D,1.6756249824538827
modern,3,a_N100_V3+3D,1.6810409724712372
modern,3,a_N100_V3+3D,1.6620829701423645
modern,3,a_N100_V3+3D,1.6675000078976154
modern,3,a_N100_V3+3D,1.6825000056996942
modern,3,a_N100_V3+3D,1.6790000954642892
modern,3,a_N100_V3+3D,1.6819169977679849
modern,3,a_N100_V3+3D,1.7316669691354036
modern,3,a_N100_V3+3D,1.670665922574699
modern,3,a_N100_V3+3D,1.6628329176455736
modern,3,a_N100_V3+3D,1.6722920117899776
modern,3,a_N100_V3+3D,2.0437079947441816
modern,3,a_N100_V3+3D,1.7969580367207527
modern,3,a_N100_V3+3D,1.778292004019022
modern,3,a_N100_V3+3D,1.7426250269636512
modern,3,a_N100_V3+3D,1.741416985169053
modern,3,a_N100_V3+3D,1.7267090734094381
modern,3,a_N100_V3+3D,1.705207978375256
modern,3,a_N100_V3+3D,1.7460420494899154
modern,3,a_N100_V3+3D,1.7206249758601189
modern,3,a_N100_V3+3D,1.7039580270648003
modern,3,a_N100_V3+3D,1.73287489451468
modern,3,a_N100_V3+3D,1.7060840036720037
modern,3,a_N100_V3+3D,1.6907498938962817
modern,3,a_N100_V3+3D,2.016291953623295
modern,3,a_N100_V3+3D,1.2793749338015914
modern,3,a_N100_V3+3D,1.2606249656528234
modern,3,a_N100_V3+3D,1.2599170440807939
modern,3,a_N100_V3+3D,1.2640419881790876
modern,3,a_N100_V3+3D,1.2474589748308063
modern,3,a_N100_V3+3D,1.2574580032378435
modern,3,a_N100_V3+3D,1.2650000862777233
modern,3,a_N100_V3+3D,1.266125007532537
modern,3,a_N100_V3+3D,1.2507080100476742
modern,3,a_N100_V3+3D,1.2514999834820628
modern,3,a_N100_V3+3D,1.2579160975292325
modern,3,a_N100_V3+3D,1.2590419501066208
modern,3,a_N100_V3+3D,1.2538749724626541
modern,3,a_N100_V3+3D,1.259499927982688
modern,3,a_N100_V3+3D,1.2859998969361186
modern,3,a_N100_V3+3D,1.2572079431265593
modern,3,a_N100_V3+3D,1.2507500359788537
modern,3,a_N100_V3+3D,1.2610829435288906
modern,3,a_N100_V3+3D,1.2670420110225677
modern,3,a_N100_V3+3D,1.2482920428737998
modern,3,a_N100_V3+3D,1.2509580701589584
modern,3,a_N100_V3+3D,1.253542024642229
modern,3,a_N100_V3+3D,1.258915988728404
modern,3,a_N100_V3+3D,1.2609580298885703
modern,3,a_N100_V3+3D,1.24858389608562
modern,3,a_N100_V3+3D,1.810499932616949
modern,3,a_N100_V3+3D,1.7622089944779873
modern,3,a_N100_V3+3D,1.720083993859589
modern,3,a_N100_V3+3D,1.697832951322198
modern,3,a_N100_V3+3D,1.7049999441951513
modern,3,a_N100_V3+3D,1.6902920324355364
modern,3,a_N100_V3+3D,1.688542077317834
modern,3,a_N100_V3+3D,1.7108330503106117
modern,3,a_N100_V3+3D,1.6730839852243662
modern,3,a_N100_V3+3D,1.6784160397946835
modern,3,a_N100_V3+3D,1.6781670274212956
modern,3,a_N100_V3+3D,1.6836249269545078
modern,3,a_N100_V3+3D,1.675457926467061
modern,3,a_N100_V3+3D,1.6849999083206058
modern,3,a_N100_V3+3D,1.6814999980852008
modern,3,a_N100_V3+3D,1.6775419935584068
modern,3,a_N100_V3+3D,1.6664169961586595
modern,3,a_N100_V3+3D,1.9224169664084911
modern,3,a_N100_V3+3D,1.6959579661488533
modern,3,a_N100_V3+3D,1.6683749854564667
modern,3,a_N100_V3+3D,1.6594589687883854
modern,3,a_N100_V3+3D,1.6762909945100546
modern,3,a_N100_V3+3D,1.6552499728277326
modern,3,a_N100_V3+3D,1.6550840809941292
modern,3,a_N100_V3+3D,1.6690000193193555
modern,3,a_N100_V3+3D,1.6539170173928142
modern,3,a_N100_V3+3D,1.658374909311533
modern,3,a_N100_V3+3D,1.6647079028189182
modern,3,a_N100_V3+3D,1.694458071142435
modern,3,a_N100_V3+3D,1.6617089277133346
modern,3,a_N100_V3+3D,1.6612079925835133
modern,3,a_N100_V3+3D,1.6470419941470027
modern,3,a_N100_V3+3D,1.7097500385716558
modern,3,a_N100_V3+3D,1.6672919737175107
modern,3,a_N100_V3+3D,1.6446670051664114
modern,3,a_N100_V3+3D,1.6376660205423832
modern,3,a_N100_V3+3D,1.6433330019935966
modern,3,a_N100_V3+3D,1.6490829875692725
modern,3,a_N100_V3+3D,1.6444590874016285
modern,3,a_N100_V3+3D,1.6550830332562327
modern,3,a_N100_V3+3D,1.664582989178598
modern,3,a_N100_V3+3D,1.6519160708412528
modern,3,a_N100_V3+3D,1.6515839379280806
modern,3,a_N100_V3+3D,1.6510419081896544
modern,3,a_N100_V3+3D,1.644083997234702
modern,3,a_N100_V3+3D,1.6399580053985119
modern,3,a_N100_V3+3D,1.679791952483356
modern,3,a_N100_V3+3D,1.6566659323871136
modern,3,a_N100_V3+3D,1.6514579765498638
modern,3,a_N100_V3+3D,1.6667499439790845
modern,3,a_N100_V3+3D,1.647292054258287
modern,3,a_N100_V3+3D,1.6523749800398946
modern,3,a_N100_V3+3D,1.6325420001521707
modern,3,a_N100_V3+3D,1.6293330118060112
modern,3,a_N100_V3+3D,1.642207964323461
modern,3,a_N100_V3+3D,1.6409170348197222
modern,3,a_N100_V3+3D,1.640375005081296
modern,3,a_N100_V3+3D,2.1913748933002353
modern,3,a_N100_V3+3D,1.7879579681903124
modern,3,a_N100_V3+3D,1.768791931681335
modern,3,a_N100_V3+3D,1.7982081044465303
modern,3,a_N100_V3+3D,1.7826660769060254
modern,3,a_N100_V3+3D,1.7522089183330536
modern,3,a_N100_V3+3D,1.7133329529315233
modern,3,a_N100_V3+3D,1.741708954796195
modern,3,a_N100_V3+3D,1.7315000295639038
modern,3,a_N100_V3+3D,1.7315830336883664
modern,3,a_N100_V3+3D,1.7042920226231217
modern,3,a_N100_V3+3D,1.7028750153258443
modern,3,a_N100_V3+3D,1.6944579547271132
modern,3,a_N100_V3+3D,1.7007909482344985
modern,3,a_N100_V3+3D,1.6778340796008706
modern,3,a_N100_V3+3D,1.6894160071387887
modern,3,a_N100_V3+3D,2.2129170829430223
modern,3,a_N100_V3+3D,1.866833888925612
modern,3,a_N100_V3+3D,1.7577499384060502
modern,3,a_N100_V3+3D,1.8097501015290618
modern,3,a_N100_V3+3D,1.748165930621326
modern,3,a_N100_V3+3D,1.7420831136405468
modern,3,a_N100_V3+3D,1.7022499814629555
modern,3,a_N100_V3+3D,1.750458963215351
modern,3,a_N100_V3+3D,1.7146250465884805
modern,3,a_N100_V3+3D,1.7264169873669744
modern,3,a_N100_V3+3D,1.7008750000968575
modern,3,a_N100_V3+3D,1.7155830282717943
modern,3,a_N100_V3+3D,1.6963339876383543
modern,3,a_N100_V3+3D,1.7010420560836792
modern,3,a_N100_V3+3D,1.6847910592332482
modern,3,a_N100_V3+3D,1.781292026862502
modern,3,a_N100_V3+3D,1.7073749331757426
modern,3,a_N100_V3+3D,2.050457987934351
modern,3,a_N100_V3+3D,1.3290410861372948
modern,3,a_N100_V3+3D,1.2829169863834977
modern,3,a_N100_V3+3D,1.2716250494122505
modern,3,a_N100_V3+3D,1.2898750137537718
modern,3,a_N100_V3+3D,1.2932500103488564
modern,3,a_N100_V3+3D,1.2846249155700207
modern,3,a_N100_V3+3D,1.2736249482259154
modern,3,a_N100_V3+3D,1.2742499820888042
modern,3,a_N100_V3+3D,1.2796670198440552
modern,3,a_N100_V3+3D,1.285291975364089
modern,3,a_N100_V3+3D,1.243709004484117
modern,3,a_N100_V3+3D,1.2600000482052565
modern,3,a_N100_V3+3D,1.2535830028355122
modern,3,a_N100_V3+3D,1.272916910238564
modern,3,a_N100_V3+3D,1.5531249810010195
modern,3,a_N100_V3+3D,0.9026250336319208
modern,3,a_N100_V3+3D,0.8335839956998825
modern,3,a_N100_V3+3D,0.8555829990655184
modern,3,a_N100_V3+3D,0.8409160654991865
modern,3,a_N100_V3+3D,0.9055419359356165
modern,3,a_N100_V3+3D,0.8292499696835876
modern,3,a_N100_V3+3D,0.961042009294033
modern,3,a_N100_V3+3D,0.8240420138463378
modern,3,a_N100_V3+3D,0.9212079457938671
modern,3,a_N100_V3+3D,0.9092920226976275
modern,3,a_N100_V3+3D,0.9035840630531311
modern,3,a_N100_V3+3D,0.8172080852091312
modern,3,a_N100_V3+3D,0.9264589753001928
modern,3,a_N100_V3+3D,0.8639580337330699
modern,3,a_N100_V3+3D,1.787541899830103
modern,3,a_N100_V3+3D,1.7600000137463212
modern,3,a_N100_V3+3D,1.7794999293982983
modern,3,a_N100_V3+3D,1.7175829270854592
modern,3,a_N100_V3+3D,1.9276669481769204
modern,3,a_N100_V3+3D,1.6890839906409383
modern,3,a_N100_V3+3D,1.6875419532880187
modern,3,a_N100_V3+3D,1.6799590084701777
modern,3,a_N100_V3+3D,1.6793330432847142
modern,3,a_N100_V3+3D,1.681957975961268
modern,3,a_N100_V3+3D,1.6937090549618006
modern,3,a_N100_V3+3D,1.6797500429674983
modern,3,a_N100_V3+3D,1.6731660580262542
modern,3,a_N100_V3+3D,1.6580420779064298
modern,3,a_N100_V3+3D,1.6664589056745172
modern,3,a_N100_V3+3D,1.709582982584834
modern,3,a_N100_V3+3D,1.6514590242877603
modern,3,a_N100_V3+3D,1.6474169678986073
modern,3,a_N100_V3+3D,1.6587499994784594
modern,3,a_N100_V3+3D,1.6709170304238796
modern,3,a_N100_V3+3D,1.6495840391144156
modern,3,a_N100_V3+3D,1.654457999393344
modern,3,a_N100_V3+3D,1.637208042666316
modern,3,a_N100_V3+3D,1.6422090120613575
modern,3,a_N100_V3+3D,1.6436249716207385
modern,3,a_N100_V3+3D,1.6532080480828881
modern,3,a_N100_V3+3D,1.6351250233128667
modern,3,a_N100_V3+3D,1.647208002395928
modern,3,a_N100_V3+3D,1.6466249944642186
modern,3,a_N100_V3+3D,1.6793339746072888
modern,3,a_N100_V3+3D,1.6908339457586408
modern,3,a_N100_V3+3D,1.645208103582263
modern,3,a_N100_V3+3D,1.6408750088885427
modern,3,a_N100_V3+3D,1.6351669328287244
modern,3,a_N100_V3+3D,1.643249997869134
modern,3,a_N100_V3+3D,1.6538749914616346
modern,3,a_N100_V3+3D,1.6523749800398946
modern,3,a_N100_V3+3D,1.64583302102983
modern,3,a_N100_V3+3D,1.634957967326045
modern,3,a_N100_V3+3D,1.6353330574929714
modern,3,a_N100_V3+3D,1.6465000808238983
modern,3,a_N100_V3+3D,1.6462920466437936
modern,3,a_N100_V3+3D,1.6468750545755029
modern,3,a_N100_V3+3D,1.9795420812442899
modern,3,a_N100_V3+3D,1.288166968151927
modern,3,a_N100_V3+3D,1.2550419196486473
modern,3,a_N100_V3+3D,1.2423750013113022
modern,3,a_N100_V3+3D,1.229249988682568
modern,3,a_N100_V3+3D,1.2233329471200705
modern,3,a_N100_V3+3D,1.2312079779803753
modern,3,a_N100_V3+3D,1.6687919851392508
modern,3,a_N100_V3+3D,1.3026249362155795
modern,3,a_N100_V3+3D,1.281999982893467
modern,3,a_N100_V3+3D,1.244707964360714
modern,3,a_N100_V3+3D,1.2452079681679606
modern,3,a_N100_V3+3D,1.2309580342844129
modern,3,a_N100_V3+3D,1.2279590591788292
modern,3,a_N100_V3+3D,1.2333330232650042
modern,3,a_N100_V3+3D,1.2127080699428916
modern,3,a_N100_V3+3D,1.2700000079348683
modern,3,a_N100_V3+3D,1.7958750249817967
modern,3,a_N100_V3+3D,1.7747500678524375
modern,3,a_N100_V3+3D,1.7658750293776393
modern,3,a_N100_V3+3D,1.7430419102311134
modern,3,a_N100_V3+3D,1.7469589365646243
modern,3,a_N100_V3+3D,1.7422499367967248
modern,3,a_N100_V3+3D,1.7260420136153698
modern,3,a_N100_V3+3D,1.7088329186663032
modern,3,a_N100_V3+3D,1.7409579595550895
modern,3,a_N100_V3+3D,1.7022090032696724
modern,3,a_N100_V3+3D,1.6897079767659307
modern,3,a_N100_V3+3D,1.701583038084209
modern,3,a_N100_V3+3D,1.6797090647742152
modern,3,a_N100_V3+3D,1.6797080170363188
modern,3,a_N100_V3+3D,1.7001660307869315
modern,3,a_N100_V3+3D,1.6830000095069408
modern,3,a_N100_V3+3D,1.7091670306399465
modern,3,a_N100_V3+3D,1.7412920715287328
modern,3,a_N100_V3+3D,1.6763339517638087
modern,3,a_N100_V3+3D,1.7027499852702022
modern,3,a_N100_V3+3D,1.7024169210344553
modern,3,a_N100_V3+3D,1.6777499113231897
modern,3,a_N100_V3+3D,1.9930829294025898
modern,3,a_N100_V3+3D,1.6881669871509075
modern,3,a_N100_V3+3D,1.6628749435767531
modern,3,a_N100_V3+3D,1.6847919905558228
modern,3,a_N100_V3+3D,1.721041975542903
modern,3,a_N100_V3+3D,1.6785420011729002
modern,3,a_N100_V3+3D,1.6714170342311263
modern,3,a_N100_V3+3D,1.7242080066353083
modern,3,a_N100_V3+3D,1.6785420011729002
modern,3,a_N100_V3+3D,1.715708989650011
modern,3,a_N100_V3+3D,1.7122920835390687
modern,3,a_N100_V3+3D,1.6896669985726476
modern,3,a_N100_V3+3D,1.678749918937683
modern,3,a_N100_V3+3D,1.6943749506026506
modern,3,a_N100_V3+3D,1.6792089445516467
modern,3,a_N100_V3+3D,1.6824170015752316
modern,3,a_N100_V3+3D,1.6605419805273414
modern,3,a_N100_V3+3D,1.6892499988898635
modern,3,a_N100_V3+3D,1.7172499792650342
modern,3,a_N100_V3+3D,1.67908298317343
modern,3,a_N100_V3+3D,1.6912500141188502
modern,3,a_N100_V3+3D,1.6785840271040797
modern,3,a_N100_V3+3D,1.650625024922192
modern,3,a_N100_V3+3D,2.032750053331256
modern,3,a_N100_V3+3D,1.2813340872526169
modern,3,a_N100_V3+3D,1.2456250842660666
modern,3,a_N100_V3+3D,1.26129190903157
modern,3,a_N100_V3+3D,1.2754580238834023
modern,3,a_N100_V3+3D,1.261125085875392
modern,3,a_N100_V3+3D,1.2527499347925186
modern,3,a_N100_V3+3D,1.2629999546334147
modern,3,a_N100_V3+3D,1.247250009328127
modern,3,a_N100_V3+3D,1.2486670166254044
modern,3,a_N100_V3+3D,1.2434580130502582
modern,3,a_N100_V3+3D,1.2352500343695283
modern,3,a_N100_V3+3D,1.253416994586587
modern,3,a_N100_V3+3D,1.2459170538932085
modern,3,a_N100_V3+3D,1.3043329818174243
modern,3,a_N100_V3+3D,1.8189999973401427
modern,3,a_N100_V3+3D,1.855666982010007
modern,3,a_N100_V3+3D,1.7751669511198997
modern,3,a_N100_V3+3D,1.7772079445421696
modern,3,a_N100_V3+3D,1.7097919480875134
modern,3,a_N100_V3+3D,1.7558750696480274
modern,3,a_N100_V3+3D,1.7630000365898013
modern,3,a_N100_V3+3D,1.668625045567751
modern,3,a_N100_V3+3D,1.697625033557415
modern,3,a_N100_V3+3D,1.742082997225225
modern,3,a_N100_V3+3D,1.7607500776648521
modern,3,a_N100_V3+3D,1.7486249562352896
modern,3,a_N100_V3+3D,1.727416063658893
modern,3,a_N100_V3+3D,1.668166951276362
modern,3,a_N100_V3+3D,1.656375010497868
modern,3,a_N100_V3+3D,1.738124992698431
modern,3,a_N100_V3+3D,1.7426669364795089
modern,3,a_N100_V3+3D,1.79087498690933
modern,3,a_N100_V3+3D,1.6442500054836273
modern,3,a_N100_V3+3D,1.7150830244645476
modern,3,a_N100_V3+3D,1.6681670676916838
modern,3,a_N100_V3+3D,1.7341659404337406
modern,3,a_N100_V3+3D,1.6556669725105166
modern,3,a_N100_V3+3D,1.7570420168340206
modern,3,a_N100_V3+3D,1.6768330242484808
modern,3,a_N100_V3+3D,1.752000069245696
modern,3,a_N100_V3+3D,1.7498750239610672
modern,3,a_N100_V3+3D,1.7035410273820162
modern,3,a_N100_V3+3D,1.6851669643074274
modern,3,a_N100_V3+3D,1.7494589556008577
modern,3,a_N100_V3+3D,1.6897500026971102
modern,3,a_N100_V3+3D,1.7813749145716429
modern,3,a_N100_V3+3D,1.834042021073401
modern,3,a_N100_V3+3D,1.7192079685628414
modern,3,a_N100_V3+3D,1.6850000247359276
modern,3,a_N100_V3+3D,1.724792062304914
modern,3,a_N100_V3+3D,1.9595830235630274
modern,3,a_N100_V3+3D,1.342250034213066
modern,3,a_N100_V3+3D,1.327292062342167
modern,3,a_N100_V3+3D,1.3042499776929617
modern,3,a_N100_V3+3D,1.2641249923035502
modern,3,a_N100_V3+3D,1.3084999518468976
modern,3,a_N100_V3+3D,1.2162079801782966
modern,3,a_N100_V3+3D,1.2242080410942435
modern,3,a_N100_V3+3D,1.9967079861089587
modern,3,a_N100_V3+3D,1.4247499639168382
modern,3,a_N100_V3+3D,1.3064999366179109
modern,3,a_N100_V3+3D,1.3770420337095857
modern,3,a_N100_V3+3D,1.4079579850658774
modern,3,a_N100_V3+3D,1.3752919621765614
modern,3,a_N100_V3+3D,1.2771659530699253
modern,3,a_N100_V3+3D,1.3329159701243043
modern,3,a_N100_V3+3D,1.2569579994305968
modern,3,a_N100_V3+3D,1.3431250117719173
modern,3,a_N100_V3+3D,1.2345419963821769
modern,3,a_N100_V3+3D,1.3347500935196877
modern,3,a_N100_V3+3D,1.2548340018838644
modern,3,a_N100_V3+3D,1.4224580954760313
modern,3,a_N100_V3+3D,1.23104196973145
modern,3,a_N100_V3+3D,1.4820420183241367
modern,3,a_N100_V3+3D,1.8095419509336352
modern,3,a_N100_V3+3D,1.762624946422875
modern,3,a_N100_V3+3D,1.751416944898665
modern,3,a_N100_V3+3D,1.7102910205721855
modern,3,a_N100_V3+3D,1.6972499433904886
modern,3,a_N100_V3+3D,1.6900000628083944
modern,3,a_N100_V3+3D,1.682459027506411
modern,3,a_N100_V3+3D,1.6746670007705688
modern,3,a_N100_V3+3D,1.7194170504808426
modern,3,a_N100_V3+3D,1.687208074145019
modern,3,a_N100_V3+3D,1.6948750708252192
modern,3,a_N100_V3+3D,1.6770829679444432
modern,3,a_N100_V3+3D,1.6694169025868177
modern,3,a_N100_V3+3D,1.6626249998807907
modern,3,a_N100_V3+3D,1.6647079028189182
modern,3,a_N100_V3+3D,1.669249963015318
modern,3,a_N100_V3+3D,1.8556249560788274
modern,3,a_N100_V3+3D,2.006958005949855
modern,3,a_N100_V3+3D,1.6875419532880187
modern,3,a_N100_V3+3D,1.8120419699698687
modern,3,a_N100_V3+3D,1.9797920249402523
modern,3,a_N100_V3+3D,2.1392920752987266
modern,3,a_N100_V3+3D,2.165667014196515
modern,3,a_N100_V3+3D,1.7957920208573341
modern,3,a_N100_V3+3D,1.6780419973656535
modern,3,a_N100_V3+3D,1.7010000301524997
modern,3,a_N100_V3+3D,1.6757500125095248
modern,3,a_N100_V3+3D,1.666041905991733
modern,3,a_N100_V3+3D,1.6637089429423213
modern,3,a_N100_V3+3D,1.6475829761475325
modern,3,a_N100_V3+3D,1.6774169635027647
modern,3,a_N100_V3+3D,1.6548329731449485
modern,3,a_N100_V3+3D,1.6901659546419978
modern,3,a_N100_V3+3D,1.6484579537063837
modern,3,a_N100_V3+3D,1.656249980442226
modern,3,a_N100_V3+3D,1.6493330476805568
modern,3,a_N100_V3+3D,1.6530409920960665
modern,3,a_N100_V3+3D,1.6557920025661588
modern,3,a_N100_V3+3D,1.6423329943791032
modern,3,a_N100_V3+3D,1.6448750393465161
modern,3,a_N100_V3+3D,1.649458077736199
modern,3,a_N100_V3+3D,1.6374998958781362
modern,3,a_N100_V3+3D,1.6408750088885427
modern,3,a_N100_V3+3D,1.6457909950986505
modern,3,a_N100_V3+3D,1.653999905101955
modern,3,a_N100_V3+3D,1.674333936534822
modern,3,a_N100_V3+3D,1.6419169260188937
modern,3,a_N100_V3+3D,1.6883749049156904
modern,3,a_N100_V3+3D,1.6337919514626265
modern,3,a_N100_V3+3D,1.9322920124977827
modern,3,a_N100_V3+3D,1.2822080170735717
modern,3,a_N100_V3+3D,1.2450420763343573
modern,3,a_N100_V3+3D,1.2410000199452043
modern,3,a_N100_V3+3D,1.237250049598515
modern,3,a_N100_V3+3D,1.2258329661563039
modern,3,a_N100_V3+3D,1.2170420959591866
modern,3,a_N100_V3+3D,1.2295000487938523
modern,3,a_N100_V3+3D,1.2201250065118074
modern,3,a_N100_V3+3D,1.2347089359536767
modern,3,a_N100_V3+3D,1.3112080050632358
modern,3,a_N100_V3+3D,1.8985000206157565
modern,3,a_N100_V3+3D,1.8223329680040479
modern,3,a_N100_V3+3D,1.7684169579297304
modern,3,a_N100_V3+3D,1.8429579213261604
modern,3,a_N100_V3+3D,1.7254999838769436
modern,3,a_N100_V3+3D,1.7228330252692103
modern,3,a_N100_V3+3D,1.7147909384220839
modern,3,a_N100_V3+3D,1.7300000181421638
modern,3,a_N100_V3+3D,1.6765000764280558
modern,3,a_N100_V3+3D,1.6985000111162663
modern,3,a_N100_V3+3D,1.6825409838929772
modern,3,a_N100_V3+3D,1.6758340643718839
modern,3,a_N100_V3+3D,1.693250029347837
modern,3,a_N100_V3+3D,1.678583095781505
modern,3,a_N100_V3+3D,1.6916670138016343
modern,3,a_N100_V3+3D,1.7019161023199558
modern,3,a_N100_V3+3D,1.7397080082446337
modern,3,a_N100_V3+3D,1.709833974018693
modern,3,a_N100_V3+3D,1.6926659736782312
modern,3,a_N100_V3+3D,1.853124937042594
modern,3,a_N100_V3+3D,1.666791969910264
modern,3,a_N100_V3+3D,1.6604579286649823
modern,3,a_N100_V3+3D,1.6653330530971289
modern,3,a_N100_V3+3D,1.6770829679444432
modern,3,a_N100_V3+3D,1.6709580086171627
modern,3,a_N100_V3+3D,1.6847919905558228
modern,3,a_N100_V3+3D,1.6641659894958138
modern,3,a_N100_V3+3D,1.6762500163167715
modern,3,a_N100_V3+3D,1.6680830158293247
modern,3,a_N100_V3+3D,1.6588749131187797
modern,3,a_N100_V3+3D,1.6782089369371533
modern,3,a_N100_V3+3D,1.7456249333918095
modern,3,a_N100_V3+3D,1.6852919943630695
modern,3,a_N100_V3+3D,1.6744999447837472
modern,3,a_N100_V3+3D,1.6816669376567006
modern,3,a_N100_V3+3D,1.6764579340815544
modern,3,a_N100_V3+3D,1.6639999812468886
modern,3,a_N100_V3+3D,1.6577920177951455
modern,3,a_N100_V3+3D,1.6841660253703594
modern,3,a_N100_V3+3D,1.6702910652384162
modern,3,a_N100_V3+3D,1.6650420147925615
modern,3,a_N100_V3+3D,1.6540840733796358
modern,3,a_N100_V3+3D,1.6700830310583115
modern,3,a_N100_V3+3D,1.6680000117048621
modern,3,a_N100_V3+3D,1.6708750044927
modern,3,a_N100_V3+3D,1.7247910145670176
modern,3,a_N100_V3+3D,1.6748750349506736
modern,3,a_N100_V3+3D,1.7126250313594937
modern,3,a_N100_V3+3D,1.6999579966068268
modern,3,a_N100_V3+3D,1.6606670105829835
modern,3,a_N100_V3+3D,1.6815840499475598
modern,3,a_N100_V3+3D,1.7238749423995614
modern,3,a_N100_V3+3D,1.6745830653235316
modern,3,a_N100_V3+3D,1.6657090745866299
modern,3,a_N100_V3+3D,1.6683749854564667
modern,3,a_N100_V3+3D,1.6965830000117421
modern,3,a_N100_V3+3D,1.6697910614311695
modern,3,a_N100_V3+3D,1.7036250792443752
modern,3,a_N100_V3+3D,1.7080421093851328
modern,3,a_N100_V3+3D,1.6810419037938118
modern,3,a_N100_V3+3D,2.075499971397221
modern,3,a_N100_V3+3D,2.170667052268982
modern,3,a_N100_V3+3D,2.0924999844282866
modern,3,a_N100_V3+3D,2.107792068272829
modern,3,a_N100_V3+3D,2.2176250349730253
modern,3,a_N100_V3+3D,2.062082989141345
modern,3,a_N100_V3+3D,1.5811669873073697
modern,3,a_N100_V3+3D,1.592166954651475
modern,3,a_N100_V3+3D,1.9571669399738312
modern,3,a_N100_V3+3D,1.5099589945748448
modern,3,a_N100_V3+3D,1.674333936534822
modern,3,a_N100_V3+3D,1.4319169567897916
modern,3,a_N100_V3+3D,1.6267920145764947
modern,3,a_N100_V3+3D,1.607417012564838
modern,3,a_N100_V3+3D,1.3944159727543592
modern,3,a_N100_V3+3D,1.381334033794701
modern,3,a_N100_V3+3D,1.6270419582724571
modern,3,a_N100_V3+3D,1.413458026945591
modern,3,a_N100_V3+3D,1.5991670079529285
modern,3,a_N100_V3+3D,1.5252920566126704
modern,3,a_N100_V3+3D,1.3181250542402267
modern,3,a_N100_V3+3D,1.4251249376684427
modern,3,a_N100_V3+3D,1.2988749658688903
modern,3,a_N100_V3+3D,1.2974169803783298
modern,3,a_N100_V3+3D,1.5688329003751278
modern,3,a_N100_V3+3D,1.503082923591137
modern,3,a_N100_V3+3D,1.4176670229062438
modern,3,a_N100_V3+3D,1.5091249952092767
modern,3,a_N100_V3+3D,1.5193750150501728
modern,3,a_N100_V3+3D,1.28754205070436
modern,3,a_N100_V3+3D,1.385292038321495
modern,3,a_N100_V3+3D,1.5244579408317804
modern,3,a_N100_V3+3D,1.6077919863164425
modern,3,a_N100_V3+3D,1.6030840342864394
modern,3,a_N100_V3+3D,1.504249987192452
modern,3,a_N100_V3+3D,1.563666039146483
modern,3,a_N100_V3+3D,1.3035419397056103
modern,3,a_N100_V3+3D,1.3394589768722653
modern,3,a_N100_V3+3D,1.3829589588567615
modern,3,a_N100_V3+3D,1.5990419778972864
modern,3,a_N100_V3+3D,1.5786249423399568
modern,3,a_N100_V3+3D,1.5804999275133014
modern,3,a_N100_V3+3D,1.1272080009803176
modern,3,a_N100_V3+3D,0.831749988719821
modern,3,a_N100_V3+3D,0.8739170152693987
modern,3,a_N100_V3+3D,0.8692500414326787
modern,3,a_N100_V3+3D,0.9170840494334698
modern,3,a_N100_V3+3D,0.8211659733206034
modern,3,a_N100_V3+3D,1.167417038232088
modern,3,a_N100_V3+3D,1.0523340897634625
modern,3,a_N100_V3+3D,0.935334013774991
modern,3,a_N100_V3+3D,1.1226669885218143
modern,3,a_N100_V3+3D,1.1463749688118696
modern,3,a_N100_V3+3D,0.8310829289257526
modern,3,a_N100_V3+3D,1.1486669536679983
modern,3,a_N100_V3+3D,1.095250016078353
modern,3,a_N100_V3+3D,0.8618750143796206
modern,3,a_N100_V3+3D,0.8331249700859189
modern,3,a_N100_V3+3D,0.8423749823123217
modern,3,a_N100_V3+3D,0.8121669525280595
modern,3,a_N100_V3+3D,1.7961249686777592
modern,3,a_N100_V3+3D,1.7591670621186495
modern,3,a_N100_V3+3D,1.7706250073388219
modern,3,a_N100_V3+3D,1.6920830821618438
modern,3,a_N100_V3+3D,1.6857499722391367
modern,3,a_N100_V3+3D,1.670417026616633
modern,3,a_N100_V3+3D,1.6637078952044249
modern,3,a_N100_V3+3D,1.6611251048743725
modern,3,a_N100_V3+3D,1.6616670181974769
modern,3,a_N100_V3+3D,1.6482080100104213
modern,3,a_N100_V3+3D,1.654166029766202
modern,3,a_N100_V3+3D,1.6509579727426171
modern,3,a_N100_V3+3D,2.0341670606285334
modern,3,a_N100_V3+3D,1.7705829814076424
modern,3,a_N100_V3+3D,1.7219589790329337
modern,3,a_N100_V3+3D,1.6883329953998327
modern,3,a_N100_V3+3D,1.739499974064529
modern,3,a_N100_V3+3D,1.6915000742301345
modern,3,a_N100_V3+3D,1.6579169314354658
modern,3,a_N100_V3+3D,1.6657080268487334
modern,3,a_N100_V3+3D,1.6594170592725277
modern,3,a_N100_V3+3D,1.6575829358771443
modern,3,a_N100_V3+3D,1.6450420953333378
modern,3,a_N100_V3+3D,1.6461670165881515
modern,3,a_N100_V3+3D,1.650916994549334
modern,3,a_N100_V3+3D,1.668166951276362
modern,3,a_N100_V3+3D,1.65350001771003
modern,3,a_N100_V3+3D,1.6604169504716992
modern,3,a_N100_V3+3D,1.6533329617232084
modern,3,a_N100_V3+3D,1.6521670622751117
modern,3,a_N100_V3+3D,2.144915983080864
modern,3,a_N100_V3+3D,1.796458032913506
modern,3,a_N100_V3+3D,1.755459001287818
modern,3,a_N100_V3+3D,1.6858329763635993
modern,3,a_N100_V3+3D,1.6800420125946403
modern,3,a_N100_V3+3D,1.6929160337895155
modern,3,a_N100_V3+3D,1.6567499842494726
modern,3,a_N100_V3+3D,1.6564170364290476
modern,3,a_N100_V3+3D,1.6383340116590261
modern,3,a_N100_V3+3D,1.636749948374927
modern,3,a_N100_V3+3D,1.6417910810559988
modern,3,a_N100_V3+3D,1.6456670127809048
modern,3,a_N100_V3+3D,1.6456659650430083
modern,3,a_N100_V3+3D,1.6529159620404243
modern,3,a_N100_V3+3D,1.6713340301066637
modern,3,a_N100_V3+3D,1.6591669991612434
modern,3,a_N100_V3+3D,1.6570830484852195
modern,3,a_N100_V3+3D,1.6317920526489615
modern,3,a_N100_V3+3D,1.6333750681951642
modern,3,a_N100_V3+3D,1.6447079833596945
modern,3,a_N100_V3+3D,1.6490000998601317
modern,3,a_N100_V3+3D,1.6432079719379544
modern,3,a_N100_V3+3D,1.6396250575780869
modern,3,a_N100_V3+3D,1.6249169129878283
modern,3,a_N100_V3+3D,1.625541946850717
modern,3,a_N100_V3+3D,1.6340829897671938
modern,3,a_N100_V3+3D,1.694291946478188
modern,3,a_N100_V3+3D,1.6629579477012157
modern,3,a_N100_V3+3D,1.6514169983565807
modern,3,a_N100_V3+3D,1.6412499826401472
modern,3,a_N100_V3+3D,1.8447079928591847
modern,3,a_N100_V3+3D,1.7866669222712517
modern,3,a_N100_V3+3D,1.7524169525131583
modern,3,a_N100_V3+3D,1.73370901029557
modern,3,a_N100_V3+3D,1.7430420266464353
modern,3,a_N100_V3+3D,1.7272919649258256
modern,3,a_N100_V3+3D,1.7246250063180923
modern,3,a_N100_V3+3D,1.7131250351667404
modern,3,a_N100_V3+3D,1.7111250199377537
modern,3,a_N100_V3+3D,1.6960420180112123
modern,3,a_N100_V3+3D,1.7112920759245753
modern,3,a_N100_V3+3D,1.7299579922109842
modern,3,a_N100_V3+3D,1.6795839183032513
modern,3,a_N100_V3+3D,1.678749918937683
modern,3,a_N100_V3+3D,1.7197499983012676
modern,3,a_N100_V3+3D,1.7007499700412154
modern,3,a_N100_V3+3D,1.6941670328378677
modern,3,a_N100_V3+3D,1.7500409157946706
modern,3,a_N100_V3+3D,1.6942500369623303
modern,3,a_N100_V3+3D,1.718166982755065
modern,3,a_N100_V3+3D,1.7192920204252005
modern,3,a_N100_V3+3D,1.6975000035017729
modern,3,a_N100_V3+3D,1.6804590122774243
modern,3,a_N100_V3+3D,1.6995000187307596
modern,3,a_N100_V3+3D,1.66020798496902
modern,3,a_N100_V3+3D,1.663625007495284
modern,3,a_N100_V3+3D,1.6948750708252192
modern,3,a_N100_V3+3D,1.6949169803410769
modern,3,a_N100_V3+3D,1.671166974119842
modern,3,a_N100_V3+3D,1.7004169058054686
modern,3,a_N100_V3+3D,1.682707923464477
modern,3,a_N100_V3+3D,1.6937089385464787
modern,3,a_N100_V3+3D,1.790249953046441
modern,3,a_N100_V3+3D,1.694750040769577
modern,3,a_N100_V3+3D,1.6963329399004579
modern,3,a_N100_V3+3D,1.6963749658316374
modern,3,a_N100_V3+3D,1.6770840156823397
modern,3,a_N100_V3+3D,1.6876669833436608
modern,3,a_N100_V3+3D,1.6694579971954226
modern,3,a_N100_V3+3D,1.6948750708252192
modern,3,a_N100_V3+3D,1.7062920378521085
modern,3,a_N100_V3+3D,1.6866250662133098
modern,3,a_N100_V3+3D,1.6817080322653055
modern,3,a_N100_V3+3D,1.6874580178409815
modern,3,a_N100_V3+3D,1.667124917730689
modern,3,a_N100_V3+3D,1.7286669462919235
modern,3,a_N100_V3+3D,1.6943339724093676
modern,3,a_N100_V3+3D,1.686665927991271
modern,3,a_N100_V3+3D,1.6554590547457337
modern,3,a_N100_V3+3D,1.6818339936435223
modern,3,a_N100_V3+3D,1.6479999758303165
modern,3,a_N100_V3+3D,1.6945829847827554
modern,3,a_N100_V3+3D,1.6878750175237656
modern,3,a_N100_V3+3D,1.6886669909581542
modern,3,a_N100_V3+3D,1.6477920580655336
modern,3,a_N100_V3+3D,1.679459004662931
modern,3,a_N100_V3+3D,1.6742500010877848
modern,3,a_N100_V3+3D,1.6923339571803808
modern,3,a_N100_V3+3D,1.711666933260858
modern,3,a_N100_V3+3D,1.7019580118358135
modern,3,a_N100_V3+3D,1.7976670060306787
modern,3,a_N100_V3+3D,1.7292499542236328
modern,3,a_N100_V3+3D,1.7611249350011349
modern,3,a_N100_V3+3D,1.693250029347837
modern,3,a_N100_V3+3D,1.689207972958684
modern,3,a_N100_V3+3D,1.6788330394774675
modern,3,a_N100_V3+3D,1.6725000459700823
modern,3,a_N100_V3+3D,1.6598340589553118
modern,3,a_N100_V3+3D,1.6550000291317701
modern,3,a_N100_V3+3D,1.6509999986737967
modern,3,a_N100_V3+3D,1.6620829701423645
modern,3,a_N100_V3+3D,1.664375071413815
modern,3,a_N100_V3+3D,1.6866669757291675
modern,3,a_N100_V3+3D,1.6599580412730575
modern,3,a_N100_V3+3D,1.6630840254947543
modern,3,a_N100_V3+3D,1.664959010668099
modern,3,a_N100_V3+3D,1.6454579308629036
modern,3,a_N100_V3+3D,1.9789999350905418
modern,3,a_N100_V3+3D,1.6770419897511601
modern,3,a_N100_V3+3D,1.6606670105829835
modern,3,a_N100_V3+3D,1.653707935474813
modern,3,a_N100_V3+3D,1.651874976232648
modern,3,a_N100_V3+3D,1.6594580374658108
modern,3,a_N100_V3+3D,1.6672080382704735
modern,3,a_N100_V3+3D,1.6530409920960665
modern,3,a_N100_V3+3D,1.6532080480828881
modern,3,a_N100_V3+3D,1.6511670546606183
modern,3,a_N100_V3+3D,1.6431249678134918
modern,3,a_N100_V3+3D,1.6437910962849855
modern,3,a_N100_V3+3D,1.6402920009568334
modern,3,a_N100_V3+3D,1.6604169504716992
modern,3,a_N100_V3+3D,1.689499942585826
modern,3,a_N100_V3+3D,1.6645409632474184
modern,3,a_N100_V3+3D,1.6507500549778342
modern,3,a_N100_V3+3D,1.651208964176476
modern,3,a_N100_V3+3D,1.6626659780740738
modern,3,a_N100_V3+3D,1.6408750088885427
modern,3,a_N100_V3+3D,1.6398750012740493
modern,3,a_N100_V3+3D,1.6429999377578497
modern,3,a_N100_V3+3D,1.6485829837620258
modern,3,a_N100_V3+3D,1.6348750796169043
modern,3,a_N100_V3+3D,1.9418330630287528
modern,3,a_N100_V3+3D,1.278333947993815
modern,3,a_N100_V3+3D,1.2446250766515732
modern,3,a_N100_V3+3D,1.2261249357834458
modern,3,a_N100_V3+3D,1.2392089702188969
modern,3,a_N100_V3+3D,1.2622500071302056
modern,3,a_N100_V3+3D,1.2380830012261868
modern,3,a_N100_V3+3D,1.2309999438002706
modern,3,a_N100_V3+3D,1.22487498447299
modern,3,a_N100_V3+3D,1.2395420344546437
modern,3,a_N100_V3+3D,1.2290000449866056
modern,3,a_N100_V3+3D,1.2221670476719737
modern,3,a_N100_V3+3D,1.2283750111237168
modern,3,a_N100_V3+3D,1.2273750035092235
modern,3,a_N100_V3+3D,1.2167920358479023
modern,3,a_N100_V3+3D,1.2209999840706587
modern,3,a_N100_V3+3D,1.2326668947935104
modern,3,a_N100_V3+3D,1.2256669579073787
modern,3,a_N100_V3+3D,1.233207993209362
modern,3,a_N100_V3+3D,1.777291065081954
modern,3,a_N100_V3+3D,1.7487090080976486
modern,3,a_N100_V3+3D,1.7385000828653574
modern,3,a_N100_V3+3D,1.7304999055340886
modern,3,a_N100_V3+3D,1.6971250297501683
modern,3,a_N100_V3+3D,1.6921669011935592
modern,3,a_N100_V3+3D,1.6835419228300452
modern,3,a_N100_V3+3D,1.6785420011729002
modern,3,a_N100_V3+3D,1.6792919486761093
modern,3,a_N100_V3+3D,1.6756670083850622
modern,3,a_N100_V3+3D,1.6812499379739165
modern,3,a_N100_V3+3D,1.6785420011729002
modern,3,a_N100_V3+3D,1.8920419970527291
modern,3,a_N100_V3+3D,1.7057500081136823
modern,3,a_N100_V3+3D,1.6779580619186163
modern,3,a_N100_V3+3D,1.6737920232117176
modern,3,a_N100_V3+3D,1.7269590171054006
modern,3,a_N100_V3+3D,1.745042041875422
modern,3,a_N100_V3+3D,1.6640839166939259
modern,3,a_N100_V3+3D,1.6563329845666885
modern,3,a_N100_V3+3D,1.664291019551456
modern,3,a_N100_V3+3D,1.6586249694228172
modern,3,a_N100_V3+3D,1.6470840200781822
modern,3,a_N100_V3+3D,1.6367919743061066
modern,3,a_N100_V3+3D,1.6412920085713267
modern,3,a_N100_V3+3D,1.639000023715198
modern,3,a_N100_V3+3D,1.6480829799547791
modern,3,a_N100_V3+3D,1.6452500130981207
modern,3,a_N100_V3+3D,1.6532089794054627
modern,3,a_N100_V3+3D,1.64733303245157
modern,3,a_N100_V3+3D,1.6424580244347453
modern,3,a_N100_V3+3D,1.6714170342311263
modern,3,a_N100_V3+3D,1.643375027924776
modern,3,a_N100_V3+3D,1.6692089848220348
modern,3,a_N100_V3+3D,1.6619591042399406
modern,3,a_N100_V3+3D,1.6515000024810433
modern,3,a_N100_V3+3D,1.6448339447379112
modern,3,a_N100_V3+3D,1.6406249487772584
modern,3,a_N100_V3+3D,1.636000000871718
modern,3,a_N100_V3+3D,1.6411669785156846
modern,3,a_N100_V3+3D,1.9387089414522052
modern,3,a_N100_V3+3D,1.2711250456050038
modern,3,a_N100_V3+3D,1.2528339866548777
modern,3,a_N100_V3+3D,1.2374999932944775
modern,3,a_N100_V3+3D,1.2454170500859618
modern,3,a_N100_V3+3D,1.2275420594960451
modern,3,a_N100_V3+3D,1.26400007866323
modern,3,a_N100_V3+3D,1.2264159740880132
modern,3,a_N100_V3+3D,1.2318339431658387
modern,3,a_N100_V3+3D,1.2223341036587954
modern,3,a_N100_V3+3D,1.2376669328659773
modern,3,a_N100_V3+3D,1.2303749099373817
modern,3,a_N100_V3+3D,1.2342919362708926
modern,3,a_N100_V3+3D,1.2334579369053245
modern,3,a_N100_V3+3D,1.243624952621758
modern,3,a_N100_V3+3D,1.2266249395906925
modern,3,a_N100_V3+3D,1.2424170272424817
modern,3,a_N100_V3+3D,1.2345419963821769
modern,3,a_N100_V3+3D,1.236042007803917
modern,3,a_N100_V3+3D,1.238333061337471
modern,3,a_N100_V3+3D,1.8043749732896686
modern,3,a_N100_V3+3D,1.7509999452158809
modern,3,a_N100_V3+3D,1.7181249568238854
modern,3,a_N100_V3+3D,1.7394169699400663
modern,3,a_N100_V3+3D,1.757291960529983
modern,3,a_N100_V3+3D,1.69962493237108
modern,3,a_N100_V3+3D,1.7035839846357703
modern,3,a_N100_V3+3D,1.6893340507522225
modern,3,a_N100_V3+3D,1.6922920476645231
modern,3,a_N100_V3+3D,1.6863330965861678
modern,3,a_N100_V3+3D,1.7007500864565372
modern,3,a_N100_V3+3D,1.68374995701015
modern,3,a_N100_V3+3D,1.6762919258326292
modern,3,a_N100_V3+3D,2.0411249715834856
modern,3,a_N100_V3+3D,1.816999982111156
modern,3,a_N100_V3+3D,1.7577089602127671
modern,3,a_N100_V3+3D,2.287458977662027
modern,3,a_N100_V3+3D,1.9127079285681248
modern,3,a_N100_V3+3D,1.7877919599413872
modern,3,a_N100_V3+3D,1.7837920458987355
modern,3,a_N100_V3+3D,1.7264579655602574
modern,3,a_N100_V3+3D,1.7065840074792504
modern,3,a_N100_V3+3D,1.7332920106127858
modern,3,a_N100_V3+3D,1.6685830196365714
modern,3,a_N100_V3+3D,1.6995419282466173
modern,3,a_N100_V3+3D,1.722916029393673
modern,3,a_N100_V3+3D,1.715291989967227
modern,3,a_N100_V3+3D,1.6876249574124813
modern,3,a_N100_V3+3D,1.7032090108841658
modern,3,a_N100_V3+3D,1.6904999502003193
modern,3,a_N100_V3+3D,1.6850000247359276
modern,3,a_N100_V3+3D,1.709542004391551
modern,3,a_N100_V3+3D,1.711374963633716
modern,3,a_N100_V3+3D,1.755499979481101
modern,3,a_N100_V3+3D,1.6983329551294446
modern,3,a_N100_V3+3D,1.659541972912848
modern,3,a_N100_V3+3D,1.658917055465281
modern,3,a_N100_V3+3D,2.0232920069247484
modern,3,a_N100_V3+3D,1.6710000345483422
modern,3,a_N100_V3+3D,1.635958906263113
modern,3,a_N100_V3+3D,1.7009589355438948
modern,3,a_N100_V3+3D,1.68058299459517
modern,3,a_N100_V3+3D,1.6750419745221734
modern,3,a_N100_V3+3D,1.6778749413788319
modern,3,a_N100_V3+3D,1.6815830022096634
modern,3,a_N100_V3+3D,1.9895420409739017
modern,3,a_N100_V3+3D,1.751124975271523
modern,3,a_N100_V3+3D,1.680250046774745
modern,3,a_N100_V3+3D,1.702709007076919
modern,3,a_N100_V3+3D,1.677375053986907
modern,3,a_N100_V3+3D,1.6755840042605996
modern,3,a_N100_V3+3D,1.6380000161007047
modern,3,a_N100_V3+3D,1.6666250303387642
modern,3,a_N100_V3+3D,1.6448750393465161
modern,3,a_N100_V3+3D,1.6640829853713512
modern,3,a_N100_V3+3D,1.688833930529654
modern,3,a_N100_V3+3D,1.6442079795524478
modern,3,a_N100_V3+3D,1.6440409235656261
modern,3,a_N100_V3+3D,1.6702499706298113
modern,3,a_N100_V3+3D,1.6436249716207385
modern,3,a_N100_V3+3D,1.771791954524815
modern,3,a_N100_V3+3D,1.8664170056581497
modern,3,a_N100_V3+3D,1.7042499966919422
modern,3,a_N100_V3+3D,1.6894589643925428
modern,3,a_N100_V3+3D,1.7857500351965427
modern,3,a_N100_V3+3D,1.6817919677123427
modern,3,a_N100_V3+3D,1.6675409860908985
modern,3,a_N100_V3+3D,1.67404196690768
modern,3,a_N100_V3+3D,1.687083044089377
modern,3,a_N100_V3+3D,2.0678750006482005
modern,3,a_N100_V3+3D,1.6723750159144402
modern,3,a_N100_V3+3D,1.6599580412730575
modern,3,a_N100_V3+3D,1.6645839205011725
modern,3,a_N100_V3+3D,1.6713750082999468
modern,3,a_N100_V3+3D,1.6584169352427125
modern,3,a_N100_V3+3D,1.6692919889464974
modern,3,a_N100_V3+3D,1.6672079218551517
modern,3,a_N100_V3+3D,1.8239999189972878
modern,3,a_N100_V3+3D,1.6630829777568579
modern,3,a_N100_V3+3D,1.6724170418456197
modern,3,a_N100_V3+3D,1.6484999796375632
modern,3,a_N100_V3+3D,1.650584046728909
modern,3,a_N100_V3+3D,1.6451249830424786
modern,3,a_N100_V3+3D,1.6507080290466547
modern,3,a_N100_V3+3D,1.6374579863622785
modern,3,a_N100_V3+3D,1.6362500609830022
modern,3,a_N100_V3+3D,1.6640829853713512
modern,3,a_N100_V3+3D,1.6452919226139784
modern,3,a_N100_V3+3D,1.6517919721081853
modern,3,a_N100_V3+3D,1.6300830757245421
modern,3,a_N100_V3+3D,1.6388340154662728
modern,3,a_N100_V3+3D,1.6647919546812773
modern,3,a_N100_V3+3D,1.6448749229311943
modern,3,a_N100_V3+3D,1.6427920199930668
modern,3,a_N100_V3+3D,2.038041944615543
modern,3,a_N100_V3+3D,1.267208019271493
modern,3,a_N100_V3+3D,1.4744159998372197
modern,3,a_N100_V3+3D,0.8468340383842587
modern,3,a_N100_V3+3D,0.8124170126393437
modern,3,a_N100_V3+3D,0.8556250249966979
modern,3,a_N100_V3+3D,0.8073340868577361
modern,3,a_N100_V3+3D,0.8234580745920539
modern,3,a_N100_V3+3D,0.8044580463320017
modern,3,a_N100_V3+3D,0.8019589586183429
modern,3,a_N100_V3+3D,0.7938749622553587
modern,3,a_N100_V3+3D,0.7951249135658145
modern,3,a_N100_V3+3D,0.8010419551283121
modern,3,a_N100_V3+3D,0.8115419186651707
modern,3,a_N100_V3+3D,0.8097499376162887
modern,3,a_N100_V3+3D,0.8048750460147858
modern,3,a_N100_V3+3D,1.1205830378457904
modern,3,a_N100_V3+3D,0.9205840760841966
modern,3,a_N100_V3+3D,0.8803330129012465
modern,3,a_N100_V3+3D,0.8744579972699285
modern,3,a_N100_V3+3D,0.8471669862046838
modern,3,a_N100_V3+3D,0.8891250472515821
modern,3,a_N100_V3+3D,0.8507079910486937
modern,3,a_N100_V3+3D,0.830666976980865
modern,3,a_N100_V3+3D,0.8302910719066858
modern,3,a_N100_V3+3D,0.8265420328825712
modern,3,a_N100_V3+3D,1.7953329952433705
modern,3,a_N100_V3+3D,1.7417500494048
modern,3,a_N100_V3+3D,1.7212920356541872
modern,3,a_N100_V3+3D,1.7179170390591025
modern,3,a_N100_V3+3D,1.7210420919582248
modern,3,a_N100_V3+3D,1.6893339343369007
modern,3,a_N100_V3+3D,1.6822910401970148
modern,3,a_N100_V3+3D,1.6737919067963958
modern,3,a_N100_V3+3D,1.6718750121071935
modern,3,a_N100_V3+3D,1.675790990702808
modern,3,a_N100_V3+3D,1.6649579629302025
modern,3,a_N100_V3+3D,1.671500038355589
modern,3,a_N100_V3+3D,1.665332936681807
modern,3,a_N100_V3+3D,1.7022499814629555
modern,3,a_N100_V3+3D,1.6947920667007565
modern,3,a_N100_V3+3D,1.670166035182774
modern,3,a_N100_V3+3D,1.7247500363737345
modern,3,a_N100_V3+3D,1.673000049777329
modern,3,a_N100_V3+3D,1.7309579998254776
modern,3,a_N100_V3+3D,1.6497920732945204
modern,3,a_N100_V3+3D,1.6448339447379112
modern,3,a_N100_V3+3D,1.6456670127809048
modern,3,a_N100_V3+3D,1.6574169276282191
modern,3,a_N100_V3+3D,1.6544170212000608
modern,3,a_N100_V3+3D,1.6533329617232084
modern,3,a_N100_V3+3D,1.6405419446527958
modern,3,a_N100_V3+3D,1.6444160137325525
modern,3,a_N100_V3+3D,1.6343749593943357
modern,3,a_N100_V3+3D,1.6341250156983733
modern,3,a_N100_V3+3D,1.6299999551847577
modern,3,a_N100_V3+3D,1.644750009290874
modern,3,a_N100_V3+3D,1.662124996073544
modern,3,a_N100_V3+3D,1.643249997869134
modern,3,a_N100_V3+3D,1.6353330574929714
modern,3,a_N100_V3+3D,1.6623750561848283
modern,3,a_N100_V3+3D,1.6419999301433563
modern,3,a_N100_V3+3D,1.6389160882681608
modern,3,a_N100_V3+3D,1.6476669115945697
modern,3,a_N100_V3+3D,1.6413339180871844
modern,3,a_N100_V3+3D,1.6278330003842711
modern,3,a_N100_V3+3D,1.6340831061825156
modern,3,a_N100_V3+3D,1.6446249792352319
modern,3,a_N100_V3+3D,1.633040956221521
modern,3,a_N100_V3+3D,1.6294169472530484
modern,3,a_N100_V3+3D,1.6353749670088291
modern,3,a_N100_V3+3D,1.6783749451860785
modern,3,a_N100_V3+3D,1.6467079985886812
modern,3,a_N100_V3+3D,1.645500073209405
modern,3,a_N100_V3+3D,1.6573750181123614
modern,3,a_N100_V3+3D,1.6417080769315362
modern,3,a_N100_V3+3D,1.6384589252993464
modern,3,a_N100_V3+3D,1.6347500495612621
modern,3,a_N100_V3+3D,1.627707970328629
modern,3,a_N100_V3+3D,1.6357499407604337
modern,3,a_N100_V3+3D,1.6342909075319767
modern,3,a_N100_V3+3D,1.632791943848133
modern,3,a_N100_V3+3D,1.6289589693769813
modern,3,a_N100_V3+3D,1.6197499353438616
modern,3,a_N100_V3+3D,1.654124935157597
modern,3,a_N100_V3+3D,1.6327090561389923
modern,3,a_N100_V3+3D,1.841624965891242
modern,3,a_N100_V3+3D,1.900249975733459
modern,3,a_N100_V3+3D,1.753667020238936
modern,3,a_N100_V3+3D,1.770750037394464
modern,3,a_N100_V3+3D,1.7182499868795276
modern,3,a_N100_V3+3D,1.7761250492185354
modern,3,a_N100_V3+3D,1.7090830951929092
modern,3,a_N100_V3+3D,1.7016669735312462
modern,3,a_N100_V3+3D,1.701208995655179
modern,3,a_N100_V3+3D,1.722833956591785
modern,3,a_N100_V3+3D,1.6954169841483235
modern,3,a_N100_V3+3D,1.7115840455517173
modern,3,a_N100_V3+3D,1.686000032350421
modern,3,a_N100_V3+3D,1.6959579661488533
modern,3,a_N100_V3+3D,1.6840840689837933
modern,3,a_N100_V3+3D,1.7071659676730633
modern,3,a_N100_V3+3D,1.6799169825389981
modern,3,a_N100_V3+3D,1.691750017926097
modern,3,a_N100_V3+3D,1.672666985541582
modern,3,a_N100_V3+3D,1.9933750154450536
modern,3,a_N100_V3+3D,1.7194589599967003
modern,3,a_N100_V3+3D,1.720166066661477
modern,3,a_N100_V3+3D,1.6743328887969255
modern,3,a_N100_V3+3D,1.7186249606311321
modern,3,a_N100_V3+3D,1.6929579433053732
modern,3,a_N100_V3+3D,1.6937080072239041
modern,3,a_N100_V3+3D,2.005834016017616
modern,3,a_N100_V3+3D,1.8441249849274755
modern,3,a_N100_V3+3D,1.7464999109506607
modern,3,a_N100_V3+3D,1.749624963849783
modern,3,a_N100_V3+3D,1.7254999838769436
modern,3,a_N100_V3+3D,1.6844579949975014
modern,3,a_N100_V3+3D,1.7116250237450004
modern,3,a_N100_V3+3D,1.7625830369070172
modern,3,a_N100_V3+3D,1.699749962426722
modern,3,a_N100_V3+3D,1.75941688939929
modern,3,a_N100_V3+3D,1.6952500445768237
modern,3,a_N100_V3+3D,1.7057079821825027
modern,3,a_N100_V3+3D,1.6676249215379357
modern,3,a_N100_V3+3D,1.6705829184502363
modern,3,a_N100_V3+3D,1.6583329997956753
modern,3,a_N100_V3+3D,1.660292036831379
modern,3,a_N100_V3+3D,1.661999966017902
modern,3,a_N100_V3+3D,1.6801250167191029
modern,3,a_N100_V3+3D,1.664250041358173
modern,3,a_N100_V3+3D,1.6876659356057644
modern,3,a_N100_V3+3D,1.6991669544950128
modern,3,a_N100_V3+3D,2.272667014040053
modern,3,a_N100_V3+3D,1.856916001997888
modern,3,a_N100_V3+3D,1.7481670947745442
modern,3,a_N100_V3+3D,1.7120419070124626
modern,3,a_N100_V3+3D,1.7069579334929585
modern,3,a_N100_V3+3D,1.6848749946802855
modern,3,a_N100_V3+3D,1.6922499053180218
modern,3,a_N100_V3+3D,1.6719159903004766
modern,3,a_N100_V3+3D,1.6871249536052346
modern,3,a_N100_V3+3D,1.6986250411719084
modern,3,a_N100_V3+3D,1.7078329110518098
modern,3,a_N100_V3+3D,1.690999954007566
modern,3,a_N100_V3+3D,1.6882499912753701
modern,3,a_N100_V3+3D,1.8210000125691295
modern,3,a_N100_V3+3D,1.7296249279752374
modern,3,a_N100_V3+3D,1.698958920314908
modern,3,a_N100_V3+3D,2.3676250129938126
modern,3,a_N100_V3+3D,1.7589170020073652
modern,3,a_N100_V3+3D,1.7921249382197857
modern,3,a_N100_V3+3D,1.7099999822676182
modern,3,a_N100_V3+3D,1.698666950687766
modern,3,a_N100_V3+3D,1.694625010713935
modern,3,a_N100_V3+3D,1.6869170358404517
modern,3,a_N100_V3+3D,1.6642080154269934
modern,3,a_N100_V3+3D,1.6614589840173721
modern,3,a_N100_V3+3D,1.661999966017902
modern,3,a_N100_V3+3D,1.6481670318171382
modern,3,a_N100_V3+3D,1.6545839607715607
modern,3,a_N100_V3+3D,1.6529160784557462
modern,3,a_N100_V3+3D,1.6512919683009386
modern,3,a_N100_V3+3D,1.7264169873669744
modern,3,a_N100_V3+3D,1.653958112001419
modern,3,a_N100_V3+3D,1.659457921050489
modern,3,a_N100_V3+3D,1.6782500315457582
modern,3,a_N100_V3+3D,1.6631659818813205
modern,3,a_N100_V3+3D,1.6516250325366855
modern,3,a_N100_V3+3D,1.649125013500452
modern,3,a_N100_V3+3D,1.6518339980393648
modern,3,a_N100_V3+3D,1.6520830104127526
modern,3,a_N100_V3+3D,1.6594590852037072
modern,3,a_N100_V3+3D,1.6620829701423645
modern,3,a_N100_V3+3D,1.6523330705240369
modern,3,a_N100_V3+3D,1.6430839896202087
modern,3,a_N100_V3+3D,1.6493750736117363
modern,3,a_N100_V3+3D,1.676207990385592
modern,3,a_N100_V3+3D,1.642499933950603
modern,3,a_N100_V3+3D,1.652207924053073
modern,3,a_N100_V3+3D,1.661041984334588
modern,3,a_N100_V3+3D,1.7283749766647816
modern,3,a_N100_V3+3D,1.6513329464942217
modern,3,a_N100_V3+3D,1.653042039833963
modern,3,a_N100_V3+3D,1.647709053941071
modern,3,a_N100_V3+3D,1.6420839820057154
modern,3,a_N100_V3+3D,1.646582968533039
modern,3,a_N100_V3+3D,1.6420839820057154
modern,3,a_N100_V3+3D,1.6529159620404243
modern,3,a_N100_V3+3D,1.6527919797226787
modern,3,a_N100_V3+3D,1.6494999872520566
modern,3,a_N100_V3+3D,1.7075829673558474
modern,3,a_N100_V3+3D,1.8751660827547312
modern,3,a_N100_V3+3D,1.7500839894637465
modern,3,a_N100_V3+3D,1.655333093367517
modern,3,a_N100_V3+3D,1.6562920063734055
modern,3,a_N100_V3+3D,1.6547919949516654
modern,3,a_N100_V3+3D,1.952833030372858
modern,3,a_N100_V3+3D,1.6526250401511788
modern,3,a_N100_V3+3D,1.6501250211149454
modern,3,a_N100_V3+3D,1.6540000215172768
modern,3,a_N100_V3+3D,1.651250058785081
modern,3,a_N100_V3+3D,1.6524579841643572
modern,3,a_N100_V3+3D,1.6544159734621644
modern,3,a_N100_V3+3D,1.6793330432847142
modern,3,a_N100_V3+3D,1.6529579879716039
modern,3,a_N100_V3+3D,1.8023329321295023
modern,3,a_N100_V3+3D,1.7630000365898013
modern,3,a_N100_V3+3D,1.731291995383799
modern,3,a_N100_V3+3D,1.7173329833894968
modern,3,a_N100_V3+3D,1.7017920035868883
modern,3,a_N100_V3+3D,1.792500028386712
modern,3,a_N100_V3+3D,1.7354160081595182
modern,3,a_N100_V3+3D,1.7056249780580401
modern,3,a_N100_V3+3D,1.6781670274212956
modern,3,a_N100_V3+3D,1.6913330182433128
modern,3,a_N100_V3+3D,1.6829579835757613
modern,3,a_N100_V3+3D,1.676584011875093
modern,3,a_N100_V3+3D,1.6746249748393893
modern,3,a_N100_V3+3D,1.6638750676065683
modern,3,a_N100_V3+3D,1.6608749283477664
modern,3,a_N100_V3+3D,1.66637497022748
modern,3,a_N100_V3+3D,1.657332992181182
modern,3,a_N100_V3+3D,1.708458992652595
modern,3,a_N100_V3+3D,1.6599170630797744
modern,3,a_N100_V3+3D,2.0192499505355954
modern,3,a_N100_V3+3D,1.7840840155258775
modern,3,a_N100_V3+3D,1.796417054720223
modern,3,a_N100_V3+3D,1.7050000606104732
modern,3,a_N100_V3+3D,2.043333020992577
modern,3,a_N100_V3+3D,1.7057500081136823
modern,3,a_N100_V3+3D,1.6798750730231404
modern,3,a_N100_V3+3D,1.6774169635027647
modern,3,a_N100_V3+3D,1.6720829298719764
modern,3,a_N100_V3+3D,1.6667499439790845
modern,3,a_N100_V3+3D,1.6733340453356504
modern,3,a_N100_V3+3D,1.6771670198068023
modern,3,a_N100_V3+3D,1.6677080420777202
modern,3,a_N100_V3+3D,1.6919999616220593
modern,3,a_N100_V3+3D,1.6645409632474184
modern,3,a_N100_V3+3D,1.6598330112174153
modern,3,a_N100_V3+3D,1.9204160198569298
modern,3,a_N100_V3+3D,1.8050840590149164
modern,3,a_N100_V3+3D,1.7122500576078892
modern,3,a_N100_V3+3D,1.697917003184557
modern,3,a_N100_V3+3D,1.6916249878704548
modern,3,a_N100_V3+3D,1.6782500315457582
modern,3,a_N100_V3+3D,1.6794579569250345
modern,3,a_N100_V3+3D,1.689292024821043
modern,3,a_N100_V3+3D,1.6633329214528203
modern,3,a_N100_V3+3D,1.6707920003682375
modern,3,a_N100_V3+3D,1.9355409312993288
modern,3,a_N100_V3+3D,1.7001669621095061
modern,3,a_N100_V3+3D,1.6787090571597219
modern,3,a_N100_V3+3D,1.6777500277385116
modern,3,a_N100_V3+3D,1.675124978646636
modern,3,a_N100_V3+3D,1.6603750409558415
modern,3,a_N100_V3+3D,1.6746659530326724
modern,3,a_N100_V3+3D,1.6711670905351639
modern,3,a_N100_V3+3D,1.6682500718161464
modern,3,a_N100_V3+3D,1.9434160785749555
modern,3,a_N100_V3+3D,1.2924580369144678
modern,3,a_N100_V3+3D,1.2514579575508833
modern,3,a_N100_V3+3D,1.2519590090960264
modern,3,a_N100_V3+3D,1.2401669519022107
modern,3,a_N100_V3+3D,1.2462090235203505
modern,3,a_N100_V3+3D,1.832874957472086
modern,3,a_N100_V3+3D,1.7778340261429548
modern,3,a_N100_V3+3D,1.7187499906867743
modern,3,a_N100_V3+3D,1.7117919633165002
modern,3,a_N100_V3+3D,1.7273339908570051
modern,3,a_N100_V3+3D,1.6773330280557275
modern,3,a_N100_V3+3D,1.744291977956891
modern,3,a_N100_V3+3D,2.043292042799294
modern,3,a_N100_V3+3D,1.8245000392198563
modern,3,a_N100_V3+3D,1.7556670354679227
modern,3,a_N100_V3+3D,1.7486250726506114
modern,3,a_N100_V3+3D,1.7440830124542117
modern,3,a_N100_V3+3D,1.7234169645234942
modern,3,a_N100_V3+3D,1.7274589044973254
modern,3,a_N100_V3+3D,1.7234579427167773
modern,3,a_N100_V3+3D,1.7000839579850435
modern,3,a_N100_V3+3D,1.7639589495956898
modern,3,a_N100_V3+3D,1.7069579334929585
modern,3,a_N100_V3+3D,1.7043750267475843
modern,3,a_N100_V3+3D,1.7024580156430602
modern,3,a_N100_V3+3D,1.696250052191317
modern,3,a_N100_V3+3D,1.70700007583946
modern,3,a_N100_V3+3D,1.674792030826211
modern,3,a_N100_V3+3D,1.7027080757543445
modern,3,a_N100_V3+3D,1.7130420310422778
modern,3,a_N100_V3+3D,1.6966670518741012
modern,3,a_N100_V3+3D,1.6931249992921948
modern,3,a_N100_V3+3D,1.6857499722391367
modern,3,a_N100_V3+3D,1.711958902888
modern,3,a_N100_V3+3D,1.7081249970942736
modern,3,a_N100_V3+3D,1.7049589660018682
modern,3,a_N100_V3+3D,1.7375409370288253
modern,3,a_N100_V3+3D,1.6946669202297926
modern,3,a_N100_V3+3D,1.696250052191317
modern,3,a_N100_V3+3D,1.7016249476000667
modern,3,a_N100_V3+3D,1.6549580032005906
modern,3,a_N100_V3+3D,1.727583003230393
modern,3,a_N100_V3+3D,1.651874976232648
modern,3,a_N100_V3+3D,1.7013750039041042
modern,3,a_N100_V3+3D,1.6908330144360662
modern,3,a_N100_V3+3D,1.6948750708252192
modern,3,a_N100_V3+3D,1.6907500103116035
modern,3,a_N100_V3+3D,1.6853330889716744
modern,3,a_N100_V3+3D,1.6612089239060879
modern,3,a_N100_V3+3D,1.6909169498831034
modern,3,a_N100_V3+3D,1.7031249590218067
modern,3,a_N100_V3+3D,1.6962499357759953
modern,3,a_N100_V3+3D,1.6662919661030173
modern,3,a_N100_V3+3D,1.728332950733602
modern,3,a_N100_V3+3D,1.6832080436870456
modern,3,a_N100_V3+3D,1.68674997985363
modern,3,a_N100_V3+3D,1.6558340284973383
modern,3,a_N100_V3+3D,1.6737920232117176
modern,3,a_N100_V3+3D,1.63312500808388
modern,3,a_N100_V3+3D,1.6586659476161003
modern,3,a_N100_V3+3D,1.6780000878497958
modern,3,a_N100_V3+3D,1.6670830082148314
modern,3,a_N100_V3+3D,1.6317499103024602
modern,3,a_N100_V3+3D,1.7028339207172394
modern,3,a_N100_V3+3D,1.6378749860450625
modern,3,a_N100_V3+3D,1.7704579513520002
modern,3,a_N100_V3+3D,1.7538749380037189
modern,3,a_N100_V3+3D,1.7109999898821115
modern,3,a_N100_V3+3D,1.7028329893946648
modern,3,a_N100_V3+3D,1.690707984380424
modern,3,a_N100_V3+3D,1.695042010396719
modern,3,a_N100_V3+3D,1.6999159706756473
modern,3,a_N100_V3+3D,1.674707978963852
modern,3,a_N100_V3+3D,1.678749918937683
modern,3,a_N100_V3+3D,1.6649580793455243
modern,3,a_N100_V3+3D,1.663166913203895
modern,3,a_N100_V3+3D,1.8800839316099882
modern,3,a_N100_V3+3D,1.677249907515943
modern,3,a_N100_V3+3D,1.6847919905558228
modern,3,a_N100_V3+3D,1.6650420147925615
modern,3,a_N100_V3+3D,1.6966250259429216
modern,3,a_N100_V3+3D,1.6739580314606428
modern,3,a_N100_V3+3D,1.741875079460442
modern,3,a_N100_V3+3D,1.6752500087022781
modern,3,a_N100_V3+3D,1.6732499934732914
modern,3,a_N100_V3+3D,1.664999988861382
modern,3,a_N100_V3+3D,1.6641250113025308
modern,3,a_N100_V3+3D,1.6633330378681421
modern,3,a_N100_V3+3D,1.6612919280305505
modern,3,a_N100_V3+3D,1.6631660982966423
modern,3,a_N100_V3+3D,1.6501659993082285
modern,3,a_N100_V3+3D,1.6530839493498206
modern,3,a_N100_V3+3D,1.9871669355779886
modern,3,a_N100_V3+3D,1.68524996843189
modern,3,a_N100_V3+3D,1.6560000367462635
modern,3,a_N100_V3+3D,1.6478749457746744
modern,3,a_N100_V3+3D,1.6812080284580588
modern,3,a_N100_V3+3D,1.6554590547457337
modern,3,a_N100_V3+3D,1.6598750371485949
modern,3,a_N100_V3+3D,1.651874976232648
modern,3,a_N100_V3+3D,1.6442500054836273
modern,3,a_N100_V3+3D,1.6814579721540213
modern,3,a_N100_V3+3D,1.683417009189725
modern,3,a_N100_V3+3D,1.6406660433858633
modern,3,a_N100_V3+3D,1.6519160708412528
modern,3,a_N100_V3+3D,1.6529998974874616
modern,3,a_N100_V3+3D,1.649416983127594
modern,3,a_N100_V3+3D,1.641040900722146
modern,3,a_N100_V3+3D,1.6452498966827989
modern,3,a_N100_V3+3D,1.640707952901721
modern,3,a_N100_V3+3D,1.6703750006854534
modern,3,a_N100_V3+3D,1.65049999486655
modern,3,a_N100_V3+3D,1.648042001761496
modern,3,a_N100_V3+3D,1.6433330019935966
modern,3,a_N100_V3+3D,2.3465000558644533
modern,3,a_N100_V3+3D,1.754875062033534
modern,3,a_N100_V3+3D,1.715666032396257
modern,3,a_N100_V3+3D,1.7084580613300204
modern,3,a_N100_V3+3D,1.695042010396719
modern,3,a_N100_V3+3D,1.6914579318836331
modern,3,a_N100_V3+3D,1.6956249019131064
modern,3,a_N100_V3+3D,1.6791250091046095
modern,3,a_N100_V3+3D,1.687707961536944
modern,3,a_N100_V3+3D,1.6942499205470085
modern,3,a_N100_V3+3D,1.6644590068608522
modern,3,a_N100_V3+3D,1.8070420483127236
modern,3,a_N100_V3+3D,1.7480410169810057
modern,3,a_N100_V3+3D,1.7035839846357703
modern,3,a_N100_V3+3D,1.6884159995242953
modern,3,a_N100_V3+3D,1.6794160474091768
modern,3,a_N100_V3+3D,1.6729999333620071
modern,3,a_N100_V3+3D,1.6826658975332975
modern,3,a_N100_V3+3D,1.7299579922109842
modern,3,a_N100_V3+3D,1.680999994277954
modern,3,a_N100_V3+3D,1.6597500070929527
modern,3,a_N100_V3+3D,1.6558329807594419
modern,3,a_N100_V3+3D,1.658917055465281
modern,3,a_N100_V3+3D,1.6648749588057399
modern,3,a_N100_V3+3D,1.6513749724254012
modern,3,a_N100_V3+3D,2.0118330139666796
modern,3,a_N100_V3+3D,1.7165410099551082
modern,3,a_N100_V3+3D,1.6991670709103346
modern,3,a_N100_V3+3D,1.6592498868703842
modern,3,a_N100_V3+3D,1.7310840776190162
modern,3,a_N100_V3+3D,1.6479589976370335
modern,3,a_N100_V3+3D,1.764667103998363
modern,3,a_N100_V3+3D,2.6248330250382423
modern,3,a_N100_V3+3D,2.2129169665277004
modern,3,a_N100_V3+3D,1.9164999248459935
modern,3,a_N100_V3+3D,1.832208945415914
modern,3,a_N100_V3+3D,1.7227079952135682
modern,3,a_N100_V3+3D,1.699834014289081
modern,3,a_N100_V3+3D,1.6814169939607382
modern,3,a_N100_V3+3D,1.6739160055294633
modern,3,a_N100_V3+3D,1.669459044933319
modern,3,a_N100_V3+3D,1.6785410698503256
modern,3,a_N100_V3+3D,1.7042080871760845
modern,3,a_N100_V3+3D,1.7159589333459735
modern,3,a_N100_V3+3D,1.6645410796627402
modern,3,a_N100_V3+3D,1.661666901782155
modern,3,a_N100_V3+3D,1.652583945542574
modern,3,a_N100_V3+3D,1.6528749838471413
modern,3,a_N100_V3+3D,1.6766670159995556
modern,3,a_N100_V3+3D,1.654834020882845
modern,3,a_N100_V3+3D,1.6564169200137258
modern,3,a_N100_V3+3D,1.6507909167557955
modern,3,a_N100_V3+3D,1.6461670165881515
modern,3,a_N100_V3+3D,1.6432090196758509
modern,3,a_N100_V3+3D,1.6427920199930668
modern,3,a_N100_V3+3D,1.6359590226784348
modern,3,a_N100_V3+3D,1.6403330955654383
modern,3,a_N100_V3+3D,1.684333081357181
modern,3,a_N100_V3+3D,1.641749986447394
modern,3,a_N100_V3+3D,2.021457999944687
modern,3,a_N100_V3+3D,1.7812498845160007
modern,3,a_N100_V3+3D,1.7275839345529675
modern,3,a_N100_V3+3D,1.7030409071594477
modern,3,a_N100_V3+3D,1.6826249193400145
modern,3,a_N100_V3+3D,1.679374952800572
modern,3,a_N100_V3+3D,1.680959016084671
modern,3,a_N100_V3+3D,1.6670409822836518
modern,3,a_N100_V3+3D,1.6658749664202332
modern,3,a_N100_V3+3D,1.6729170456528664
modern,3,a_N100_V3+3D,1.65816699154675
modern,3,a_N100_V3+3D,1.6924170777201653
modern,3,a_N100_V3+3D,1.784082967787981
modern,3,a_N100_V3+3D,1.7867080168798566
modern,3,a_N100_V3+3D,1.7313340213149786
modern,3,a_N100_V3+3D,1.7581670545041561
modern,3,a_N100_V3+3D,1.7552090575918555
modern,3,a_N100_V3+3D,1.729167066514492
modern,3,a_N100_V3+3D,1.7114590154960752
modern,3,a_N100_V3+3D,1.7296250443905592
modern,3,a_N100_V3+3D,1.7262919573113322
modern,3,a_N100_V3+3D,1.7283749766647816
modern,3,a_N100_V3+3D,1.7116249073296785
modern,3,a_N100_V3+3D,1.698249951004982
modern,3,a_N100_V3+3D,1.6821658937260509
modern,3,a_N100_V3+3D,1.686332980170846
modern,3,a_N100_V3+3D,1.6677499515935779
modern,3,a_N100_V3+3D,1.7135420348495245
modern,3,a_N100_V3+3D,1.7061670077964664
modern,3,a_N100_V3+3D,1.7353750299662352
modern,3,a_N100_V3+3D,1.6926670214161277
modern,3,a_N100_V3+3D,1.691124984063208
modern,3,a_N100_V3+3D,2.0437079947441816
modern,3,a_N100_V3+3D,1.8320000963285565
modern,3,a_N100_V3+3D,1.7948340391740203
modern,3,a_N100_V3+3D,1.7539580585435033
modern,3,a_N100_V3+3D,1.7399589996784925
modern,3,a_N100_V3+3D,1.7434589099138975
modern,3,a_N100_V3+3D,1.7061249818652868
modern,3,a_N100_V3+3D,1.752499956637621
modern,3,a_N100_V3+3D,1.8552090041339397
modern,3,a_N100_V3+3D,1.6922500217333436
modern,3,a_N100_V3+3D,1.7014159820973873
modern,3,a_N100_V3+3D,1.7507500015199184
modern,3,a_N100_V3+3D,1.6827909275889397
modern,3,a_N100_V3+3D,1.7289590323343873
modern,3,a_N100_V3+3D,1.724999980069697
modern,3,a_N100_V3+3D,1.6985830152407289
modern,3,a_N100_V3+3D,1.7190839862450957
modern,3,a_N100_V3+3D,1.7088750610128045
modern,3,a_N100_V3+3D,1.6953330487012863
modern,3,a_N100_V3+3D,1.7235419945791364
modern,3,a_N100_V3+3D,1.6692089848220348
modern,3,a_N100_V3+3D,1.7082089325413108
modern,3,a_N100_V3+3D,1.6759579302743077
modern,3,a_N100_V3+3D,1.7124590231105685
modern,3,a_N100_V3+3D,1.701875007711351
modern,3,a_N100_V3+3D,1.7599590355530381
modern,3,a_N100_V3+3D,1.7117089591920376
modern,3,a_N100_V3+3D,1.6922500217333436
modern,3,a_N100_V3+3D,1.693250029347837
modern,3,a_N100_V3+3D,1.701208995655179
modern,3,a_N100_V3+3D,1.6729999333620071
modern,3,a_N100_V3+3D,1.704125083051622
modern,3,a_N100_V3+3D,1.7660839948803186
modern,3,a_N100_V3+3D,1.6737080877646804
modern,3,a_N100_V3+3D,1.6802499303594232
modern,3,a_N100_V3+3D,1.6954169841483235
modern,3,a_N100_V3+3D,1.6820828896015882
modern,3,a_N100_V3+3D,1.7160408897325397
modern,3,a_N100_V3+3D,1.7167499754577875
modern,3,a_N100_V3+3D,1.6819169977679849
modern,3,a_N100_V3+3D,1.8009170889854431
modern,3,a_N100_V3+3D,1.7397080082446337
modern,3,a_N100_V3+3D,1.7162089934572577
modern,3,a_N100_V3+3D,1.6832499532029033
modern,3,a_N100_V3+3D,1.6825830098241568
modern,3,a_N100_V3+3D,1.686041010543704
modern,3,a_N100_V3+3D,1.6746670007705688
modern,3,a_N100_V3+3D,1.6637910157442093
modern,3,a_N100_V3+3D,2.1437499672174454
modern,3,a_N100_V3+3D,1.6744580352678895
modern,3,a_N100_V3+3D,1.6644580755382776
modern,3,a_N100_V3+3D,1.6565839760005474
modern,3,a_N100_V3+3D,1.6654999926686287
modern,3,a_N100_V3+3D,1.6661669360473752
modern,3,a_N100_V3+3D,1.6526669496670365
modern,3,a_N100_V3+3D,1.6592079773545265
modern,3,a_N100_V3+3D,1.6516249161213636
modern,3,a_N100_V3+3D,1.7137089744210243
modern,3,a_N100_V3+3D,1.6568329883739352
modern,3,a_N100_V3+3D,1.6597079811617732
modern,3,a_N100_V3+3D,1.648375065997243
modern,3,a_N100_V3+3D,1.6526250401511788
modern,3,a_N100_V3+3D,1.6401669709011912
modern,3,a_N100_V3+3D,1.6366250347346067
modern,3,a_N100_V3+3D,1.636000000871718
modern,3,a_N100_V3+3D,1.6362080350518227
modern,3,a_N100_V3+3D,1.6508749686181545
modern,3,a_N100_V3+3D,1.6447498928755522
modern,3,a_N100_V3+3D,1.6359169967472553
modern,3,a_N100_V3+3D,1.6368749784305692
modern,3,a_N100_V3+3D,1.6641250113025308
modern,3,a_N100_V3+3D,1.8866669852286577
modern,3,a_N100_V3+3D,1.6601670067757368
modern,3,a_N100_V3+3D,1.6514579765498638
modern,3,a_N100_V3+3D,1.6672499477863312
modern,3,a_N100_V3+3D,1.66283396538347
modern,3,a_N100_V3+3D,1.6501250211149454
modern,3,a_N100_V3+3D,1.6394170233979821
modern,3,a_N100_V3+3D,1.9868750823661685
modern,3,a_N100_V3+3D,1.2861250434070826
modern,3,a_N100_V3+3D,1.245875027962029
modern,3,a_N100_V3+3D,1.2397089740261436
modern,3,a_N100_V3+3D,1.236374955624342
modern,3,a_N100_V3+3D,1.2346250005066395
modern,3,a_N100_V3+3D,1.2304589617997408
modern,3,a_N100_V3+3D,1.245124964043498
modern,3,a_N100_V3+3D,1.2294999323785305
modern,3,a_N100_V3+3D,1.2756249634549022
modern,3,a_N100_V3+3D,1.233499962836504
modern,3,a_N100_V3+3D,1.2293750187382102
modern,3,a_N100_V3+3D,1.2281250674277544
modern,3,a_N100_V3+3D,1.2255830224603415
modern,3,a_N100_V3+3D,1.2182500213384628
modern,3,a_N100_V3+3D,1.2246250407770276
modern,3,a_N100_V3+3D,1.230000052601099
modern,3,a_N100_V3+3D,1.244208076968789
modern,3,a_N100_V3+3D,1.2441660510376096
modern,3,a_N100_V3+3D,1.2404589215293527
modern,3,a_N100_V3+3D,1.2169579276815057
modern,3,a_N100_V3+3D,1.2342919362708926
modern,3,a_N100_V3+3D,1.8041249131783843
modern,3,a_N100_V3+3D,1.7581249121576548
modern,3,a_N100_V3+3D,1.723916968330741
modern,3,a_N100_V3+3D,1.6954579623416066
modern,3,a_N100_V3+3D,1.6973749734461308
modern,3,a_N100_V3+3D,1.6840420430526137
modern,3,a_N100_V3+3D,1.6939169727265835
modern,3,a_N100_V3+3D,1.679208013229072
modern,3,a_N100_V3+3D,1.7024170374497771
modern,3,a_N100_V3+3D,1.7056659562513232
modern,3,a_N100_V3+3D,1.6755829565227032
modern,3,a_N100_V3+3D,1.6655420185998082
modern,3,a_N100_V3+3D,1.677999971434474
modern,3,a_N100_V3+3D,1.674707978963852
modern,3,a_N100_V3+3D,1.66283396538347
modern,3,a_N100_V3+3D,1.6623749397695065
modern,3,a_N100_V3+3D,1.6598750371485949
modern,3,a_N100_V3+3D,1.725332927890122
modern,3,a_N100_V3+3D,1.6618749359622598
modern,3,a_N100_V3+3D,1.6683329595252872
modern,3,a_N100_V3+3D,1.663166913203895
modern,3,a_N100_V3+3D,1.645041978918016
modern,3,a_N100_V3+3D,1.6446249792352319
modern,3,a_N100_V3+3D,1.6435000579804182
modern,3,a_N100_V3+3D,1.6418329905718565
modern,3,a_N100_V3+3D,1.6598750371485949
modern,3,a_N100_V3+3D,1.6484580701217055
modern,3,a_N100_V3+3D,1.6387499636039138
modern,3,a_N100_V3+3D,1.6396670835092664
modern,3,a_N100_V3+3D,1.644083997234702
modern,3,a_N100_V3+3D,1.6474160365760326
modern,3,a_N100_V3+3D,1.684166956692934
modern,3,a_N100_V3+3D,1.6651250189170241
modern,3,a_N100_V3+3D,1.6502499347552657
modern,3,a_N100_V3+3D,1.6492079012095928
modern,3,a_N100_V3+3D,2.5233749765902758
modern,3,a_N100_V3+3D,1.7883749678730965
modern,3,a_N100_V3+3D,1.7738749738782644
modern,3,a_N100_V3+3D,1.7944590654224157
modern,3,a_N100_V3+3D,1.7023750115185976
modern,3,a_N100_V3+3D,1.6983329551294446
modern,3,a_N100_V3+3D,1.6850000247359276
modern,3,a_N100_V3+3D,1.673000049777329
modern,3,a_N100_V3+3D,1.7106670420616865
modern,3,a_N100_V3+3D,1.68020895216614
modern,3,a_N100_V3+3D,1.724249916151166
modern,3,a_N100_V3+3D,1.6825419152155519
modern,3,a_N100_V3+3D,1.6763749299570918
modern,3,a_N100_V3+3D,1.6765829641371965
modern,3,a_N100_V3+3D,1.6756670083850622
modern,3,a_N100_V3+3D,1.660624984651804
modern,3,a_N100_V3+3D,1.6584580298513174
modern,3,a_N100_V3+3D,2.1340829553082585
modern,3,a_N100_V3+3D,2.149582956917584
modern,3,a_N100_V3+3D,2.0515830256044865
modern,3,a_N100_V3+3D,1.3157910434529185
modern,3,a_N100_V3+3D,1.275166985578835
modern,3,a_N100_V3+3D,1.2514590052887797
modern,3,a_N100_V3+3D,1.259625074453652
modern,3,a_N100_V3+3D,1.2972919503226876
modern,3,a_N100_V3+3D,1.8202089704573154
modern,3,a_N100_V3+3D,1.7998750554397702
modern,3,a_N100_V3+3D,1.7471250612288713
modern,3,a_N100_V3+3D,1.6895419685170054
modern,3,a_N100_V3+3D,1.7069169552996755
modern,3,a_N100_V3+3D,1.6988340066745877
modern,3,a_N100_V3+3D,1.7063330160453916
modern,3,a_N100_V3+3D,1.6960420180112123
modern,3,a_N100_V3+3D,1.7263749614357948
modern,3,a_N100_V3+3D,1.756208948791027
modern,3,a_N100_V3+3D,1.709959004074335
modern,3,a_N100_V3+3D,1.6788339708000422
modern,3,a_N100_V3+3D,1.6835000133141875
modern,3,a_N100_V3+3D,1.6783330356702209
modern,3,a_N100_V3+3D,1.704875030554831
modern,3,a_N100_V3+3D,1.6793330432847142
modern,3,a_N100_V3+3D,1.6886660596355796
modern,3,a_N100_V3+3D,1.7318339087069035
modern,3,a_N100_V3+3D,1.6670000040903687
modern,3,a_N100_V3+3D,1.6638749511912465
modern,3,a_N100_V3+3D,1.7078339587897062
modern,3,a_N100_V3+3D,1.6460409387946129
modern,3,a_N100_V3+3D,1.6749999485909939
modern,3,a_N100_V3+3D,1.6623339615762234
modern,3,a_N100_V3+3D,1.6677499515935779
modern,3,a_N100_V3+3D,1.6702079446986318
modern,3,a_N100_V3+3D,1.6899170586839318
modern,3,a_N100_V3+3D,1.6514169983565807
modern,3,a_N100_V3+3D,1.6482080100104213
modern,3,a_N100_V3+3D,1.6528329579159617
modern,3,a_N100_V3+3D,2.067083027213812
modern,3,a_N100_V3+3D,1.7808330012485385
modern,3,a_N100_V3+3D,1.7094160430133343
modern,3,a_N100_V3+3D,1.8762079998850822
modern,3,a_N100_V3+3D,1.685666968114674
modern,3,a_N100_V3+3D,1.6819169977679849
modern,3,a_N100_V3+3D,1.6842499608173966
modern,3,a_N100_V3+3D,1.6677079256623983
modern,3,a_N100_V3+3D,1.6732499934732914
modern,3,a_N100_V3+3D,1.740208943374455
modern,3,a_N100_V3+3D,1.6768749337643385
modern,3,a_N100_V3+3D,1.6427090158686042
modern,3,a_N100_V3+3D,1.6366250347346067
modern,3,a_N100_V3+3D,1.6792920650914311
modern,3,a_N100_V3+3D,1.705292030237615
modern,3,a_N100_V3+3D,1.7013750039041042
modern,3,a_N100_V3+3D,1.6582499956712127
modern,3,a_N100_V3+3D,1.6696660313755274
modern,3,a_N100_V3+3D,1.6716660466045141
modern,3,a_N100_V3+3D,1.6815419076010585
modern,3,a_N100_V3+3D,1.721458975225687
modern,3,a_N100_V3+3D,1.6673329519107938
modern,3,a_N100_V3+3D,1.6679170075803995
modern,3,a_N100_V3+3D,1.6584160039201379
modern,3,a_N100_V3+3D,1.6442500054836273
modern,3,a_N100_V3+3D,1.6714170342311263
modern,3,a_N100_V3+3D,1.7072090413421392
modern,3,a_N100_V3+3D,1.654542051255703
modern,3,a_N100_V3+3D,1.9494170555844903
modern,3,a_N100_V3+3D,1.7145409947261214
modern,3,a_N100_V3+3D,1.7668330110609531
modern,3,a_N100_V3+3D,1.7688339576125145
modern,3,a_N100_V3+3D,1.7085000872612
modern,3,a_N100_V3+3D,1.704458030872047
modern,3,a_N100_V3+3D,1.694166916422546
modern,3,a_N100_V3+3D,1.6872499836608768
modern,3,a_N100_V3+3D,1.6791659872978926
modern,3,a_N100_V3+3D,1.672249985858798
modern,3,a_N100_V3+3D,1.6617090441286564
modern,3,a_N100_V3+3D,1.7324170330539346
modern,3,a_N100_V3+3D,1.681957975961268
modern,3,a_N100_V3+3D,1.978500047698617
modern,3,a_N100_V3+3D,1.2900420697405934
modern,3,a_N100_V3+3D,1.2459170538932085
modern,3,a_N100_V3+3D,1.258542062714696
modern,3,a_N100_V3+3D,1.2579580070450902
modern,3,a_N100_V3+3D,1.2439159909263253
modern,3,a_N100_V3+3D,1.2567919911816716
modern,3,a_N100_V3+3D,1.3109580613672733
modern,3,a_N100_V3+3D,1.2690419098362327
modern,3,a_N100_V3+3D,1.2446249602362514
modern,3,a_N100_V3+3D,1.3639589305967093
modern,3,a_N100_V3+3D,1.2507080100476742
modern,3,a_N100_V3+3D,1.2527500512078404
modern,3,a_N100_V3+3D,1.2468340573832393
modern,3,a_N100_V3+3D,1.2537919683381915
modern,3,a_N100_V3+3D,1.2431250652298331
modern,3,a_N100_V3+3D,1.247667009010911
modern,3,a_N100_V3+3D,1.2449159985408187
modern,3,a_N100_V3+3D,1.23391707893461
modern,3,a_N100_V3+3D,1.2427499750629067
modern,3,a_N100_V3+3D,1.2405830202624202
modern,3,a_N100_V3+3D,1.2360839173197746
modern,3,a_N100_V3+3D,1.2372080236673355
modern,3,a_N100_V3+3D,1.2271669693291187
modern,3,a_N100_V3+3D,1.234915922395885
modern,3,a_N100_V3+3D,1.2285409029573202
modern,3,a_N100_V3+3D,1.222957973368466
modern,3,a_N100_V3+3D,1.2642090441659093
modern,3,a_N100_V3+3D,1.2782090343534946
modern,3,a_N100_V3+3D,1.2409579940140247
modern,3,a_N100_V3+3D,1.2401670683175325
modern,3,a_N100_V3+3D,1.227000029757619
modern,3,a_N100_V3+3D,1.2271670857444406
modern,3,a_N100_V3+3D,1.2325000716373324
modern,3,a_N100_V3+3D,1.225292100571096
modern,3,a_N100_V3+3D,1.2259159702807665
modern,3,a_N100_V3+3D,1.2235839385539293
modern,3,a_N100_V3+3D,1.2307500001043081
modern,3,a_N100_V3+3D,1.2274999171495438
modern,3,a_N100_V3+3D,1.2364169815555215
modern,3,a_N100_V3+3D,1.2464579194784164
modern,3,a_N100_V3+3D,1.2309580342844129
modern,3,a_N100_V3+3D,1.3836669968441129
modern,3,a_N100_V3+3D,1.2211250141263008
modern,3,a_N100_V3+3D,1.317957998253405
modern,3,a_N100_V3+3D,1.46566703915596
modern,3,a_N100_V3+3D,1.2558749876916409
modern,3,a_N100_V3+3D,1.2485419865697622
modern,3,a_N100_V3+3D,1.2412091018632054
modern,3,a_N100_V3+3D,1.7563749570399523
modern,3,a_N100_V3+3D,1.7173329833894968
modern,3,a_N100_V3+3D,1.687500043772161
modern,3,a_N100_V3+3D,1.6712910728529096
modern,3,a_N100_V3+3D,1.672457903623581
modern,3,a_N100_V3+3D,1.6667499439790845
modern,3,a_N100_V3+3D,1.6792499227449298
modern,3,a_N100_V3+3D,1.6652080230414867
modern,3,a_N100_V3+3D,1.6614169580861926
modern,3,a_N100_V3+3D,1.7308329697698355
modern,3,a_N100_V3+3D,1.6653749626129866
modern,3,a_N100_V3+3D,1.6354999970644712
modern,3,a_N100_V3+3D,1.6322090523317456
modern,3,a_N100_V3+3D,1.6310829669237137
modern,3,a_N100_V3+3D,1.6435830621048808
modern,3,a_N100_V3+3D,1.6306249890476465
modern,3,a_N100_V3+3D,1.6999579966068268
modern,3,a_N100_V3+3D,1.6329160425812006
modern,3,a_N100_V3+3D,1.6327500343322754
modern,3,a_N100_V3+3D,1.636332948692143
modern,3,a_N100_V3+3D,1.6302079893648624
modern,3,a_N100_V3+3D,1.6365000046789646
modern,3,a_N100_V3+3D,1.6312910011038184
modern,3,a_N100_V3+3D,1.643249997869134
modern,3,a_N100_V3+3D,1.6250419430434704
modern,3,a_N100_V3+3D,1.6280829440802336
modern,3,a_N100_V3+3D,1.6340420115739107
modern,3,a_N100_V3+3D,1.6267499886453152
modern,3,a_N100_V3+3D,1.6188750742003322
modern,3,a_N100_V3+3D,1.6264170408248901
modern,3,a_N100_V3+3D,1.6748750349506736
modern,3,a_N100_V3+3D,1.657166052609682
modern,3,a_N100_V3+3D,1.6253750072792172
modern,3,a_N100_V3+3D,1.6308330232277513
modern,3,a_N100_V3+3D,1.6278749099001288
modern,3,a_N100_V3+3D,1.6170840244740248
modern,3,a_N100_V3+3D,1.616374938748777
modern,3,a_N100_V3+3D,1.6295419773086905
modern,3,a_N100_V3+3D,1.6209579771384597
modern,3,a_N100_V3+3D,1.618625014089048
modern,3,a_N100_V3+3D,1.6698749968782067
modern,3,a_N100_V3+3D,1.679499982856214
modern,3,a_N100_V3+3D,1.623708987608552
modern,3,a_N100_V3+3D,1.6202919650822878
modern,3,a_N100_V3+3D,1.6160000814124942
modern,3,a_N100_V3+3D,1.6537500778213143
modern,3,a_N100_V3+3D,1.6215420328080654
modern,3,a_N100_V3+3D,1.6140419756993651
modern,3,a_N100_V3+3D,1.6242500860244036
modern,3,a_N100_V3+3D,1.620457973331213
modern,3,a_N100_V3+3D,1.6366669442504644
modern,3,a_N100_V3+3D,1.6144999535754323
modern,3,a_N100_V3+3D,1.6165829729288816
modern,3,a_N100_V3+3D,1.630999962799251
modern,3,a_N100_V3+3D,1.6233749920502305
modern,3,a_N100_V3+3D,1.65666698012501
modern,3,a_N100_V3+3D,1.6414590645581484
modern,3,a_N100_V3+3D,1.6261669807136059
modern,3,a_N100_V3+3D,1.6763750463724136
modern,3,a_N100_V3+3D,1.6243749996647239
modern,3,a_N100_V3+3D,1.7732910346239805
modern,3,a_N100_V3+3D,1.7749170074239373
modern,3,a_N100_V3+3D,1.7304170178249478
modern,3,a_N100_V3+3D,1.718541025184095
modern,3,a_N100_V3+3D,1.6985420370474458
modern,3,a_N100_V3+3D,1.7214590916410089
modern,3,a_N100_V3+3D,1.691166078671813
modern,3,a_N100_V3+3D,1.7077920492738485
modern,3,a_N100_V3+3D,1.695333980023861
modern,3,a_N100_V3+3D,1.7000839579850435
modern,3,a_N100_V3+3D,1.7281669424846768
modern,3,a_N100_V3+3D,1.6791250091046095
modern,3,a_N100_V3+3D,1.6820000018924475
modern,3,a_N100_V3+3D,1.687792013399303
modern,3,a_N100_V3+3D,2.0875000627711415
modern,3,a_N100_V3+3D,1.8031670479103923
modern,3,a_N100_V3+3D,1.7729999963194132
modern,3,a_N100_V3+3D,1.8306670244783163
modern,3,a_N100_V3+3D,1.7392910085618496
modern,3,a_N100_V3+3D,1.755499979481101
modern,3,a_N100_V3+3D,1.7350830603390932
modern,3,a_N100_V3+3D,1.7356660682708025
modern,3,a_N100_V3+3D,2.531000063754618
modern,3,a_N100_V3+3D,1.8234169110655785
modern,3,a_N100_V3+3D,1.7658750293776393
modern,3,a_N100_V3+3D,1.7625829204916954
modern,3,a_N100_V3+3D,1.7378749325871468
modern,3,a_N100_V3+3D,1.8117909785360098
modern,3,a_N100_V3+3D,1.7207920318469405
modern,3,a_N100_V3+3D,1.7222920432686806
modern,3,a_N100_V3+3D,1.7462909454479814
modern,3,a_N100_V3+3D,2.018583007156849
modern,3,a_N100_V3+3D,1.746166031807661
modern,3,a_N100_V3+3D,1.7121660057455301
modern,3,a_N100_V3+3D,1.6978749772533774
modern,3,a_N100_V3+3D,1.712875091470778
modern,3,a_N100_V3+3D,1.7125840531662107
modern,3,a_N100_V3+3D,1.729500014334917
modern,3,a_N100_V3+3D,1.709959004074335
modern,3,a_N100_V3+3D,1.7134160734713078
modern,3,a_N100_V3+3D,1.7457919893786311
modern,3,a_N100_V3+3D,1.6878340393304825
modern,3,a_N100_V3+3D,1.6989170107990503
modern,3,a_N100_V3+3D,1.7104159342125058
modern,3,a_N100_V3+3D,1.6983329551294446
modern,3,a_N100_V3+3D,1.754750031977892
modern,3,a_N100_V3+3D,1.683457987383008
modern,3,a_N100_V3+3D,1.7045839922502637
modern,3,a_N100_V3+3D,1.6988329589366913
modern,3,a_N100_V3+3D,1.7068750457838178
modern,3,a_N100_V3+3D,1.669042045250535
modern,3,a_N100_V3+3D,1.704583060927689
modern,3,a_N100_V3+3D,1.7022500978782773
modern,3,a_N100_V3+3D,1.6839589225128293
modern,3,a_N100_V3+3D,1.6944169765338302
modern,3,a_N100_V3+3D,1.7101670382544398
modern,3,a_N100_V3+3D,1.6947499243542552
modern,3,a_N100_V3+3D,1.6874999273568392
modern,3,a_N100_V3+3D,1.7573749646544456
modern,3,a_N100_V3+3D,1.6832089750096202
modern,3,a_N100_V3+3D,1.7951249610632658
modern,3,a_N100_V3+3D,1.7632920062169433
modern,3,a_N100_V3+3D,1.7413339810445905
modern,3,a_N100_V3+3D,1.7152500804513693
modern,3,a_N100_V3+3D,1.6942500369623303
modern,3,a_N100_V3+3D,1.677334075793624
modern,3,a_N100_V3+3D,1.6714169178158045
modern,3,a_N100_V3+3D,1.6725830500945449
modern,3,a_N100_V3+3D,1.6566250706091523
modern,3,a_N100_V3+3D,1.6713329823687673
modern,3,a_N100_V3+3D,1.718333107419312
modern,3,a_N100_V3+3D,1.6623749397695065
modern,3,a_N100_V3+3D,1.668291981332004
modern,3,a_N100_V3+3D,1.6542499652132392
modern,3,a_N100_V3+3D,1.6677919775247574
modern,3,a_N100_V3+3D,1.6599169466644526
modern,3,a_N100_V3+3D,1.6581659438088536
modern,3,a_N100_V3+3D,1.690958975814283
modern,3,a_N100_V3+3D,1.6954999882727861
modern,3,a_N100_V3+3D,1.6408329829573631
modern,3,a_N100_V3+3D,1.6434170538559556
modern,3,a_N100_V3+3D,1.6474580625072122
modern,3,a_N100_V3+3D,1.637208042666316
modern,3,a_N100_V3+3D,1.6370000084862113
modern,3,a_N100_V3+3D,1.6471249982714653
modern,3,a_N100_V3+3D,1.658167107962072
modern,3,a_N100_V3+3D,1.6489580739289522
modern,3,a_N100_V3+3D,1.6438750317320228
modern,3,a_N100_V3+3D,1.6476669115945697
modern,3,a_N100_V3+3D,1.630999962799251
modern,3,a_N100_V3+3D,1.6930829733610153
modern,3,a_N100_V3+3D,1.644665957428515
modern,3,a_N100_V3+3D,1.6801670426502824
modern,3,a_N100_V3+3D,1.6412920085713267
modern,3,a_N100_V3+3D,1.635708031244576
modern,3,a_N100_V3+3D,1.6337500419467688
modern,3,a_N100_V3+3D,1.6400000313296914
modern,3,a_N100_V3+3D,1.639750087633729
modern,3,a_N100_V3+3D,1.965459086932242
modern,3,a_N100_V3+3D,1.2557500740513206
modern,3,a_N100_V3+3D,1.236042007803917
modern,3,a_N100_V3+3D,1.220791949890554
modern,3,a_N100_V3+3D,1.2254579924046993
modern,3,a_N100_V3+3D,1.2241669464856386
modern,3,a_N100_V3+3D,1.2187499087303877
modern,3,a_N100_V3+3D,1.219124998897314
modern,3,a_N100_V3+3D,1.2386249145492911
modern,3,a_N100_V3+3D,1.2409170158207417
modern,3,a_N100_V3+3D,1.2291669845581055
modern,3,a_N100_V3+3D,1.2150000547990203
modern,3,a_N100_V3+3D,1.2142499908804893
modern,3,a_N100_V3+3D,1.2252910528331995
modern,3,a_N100_V3+3D,1.2160000624135137
modern,3,a_N100_V3+3D,1.7050841124728322
modern,3,a_N100_V3+3D,1.312082982622087
modern,3,a_N100_V3+3D,1.2466670013964176
modern,3,a_N100_V3+3D,1.2363339774310589
modern,3,a_N100_V3+3D,1.2206669198349118
modern,3,a_N100_V3+3D,1.2314169434830546
modern,3,a_N100_V3+3D,1.228458946570754
modern,3,b_N100_V4,2.578832907602191
modern,3,b_N100_V4,2.3537499364465475
modern,3,b_N100_V4,2.3079999955371022
modern,3,b_N100_V4,2.5241250405088067
modern,3,b_N100_V4,2.2867079824209213
modern,3,b_N100_V4,2.354332944378257
modern,3,b_N100_V4,2.2514170268550515
modern,3,b_N100_V4,2.329499926418066
modern,3,b_N100_V4,2.2012500558048487
modern,3,b_N100_V4,2.3387500550597906
modern,3,b_N100_V4,2.3048340808600187
modern,3,b_N100_V4,2.299875020980835
modern,3,b_N100_V4,2.2365000331774354
modern,3,b_N100_V4,2.335500088520348
modern,3,b_N100_V4,2.250333083793521
modern,3,b_N100_V4,2.3434169124811888
modern,3,b_N100_V4,2.3049169685691595
modern,3,b_N100_V4,2.3093329509720206
modern,3,b_N100_V4,2.1842089481651783
modern,3,b_N100_V4,2.285166992805898
modern,3,b_N100_V4,2.3187079932540655
modern,3,b_N100_V4,2.327917027287185
modern,3,b_N100_V4,2.1502500167116523
modern,3,b_N100_V4,2.3757079616189003
modern,3,b_N100_V4,2.5606249691918492
modern,3,b_N100_V4,2.3392500588670373
modern,3,b_N100_V4,2.1792500047013164
modern,3,b_N100_V4,2.3041670210659504
modern,3,b_N100_V4,2.2081671049818397
modern,3,b_N100_V4,2.325542038306594
modern,3,b_N100_V4,2.1824160357937217
modern,3,b_N100_V4,2.185459015890956
modern,3,b_N100_V4,2.1888751070946455
modern,3,b_N100_V4,2.281000022776425
modern,3,b_N100_V4,2.279624924995005
modern,3,b_N100_V4,2.289457945153117
modern,3,b_N100_V4,2.6008340064436197
modern,3,b_N100_V4,3.414458013139665
modern,3,b_N100_V4,2.330083050765097
modern,3,b_N100_V4,2.352625015191734
modern,3,b_N100_V4,2.339709084481001
modern,3,b_N100_V4,2.33429204672575
modern,3,b_N100_V4,2.3800000781193376
modern,3,b_N100_V4,2.3278340231627226
modern,3,b_N100_V4,2.3251670645549893
modern,3,b_N100_V4,2.348333946429193
modern,3,b_N100_V4,2.235166961327195
modern,3,b_N100_V4,2.291084034368396
modern,3,b_N100_V4,2.205583965405822
modern,3,b_N100_V4,2.2762499283999205
modern,3,b_N100_V4,2.313624951057136
modern,3,b_N100_V4,2.291667042300105
modern,3,b_N100_V4,2.1618750179186463
modern,3,b_N100_V4,2.3344169603660703
modern,3,b_N100_V4,2.3009999422356486
modern,3,b_N100_V4,2.3008750285953283
modern,3,b_N100_V4,2.1951249800622463
modern,3,b_N100_V4,2.295750076882541
modern,3,b_N100_V4,2.1621250780299306
modern,3,b_N100_V4,2.3135420633479953
modern,3,b_N100_V4,2.2618749644607306
modern,3,b_N100_V4,2.2498329635709524
modern,3,b_N100_V4,2.1892919903621078
modern,3,b_N100_V4,2.199708018451929
modern,3,b_N100_V4,2.175666973926127
modern,3,b_N100_V4,2.1780000533908606
modern,3,b_N100_V4,2.185082994401455
modern,3,b_N100_V4,2.1494580432772636
modern,3,b_N100_V4,2.198540954850614
modern,3,b_N100_V4,2.1993749542161822
modern,3,b_N100_V4,2.1521670278161764
modern,3,b_N100_V4,2.14795907959342
modern,3,b_N100_V4,2.142916899174452
modern,3,b_N100_V4,2.269167103804648
modern,3,b_N100_V4,2.1477090194821358
modern,3,b_N100_V4,2.127207932062447
modern,3,b_N100_V4,2.1466660546138883
modern,3,b_N100_V4,2.174417022615671
modern,3,b_N100_V4,2.150540938600898
modern,3,b_N100_V4,2.149209030903876
modern,3,b_N100_V4,2.163124969229102
modern,3,b_N100_V4,2.1643750369548798
modern,3,b_N100_V4,2.144583035260439
modern,3,b_N100_V4,2.1389590110629797
modern,3,b_N100_V4,2.133541041985154
modern,3,b_N100_V4,2.316083060577512
modern,3,b_N100_V4,2.1416660165414214
modern,3,b_N100_V4,2.150333020836115
modern,3,b_N100_V4,2.137333038263023
modern,3,b_N100_V4,2.1237499313429
modern,3,b_N100_V4,2.125416067428887
modern,3,b_N100_V4,2.1270830184221268
modern,3,b_N100_V4,2.1266660187393427
modern,3,b_N100_V4,2.4322079261764884
modern,3,b_N100_V4,2.1761669777333736
modern,3,b_N100_V4,2.151499968022108
modern,3,b_N100_V4,2.1233330480754375
modern,3,b_N100_V4,2.12154199834913
modern,3,b_N100_V4,2.1364170825108886
modern,3,b_N100_V4,2.2472910350188613
modern,3,b_N100_V4,2.191249979659915
modern,3,b_N100_V4,2.145332982763648
modern,3,b_N100_V4,2.188374986872077
modern,3,b_N100_V4,2.2072080755606294
modern,3,b_N100_V4,2.1472909720614552
modern,3,b_N100_V4,2.139416988939047
modern,3,b_N100_V4,2.13741697371006
modern,3,b_N100_V4,2.1320419618859887
modern,3,b_N100_V4,2.198167028836906
modern,3,b_N100_V4,2.1229999838396907
modern,3,b_N100_V4,2.1301660453900695
modern,3,b_N100_V4,2.4621670600026846
modern,3,b_N100_V4,2.2088750265538692
modern,3,b_N100_V4,2.1367090521380305
modern,3,b_N100_V4,2.130958018824458
modern,3,b_N100_V4,2.186042023822665
modern,3,b_N100_V4,2.1417500684037805
modern,3,b_N100_V4,2.534707891754806
modern,3,b_N100_V4,3.336625057272613
modern,3,b_N100_V4,2.6046670973300934
modern,3,b_N100_V4,2.4059589486569166
modern,3,b_N100_V4,2.9136670054867864
modern,3,b_N100_V4,2.605666988529265
modern,3,b_N100_V4,2.5007498916238546
modern,3,b_N100_V4,2.595582976937294
modern,3,b_N100_V4,2.345458953641355
modern,3,b_N100_V4,2.272290992550552
modern,3,b_N100_V4,2.2676249500364065
modern,3,b_N100_V4,2.2660839604213834
modern,3,b_N100_V4,2.221749979071319
modern,3,b_N100_V4,2.2224170388653874
modern,3,b_N100_V4,2.2399589652195573
modern,3,b_N100_V4,2.275542006827891
modern,3,b_N100_V4,2.225916017778218
modern,3,b_N100_V4,2.3213750682771206
modern,3,b_N100_V4,2.216540975496173
modern,3,b_N100_V4,2.196791931055486
modern,3,b_N100_V4,2.2137919440865517
modern,3,b_N100_V4,2.2038330789655447
modern,3,b_N100_V4,2.2152919555082917
modern,3,b_N100_V4,2.1825419971719384
modern,3,b_N100_V4,2.212582970969379
modern,3,b_N100_V4,2.1997919538989663
modern,3,b_N100_V4,2.2352499654516578
modern,3,b_N100_V4,2.198082976974547
modern,3,b_N100_V4,2.2019590251147747
modern,3,b_N100_V4,2.193416003137827
modern,3,b_N100_V4,2.1910410141572356
modern,3,b_N100_V4,2.1870420314371586
modern,3,b_N100_V4,2.188500016927719
modern,3,b_N100_V4,2.204167074523866
modern,3,b_N100_V4,2.2032500710338354
modern,3,b_N100_V4,2.1970830857753754
modern,3,b_N100_V4,2.186583005823195
modern,3,b_N100_V4,2.1959999576210976
modern,3,b_N100_V4,2.186125027947128
modern,3,b_N100_V4,2.146374899893999
modern,3,b_N100_V4,2.2322499426081777
modern,3,b_N100_V4,2.2053340217098594
modern,3,b_N100_V4,2.185584045946598
modern,3,b_N100_V4,2.1531250094994903
modern,3,b_N100_V4,2.179584000259638
modern,3,b_N100_V4,2.185540972277522
modern,3,b_N100_V4,2.161292009986937
modern,3,b_N100_V4,2.375166048295796
modern,3,b_N100_V4,2.203666022978723
modern,3,b_N100_V4,2.5307919131591916
modern,3,b_N100_V4,2.2095419699326158
modern,3,b_N100_V4,2.1738329669460654
modern,3,b_N100_V4,2.227916964329779
modern,3,b_N100_V4,2.188666956499219
modern,3,b_N100_V4,2.198415924794972
modern,3,b_N100_V4,2.1860830020159483
modern,3,b_N100_V4,2.2004590136930346
modern,3,b_N100_V4,2.264083013869822
modern,3,b_N100_V4,2.192542073316872
modern,3,b_N100_V4,2.186874975450337
modern,3,b_N100_V4,2.1941669983789325
modern,3,b_N100_V4,2.2004999918863177
modern,3,b_N100_V4,2.1557090803980827
modern,3,b_N100_V4,2.283124951645732
modern,3,b_N100_V4,2.2418330190703273
modern,3,b_N100_V4,2.2259169491007924
modern,3,b_N100_V4,2.203000010922551
modern,3,b_N100_V4,2.212874940596521
modern,3,b_N100_V4,2.304582973010838
modern,3,b_N100_V4,2.14412494096905
modern,3,b_N100_V4,2.1892079384997487
modern,3,b_N100_V4,2.170374966226518
modern,3,b_N100_V4,2.1701250225305557
modern,3,b_N100_V4,2.147458028048277
modern,3,b_N100_V4,2.170374966226518
modern,3,b_N100_V4,2.168125007301569
modern,3,b_N100_V4,2.160959062166512
modern,3,b_N100_V4,2.1455000387504697
modern,3,b_N100_V4,2.234542043879628
modern,3,b_N100_V4,2.190958010032773
modern,3,b_N100_V4,2.1778339287266135
modern,3,b_N100_V4,2.170874970033765
modern,3,b_N100_V4,2.194124972447753
modern,3,b_N100_V4,2.1589159732684493
modern,3,b_N100_V4,2.1805419819429517
modern,3,b_N100_V4,2.160541946068406
modern,3,b_N100_V4,2.167458995245397
modern,3,b_N100_V4,2.1584159694612026
modern,3,b_N100_V4,2.206292003393173
modern,3,b_N100_V4,2.1475000539794564
modern,3,b_N100_V4,2.1715840557590127
modern,3,b_N100_V4,2.136250026524067
modern,3,b_N100_V4,2.1625830559059978
modern,3,b_N100_V4,2.1393330534920096
modern,3,b_N100_V4,2.1600000327453017
modern,3,b_N100_V4,2.1219589980319142
modern,3,b_N100_V4,2.159500028938055
modern,3,b_N100_V4,2.1339579252526164
modern,3,b_N100_V4,2.15849990490824
modern,3,b_N100_V4,2.27929197717458
modern,3,b_N100_V4,2.1812920458614826
modern,3,b_N100_V4,2.1317920181900263
modern,3,b_N100_V4,2.152084023691714
modern,3,b_N100_V4,2.14645906817168
modern,3,b_N100_V4,2.1640839986503124
modern,3,b_N100_V4,2.157915965653956
modern,3,b_N100_V4,2.1511249942705035
modern,3,b_N100_V4,2.134709036909044
modern,3,b_N100_V4,2.2232909686863422
modern,3,b_N100_V4,2.18775006942451
modern,3,b_N100_V4,2.1250410936772823
modern,3,b_N100_V4,2.1701250225305557
modern,3,b_N100_V4,2.1631669951602817
modern,3,b_N100_V4,2.1408339962363243
modern,3,b_N100_V4,2.1682499209418893
modern,3,b_N100_V4,2.191209001466632
modern,3,b_N100_V4,2.162792021408677
modern,3,b_N100_V4,2.1467499900609255
modern,3,b_N100_V4,2.173457993194461
modern,3,b_N100_V4,2.1401250269263983
modern,3,b_N100_V4,2.184791024774313
modern,3,b_N100_V4,2.1415840601548553
modern,3,b_N100_V4,2.184542012400925
modern,3,b_N100_V4,2.2260419791564345
modern,3,b_N100_V4,2.192416926845908
modern,3,b_N100_V4,2.1511249942705035
modern,3,b_N100_V4,2.136999974027276
modern,3,b_N100_V4,2.1916249534115195
modern,3,b_N100_V4,2.1568749798461795
modern,3,b_N100_V4,2.1382500417530537
modern,3,b_N100_V4,2.1850409684702754
modern,3,b_N100_V4,2.12058296892792
modern,3,b_N100_V4,2.1182079799473286
modern,3,b_N100_V4,2.128250082023442
modern,3,b_N100_V4,2.1227500401437283
modern,3,b_N100_V4,2.106625004671514
modern,3,b_N100_V4,2.113083959557116
modern,3,b_N100_V4,2.1066670306026936
modern,3,b_N100_V4,2.097749966196716
modern,3,b_N100_V4,2.1358749363571405
modern,3,b_N100_V4,2.152542001567781
modern,3,b_N100_V4,2.1125420462340117
modern,3,b_N100_V4,2.1141249453648925
modern,3,b_N100_V4,2.128583029843867
modern,3,b_N100_V4,2.124666003510356
modern,3,b_N100_V4,2.1234999876469374
modern,3,b_N100_V4,2.125917002558708
modern,3,b_N100_V4,2.129417029209435
modern,3,b_N100_V4,2.1195420995354652
modern,3,b_N100_V4,2.9989590402692556
modern,3,b_N100_V4,2.2497919853776693
modern,3,b_N100_V4,2.23704194650054
modern,3,b_N100_V4,2.209666999988258
modern,3,b_N100_V4,2.190291997976601
modern,3,b_N100_V4,2.1704999962821603
modern,3,b_N100_V4,2.1718329517170787
modern,3,b_N100_V4,2.1567089715972543
modern,3,b_N100_V4,2.1401250269263983
modern,3,b_N100_V4,2.147458028048277
modern,3,b_N100_V4,2.147125080227852
modern,3,b_N100_V4,2.1498750429600477
modern,3,b_N100_V4,2.1735000191256404
modern,3,b_N100_V4,2.120792050845921
modern,3,b_N100_V4,2.124916994944215
modern,3,b_N100_V4,2.1366659784689546
modern,3,b_N100_V4,2.152583096176386
modern,3,b_N100_V4,2.1438339026644826
modern,3,b_N100_V4,2.127166953869164
modern,3,b_N100_V4,2.1231669234111905
modern,3,b_N100_V4,2.2630420280620456
modern,3,b_N100_V4,2.2600420052185655
modern,3,b_N100_V4,2.12770898360759
modern,3,b_N100_V4,2.1615419536828995
modern,3,b_N100_V4,2.1416250383481383
modern,3,b_N100_V4,2.195000066421926
modern,3,b_N100_V4,2.115334034897387
modern,3,b_N100_V4,2.1317920181900263
modern,3,b_N100_V4,2.1325830603018403
modern,3,b_N100_V4,2.13729206006974
modern,3,b_N100_V4,2.148166997358203
modern,3,b_N100_V4,2.1385420113801956
modern,3,b_N100_V4,2.1958749275654554
modern,3,b_N100_V4,2.1597499726340175
modern,3,b_N100_V4,2.2637919755652547
modern,3,b_N100_V4,2.2427920484915376
modern,3,b_N100_V4,2.2457920713350177
modern,3,b_N100_V4,2.156207920052111
modern,3,b_N100_V4,2.134750015102327
modern,3,b_N100_V4,2.2202919935807586
modern,3,b_N100_V4,2.2194170160219073
modern,3,b_N100_V4,2.193791908212006
modern,3,b_N100_V4,2.1419170079752803
modern,3,b_N100_V4,2.1924999309703708
modern,3,b_N100_V4,2.1382500417530537
modern,3,b_N100_V4,2.2269999608397484
modern,3,b_N100_V4,2.225707983598113
modern,3,b_N100_V4,2.225999953225255
modern,3,b_N100_V4,2.1301250671967864
modern,3,b_N100_V4,2.219167072325945
modern,3,b_N100_V4,2.145958016626537
modern,3,b_N100_V4,2.2514170268550515
modern,3,b_N100_V4,2.209375030361116
modern,3,b_N100_V4,2.253208076581359
modern,3,b_N100_V4,2.1517499117180705
modern,3,b_N100_V4,2.2041250485926867
modern,3,b_N100_V4,2.1644999505952
modern,3,b_N100_V4,2.2012919653207064
modern,3,b_N100_V4,2.231749938800931
modern,3,b_N100_V4,2.2103750379756093
modern,3,b_N100_V4,2.207541954703629
modern,3,b_N100_V4,2.2096249740570784
modern,3,b_N100_V4,2.2163339890539646
modern,3,b_N100_V4,2.2106670076027513
modern,3,b_N100_V4,2.1813750499859452
modern,3,b_N100_V4,2.180917072109878
modern,3,b_N100_V4,2.1495420951396227
modern,3,b_N100_V4,2.1941669983789325
modern,3,b_N100_V4,2.208958030678332
modern,3,b_N100_V4,2.1977080032229424
modern,3,b_N100_V4,2.1160829346626997
modern,3,b_N100_V4,2.199999988079071
modern,3,b_N100_V4,2.191209001466632
modern,3,b_N100_V4,2.158665913157165
modern,3,b_N100_V4,2.2265829611569643
modern,3,b_N100_V4,2.175041940063238
modern,3,b_N100_V4,2.170082996599376
modern,3,b_N100_V4,2.1868329495191574
modern,3,b_N100_V4,2.680666046217084
modern,3,b_N100_V4,2.3242500610649586
modern,3,b_N100_V4,2.256958046928048
modern,3,b_N100_V4,2.3270000237971544
modern,3,b_N100_V4,2.282166969962418
modern,3,b_N100_V4,2.2752080112695694
modern,3,b_N100_V4,2.189208986237645
modern,3,b_N100_V4,2.2863749181851745
modern,3,b_N100_V4,2.2080830531194806
modern,3,b_N100_V4,2.228250028565526
modern,3,b_N100_V4,2.1508330246433616
modern,3,b_N100_V4,2.3137920070439577
modern,3,b_N100_V4,2.1600000327453017
modern,3,b_N100_V4,2.149500069208443
modern,3,b_N100_V4,2.323291962966323
modern,3,b_N100_V4,2.771834027953446
modern,3,b_N100_V4,2.363207982853055
modern,3,b_N100_V4,2.8690409380942583
modern,3,b_N100_V4,2.314209006726742
modern,3,b_N100_V4,2.2965410025790334
modern,3,b_N100_V4,2.254124963656068
modern,3,b_N100_V4,2.226875047199428
modern,3,b_N100_V4,2.200750051997602
modern,3,b_N100_V4,2.192207961343229
modern,3,b_N100_V4,2.4582920596003532
modern,3,b_N100_V4,3.1176250195130706
modern,3,b_N100_V4,2.631374984048307
modern,3,b_N100_V4,2.3034169571474195
modern,3,b_N100_V4,2.197124995291233
modern,3,b_N100_V4,2.24658299703151
modern,3,b_N100_V4,2.1924999309703708
modern,3,b_N100_V4,2.18037492595613
modern,3,b_N100_V4,2.174332970753312
modern,3,b_N100_V4,2.2135840263217688
modern,3,b_N100_V4,2.241250011138618
modern,3,b_N100_V4,2.201167051680386
modern,3,b_N100_V4,2.186209079809487
modern,3,b_N100_V4,2.174208057112992
modern,3,b_N100_V4,2.206832985393703
modern,3,b_N100_V4,2.163083991035819
modern,3,b_N100_V4,2.1668330300599337
modern,3,b_N100_V4,2.1520419977605343
modern,3,b_N100_V4,2.1557919681072235
modern,3,b_N100_V4,2.200916991569102
modern,3,b_N100_V4,2.1524999756366014
modern,3,b_N100_V4,2.1488749189302325
modern,3,b_N100_V4,2.1620409097522497
modern,3,b_N100_V4,2.1471669897437096
modern,3,b_N100_V4,2.1763340337201953
modern,3,b_N100_V4,2.16283299960196
modern,3,b_N100_V4,2.146999933756888
modern,3,b_N100_V4,2.1661249920725822
modern,3,b_N100_V4,2.161500044167042
modern,3,b_N100_V4,2.139791031368077
modern,3,b_N100_V4,2.1475000539794564
modern,3,b_N100_V4,2.1720000077039003
modern,3,b_N100_V4,2.1560420282185078
modern,3,b_N100_V4,2.1671249996870756
modern,3,b_N100_V4,2.1631669951602817
modern,3,b_N100_V4,2.1756660426035523
modern,3,b_N100_V4,2.146333921700716
modern,3,b_N100_V4,2.149582956917584
modern,3,b_N100_V4,2.163458033464849
modern,3,b_N100_V4,2.150916028767824
modern,3,b_N100_V4,2.2021250333637
modern,3,b_N100_V4,2.5802920572459698
modern,3,b_N100_V4,2.2989590652287006
modern,3,b_N100_V4,2.2275829687714577
modern,3,b_N100_V4,2.2176250349730253
modern,3,b_N100_V4,2.238917048089206
modern,3,b_N100_V4,2.201042021624744
modern,3,b_N100_V4,2.195625100284815
modern,3,b_N100_V4,2.182000083848834
modern,3,b_N100_V4,2.1936249686405063
modern,3,b_N100_V4,2.1803329000249505
modern,3,b_N100_V4,2.2182089742273092
modern,3,b_N100_V4,2.2391669917851686
modern,3,b_N100_V4,2.2340829018503428
modern,3,b_N100_V4,2.1777499932795763
modern,3,b_N100_V4,2.205000026151538
modern,3,b_N100_V4,2.1380840335041285
modern,3,b_N100_V4,2.158625051379204
modern,3,b_N100_V4,2.1547090727835894
modern,3,b_N100_V4,2.146375016309321
modern,3,b_N100_V4,2.1393330534920096
modern,3,b_N100_V4,2.130832988768816
modern,3,b_N100_V4,2.148583997040987
modern,3,b_N100_V4,2.128791995346546
modern,3,b_N100_V4,2.1233749575912952
modern,3,b_N100_V4,2.1399589022621512
modern,3,b_N100_V4,2.1594580030068755
modern,3,b_N100_V4,2.1275419276207685
modern,3,b_N100_V4,2.1282919915392995
modern,3,b_N100_V4,2.119499957188964
modern,3,b_N100_V4,2.1485829493030906
modern,3,b_N100_V4,2.2131670266389847
modern,3,b_N100_V4,2.138208015821874
modern,3,b_N100_V4,2.1312079625204206
modern,3,b_N100_V4,2.491125022061169
modern,3,b_N100_V4,2.2558330092579126
modern,3,b_N100_V4,2.2855830611661077
modern,3,b_N100_V4,2.1968340734019876
modern,3,b_N100_V4,2.1895000245422125
modern,3,b_N100_V4,2.1959589794278145
modern,3,b_N100_V4,2.2132910089567304
modern,3,b_N100_V4,2.1463329903781414
modern,3,b_N100_V4,2.1742089884355664
modern,3,b_N100_V4,2.196374931372702
modern,3,b_N100_V4,2.1522919414564967
modern,3,b_N100_V4,2.1624589571729302
modern,3,b_N100_V4,2.1617920137941837
modern,3,b_N100_V4,2.1962090395390987
modern,3,b_N100_V4,2.128374995663762
modern,3,b_N100_V4,2.1460410207509995
modern,3,b_N100_V4,2.3862080415710807
modern,3,b_N100_V4,2.1427919855341315
modern,3,b_N100_V4,2.1384169813245535
modern,3,b_N100_V4,2.1442080615088344
modern,3,b_N100_V4,2.158749965019524
modern,3,b_N100_V4,2.1522919414564967
modern,3,b_N100_V4,2.1587919909507036
modern,3,b_N100_V4,2.2674999199807644
modern,3,b_N100_V4,2.168874954804778
modern,3,b_N100_V4,2.1661670180037618
modern,3,b_N100_V4,2.2286250023171306
modern,3,b_N100_V4,2.182625001296401
modern,3,b_N100_V4,2.1572079276666045
modern,3,b_N100_V4,2.1603750064969063
modern,3,b_N100_V4,2.167792059481144
modern,3,b_N100_V4,2.1726670674979687
modern,3,b_N100_V4,2.2789579816162586
modern,3,b_N100_V4,2.1520000882446766
modern,3,b_N100_V4,2.1945410408079624
modern,3,b_N100_V4,2.1682080114260316
modern,3,b_N100_V4,2.1153748966753483
modern,3,b_N100_V4,2.1443329751491547
modern,3,b_N100_V4,2.249290933832526
modern,3,b_N100_V4,2.270916011184454
modern,3,b_N100_V4,2.2254999494180083
modern,3,b_N100_V4,2.1903750021010637
modern,3,b_N100_V4,2.2239169338718057
modern,3,b_N100_V4,2.21595901530236
modern,3,b_N100_V4,2.2202079417183995
modern,3,b_N100_V4,2.222707960754633
modern,3,b_N100_V4,2.1992919500917196
modern,3,b_N100_V4,2.2099169436842203
modern,3,b_N100_V4,2.1820419933646917
modern,3,b_N100_V4,2.21183302346617
modern,3,b_N100_V4,2.17504205647856
modern,3,b_N100_V4,2.1995409624651074
modern,3,b_N100_V4,2.901208004914224
modern,3,b_N100_V4,2.3306249640882015
modern,3,b_N100_V4,2.2810420487076044
modern,3,b_N100_V4,2.246374962851405
modern,3,b_N100_V4,2.233250066637993
modern,3,b_N100_V4,2.276416984386742
modern,3,b_N100_V4,2.2100419737398624
modern,3,b_N100_V4,2.219957998022437
modern,3,b_N100_V4,2.1903750021010637
modern,3,b_N100_V4,2.2287500323727727
modern,3,b_N100_V4,2.1938340505585074
modern,3,b_N100_V4,2.205000026151538
modern,3,b_N100_V4,2.1836250089108944
modern,3,b_N100_V4,2.2554589668288827
modern,3,b_N100_V4,2.192875021137297
modern,3,b_N100_V4,2.192834042944014
modern,3,b_N100_V4,2.189457998611033
modern,3,b_N100_V4,2.2087920224294066
modern,3,b_N100_V4,2.1742499666288495
modern,3,b_N100_V4,2.1944160107523203
modern,3,b_N100_V4,2.161041949875653
modern,3,b_N100_V4,2.5232499465346336
modern,3,b_N100_V4,2.1792909828945994
modern,3,b_N100_V4,2.2367079509422183
modern,3,b_N100_V4,2.1711670560762286
modern,3,b_N100_V4,2.218874986283481
modern,3,b_N100_V4,2.1737919887527823
modern,3,b_N100_V4,2.2021250333637
modern,3,b_N100_V4,2.1836250089108944
modern,3,b_N100_V4,2.200292074121535
modern,3,b_N100_V4,2.1698330529034138
modern,3,b_N100_V4,2.2026250371709466
modern,3,b_N100_V4,2.166207996197045
modern,3,b_N100_V4,2.204666961915791
modern,3,b_N100_V4,2.243375056423247
modern,3,b_N100_V4,2.293374971486628
modern,3,b_N100_V4,2.2003339836373925
modern,3,b_N100_V4,2.214082982391119
modern,3,b_N100_V4,2.161958022043109
modern,3,b_N100_V4,2.206917037256062
modern,3,b_N100_V4,2.2298339754343033
modern,3,b_N100_V4,2.22116697113961
modern,3,b_N100_V4,2.19541706610471
modern,3,b_N100_V4,2.199209062382579
modern,3,b_N100_V4,2.183582982979715
modern,3,b_N100_V4,2.6137500535696745
modern,3,b_N100_V4,2.2764159366488457
modern,3,b_N100_V4,2.2148750722408295
modern,3,b_N100_V4,2.197875059209764
modern,3,b_N100_V4,2.3825829848647118
modern,3,b_N100_V4,2.3573749931529164
modern,3,b_N100_V4,2.212083898484707
modern,3,b_N100_V4,2.16587504837662
modern,3,b_N100_V4,2.15383293107152
modern,3,b_N100_V4,2.211624989286065
modern,3,b_N100_V4,2.139749936759472
modern,3,b_N100_V4,2.1362080005928874
modern,3,b_N100_V4,2.157959039323032
modern,3,b_N100_V4,2.135957940481603
modern,3,b_N100_V4,2.1401660051196814
modern,3,b_N100_V4,2.1274590399116278
modern,3,b_N100_V4,2.137040952220559
modern,3,b_N100_V4,2.1237500477582216
modern,3,b_N100_V4,2.1406670566648245
modern,3,b_N100_V4,2.1564170019701123
modern,3,b_N100_V4,2.136375056579709
modern,3,b_N100_V4,2.1632089046761394
modern,3,b_N100_V4,2.1422910504043102
modern,3,b_N100_V4,2.123916056007147
modern,3,b_N100_V4,2.1378329256549478
modern,3,b_N100_V4,2.1335409255698323
modern,3,b_N100_V4,2.126332954503596
modern,3,b_N100_V4,2.1468750201165676
modern,3,b_N100_V4,2.108791028149426
modern,3,b_N100_V4,2.114958013407886
modern,3,b_N100_V4,2.1599590545520186
modern,3,b_N100_V4,2.1274579921737313
modern,3,b_N100_V4,2.1165000507608056
modern,3,b_N100_V4,2.158125047571957
modern,3,b_N100_V4,2.112042042426765
modern,3,b_N100_V4,2.105916035361588
modern,3,b_N100_V4,2.1263340022414923
modern,3,b_N100_V4,2.11387500166893
modern,3,b_N100_V4,2.1346249850466847
modern,3,b_N100_V4,2.1346249850466847
modern,3,b_N100_V4,2.1342909894883633
modern,3,b_N100_V4,2.129124943166971
modern,3,b_N100_V4,2.1353750489652157
modern,3,b_N100_V4,2.140666008926928
modern,3,b_N100_V4,2.1202920470386744
modern,3,b_N100_V4,2.1315000485628843
modern,3,b_N100_V4,2.1402499405667186
modern,3,b_N100_V4,2.1230829879641533
modern,3,b_N100_V4,2.131042070686817
modern,3,b_N100_V4,2.1111660171300173
modern,3,b_N100_V4,2.1213750587776303
modern,3,b_N100_V4,2.2689999314025044
modern,3,b_N100_V4,2.1267500706017017
modern,3,b_N100_V4,2.1133749978616834
modern,3,b_N100_V4,2.112999907694757
modern,3,b_N100_V4,2.1135829156264663
modern,3,b_N100_V4,2.10937496740371
modern,3,b_N100_V4,2.1087919594720006
modern,3,b_N100_V4,2.108040964230895
modern,3,b_N100_V4,2.1026249742135406
modern,3,b_N100_V4,2.135957940481603
modern,3,b_N100_V4,2.337374957278371
modern,3,b_N100_V4,2.252624952234328
modern,3,b_N100_V4,2.1648750407621264
modern,3,b_N100_V4,2.2235000506043434
modern,3,b_N100_V4,2.234750078059733
modern,3,b_N100_V4,2.2027500672265887
modern,3,b_N100_V4,2.1697910269722342
modern,3,b_N100_V4,2.1690840367227793
modern,3,b_N100_V4,2.1278330823406577
modern,3,b_N100_V4,2.1820419933646917
modern,3,b_N100_V4,2.224624971859157
modern,3,b_N100_V4,2.133374917320907
modern,3,b_N100_V4,2.1473750239238143
modern,3,b_N100_V4,2.185666933655739
modern,3,b_N100_V4,2.1423749858513474
modern,3,b_N100_V4,2.18175002373755
modern,3,b_N100_V4,2.2054590517655015
modern,3,b_N100_V4,2.143832971341908
modern,3,b_N100_V4,2.1553339902311563
modern,3,b_N100_V4,2.1896250545978546
modern,3,b_N100_V4,2.1313329925760627
modern,3,b_N100_V4,2.7364169945940375
modern,3,b_N100_V4,2.3957500234246254
modern,3,b_N100_V4,2.355500007979572
modern,3,b_N100_V4,2.2655409993603826
modern,3,b_N100_V4,2.2858750307932496
modern,3,b_N100_V4,2.25124997086823
modern,3,b_N100_V4,2.2677499800920486
modern,3,b_N100_V4,2.202959032729268
modern,3,b_N100_V4,2.257291926071048
modern,3,b_N100_V4,2.2271249908953905
modern,3,b_N100_V4,2.2755840327590704
modern,3,b_N100_V4,2.2177499486133456
modern,3,b_N100_V4,2.2304169833660126
modern,3,b_N100_V4,2.214499982073903
modern,3,b_N100_V4,2.2507080575451255
modern,3,b_N100_V4,2.1779590751975775
modern,3,b_N100_V4,2.23183399066329
modern,3,b_N100_V4,2.226542099379003
modern,3,b_N100_V4,2.246249932795763
modern,3,b_N100_V4,2.1909589413553476
modern,3,b_N100_V4,2.2343749878928065
modern,3,b_N100_V4,2.2245419677346945
modern,3,b_N100_V4,2.283375011757016
modern,3,b_N100_V4,2.2232079645618796
modern,3,b_N100_V4,2.254124963656068
modern,3,b_N100_V4,2.1717919735237956
modern,3,b_N100_V4,2.2116670152172446
modern,3,b_N100_V4,2.1937090205028653
modern,3,b_N100_V4,2.221542061306536
modern,3,b_N100_V4,2.2224170388653874
modern,3,b_N100_V4,2.2720000706613064
modern,3,b_N100_V4,2.628042013384402
modern,3,b_N100_V4,2.2392499959096313
modern,3,b_N100_V4,2.194124972447753
modern,3,b_N100_V4,2.204833086580038
modern,3,b_N100_V4,2.2066669771447778
modern,3,b_N100_V4,2.227916964329779
modern,3,b_N100_V4,2.188334008678794
modern,3,b_N100_V4,2.197333029471338
modern,3,b_N100_V4,2.2483750944957137
modern,3,b_N100_V4,2.1961249876767397
modern,3,b_N100_V4,2.1902089938521385
modern,3,b_N100_V4,2.1537080174311996
modern,3,b_N100_V4,2.142332959920168
modern,3,b_N100_V4,2.1444590529426932
modern,3,b_N100_V4,2.130666049197316
modern,3,b_N100_V4,2.144458005204797
modern,3,b_N100_V4,2.130792010575533
modern,3,b_N100_V4,2.1274160826578736
modern,3,b_N100_V4,2.1247920813038945
modern,3,b_N100_V4,2.137166913598776
modern,3,b_N100_V4,2.1292910678312182
modern,3,b_N100_V4,2.16283299960196
modern,3,b_N100_V4,2.133458969183266
modern,3,b_N100_V4,2.2036659065634012
modern,3,b_N100_V4,2.1532500395551324
modern,3,b_N100_V4,2.1243339870125055
modern,3,b_N100_V4,2.124666003510356
modern,3,b_N100_V4,2.1052920492365956
modern,3,b_N100_V4,2.131083980202675
modern,3,b_N100_V4,2.1466249600052834
modern,3,b_N100_V4,2.1638749167323112
modern,3,b_N100_V4,2.162042073905468
modern,3,b_N100_V4,2.1297080675140023
modern,3,b_N100_V4,2.114500035531819
modern,3,b_N100_V4,2.111583948135376
modern,3,b_N100_V4,2.121750032529235
modern,3,b_N100_V4,2.1018749102950096
modern,3,b_N100_V4,2.096374984830618
modern,3,b_N100_V4,2.105165971443057
modern,3,b_N100_V4,2.105250023305416
modern,3,b_N100_V4,2.109082997776568
modern,3,b_N100_V4,2.10937496740371
modern,3,b_N100_V4,2.1412500645965338
modern,3,b_N100_V4,2.087417058646679
modern,3,b_N100_V4,2.093709073960781
modern,3,b_N100_V4,2.088082954287529
modern,3,b_N100_V4,2.0997499814257026
modern,3,b_N100_V4,2.112500020302832
modern,3,b_N100_V4,2.094082999974489
modern,3,b_N100_V4,2.095083938911557
modern,3,b_N100_V4,2.0923330448567867
modern,3,b_N100_V4,2.108875080011785
modern,3,b_N100_V4,2.112459042109549
modern,3,b_N100_V4,2.1070409566164017
modern,3,b_N100_V4,2.0896249916404486
modern,3,b_N100_V4,2.3988329339772463
modern,3,b_N100_V4,2.0939159439876676
modern,3,b_N100_V4,2.0859159994870424
modern,3,b_N100_V4,2.092125010676682
modern,3,b_N100_V4,2.10100004915148
modern,3,b_N100_V4,2.1209580590948462
modern,3,b_N100_V4,2.087125089019537
modern,3,b_N100_V4,2.090791007503867
modern,3,b_N100_V4,2.1972079994156957
modern,3,b_N100_V4,2.092083916068077
modern,3,b_N100_V4,2.0839161006733775
modern,3,b_N100_V4,2.086666994728148
modern,3,b_N100_V4,2.1018339321017265
modern,3,b_N100_V4,2.2111251018941402
modern,3,b_N100_V4,2.245916984975338
modern,3,b_N100_V4,3.324124962091446
modern,3,b_N100_V4,2.3253749823197722
modern,3,b_N100_V4,2.2577079944312572
modern,3,b_N100_V4,2.289625001139939
modern,3,b_N100_V4,2.227207995019853
modern,3,b_N100_V4,2.210124977864325
modern,3,b_N100_V4,2.1920829312875867
modern,3,b_N100_V4,2.1828749449923635
modern,3,b_N100_V4,2.1890830248594284
modern,3,b_N100_V4,2.1845840383321047
modern,3,b_N100_V4,2.1715000038966537
modern,3,b_N100_V4,2.1728340070694685
modern,3,b_N100_V4,2.1888340124860406
modern,3,b_N100_V4,2.1863329457119107
modern,3,b_N100_V4,2.153625013306737
modern,3,b_N100_V4,2.180167008191347
modern,3,b_N100_V4,2.157083014026284
modern,3,b_N100_V4,2.151207998394966
modern,3,b_N100_V4,2.259999979287386
modern,3,b_N100_V4,2.1733749890699983
modern,3,b_N100_V4,2.171624917536974
modern,3,b_N100_V4,2.307124901562929
modern,3,b_N100_V4,2.172374981455505
modern,3,b_N100_V4,2.178375027142465
modern,3,b_N100_V4,2.2017089650034904
modern,3,b_N100_V4,2.1569159580394626
modern,3,b_N100_V4,2.1568749798461795
modern,3,b_N100_V4,2.1562089677900076
modern,3,b_N100_V4,2.1620410261675715
modern,3,b_N100_V4,2.1416250383481383
modern,3,b_N100_V4,2.151000080630183
modern,3,b_N100_V4,2.1535420091822743
modern,3,b_N100_V4,2.1353750489652157
modern,3,b_N100_V4,2.152542001567781
modern,3,b_N100_V4,2.1662910003215075
modern,3,b_N100_V4,2.1354579366743565
modern,3,b_N100_V4,2.1420419216156006
modern,3,b_N100_V4,2.1379159297794104
modern,3,b_N100_V4,2.143291989341378
modern,3,b_N100_V4,2.1707500563934445
modern,3,b_N100_V4,2.143541001714766
modern,3,b_N100_V4,2.1529169753193855
modern,3,b_N100_V4,2.1522920578718185
modern,3,b_N100_V4,2.1419579861685634
modern,3,b_N100_V4,2.579999971203506
modern,3,b_N100_V4,2.3343340726569295
modern,3,b_N100_V4,2.266332972794771
modern,3,b_N100_V4,2.230375073850155
modern,3,b_N100_V4,2.225874923169613
modern,3,b_N100_V4,2.1950830705463886
modern,3,b_N100_V4,2.24154198076576
modern,3,b_N100_V4,2.2793340031057596
modern,3,b_N100_V4,2.204374992288649
modern,3,b_N100_V4,2.1890419302508235
modern,3,b_N100_V4,2.2075000451877713
modern,3,b_N100_V4,2.2179579827934504
modern,3,b_N100_V4,2.202583011239767
modern,3,b_N100_V4,2.2003339836373925
modern,3,b_N100_V4,2.2807499626651406
modern,3,b_N100_V4,2.2739169653505087
modern,3,b_N100_V4,2.1964579354971647
modern,3,b_N100_V4,2.2040840703994036
modern,3,b_N100_V4,2.1979580633342266
modern,3,b_N100_V4,2.219459041953087
modern,3,b_N100_V4,2.1946659544482827
modern,3,b_N100_V4,2.256167004816234
modern,3,b_N100_V4,2.1677089389413595
modern,3,b_N100_V4,2.354332944378257
modern,3,b_N100_V4,2.5258330861106515
modern,3,b_N100_V4,2.2561249788850546
modern,3,b_N100_V4,2.1925829350948334
modern,3,b_N100_V4,2.2317919647321105
modern,3,b_N100_V4,2.166416961699724
modern,3,b_N100_V4,2.18337494879961
modern,3,b_N100_V4,2.170708030462265
modern,3,b_N100_V4,2.2192089818418026
modern,3,b_N100_V4,2.1847080206498504
modern,3,b_N100_V4,2.218542038463056
modern,3,b_N100_V4,2.149375039152801
modern,3,b_N100_V4,2.177166985347867
modern,3,b_N100_V4,2.157249953597784
modern,3,b_N100_V4,2.1911669755354524
modern,3,b_N100_V4,2.235082909464836
modern,3,b_N100_V4,2.230833051726222
modern,3,b_N100_V4,2.1689999848604202
modern,3,b_N100_V4,2.1923750173300505
modern,3,b_N100_V4,2.2305420134216547
modern,3,b_N100_V4,2.1743340184912086
modern,3,b_N100_V4,2.181999967433512
modern,3,b_N100_V4,2.2104999516159296
modern,3,b_N100_V4,2.1568749798461795
modern,3,b_N100_V4,2.18325003515929
modern,3,b_N100_V4,2.159374998882413
modern,3,b_N100_V4,2.136500086635351
modern,3,b_N100_V4,2.1553750848397613
modern,3,b_N100_V4,2.2370420629158616
modern,3,b_N100_V4,2.1870419150218368
modern,3,b_N100_V4,2.18337494879961
modern,3,b_N100_V4,2.1665000822395086
modern,3,b_N100_V4,2.1763750119134784
modern,3,b_N100_V4,2.1298330975696445
modern,3,b_N100_V4,2.1928329952061176
modern,3,b_N100_V4,2.1359999664127827
modern,3,b_N100_V4,2.212833031080663
modern,3,b_N100_V4,2.1632079733535647
modern,3,b_N100_V4,2.1649160189554095
modern,3,b_N100_V4,2.125917002558708
modern,3,b_N100_V4,2.219791989773512
modern,3,b_N100_V4,2.151000080630183
modern,3,b_N100_V4,2.5806670309975743
modern,3,b_N100_V4,2.288792049512267
modern,3,b_N100_V4,2.232833066955209
modern,3,b_N100_V4,2.2657919907942414
modern,3,b_N100_V4,2.250917023047805
modern,3,b_N100_V4,2.209415892139077
modern,3,b_N100_V4,2.212041988968849
modern,3,b_N100_V4,2.19745805952698
modern,3,b_N100_V4,2.56358296610415
modern,3,b_N100_V4,2.266167080961168
modern,3,b_N100_V4,2.210790989920497
modern,3,b_N100_V4,2.1915000397711992
modern,3,b_N100_V4,2.1705409744754434
modern,3,b_N100_V4,2.1515829721465707
modern,3,b_N100_V4,2.1509591024369
modern,3,b_N100_V4,2.14695802424103
modern,3,b_N100_V4,2.1520000882446766
modern,3,b_N100_V4,2.1713339956477284
modern,3,b_N100_V4,2.195499953813851
modern,3,b_N100_V4,2.138083102181554
modern,3,b_N100_V4,2.14208394754678
modern,3,b_N100_V4,2.128415973857045
modern,3,b_N100_V4,2.1443329751491547
modern,3,b_N100_V4,2.138791955076158
modern,3,b_N100_V4,2.157083014026284
modern,3,b_N100_V4,2.1321659442037344
modern,3,b_N100_V4,2.1401250269263983
modern,3,b_N100_V4,2.1248330594971776
modern,3,b_N100_V4,2.124416991136968
modern,3,b_N100_V4,2.1722500678151846
modern,3,b_N100_V4,2.161500044167042
modern,3,b_N100_V4,2.1314589539542794
modern,3,b_N100_V4,2.128541935235262
modern,3,b_N100_V4,2.1242500515654683
modern,3,b_N100_V4,2.160541946068406
modern,3,b_N100_V4,2.12524994276464
modern,3,b_N100_V4,2.125540981069207
modern,3,b_N100_V4,2.1412919741123915
modern,3,b_N100_V4,2.142708981409669
modern,3,b_N100_V4,2.1620829356834292
modern,3,b_N100_V4,2.1201249910518527
modern,3,b_N100_V4,2.1359160309657454
modern,3,b_N100_V4,2.130375010892749
modern,3,b_N100_V4,2.144834026694298
modern,3,b_N100_V4,2.135709044523537
modern,3,b_N100_V4,2.1245829993858933
modern,3,b_N100_V4,2.119000069797039
modern,3,b_N100_V4,2.1321249660104513
modern,3,b_N100_V4,2.1218330366536975
modern,3,b_N100_V4,2.1326669957488775
modern,3,b_N100_V4,2.162541961297393
modern,3,b_N100_V4,2.1177909802645445
modern,3,b_N100_V4,2.1165419602766633
modern,3,b_N100_V4,2.119499957188964
modern,3,b_N100_V4,2.1150410175323486
modern,3,b_N100_V4,2.139708027243614
modern,3,b_N100_V4,2.1543329348787665
modern,3,b_N100_V4,2.1315000485628843
modern,3,b_N100_V4,2.1171250846236944
modern,3,b_N100_V4,2.135000075213611
modern,3,b_N100_V4,2.1449580090120435
modern,3,b_N100_V4,2.1266250405460596
modern,3,b_N100_V4,2.132624969817698
modern,3,b_N100_V4,2.1171250846236944
modern,3,b_N100_V4,2.1506670163944364
modern,3,b_N100_V4,2.130792010575533
modern,3,b_N100_V4,2.111957990564406
modern,3,b_N100_V4,2.114832983352244
modern,3,b_N100_V4,2.153084031306207
modern,3,b_N100_V4,2.2219590609893203
modern,3,b_N100_V4,2.2486670641228557
modern,3,b_N100_V4,2.1814999636262655
modern,3,b_N100_V4,2.1706249099224806
modern,3,b_N100_V4,2.139249932952225
modern,3,b_N100_V4,2.1778339287266135
modern,3,b_N100_V4,2.1568749798461795
modern,3,b_N100_V4,2.1508330246433616
modern,3,b_N100_V4,2.1163750207051635
modern,3,b_N100_V4,2.141500008292496
modern,3,b_N100_V4,2.138167037628591
modern,3,b_N100_V4,2.1473750239238143
modern,3,b_N100_V4,2.1848330507054925
modern,3,b_N100_V4,2.153750043362379
modern,3,b_N100_V4,2.1060419967398047
modern,3,b_N100_V4,2.148958039470017
modern,3,b_N100_V4,2.132166991941631
modern,3,b_N100_V4,2.143500023521483
modern,3,b_N100_V4,2.140750060789287
modern,3,b_N100_V4,2.158166957087815
modern,3,b_N100_V4,2.1182920318096876
modern,3,b_N100_V4,2.144458005204797
modern,3,b_N100_V4,2.1696669282391667
modern,3,b_N100_V4,2.1476669935509562
modern,3,b_N100_V4,2.164082950912416
modern,3,b_N100_V4,2.1274579921737313
modern,3,b_N100_V4,2.179584000259638
modern,3,b_N100_V4,2.1509580546990037
modern,3,b_N100_V4,2.1423330763354897
modern,3,b_N100_V4,2.1316249622032046
modern,3,b_N100_V4,2.1580830216407776
modern,3,b_N100_V4,2.1556250285357237
modern,3,b_N100_V4,2.1097499411553144
modern,3,b_N100_V4,2.213957952335477
modern,3,b_N100_V4,2.1479999413713813
modern,3,b_N100_V4,2.1479999413713813
modern,3,b_N100_V4,2.119750017300248
modern,3,b_N100_V4,2.14862497523427
modern,3,b_N100_V4,2.1273749880492687
modern,3,b_N100_V4,2.1352500189095736
modern,3,b_N100_V4,2.1187079837545753
modern,3,b_N100_V4,2.136375056579709
modern,3,b_N100_V4,2.110040979459882
modern,3,b_N100_V4,2.1767920115962625
modern,3,b_N100_V4,2.1263340022414923
modern,3,b_N100_V4,2.1468339255079627
modern,3,b_N100_V4,2.141667064279318
modern,3,b_N100_V4,2.128333901055157
modern,3,b_N100_V4,2.1299170330166817
modern,3,b_N100_V4,2.892124932259321
modern,3,b_N100_V4,2.6891669258475304
modern,3,b_N100_V4,2.2520829224959016
modern,3,b_N100_V4,2.229832927696407
modern,3,b_N100_V4,2.212667022831738
modern,3,b_N100_V4,2.233374980278313
modern,3,b_N100_V4,2.2049170220270753
modern,3,b_N100_V4,2.274540951475501
modern,3,b_N100_V4,2.193958032876253
modern,3,b_N100_V4,2.157708047889173
modern,3,b_N100_V4,2.1719590295106173
modern,3,b_N100_V4,2.2291670320555568
modern,3,b_N100_V4,2.4144999915733933
modern,3,b_N100_V4,2.225541975349188
modern,3,b_N100_V4,2.314792014658451
modern,3,b_N100_V4,2.1953750401735306
modern,3,b_N100_V4,2.2792089730501175
modern,3,b_N100_V4,2.1942920284345746
modern,3,b_N100_V4,2.1944589680060744
modern,3,b_N100_V4,2.1819580579176545
modern,3,b_N100_V4,2.172917011193931
modern,3,b_N100_V4,2.172709093429148
modern,3,b_N100_V4,2.166458056308329
modern,3,b_N100_V4,2.1600420586764812
modern,3,b_N100_V4,2.1526250056922436
modern,3,b_N100_V4,2.186916070058942
modern,3,b_N100_V4,2.1663339575752616
modern,3,b_N100_V4,2.153916982933879
modern,3,b_N100_V4,2.6065829442813993
modern,3,b_N100_V4,2.1544169867411256
modern,3,b_N100_V4,2.151207998394966
modern,3,b_N100_V4,2.1597499726340175
modern,3,b_N100_V4,2.1938750287517905
modern,3,b_N100_V4,2.1644170628860593
modern,3,b_N100_V4,2.1529169753193855
modern,3,b_N100_V4,2.167082973755896
modern,3,b_N100_V4,2.155125024728477
modern,3,b_N100_V4,2.14383308775723
modern,3,b_N100_V4,2.4987501092255116
modern,3,b_N100_V4,2.200583927333355
modern,3,b_N100_V4,2.152166096493602
modern,3,b_N100_V4,2.1390420151874423
modern,3,b_N100_V4,2.1363749401643872
modern,3,b_N100_V4,2.1372080082073808
modern,3,b_N100_V4,2.5255000218749046
modern,3,b_N100_V4,2.15216598007828
modern,3,b_N100_V4,2.173457993194461
modern,3,b_N100_V4,2.1456669783219695
modern,3,b_N100_V4,2.1935830591246486
modern,3,b_N100_V4,2.1375420037657022
modern,3,b_N100_V4,2.1528330398723483
modern,3,b_N100_V4,2.1756250644102693
modern,3,b_N100_V4,2.1357500227168202
modern,3,b_N100_V4,2.1549169905483723
modern,3,b_N100_V4,2.150916960090399
modern,3,b_N100_V4,2.1400830009952188
modern,3,b_N100_V4,2.2097920300439
modern,3,b_N100_V4,2.1629169350489974
modern,3,b_N100_V4,2.149041974917054
modern,3,b_N100_V4,2.1389169851318
modern,3,b_N100_V4,2.1691250149160624
modern,3,b_N100_V4,2.139874966815114
modern,3,b_N100_V4,2.141167060472071
modern,3,b_N100_V4,2.1403749706223607
modern,3,b_N100_V4,2.132417052052915
modern,3,b_N100_V4,2.147417049854994
modern,3,b_N100_V4,2.137209055945277
modern,3,b_N100_V4,2.161917043849826
modern,3,b_N100_V4,2.2210419410839677
modern,3,b_N100_V4,2.139874966815114
modern,3,b_N100_V4,2.1389169851318
modern,3,b_N100_V4,2.2783339954912663
modern,3,b_N100_V4,2.158417017199099
modern,3,b_N100_V4,2.135292044840753
modern,3,b_N100_V4,2.1374589996412396
modern,3,b_N100_V4,2.1399169927462935
modern,3,b_N100_V4,2.1367910085245967
modern,3,b_N100_V4,2.1887500770390034
modern,3,b_N100_V4,2.1334170596674085
modern,3,b_N100_V4,2.117833006195724
modern,3,b_N100_V4,2.5637089274823666
modern,3,b_N100_V4,2.2778749698773026
modern,3,b_N100_V4,2.1397079108282924
modern,3,b_N100_V4,2.124457969330251
modern,3,b_N100_V4,2.1274170139804482
modern,3,b_N100_V4,2.161958022043109
modern,3,b_N100_V4,2.105124993249774
modern,3,b_N100_V4,2.1452090004459023
modern,3,b_N100_V4,2.108291955664754
modern,3,b_N100_V4,2.1588329691439867
modern,3,b_N100_V4,2.0970000186935067
modern,3,b_N100_V4,2.0991250639781356
modern,3,b_N100_V4,2.1048750495538116
modern,3,b_N100_V4,2.132207970134914
modern,3,b_N100_V4,2.100000041536987
modern,3,b_N100_V4,2.1231669234111905
modern,3,b_N100_V4,2.0939589012414217
modern,3,b_N100_V4,2.1476669935509562
modern,3,b_N100_V4,2.203082898631692
modern,3,b_N100_V4,2.27529089897871
modern,3,b_N100_V4,2.11554195266217
modern,3,b_N100_V4,2.1279590437188745
modern,3,b_N100_V4,2.1178750321269035
modern,3,b_N100_V4,2.116417046636343
modern,3,b_N100_V4,2.094874973408878
modern,3,b_N100_V4,2.101292018778622
modern,3,b_N100_V4,2.124333055689931
modern,3,b_N100_V4,2.1089999936521053
modern,3,b_N100_V4,2.1342909894883633
modern,3,b_N100_V4,2.1080420119687915
modern,3,b_N100_V4,2.1216669119894505
modern,3,b_N100_V4,2.100624958984554
modern,3,b_N100_V4,2.1105000050738454
modern,3,b_N100_V4,2.0962079288437963
modern,3,b_N100_V4,2.109166933223605
modern,3,b_N100_V4,2.107666921801865
modern,3,b_N100_V4,2.0920829847455025
modern,3,b_N100_V4,2.073833020403981
modern,3,b_N100_V4,2.073541982099414
modern,3,b_N100_V4,2.131375018507242
modern,3,b_N100_V4,2.1133340196684003
modern,3,b_N100_V4,2.1304580150172114
modern,3,b_N100_V4,2.1705840481445193
modern,3,b_N100_V4,2.1204580552875996
modern,3,b_N100_V4,2.097667078487575
modern,3,b_N100_V4,2.1094580879434943
modern,3,b_N100_V4,2.0983750000596046
modern,3,b_N100_V4,2.101624966599047
modern,3,b_N100_V4,2.0974159706383944
modern,3,b_N100_V4,2.188917016610503
modern,3,b_N100_V4,2.101624966599047
modern,3,b_N100_V4,2.241250011138618
modern,3,b_N100_V4,2.260417095385492
modern,3,b_N100_V4,2.2071250714361668
modern,3,b_N100_V4,2.193541033193469
modern,3,b_N100_V4,2.165165962651372
modern,3,b_N100_V4,2.2956249304115772
modern,3,b_N100_V4,2.1901250584051013
modern,3,b_N100_V4,2.1855829982087016
modern,3,b_N100_V4,2.3230420192703605
modern,3,b_N100_V4,2.366499975323677
modern,3,b_N100_V4,2.463207929395139
modern,3,b_N100_V4,2.3006669944152236
modern,3,b_N100_V4,2.255957922898233
modern,3,b_N100_V4,2.2009159438312054
modern,3,b_N100_V4,2.2252920316532254
modern,3,b_N100_V4,2.23237497266382
modern,3,b_N100_V4,2.2023749770596623
modern,3,b_N100_V4,2.220374997705221
modern,3,b_N100_V4,2.2038749884814024
modern,3,b_N100_V4,2.2022080374881625
modern,3,b_N100_V4,2.1855839295312762
modern,3,b_N100_V4,2.2126660915091634
modern,3,b_N100_V4,2.1644169464707375
modern,3,b_N100_V4,2.1950840018689632
modern,3,b_N100_V4,2.1991669200360775
modern,3,b_N100_V4,2.1943749161437154
modern,3,b_N100_V4,2.1765000419691205
modern,3,b_N100_V4,2.1972079994156957
modern,3,b_N100_V4,2.168542006984353
modern,3,b_N100_V4,2.265249961055815
modern,3,b_N100_V4,2.1903750021010637
modern,3,b_N100_V4,2.1747919963672757
modern,3,b_N100_V4,2.2012090776115656
modern,3,b_N100_V4,2.1880000131204724
modern,3,b_N100_V4,2.1783330012112856
modern,3,b_N100_V4,2.158916904591024
modern,3,b_N100_V4,2.150916028767824
modern,3,b_N100_V4,2.135082962922752
modern,3,b_N100_V4,2.1837089443579316
modern,3,b_N100_V4,2.157874987460673
modern,3,b_N100_V4,2.1936659468337893
modern,3,b_N100_V4,2.1822090493515134
modern,3,b_N100_V4,2.183708013035357
modern,3,b_N100_V4,2.4682499933987856
modern,3,b_N100_V4,2.286334056407213
modern,3,b_N100_V4,2.3894580081105232
modern,3,b_N100_V4,2.247750060632825
modern,3,b_N100_V4,2.2271249908953905
modern,3,b_N100_V4,2.209958038292825
modern,3,b_N100_V4,2.224292024038732
modern,3,b_N100_V4,2.250166959129274
modern,3,b_N100_V4,2.2015830036252737
modern,3,b_N100_V4,2.1855829982087016
modern,3,b_N100_V4,2.19308293890208
modern,3,b_N100_V4,2.191707957535982
modern,3,b_N100_V4,2.184749930165708
modern,3,b_N100_V4,2.2050420520827174
modern,3,b_N100_V4,2.16654094401747
modern,3,b_N100_V4,2.164624980650842
modern,3,b_N100_V4,2.2407090291380882
modern,3,b_N100_V4,2.268125070258975
modern,3,b_N100_V4,2.1799580426886678
modern,3,b_N100_V4,2.174625056795776
modern,3,b_N100_V4,2.169291954487562
modern,3,b_N100_V4,2.1442080615088344
modern,3,b_N100_V4,2.1404169965535402
modern,3,b_N100_V4,2.1832920610904694
modern,3,b_N100_V4,2.134875045157969
modern,3,b_N100_V4,2.139833988621831
modern,3,b_N100_V4,2.130541019141674
modern,3,b_N100_V4,2.1262079244479537
modern,3,b_N100_V4,2.1554590202867985
modern,3,b_N100_V4,2.1209579426795244
modern,3,b_N100_V4,2.125832950696349
modern,3,b_N100_V4,2.135584014467895
modern,3,b_N100_V4,2.1399169927462935
modern,3,b_N100_V4,2.120707998983562
modern,3,b_N100_V4,2.1267919801175594
modern,3,b_N100_V4,2.148958039470017
modern,3,b_N100_V4,2.1375420037657022
modern,3,b_N100_V4,2.1169170504435897
modern,3,b_N100_V4,2.1737919887527823
modern,3,b_N100_V4,2.150916960090399
modern,3,b_N100_V4,2.108125016093254
modern,3,b_N100_V4,2.1297920029610395
modern,3,b_N100_V4,2.1347919246181846
modern,3,b_N100_V4,2.1172499982640147
modern,3,b_N100_V4,2.148207975551486
modern,3,b_N100_V4,2.1317910868674517
modern,3,b_N100_V4,2.1628750255331397
modern,3,b_N100_V4,2.1899170242249966
modern,3,b_N100_V4,2.128541935235262
modern,3,b_N100_V4,2.1562500623986125
modern,3,b_N100_V4,2.118250005878508
modern,3,b_N100_V4,2.1121250465512276
modern,3,b_N100_V4,2.1143750054761767
modern,3,b_N100_V4,2.106000087223947
modern,3,b_N100_V4,2.1120409946888685
modern,3,b_N100_V4,2.9185840394347906
modern,3,b_N100_V4,2.2558749187737703
modern,3,b_N100_V4,2.208291902206838
modern,3,b_N100_V4,2.225250005722046
modern,3,b_N100_V4,2.2126249969005585
modern,3,b_N100_V4,2.1791670005768538
modern,3,b_N100_V4,2.155583933927119
modern,3,b_N100_V4,2.161624957807362
modern,3,b_N100_V4,2.1502079907804728
modern,3,b_N100_V4,2.146042068488896
modern,3,b_N100_V4,2.5474580470472574
modern,3,b_N100_V4,2.402625046670437
modern,3,b_N100_V4,2.190167084336281
modern,3,b_N100_V4,2.1640410413965583
modern,3,b_N100_V4,2.154167043045163
modern,3,b_N100_V4,2.1872089710086584
modern,3,b_N100_V4,2.1407079184427857
modern,3,b_N100_V4,2.1317919017747045
modern,3,b_N100_V4,2.1467090118676424
modern,3,b_N100_V4,2.155542024411261
modern,3,b_N100_V4,2.138708019629121
modern,3,b_N100_V4,2.1447920007631183
modern,3,b_N100_V4,2.2789579816162586
modern,3,b_N100_V4,2.2308750776574016
modern,3,b_N100_V4,2.23166705109179
modern,3,b_N100_V4,2.1868750918656588
modern,3,b_N100_V4,2.1642500068992376
modern,3,b_N100_V4,2.176125068217516
modern,3,b_N100_V4,2.175833913497627
modern,3,b_N100_V4,2.1824169671162963
modern,3,b_N100_V4,2.177832997404039
modern,3,b_N100_V4,2.1665419917553663
modern,3,b_N100_V4,2.154999994672835
modern,3,b_N100_V4,2.149667008779943
modern,3,b_N100_V4,2.15629197191447
modern,3,b_N100_V4,2.255583996884525
modern,3,b_N100_V4,2.158417017199099
modern,3,b_N100_V4,2.1534590050578117
modern,3,b_N100_V4,2.1344999549910426
modern,3,b_N100_V4,2.139375079423189
modern,3,b_N100_V4,2.1449170308187604
modern,3,b_N100_V4,2.140917000360787
modern,3,b_N100_V4,2.144915983080864
modern,3,b_N100_V4,2.134291920810938
modern,3,b_N100_V4,2.1414589136838913
modern,3,b_N100_V4,2.1796250948682427
modern,3,b_N100_V4,2.141208969987929
modern,3,b_N100_V4,2.1365840220823884
modern,3,b_N100_V4,2.1418329561129212
modern,3,b_N100_V4,2.1325829438865185
modern,3,b_N100_V4,2.1560000022873282
modern,3,b_N100_V4,2.1240829955786467
modern,3,b_N100_V4,2.2025000071153045
modern,3,b_N100_V4,2.142291981726885
modern,3,b_N100_V4,2.133707981556654
modern,3,b_N100_V4,2.136792056262493
modern,3,b_N100_V4,2.1691250149160624
modern,3,b_N100_V4,2.134708105586469
modern,3,b_N100_V4,2.126124920323491
modern,3,b_N100_V4,2.1441669669002295
modern,3,b_N100_V4,2.140791970305145
modern,3,b_N100_V4,2.1259590284898877
modern,3,b_N100_V4,2.1259590284898877
modern,3,b_N100_V4,2.121332916431129
modern,3,b_N100_V4,2.1245829993858933
modern,3,b_N100_V4,2.1152079571038485
modern,3,b_N100_V4,2.1521670278161764
modern,3,b_N100_V4,2.1440840791910887
modern,3,b_N100_V4,2.1450830390676856
modern,3,b_N100_V4,2.1397090749815106
modern,3,b_N100_V4,2.1333330078050494
modern,3,b_N100_V4,2.137000090442598
modern,3,b_N100_V4,2.137125004082918
modern,3,b_N100_V4,2.3345830850303173
modern,3,b_N100_V4,2.1344589767977595
modern,3,b_N100_V4,2.134458045475185
modern,3,b_N100_V4,2.130916924215853
modern,3,b_N100_V4,2.148709027096629
modern,3,b_N100_V4,2.145499922335148
modern,3,b_N100_V4,2.130917040631175
modern,3,b_N100_V4,2.1132499678060412
modern,3,b_N100_V4,2.1261669462546706
modern,3,b_N100_V4,2.24454200360924
modern,3,b_N100_V4,2.2239169338718057
modern,3,b_N100_V4,2.191124949604273
modern,3,b_N100_V4,2.1407079184427857
modern,3,b_N100_V4,2.156500006094575
modern,3,b_N100_V4,2.1899589337408543
modern,3,b_N100_V4,2.161583979614079
modern,3,b_N100_V4,2.1267079282552004
modern,3,b_N100_V4,2.161082928068936
modern,3,b_N100_V4,2.1227499237284064
modern,3,b_N100_V4,2.1902499720454216
modern,3,b_N100_V4,2.1596660371869802
modern,3,b_N100_V4,2.144834026694298
modern,3,b_N100_V4,2.1274579921737313
modern,3,b_N100_V4,2.1376670338213444
modern,3,b_N100_V4,2.1534160478040576
modern,3,b_N100_V4,2.161832991987467
modern,3,b_N100_V4,2.162249991670251
modern,3,b_N100_V4,2.159416093491018
modern,3,b_N100_V4,2.150332904420793
modern,3,b_N100_V4,2.1462920121848583
modern,3,b_N100_V4,2.1290829172357917
modern,3,b_N100_V4,2.161916927434504
modern,3,b_N100_V4,2.1425409941002727
modern,3,b_N100_V4,2.169832936488092
modern,3,b_N100_V4,2.1148750092834234
modern,3,b_N100_V4,2.1941669983789325
modern,3,b_N100_V4,2.1452499786391854
modern,3,b_N100_V4,2.1556250285357237
modern,3,b_N100_V4,2.143500023521483
modern,3,b_N100_V4,2.1524170879274607
modern,3,b_N100_V4,2.1902910666540265
modern,3,b_N100_V4,2.1184999495744705
modern,3,b_N100_V4,2.1330000599846244
modern,3,b_N100_V4,2.1627919049933553
modern,3,b_N100_V4,2.119291923008859
modern,3,b_N100_V4,2.1388749592006207
modern,3,b_N100_V4,2.117707976140082
modern,3,b_N100_V4,2.160124946385622
modern,3,b_N100_V4,2.1049169590696692
modern,3,b_N100_V4,2.129000029526651
modern,3,b_N100_V4,2.118209027685225
modern,3,b_N100_V4,2.1275420440360904
modern,3,b_N100_V4,2.1058330312371254
modern,3,b_N100_V4,2.1423749858513474
modern,3,b_N100_V4,2.1139580057933927
modern,3,b_N100_V4,2.709291991777718
modern,3,b_N100_V4,2.270666998811066
modern,3,b_N100_V4,2.1687080152332783
modern,3,b_N100_V4,2.1385829895734787
modern,3,b_N100_V4,2.1844999864697456
modern,3,b_N100_V4,2.160875010304153
modern,3,b_N100_V4,2.175541943870485
modern,3,b_N100_V4,2.124291961081326
modern,3,b_N100_V4,2.145709004253149
modern,3,b_N100_V4,2.124624908901751
modern,3,b_N100_V4,2.1857089595869184
modern,3,b_N100_V4,2.1980840247124434
modern,3,b_N100_V4,2.1737919887527823
modern,3,b_N100_V4,2.1164590725675225
modern,3,b_N100_V4,2.204042044468224
modern,3,b_N100_V4,2.222833107225597
modern,3,b_N100_V4,2.2102079819887877
modern,3,b_N100_V4,2.16149992775172
modern,3,b_N100_V4,2.173874992877245
modern,3,b_N100_V4,2.149792038835585
modern,3,b_N100_V4,2.1436249371618032
modern,3,b_N100_V4,2.192000043578446
modern,3,b_N100_V4,2.160875010304153
modern,3,b_N100_V4,2.153750043362379
modern,3,b_N100_V4,2.1473750239238143
modern,3,b_N100_V4,2.1455830428749323
modern,3,b_N100_V4,2.148917061276734
modern,3,b_N100_V4,2.13208410423249
modern,3,b_N100_V4,2.453083056025207
modern,3,b_N100_V4,2.1381250116974115
modern,3,b_N100_V4,2.1473339293152094
modern,3,b_N100_V4,2.1370829781517386
modern,3,b_N100_V4,2.257084008306265
modern,3,b_N100_V4,2.1367500303313136
modern,3,b_N100_V4,2.1426669554784894
modern,3,b_N100_V4,2.123291022144258
modern,3,b_N100_V4,2.135499962605536
modern,3,b_N100_V4,2.119292039424181
modern,3,b_N100_V4,2.1180829498916864
modern,3,b_N100_V4,2.1219999762251973
modern,3,b_N100_V4,2.123916056007147
modern,3,b_N100_V4,2.1564579801633954
modern,3,b_N100_V4,2.2725421003997326
modern,3,b_N100_V4,2.117792028002441
modern,3,b_N100_V4,2.1237910259515047
modern,3,b_N100_V4,2.137625007890165
modern,3,b_N100_V4,2.157249953597784
modern,3,b_N100_V4,2.140332944691181
modern,3,b_N100_V4,2.1323339315131307
modern,3,b_N100_V4,2.1388749592006207
modern,3,b_N100_V4,2.119916956871748
modern,3,b_N100_V4,2.120458986610174
modern,3,b_N100_V4,2.151082968339324
modern,3,b_N100_V4,2.154999994672835
modern,3,b_N100_V4,2.130583976395428
modern,3,b_N100_V4,2.149250009097159
modern,3,b_N100_V4,2.127917017787695
modern,3,b_N100_V4,2.1243750816211104
modern,3,b_N100_V4,2.128334017470479
modern,3,b_N100_V4,2.1561660105362535
modern,3,b_N100_V4,2.1425419254228473
modern,3,b_N100_V4,2.1204999648034573
modern,3,b_N100_V4,2.1417089737951756
modern,3,b_N100_V4,2.1576249273493886
modern,3,b_N100_V4,2.138208015821874
modern,3,b_N100_V4,2.114917035214603
modern,3,b_N100_V4,2.1245829993858933
modern,3,b_N100_V4,2.1261670626699924
modern,3,b_N100_V4,2.126708044670522
modern,3,b_N100_V4,2.1273340098559856
modern,3,b_N100_V4,2.1174170542508364
modern,3,b_N100_V4,2.1028330083936453
modern,3,b_N100_V4,2.1162090124562383
modern,3,b_N100_V4,2.1565420320257545
modern,3,b_N100_V4,2.2575000766664743
modern,3,b_N100_V4,2.2020830074325204
modern,3,b_N100_V4,2.196375047788024
modern,3,b_N100_V4,2.617749967612326
modern,3,b_N100_V4,2.3451250744983554
modern,3,b_N100_V4,2.265249961055815
modern,3,b_N100_V4,2.241457928903401
modern,3,b_N100_V4,2.18954193405807
modern,3,b_N100_V4,2.195167005993426
modern,3,b_N100_V4,2.2185829002410173
modern,3,b_N100_V4,2.259874949231744
modern,3,b_N100_V4,2.201666939072311
modern,3,b_N100_V4,2.1872499492019415
modern,3,b_N100_V4,2.1632079733535647
modern,3,b_N100_V4,2.1757089998573065
modern,3,b_N100_V4,2.212833031080663
modern,3,b_N100_V4,2.2197080543264747
modern,3,b_N100_V4,2.1952500101178885
modern,3,b_N100_V4,2.1783330012112856
modern,3,b_N100_V4,2.203791053034365
modern,3,b_N100_V4,2.212250023148954
modern,3,b_N100_V4,2.179875038564205
modern,3,b_N100_V4,2.214541891589761
modern,3,b_N100_V4,2.1424589212983847
modern,3,b_N100_V4,2.173749962821603
modern,3,b_N100_V4,2.2021669428795576
modern,3,b_N100_V4,3.2857919577509165
modern,3,b_N100_V4,2.3247499484568834
modern,3,b_N100_V4,2.281041000969708
modern,3,b_N100_V4,2.189749968238175
modern,3,b_N100_V4,2.246082993224263
modern,3,b_N100_V4,2.263917005620897
modern,3,b_N100_V4,2.253000042401254
modern,3,b_N100_V4,2.288667019456625
modern,3,b_N100_V4,2.2727500181645155
modern,3,b_N100_V4,2.4516660487279296
modern,3,b_N100_V4,2.199999988079071
modern,3,b_N100_V4,2.201541909016669
modern,3,b_N100_V4,2.1888340124860406
modern,3,b_N100_V4,2.1573329577222466
modern,3,b_N100_V4,2.2109579294919968
modern,3,b_N100_V4,2.209166996181011
modern,3,b_N100_V4,2.1688329288735986
modern,3,b_N100_V4,2.21033301204443
modern,3,b_N100_V4,2.177583985030651
modern,3,b_N100_V4,2.1932499948889017
modern,3,b_N100_V4,2.2200830280780792
modern,3,b_N100_V4,2.1688330452889204
modern,3,b_N100_V4,2.1687080152332783
modern,3,b_N100_V4,2.1827920572832227
modern,3,b_N100_V4,2.171708969399333
modern,3,b_N100_V4,2.139125019311905
modern,3,b_N100_V4,2.230707905255258
modern,3,b_N100_V4,2.1645419765263796
modern,3,b_N100_V4,2.1742499666288495
modern,3,b_N100_V4,2.1695001050829887
modern,3,b_N100_V4,2.185374964028597
modern,3,b_N100_V4,2.179790986701846
modern,3,b_N100_V4,2.1888749906793237
modern,3,b_N100_V4,2.1326669957488775
modern,3,b_N100_V4,2.287082956172526
modern,3,b_N100_V4,2.300749998539686
modern,3,b_N100_V4,2.2400839952751994
modern,3,b_N100_V4,2.206832985393703
modern,3,b_N100_V4,2.251917030662298
modern,3,b_N100_V4,2.2716670064255595
modern,3,b_N100_V4,2.2264160215854645
modern,3,b_N100_V4,2.198500093072653
modern,3,b_N100_V4,2.2463330533355474
modern,3,b_N100_V4,2.1972910035401583
modern,3,b_N100_V4,2.199542010203004
modern,3,b_N100_V4,2.1755839698016644
modern,3,b_N100_V4,2.2170000011101365
modern,3,b_N100_V4,2.1874579833820462
modern,3,b_N100_V4,2.1613340359181166
modern,3,b_N100_V4,2.177332993596792
modern,3,b_N100_V4,2.1843749564141035
modern,3,b_N100_V4,2.152125001884997
modern,3,b_N100_V4,2.1712910383939743
modern,3,b_N100_V4,2.174917026422918
modern,3,b_N100_V4,2.142125042155385
modern,3,b_N100_V4,2.17858306132257
modern,3,b_N100_V4,2.3252080427482724
modern,3,b_N100_V4,2.150708925910294
modern,3,b_N100_V4,2.190541010349989
modern,3,b_N100_V4,2.1966249914839864
modern,3,b_N100_V4,2.171749947592616
modern,3,b_N100_V4,2.159499912522733
modern,3,b_N100_V4,2.21345794852823
modern,3,b_N100_V4,2.141249948181212
modern,3,b_N100_V4,2.1745830308645964
modern,3,b_N100_V4,2.172334003262222
modern,3,b_N100_V4,2.1755839698016644
modern,3,b_N100_V4,2.168582985177636
modern,3,b_N100_V4,2.2092920262366533
modern,3,b_N100_V4,2.148583997040987
modern,3,b_N100_V4,2.206042059697211
modern,3,b_N100_V4,2.183792064897716
modern,3,b_N100_V4,2.1526669152081013
modern,3,b_N100_V4,2.1354580530896783
modern,3,b_N100_V4,2.17737490311265
modern,3,b_N100_V4,2.1477090194821358
modern,3,b_N100_V4,2.1455829264596105
modern,3,b_N100_V4,2.177958027459681
modern,3,b_N100_V4,2.150084008462727
modern,3,b_N100_V4,2.154999994672835
modern,3,b_N100_V4,2.177958027459681
modern,3,b_N100_V4,2.1426670718938112
modern,3,b_N100_V4,2.197250025346875
modern,3,b_N100_V4,2.169292070902884
modern,3,b_N100_V4,2.158291987143457
modern,3,b_N100_V4,2.146541024558246
modern,3,b_N100_V4,2.165042096748948
modern,3,b_N100_V4,2.139124902896583
modern,3,b_N100_V4,2.204708056524396
modern,3,b_N100_V4,2.1515829721465707
modern,3,b_N100_V4,2.143374993465841
modern,3,b_N100_V4,2.1627909736707807
modern,3,b_N100_V4,2.177166985347867
modern,3,b_N100_V4,2.1470830542966723
modern,3,b_N100_V4,2.2139999782666564
modern,3,b_N100_V4,2.193625085055828
modern,3,b_N100_V4,2.244999981485307
modern,3,b_N100_V4,2.14862497523427
modern,3,b_N100_V4,2.182625001296401
modern,3,b_N100_V4,2.1916659316048026
modern,3,b_N100_V4,2.1290830336511135
modern,3,b_N100_V4,2.1348330192267895
modern,3,b_N100_V4,2.123125013895333
modern,3,b_N100_V4,2.133707981556654
modern,3,b_N100_V4,2.1266250405460596
modern,3,b_N100_V4,2.1148750092834234
modern,3,b_N100_V4,2.127917017787695
modern,3,b_N100_V4,2.1115420386195183
modern,3,b_N100_V4,2.142124925740063
modern,3,b_N100_V4,2.1194160217419267
modern,3,b_N100_V4,2.107083098962903
modern,3,b_N100_V4,2.105416962876916
modern,3,b_N100_V4,2.1082080202177167
modern,3,b_N100_V4,2.1102919708937407
modern,3,b_N100_V4,2.104584011249244
modern,3,b_N100_V4,2.10170797072351
modern,3,b_N100_V4,2.0923749543726444
modern,3,b_N100_V4,2.0861669909209013
modern,3,b_N100_V4,2.1061659790575504
modern,3,b_N100_V4,2.1334580378606915
modern,3,b_N100_V4,2.1083340980112553
modern,3,b_N100_V4,2.114332979544997
modern,3,b_N100_V4,2.2321250289678574
modern,3,b_N100_V4,2.140500000678003
modern,3,b_N100_V4,2.1177080925554037
modern,3,b_N100_V4,2.1153329871594906
modern,3,b_N100_V4,2.131999935954809
modern,3,b_N100_V4,2.110666944645345
modern,3,b_N100_V4,2.1120000164955854
modern,3,b_N100_V4,2.1408339962363243
modern,3,b_N100_V4,2.1027500042691827
modern,3,b_N100_V4,2.0970000186935067
modern,3,b_N100_V4,2.097208984196186
modern,3,b_N100_V4,2.0939999958500266
modern,3,b_N100_V4,2.097208984196186
modern,3,b_N100_V4,2.1050000796094537
modern,3,b_N100_V4,2.10920802783221
modern,3,b_N100_V4,2.1020419662818313
modern,3,b_N100_V4,2.118833945132792
modern,3,b_N100_V4,2.1022919099777937
modern,3,b_N100_V4,2.1450419444590807
modern,3,b_N100_V4,2.092708949930966
modern,3,b_N100_V4,2.091708010993898
modern,3,b_N100_V4,2.100417041219771
modern,3,b_N100_V4,2.0947919692844152
modern,3,b_N100_V4,2.1019999403506517
modern,3,b_N100_V4,2.1027500042691827
modern,3,b_N100_V4,2.096334006637335
modern,3,b_N100_V4,2.088917070068419
modern,3,b_N100_V4,2.089165966026485
modern,3,b_N100_V4,2.1220410708338022
modern,3,b_N100_V4,2.0935829961672425
modern,3,b_N100_V4,2.1065830951556563
modern,3,b_N100_V4,2.0881249802187085
modern,3,b_N100_V4,2.3025000700727105
modern,3,b_N100_V4,2.1866660099476576
modern,3,b_N100_V4,2.2872500121593475
modern,3,b_N100_V4,2.1953750401735306
modern,3,b_N100_V4,2.262042020447552
modern,3,b_N100_V4,2.1517910063266754
modern,3,b_N100_V4,2.2817919962108135
modern,3,b_N100_V4,2.1398330572992563
modern,3,b_N100_V4,2.7377500664442778
modern,3,b_N100_V4,2.3270410019904375
modern,3,b_N100_V4,2.255832892842591
modern,3,b_N100_V4,2.1924999309703708
modern,3,b_N100_V4,2.2426670184358954
modern,3,b_N100_V4,2.199874958023429
modern,3,b_N100_V4,2.2858750307932496
modern,3,b_N100_V4,2.1938750287517905
modern,3,b_N100_V4,2.2149159340187907
modern,3,b_N100_V4,2.1810829639434814
modern,3,b_N100_V4,2.2498329635709524
modern,3,b_N100_V4,2.2404580377042294
modern,3,b_N100_V4,2.229875070042908
modern,3,b_N100_V4,2.153875073418021
modern,3,b_N100_V4,2.247874974273145
modern,3,b_N100_V4,2.254583057947457
modern,3,b_N100_V4,2.2213750053197145
modern,3,b_N100_V4,2.1484169410541654
modern,3,b_N100_V4,2.2388750221580267
modern,3,b_N100_V4,2.2695419611409307
modern,3,b_N100_V4,2.225582953542471
modern,3,b_N100_V4,2.2417500149458647
modern,3,b_N100_V4,2.235958934761584
modern,3,b_N100_V4,2.122374949976802
modern,3,b_N100_V4,2.2321660071611404
modern,3,b_N100_V4,2.152708009816706
modern,3,b_N100_V4,2.1594580030068755
modern,3,b_N100_V4,2.145958016626537
modern,3,b_N100_V4,2.2579580545425415
modern,3,b_N100_V4,2.161417040042579
modern,3,b_N100_V4,2.2172080352902412
modern,3,b_N100_V4,2.229916979558766
modern,3,b_N100_V4,2.230249927379191
modern,3,b_N100_V4,2.1614169236272573
modern,3,b_N100_V4,2.1902499720454216
modern,3,b_N100_V4,2.1127909421920776
modern,3,b_N100_V4,2.112917019985616
modern,3,b_N100_V4,2.2595840273424983
modern,3,b_N100_V4,2.213332918472588
modern,3,b_N100_V4,2.1258339984342456
modern,3,b_N100_V4,2.2476670565083623
modern,3,b_N100_V4,2.1287909476086497
modern,3,b_N100_V4,2.210959093645215
modern,3,b_N100_V4,2.2427079966291785
modern,3,b_N100_V4,2.205417025834322
modern,3,b_N100_V4,2.1559589076787233
modern,3,b_N100_V4,2.219499903731048
modern,3,b_N100_V4,2.2050419356673956
modern,3,b_N100_V4,2.2380829323083162
modern,3,b_N100_V4,2.132957917638123
modern,3,b_N100_V4,2.1682908991351724
modern,3,b_N100_V4,2.202749950811267
modern,3,b_N100_V4,2.224041963927448
modern,3,b_N100_V4,2.1819579415023327
modern,3,b_N100_V4,2.1719590295106173
modern,3,b_N100_V4,2.132583991624415
modern,3,b_N100_V4,2.1358750527724624
modern,3,b_N100_V4,2.1440840791910887
modern,3,b_N100_V4,2.2412079852074385
modern,3,b_N100_V4,2.180375042371452
modern,3,b_N100_V4,2.124749938957393
modern,3,b_N100_V4,2.157375100068748
modern,3,b_N100_V4,2.135207992978394
modern,3,b_N100_V4,2.126040984876454
modern,3,b_N100_V4,2.1372080082073808
modern,3,b_N100_V4,2.1103749750182033
modern,3,b_N100_V4,3.054416971281171
modern,3,b_N100_V4,2.5231249164789915
modern,3,b_N100_V4,2.221624949015677
modern,3,b_N100_V4,2.299959072843194
modern,3,b_N100_V4,2.2070830455049872
modern,3,b_N100_V4,2.2233329946175218
modern,3,b_N100_V4,2.1927079651504755
modern,3,b_N100_V4,2.1614159923046827
modern,3,b_N100_V4,2.183999982662499
modern,3,b_N100_V4,2.6258749421685934
modern,3,b_N100_V4,2.268708893097937
modern,3,b_N100_V4,2.2206660360097885
modern,3,b_N100_V4,2.2123329108580947
modern,3,b_N100_V4,2.183874952606857
modern,3,b_N100_V4,2.193833002820611
modern,3,b_N100_V4,2.1750839659944177
modern,3,b_N100_V4,2.2168749710544944
modern,3,b_N100_V4,2.1626249654218554
modern,3,b_N100_V4,2.1813750499859452
modern,3,b_N100_V4,2.176915993914008
modern,3,b_N100_V4,2.15629197191447
modern,3,b_N100_V4,2.1480839932337403
modern,3,b_N100_V4,2.3887910647317767
modern,3,b_N100_V4,2.269375021569431
modern,3,b_N100_V4,2.1560839377343655
modern,3,b_N100_V4,2.1680000936612487
modern,3,b_N100_V4,2.1790829487144947
modern,3,b_N100_V4,2.1547499345615506
modern,3,b_N100_V4,2.180999959819019
modern,3,b_N100_V4,2.1596249425783753
modern,3,b_N100_V4,2.1459159906953573
modern,3,b_N100_V4,2.1612499840557575
modern,3,b_N100_V4,2.137333038263023
modern,3,b_N100_V4,2.146042068488896
modern,3,b_N100_V4,2.156083006411791
modern,3,b_N100_V4,2.198333037085831
modern,3,b_N100_V4,2.1585000213235617
modern,3,b_N100_V4,2.182541065849364
modern,3,b_N100_V4,2.163333003409207
modern,3,b_N100_V4,2.142666024155915
modern,3,b_N100_V4,2.1273749880492687
modern,3,b_N100_V4,2.1297920029610395
modern,3,b_N100_V4,2.1475839894264936
modern,3,b_N100_V4,2.1286659175530076
modern,3,b_N100_V4,2.131124958395958
modern,3,b_N100_V4,2.1414170041680336
modern,3,b_N100_V4,2.99687497317791
modern,3,b_N100_V4,2.495167078450322
modern,3,b_N100_V4,2.660041907802224
modern,3,b_N100_V4,2.412084024399519
modern,3,b_N100_V4,2.4298750795423985
modern,3,b_N100_V4,2.8728749603033066
modern,3,b_N100_V4,2.627624897286296
modern,3,b_N100_V4,2.6216249680146575
modern,3,b_N100_V4,2.932750037871301
modern,3,b_N100_V4,3.090249956585467
modern,3,b_N100_V4,2.8615830233320594
modern,3,b_N100_V4,2.4522499879822135
modern,3,b_N100_V4,2.6406670222058892
modern,3,b_N100_V4,2.617291989736259
modern,3,b_N100_V4,2.85799999255687
modern,3,b_N100_V4,2.8520000632852316
modern,3,b_N100_V4,2.6110830949619412
modern,3,b_N100_V4,2.5970839196816087
modern,3,b_N100_V4,2.826458076015115
modern,3,b_N100_V4,2.621999941766262
modern,3,b_N100_V4,2.827791962772608
modern,3,b_N100_V4,3.2025419641286135
modern,3,b_N100_V4,2.851707977242768
modern,3,b_N100_V4,2.71408399567008
modern,3,b_N100_V4,3.0345829436555505
modern,3,b_N100_V4,2.8058330062776804
modern,3,b_N100_V4,2.381499973125756
modern,3,b_N100_V4,3.100333036854863
modern,3,b_N100_V4,2.820833004079759
modern,3,b_N100_V4,2.807334065437317
modern,3,b_N100_V4,2.8260829858481884
modern,3,b_N100_V4,2.3811249993741512
modern,3,b_N100_V4,2.7058750856667757
modern,3,b_N100_V4,2.832207945175469
modern,3,b_N100_V4,2.8211669996380806
modern,3,b_N100_V4,2.370624919421971
modern,3,b_N100_V4,2.5919999461621046
modern,3,b_N100_V4,2.576582948677242
modern,3,b_N100_V4,2.6395419845357537
modern,3,b_N100_V4,2.7932500233873725
modern,3,b_N100_V4,2.799249952659011
modern,3,b_N100_V4,2.805249998345971
modern,3,b_N100_V4,2.3946670116856694
modern,3,b_N100_V4,2.9637080151587725
modern,3,b_N100_V4,2.787125064060092
modern,3,b_N100_V4,2.6110420003533363
modern,3,b_N100_V4,2.6077079819515347
modern,3,b_N100_V4,2.574833924882114
modern,3,b_N100_V4,2.587875002063811
modern,3,b_N100_V4,2.8507919050753117
modern,3,b_N100_V4,2.9983329586684704
modern,3,b_N100_V4,2.8150419238954782
modern,3,b_N100_V4,3.0404169810935855
modern,3,b_N100_V4,2.445999998599291
modern,3,b_N100_V4,3.016207949258387
modern,3,b_N100_V4,2.625292050652206
modern,3,b_N100_V4,2.575875027105212
modern,3,b_N100_V4,2.392000053077936
modern,3,b_N100_V4,2.58245796430856
modern,3,b_N100_V4,2.3922090185806155
modern,3,b_N100_V4,2.2596659837290645
modern,3,b_N100_V4,2.2283749422058463
modern,3,b_N100_V4,2.198833040893078
modern,3,b_N100_V4,2.207209006883204
modern,3,b_N100_V4,2.1722089732065797
modern,3,b_N100_V4,2.1479169372469187
modern,3,b_N100_V4,2.180333947762847
modern,3,b_N100_V4,2.1918329875916243
modern,3,b_N100_V4,2.1989160450175405
modern,3,b_N100_V4,2.2077079629525542
modern,3,b_N100_V4,2.16749997343868
modern,3,b_N100_V4,2.1372500341385603
modern,3,b_N100_V4,2.1778750233352184
modern,3,b_N100_V4,2.213292056694627
modern,3,b_N100_V4,2.1610830444842577
modern,3,b_N100_V4,2.15329194907099
modern,3,b_N100_V4,2.146666985936463
modern,3,b_N100_V4,2.1252919686958194
modern,3,b_N100_V4,2.1299589425325394
modern,3,b_N100_V4,2.159499912522733
modern,3,b_N100_V4,2.1735409973189235
modern,3,b_N100_V4,2.142542041838169
modern,3,b_N100_V4,2.1282919915392995
modern,3,b_N100_V4,2.112041926011443
modern,3,b_N100_V4,2.1721669472754
modern,3,b_N100_V4,2.1488750353455544
modern,3,b_N100_V4,2.178541966713965
modern,3,b_N100_V4,2.1385420113801956
modern,3,b_N100_V4,2.1308750146999955
modern,3,b_N100_V4,2.0985420560464263
modern,3,b_N100_V4,2.1332910982891917
modern,3,b_N100_V4,2.1378749515861273
modern,3,b_N100_V4,2.158291987143457
modern,3,b_N100_V4,2.1259579807519913
modern,3,b_N100_V4,2.1699999924749136
modern,3,b_N100_V4,2.114583970978856
modern,3,b_N100_V4,2.1418329561129212
modern,3,b_N100_V4,2.1453750086948276
modern,3,b_N100_V4,2.1560840541496873
modern,3,b_N100_V4,2.190000028349459
modern,3,b_N100_V4,2.1309590665623546
modern,3,b_N100_V4,2.1072920644655824
modern,3,b_N100_V4,2.1337500074878335
modern,3,b_N100_V4,2.141833072528243
modern,3,b_N100_V4,2.16749997343868
modern,3,b_N100_V4,2.2030839463695884
modern,3,b_N100_V4,2.1425409941002727
modern,3,b_N100_V4,2.1048749331384897
modern,3,b_N100_V4,2.5579589419066906
modern,3,b_N100_V4,2.2475419100373983
modern,3,b_N100_V4,2.2695419611409307
modern,3,b_N100_V4,2.194958971813321
modern,3,b_N100_V4,2.22883396781981
modern,3,b_N100_V4,2.1349580492824316
modern,3,b_N100_V4,2.126417006365955
modern,3,b_N100_V4,2.1680829813703895
modern,3,b_N100_V4,2.1475000539794564
modern,3,b_N100_V4,2.1544169867411256
modern,3,b_N100_V4,2.1674170857295394
modern,3,b_N100_V4,2.1574579877778888
modern,3,b_N100_V4,2.2363329771906137
modern,3,b_N100_V4,2.2243750281631947
modern,3,b_N100_V4,2.1828750614076853
modern,3,b_N100_V4,2.1707500563934445
modern,3,b_N100_V4,2.156957983970642
modern,3,b_N100_V4,2.214584033936262
modern,3,b_N100_V4,2.146625076420605
modern,3,b_N100_V4,2.142332959920168
modern,3,b_N100_V4,2.171084051951766
modern,3,b_N100_V4,2.1554999984800816
modern,3,b_N100_V4,2.2280000848695636
modern,3,b_N100_V4,2.147958963178098
modern,3,b_N100_V4,2.144582918845117
modern,3,b_N100_V4,2.1468750201165676
modern,3,b_N100_V4,2.153750043362379
modern,3,b_N100_V4,2.1417499519884586
modern,3,b_N100_V4,2.183082979172468
modern,3,b_N100_V4,2.1399169927462935
modern,3,b_N100_V4,2.1336659556254745
modern,3,b_N100_V4,2.135041984729469
modern,3,b_N100_V4,2.496583038009703
modern,3,b_N100_V4,2.189583028666675
modern,3,b_N100_V4,2.1576250437647104
modern,3,b_N100_V4,2.1518750581890345
modern,3,b_N100_V4,2.1429579937830567
modern,3,b_N100_V4,2.1373750641942024
modern,3,b_N100_V4,2.1665830863639712
modern,3,b_N100_V4,2.13412509765476
modern,3,b_N100_V4,2.176332985982299
modern,3,b_N100_V4,2.134833950549364
modern,3,b_N100_V4,2.1732919849455357
modern,3,b_N100_V4,2.120374934747815
modern,3,b_N100_V4,2.1118340082466602
modern,3,b_N100_V4,2.1314590703696012
modern,3,b_N100_V4,2.1802500123158097
modern,3,b_N100_V4,2.2329590283334255
modern,3,b_N100_V4,2.130415989086032
modern,3,b_N100_V4,2.237000036984682
modern,3,b_N100_V4,2.121834084391594
modern,3,b_N100_V4,2.1312918979674578
modern,3,b_N100_V4,2.1648750407621264
modern,3,b_N100_V4,2.130458946339786
modern,3,b_N100_V4,2.124332939274609
modern,3,b_N100_V4,2.1304170368239284
modern,3,b_N100_V4,2.146166982129216
modern,3,b_N100_V4,2.1277079358696938
modern,3,b_N100_V4,2.117958036251366
modern,3,b_N100_V4,2.1485829493030906
modern,3,b_N100_V4,2.1191249834373593
modern,3,b_N100_V4,2.112666959874332
modern,3,b_N100_V4,2.104458981193602
modern,3,b_N100_V4,2.099915989674628
modern,3,b_N100_V4,2.125832950696349
modern,3,b_N100_V4,2.1311250748112798
modern,3,b_N100_V4,2.1224579541012645
modern,3,b_N100_V4,2.120042103342712
modern,3,b_N100_V4,2.1147499792277813
modern,3,b_N100_V4,2.117499941959977
modern,3,b_N100_V4,2.149250009097159
modern,3,b_N100_V4,2.3207080084830523
modern,3,b_N100_V4,2.2392909741029143
modern,3,b_N100_V4,2.16149992775172
modern,3,b_N100_V4,2.1597089944407344
modern,3,b_N100_V4,2.782625029794872
modern,3,b_N100_V4,2.263208036310971
modern,3,b_N100_V4,2.2186250425875187
modern,3,b_N100_V4,2.222917042672634
modern,3,b_N100_V4,2.20512505620718
modern,3,b_N100_V4,2.2359169088304043
modern,3,b_N100_V4,2.5659160455688834
modern,3,b_N100_V4,2.1744580008089542
modern,3,b_N100_V4,2.233459032140672
modern,3,b_N100_V4,2.188083017244935
modern,3,b_N100_V4,2.1505419863387942
modern,3,b_N100_V4,2.163624973036349
modern,3,b_N100_V4,2.1455410169437528
modern,3,b_N100_V4,2.14850006159395
modern,3,b_N100_V4,2.161709009669721
modern,3,b_N100_V4,2.1906670881435275
modern,3,b_N100_V4,2.145000034943223
modern,3,b_N100_V4,2.1255420288071036
modern,3,b_N100_V4,2.126125036738813
modern,3,b_N100_V4,2.1462079603224993
modern,3,b_N100_V4,2.1392080234363675
modern,3,b_N100_V4,2.163709024898708
modern,3,b_N100_V4,2.128124935552478
modern,3,b_N100_V4,2.1571669494733214
modern,3,b_N100_V4,2.1259579807519913
modern,3,b_N100_V4,2.165582962334156
modern,3,b_N100_V4,2.163333003409207
modern,3,b_N100_V4,2.136667026206851
modern,3,b_N100_V4,2.1302920067682862
modern,3,b_N100_V4,2.1838339744135737
modern,3,b_N100_V4,2.1478330017998815
modern,3,b_N100_V4,2.156917005777359
modern,3,b_N100_V4,2.120500081218779
modern,3,b_N100_V4,2.1734581096097827
modern,3,b_N100_V4,2.161000040359795
modern,3,b_N100_V4,2.155416994355619
modern,3,b_N100_V4,2.1518749417737126
modern,3,b_N100_V4,2.1310419542714953
modern,3,b_N100_V4,2.328208996914327
modern,3,b_N100_V4,2.132292021997273
modern,3,b_N100_V4,2.1166669903323054
modern,3,b_N100_V4,2.148166997358203
modern,3,b_N100_V4,2.128500025719404
modern,3,b_N100_V4,2.1207500249147415
modern,3,b_N100_V4,2.110667061060667
modern,3,b_N100_V4,2.1480420837178826
modern,3,b_N100_V4,2.1299580112099648
modern,3,b_N100_V4,2.1815000800415874
modern,3,b_N100_V4,2.1541250171139836
modern,3,b_N100_V4,2.118708100169897
modern,3,b_N100_V4,2.1414170041680336
modern,3,b_N100_V4,2.1248329430818558
modern,3,b_N100_V4,2.1389169851318
modern,3,b_N100_V4,2.1349579328671098
modern,3,b_N100_V4,2.4909579660743475
modern,3,b_N100_V4,2.152542001567781
modern,3,b_N100_V4,2.1149590611457825
modern,3,b_N100_V4,2.2407500073313713
modern,3,b_N100_V4,2.2106249816715717
modern,3,b_N100_V4,2.1816249936819077
modern,3,b_N100_V4,2.1659170743077993
modern,3,b_N100_V4,2.1757909562438726
modern,3,b_N100_V4,2.15012498665601
modern,3,b_N100_V4,2.1403750870376825
modern,3,b_N100_V4,2.1444170270115137
modern,3,b_N100_V4,2.1443329751491547
modern,3,b_N100_V4,2.1462918957695365
modern,3,b_N100_V4,2.16916692443192
modern,3,b_N100_V4,2.1739579970017076
modern,3,b_N100_V4,2.1834169747307897
modern,3,b_N100_V4,2.1526669152081013
modern,3,b_N100_V4,2.144582918845117
modern,3,b_N100_V4,2.1581249311566353
modern,3,b_N100_V4,2.1487909834831953
modern,3,b_N100_V4,2.1618750179186463
modern,3,b_N100_V4,2.1465420722961426
modern,3,b_N100_V4,2.1360840182751417
modern,3,b_N100_V4,2.138042007572949
modern,3,b_N100_V4,2.1795410430058837
modern,3,b_N100_V4,2.966666012071073
modern,3,b_N100_V4,3.983542090281844
modern,3,b_N100_V4,3.2177919056266546
modern,3,b_N100_V4,2.997791045345366
modern,3,b_N100_V4,3.227666951715946
modern,3,b_N100_V4,2.64362501911819
modern,3,b_N100_V4,2.3135419469326735
modern,3,b_N100_V4,2.24974995944649
modern,3,b_N100_V4,2.2131670266389847
modern,3,b_N100_V4,2.2855419665575027
modern,3,b_N100_V4,2.194416942074895
modern,3,b_N100_V4,2.1931659430265427
modern,3,b_N100_V4,2.180958050303161
modern,3,b_N100_V4,2.1760420640930533
modern,3,b_N100_V4,2.222958020865917
modern,3,b_N100_V4,2.158084069378674
modern,3,b_N100_V4,2.160875010304153
modern,3,b_N100_V4,2.1633339347317815
modern,3,b_N100_V4,2.1695418981835246
modern,3,b_N100_V4,2.2702079731971025
modern,3,b_N100_V4,2.2467499366030097
modern,3,b_N100_V4,2.1903750021010637
modern,3,b_N100_V4,2.1472079679369926
modern,3,b_N100_V4,2.137125004082918
modern,3,b_N100_V4,2.150540938600898
modern,3,b_N100_V4,2.155250054784119
modern,3,b_N100_V4,2.148917061276734
modern,3,b_N100_V4,2.1375420037657022
modern,3,b_N100_V4,2.1600000327453017
modern,3,b_N100_V4,2.140875090844929
modern,3,b_N100_V4,2.164292032830417
modern,3,b_N100_V4,2.163583063520491
modern,3,b_N100_V4,2.1454169182106853
modern,3,b_N100_V4,2.1460839780047536
modern,3,b_N100_V4,2.161832991987467
modern,3,b_N100_V4,2.134749898687005
modern,3,b_N100_V4,2.149208914488554
modern,3,b_N100_V4,2.1653749281540513
modern,3,b_N100_V4,2.226124983280897
modern,3,b_N100_V4,2.220541937276721
modern,3,b_N100_V4,2.195791923440993
modern,3,b_N100_V4,2.1515829721465707
modern,3,b_N100_V4,2.1609580144286156
modern,3,b_N100_V4,2.149541978724301
modern,3,b_N100_V4,2.1411250345408916
modern,3,b_N100_V4,2.1509999642148614
modern,3,b_N100_V4,2.198499976657331
modern,3,b_N100_V4,2.1668330300599337
modern,3,b_N100_V4,2.133833011612296
modern,3,b_N100_V4,2.203167066909373
modern,3,b_N100_V4,2.2517910692840815
modern,3,b_N100_V4,2.1514580585062504
modern,3,b_N100_V4,2.2077499888837337
modern,3,b_N100_V4,2.1283330861479044
modern,3,b_N100_V4,2.1276669576764107
modern,3,b_N100_V4,2.1278340136632323
modern,3,b_N100_V4,2.1418749820441008
modern,3,b_N100_V4,2.535542007535696
modern,3,b_N100_V4,2.322542015463114
modern,3,b_N100_V4,2.2442080080509186
modern,3,b_N100_V4,2.2149999858811498
modern,3,b_N100_V4,2.2378340363502502
modern,3,b_N100_V4,2.2190409945324063
modern,3,b_N100_V4,2.182916970923543
modern,3,b_N100_V4,2.2041250485926867
modern,3,b_N100_V4,2.171750064007938
modern,3,b_N100_V4,2.1551670506596565
modern,3,b_N100_V4,2.1510838996618986
modern,3,b_N100_V4,2.5385000044479966
modern,3,b_N100_V4,2.186749945394695
modern,3,b_N100_V4,2.154249930754304
modern,3,b_N100_V4,2.165707992389798
modern,3,b_N100_V4,2.1487920312210917
modern,3,b_N100_V4,2.1364589920267463
modern,3,b_N100_V4,2.142583020031452
modern,3,b_N100_V4,2.177792019210756
modern,3,b_N100_V4,2.1416250383481383
modern,3,b_N100_V4,2.1402910351753235
modern,3,b_N100_V4,2.1455000387504697
modern,3,b_N100_V4,2.134875045157969
modern,3,b_N100_V4,2.1750000305473804
modern,3,b_N100_V4,2.1851250203326344
modern,3,b_N100_V4,2.1941669983789325
modern,3,b_N100_V4,2.133250003680587
modern,3,b_N100_V4,2.124416991136968
modern,3,b_N100_V4,2.1376669174060225
modern,3,b_N100_V4,2.1224169759079814
modern,3,b_N100_V4,2.1379999816417694
modern,3,b_N100_V4,2.1495840046554804
modern,3,b_N100_V4,2.1378330420702696
modern,3,b_N100_V4,2.123667043633759
modern,3,b_N100_V4,2.1172499982640147
modern,3,b_N100_V4,2.1799170644953847
modern,3,b_N100_V4,2.137750037945807
modern,3,b_N100_V4,2.122500096447766
modern,3,b_N100_V4,2.1197079913690686
modern,3,b_N100_V4,2.120290999300778
modern,3,b_N100_V4,2.116292016580701
modern,3,b_N100_V4,2.2335000103339553
modern,3,b_N100_V4,2.2291248897090554
modern,3,b_N100_V4,2.2381669841706753
modern,3,b_N100_V4,2.2057919995859265
modern,3,b_N100_V4,2.230499987490475
modern,3,b_N100_V4,2.190000028349459
modern,3,b_N100_V4,2.1700409706681967
modern,3,b_N100_V4,2.171416999772191
modern,3,b_N100_V4,2.194875036366284
modern,3,b_N100_V4,2.1527500357478857
modern,3,b_N100_V4,2.1733329631388187
modern,3,b_N100_V4,2.1595420548692346
modern,3,b_N100_V4,2.130208071321249
modern,3,b_N100_V4,2.216208027675748
modern,3,b_N100_V4,2.1787089062854648
modern,3,b_N100_V4,2.1844999864697456
modern,3,b_N100_V4,2.185499994084239
modern,3,b_N100_V4,2.1669589914381504
modern,3,b_N100_V4,2.1666670218110085
modern,3,b_N100_V4,2.1684999810531735
modern,3,b_N100_V4,2.181124989874661
modern,3,b_N100_V4,2.1511249942705035
modern,3,b_N100_V4,2.1576250437647104
modern,3,b_N100_V4,2.134417067281902
modern,3,b_N100_V4,2.153333043679595
modern,3,b_N100_V4,2.177917049266398
modern,3,b_N100_V4,2.1376670338213444
modern,3,b_N100_V4,2.139582997187972
modern,3,b_N100_V4,2.180042094551027
modern,3,b_N100_V4,2.1458748960867524
modern,3,b_N100_V4,2.158749965019524
modern,3,b_N100_V4,2.1292499732226133
modern,3,b_N100_V4,2.151041990146041
modern,3,b_N100_V4,3.28224990516901
modern,3,b_N100_V4,2.3315829457715154
modern,3,b_N100_V4,2.2499579936265945
modern,3,b_N100_V4,2.239541965536773
modern,3,b_N100_V4,2.1992080146446824
modern,3,b_N100_V4,2.202874980866909
modern,3,b_N100_V4,2.1684590028598905
modern,3,b_N100_V4,2.5685830041766167
modern,3,b_N100_V4,2.814292092807591
modern,3,b_N100_V4,2.485916018486023
modern,3,b_N100_V4,2.330707968212664
modern,3,b_N100_V4,2.6245000772178173
modern,3,b_N100_V4,2.278125029988587
modern,3,b_N100_V4,2.3729169042780995
modern,3,b_N100_V4,2.2406659554690123
modern,3,b_N100_V4,2.253624959848821
modern,3,b_N100_V4,2.1982919424772263
modern,3,b_N100_V4,2.218291978351772
modern,3,b_N100_V4,2.1921669831499457
modern,3,b_N100_V4,2.2107079857960343
modern,3,b_N100_V4,2.1975840209051967
modern,3,b_N100_V4,2.2119160275906324
modern,3,b_N100_V4,2.178875030949712
modern,3,b_N100_V4,2.2200000239536166
modern,3,b_N100_V4,2.2217080695554614
modern,3,b_N100_V4,2.199833048507571
modern,3,b_N100_V4,2.1987089421600103
modern,3,b_N100_V4,2.2468750830739737
modern,3,b_N100_V4,2.2120409412309527
modern,3,b_N100_V4,2.1742500830441713
modern,3,b_N100_V4,2.1561250323429704
modern,3,b_N100_V4,2.1685840329155326
modern,3,b_N100_V4,2.162042073905468
modern,3,b_N100_V4,2.149958978407085
modern,3,b_N100_V4,2.181416959501803
modern,3,b_N100_V4,2.140291966497898
modern,3,b_N100_V4,2.1624589571729302
modern,3,b_N100_V4,2.139125019311905
modern,3,b_N100_V4,2.1465419558808208
modern,3,b_N100_V4,2.136333961971104
modern,3,b_N100_V4,2.1434590453282
modern,3,b_N100_V4,2.1578329615294933
modern,3,b_N100_V4,2.1234169835224748
modern,3,b_N100_V4,2.1388339810073376
modern,3,b_N100_V4,2.157250070013106
modern,3,b_N100_V4,2.1267500706017017
modern,3,b_N100_V4,2.1278749918565154
modern,3,b_N100_V4,2.120999968610704
modern,3,b_N100_V4,2.1167919039726257
modern,3,b_N100_V4,2.1299580112099648
modern,3,b_N100_V4,2.1237499313429
modern,3,b_N100_V4,2.1340419771149755
modern,3,b_N100_V4,2.123874961398542
modern,3,b_N100_V4,2.1404169965535402
modern,3,b_N100_V4,2.1120409946888685
modern,3,b_N100_V4,2.1417499519884586
modern,3,b_N100_V4,2.1082080202177167
modern,3,b_N100_V4,2.121665980666876
modern,3,b_N100_V4,2.1151250693947077
modern,3,b_N100_V4,2.1156250732019544
modern,3,b_N100_V4,2.1013340447098017
modern,3,b_N100_V4,2.115583047270775
modern,3,b_N100_V4,2.119624987244606
modern,3,b_N100_V4,2.110250061377883
modern,3,b_N100_V4,2.146708080545068
modern,3,b_N100_V4,2.144875004887581
modern,3,b_N100_V4,2.1237499313429
modern,3,b_N100_V4,2.1109170047566295
modern,3,b_N100_V4,2.1057920530438423
modern,3,b_N100_V4,2.108084037899971
modern,3,b_N100_V4,2.1351249888539314
modern,3,b_N100_V4,2.1424159640446305
modern,3,b_N100_V4,2.52662505954504
modern,3,b_N100_V4,2.2695420775562525
modern,3,b_N100_V4,2.5124159874394536
modern,3,b_N100_V4,2.1749590523540974
modern,3,b_N100_V4,2.221417031250894
modern,3,b_N100_V4,2.1714589092880487
modern,3,b_N100_V4,2.1687919506803155
modern,3,b_N100_V4,2.1639589685946703
modern,3,b_N100_V4,2.1507919300347567
modern,3,b_N100_V4,2.170082996599376
modern,3,b_N100_V4,2.167999977245927
modern,3,b_N100_V4,2.1739579970017076
modern,3,b_N100_V4,2.171000000089407
modern,3,b_N100_V4,2.1582089830189943
modern,3,b_N100_V4,2.171457977965474
modern,3,b_N100_V4,2.2344590397551656
modern,3,b_N100_V4,2.241875045001507
modern,3,b_N100_V4,2.2242919076234102
modern,3,b_N100_V4,2.193666063249111
modern,3,b_N100_V4,2.188500016927719
modern,3,b_N100_V4,2.18941702041775
modern,3,b_N100_V4,2.187208039686084
modern,3,b_N100_V4,2.159041934646666
modern,3,b_N100_V4,2.1743749966844916
modern,3,b_N100_V4,2.205000026151538
modern,3,b_N100_V4,2.1592919947579503
modern,3,b_N100_V4,2.159500028938055
modern,3,b_N100_V4,2.149999956600368
modern,3,b_N100_V4,2.141708042472601
modern,3,b_N100_V4,2.150417072698474
modern,3,b_N100_V4,2.1887500770390034
modern,3,b_N100_V4,2.1643330110237002
modern,3,b_N100_V4,2.1582499612122774
modern,3,b_N100_V4,2.1659579360857606
modern,3,b_N100_V4,2.1858749678358436
modern,3,b_N100_V4,2.2227499866858125
modern,3,b_N100_V4,2.1730000153183937
modern,3,b_N100_V4,2.1475000539794564
modern,3,b_N100_V4,2.150209038518369
modern,3,b_N100_V4,2.139332937076688
modern,3,b_N100_V4,2.1404590224847198
modern,3,b_N100_V4,2.1325420821085572
modern,3,b_N100_V4,2.524915966205299
modern,3,b_N100_V4,2.6287080254405737
modern,3,b_N100_V4,2.6737090665847063
modern,3,b_N100_V4,2.3955421056598425
modern,3,b_N100_V4,2.225083066150546
modern,3,b_N100_V4,2.205000026151538
modern,3,b_N100_V4,2.205416909419
modern,3,b_N100_V4,2.5562080554664135
modern,3,b_N100_V4,2.280208980664611
modern,3,b_N100_V4,2.2154159378260374
modern,3,b_N100_V4,2.203917014412582
modern,3,b_N100_V4,2.1964999614283442
modern,3,b_N100_V4,2.1936659468337893
modern,3,b_N100_V4,2.227207995019853
modern,3,b_N100_V4,2.1880840649828315
modern,3,b_N100_V4,2.2026250371709466
modern,3,b_N100_V4,2.1630420815199614
modern,3,b_N100_V4,2.1578751038759947
modern,3,b_N100_V4,2.2002080222591758
modern,3,b_N100_V4,2.172792097553611
modern,3,b_N100_V4,2.156500006094575
modern,3,b_N100_V4,2.1481660660356283
modern,3,b_N100_V4,2.145166043192148
modern,3,b_N100_V4,2.1595839643850923
modern,3,b_N100_V4,2.3336249869316816
modern,3,b_N100_V4,2.175792003981769
modern,3,b_N100_V4,2.1590839605778456
modern,3,b_N100_V4,2.1627090172842145
modern,3,b_N100_V4,2.1460000425577164
modern,3,b_N100_V4,2.155125024728477
modern,3,b_N100_V4,2.1733749890699983
modern,3,b_N100_V4,2.136999974027276
modern,3,b_N100_V4,2.199209062382579
modern,3,b_N100_V4,2.247416996397078
modern,3,b_N100_V4,2.2442499175667763
modern,3,b_N100_V4,2.1920420695096254
modern,3,b_N100_V4,2.162707969546318
modern,3,b_N100_V4,2.164541045203805
modern,3,b_N100_V4,2.1771250758320093
modern,3,b_N100_V4,2.166665974073112
modern,3,b_N100_V4,2.1480830619111657
modern,3,b_N100_V4,2.1467499900609255
modern,3,b_N100_V4,2.134457929059863
modern,3,b_N100_V4,2.1295829210430384
modern,3,b_N100_V4,2.199333976022899
modern,3,b_N100_V4,2.1436669630929828
modern,3,b_N100_V4,2.131375018507242
modern,3,b_N100_V4,2.1222089417278767
modern,3,b_N100_V4,2.1325420821085572
modern,3,b_N100_V4,2.159083029255271
modern,3,b_N100_V4,2.1396660013124347
modern,3,b_N100_V4,2.1576660219579935
modern,3,b_N100_V4,2.1363330306485295
modern,3,b_N100_V4,2.1281250519677997
modern,3,b_N100_V4,2.146625076420605
modern,3,b_N100_V4,2.154167043045163
modern,3,b_N100_V4,2.130458946339786
modern,3,b_N100_V4,2.1699999924749136
modern,3,b_N100_V4,2.146166982129216
modern,3,b_N100_V4,2.1548749646171927
modern,3,b_N100_V4,2.1221659844741225
modern,3,b_N100_V4,2.128124935552478
modern,3,b_N100_V4,2.113124937750399
modern,3,b_N100_V4,2.144875004887581
modern,3,b_N100_V4,2.192583051510155
modern,3,b_N100_V4,2.162249991670251
modern,3,b_N100_V4,2.1209169644862413
modern,3,b_N100_V4,2.1310830488801003
modern,3,b_N100_V4,2.1110420348122716
modern,3,b_N100_V4,2.123708021827042
modern,3,b_N100_V4,2.120500081218779
modern,3,b_N100_V4,2.137291943654418
modern,3,b_N100_V4,2.122208010405302
modern,3,b_N100_V4,2.124333055689931
modern,3,b_N100_V4,2.1219589980319142
modern,3,b_N100_V4,2.1118749864399433
modern,3,b_N100_V4,2.1443329751491547
modern,3,b_N100_V4,2.1329589653760195
modern,3,b_N100_V4,2.10320798214525
modern,3,b_N100_V4,2.150957938283682
modern,3,b_N100_V4,2.115459064953029
modern,3,b_N100_V4,2.1010420750826597
modern,3,b_N100_V4,2.1213750587776303
modern,3,b_N100_V4,2.121875062584877
modern,3,b_N100_V4,2.110125031322241
modern,3,b_N100_V4,2.0972919883206487
modern,3,b_N100_V4,2.13274999987334
modern,3,b_N100_V4,2.107833046466112
modern,3,b_N100_V4,2.1023749141022563
modern,3,b_N100_V4,2.137084025889635
modern,3,b_N100_V4,2.1096670534461737
modern,3,b_N100_V4,2.129207947291434
modern,3,b_N100_V4,2.110249944962561
modern,3,b_N100_V4,2.2026249207556248
modern,3,b_N100_V4,2.215667045675218
modern,3,b_N100_V4,2.1666670218110085
modern,3,b_N100_V4,2.196707995608449
modern,3,b_N100_V4,2.150875050574541
modern,3,b_N100_V4,2.141083008609712
modern,3,b_N100_V4,2.1422499557957053
modern,3,b_N100_V4,2.1390420151874423
modern,3,b_N100_V4,2.1524999756366014
modern,3,b_N100_V4,2.1335839992389083
modern,3,b_N100_V4,2.1358339581638575
modern,3,b_N100_V4,2.123542013578117
modern,3,b_N100_V4,2.1481249714270234
modern,3,b_N100_V4,2.138333977200091
modern,3,b_N100_V4,2.1757499780505896
modern,3,b_N100_V4,2.13795795571059
modern,3,b_N100_V4,2.126000006683171
modern,3,b_N100_V4,2.1921669831499457
modern,3,b_N100_V4,2.140417112968862
modern,3,b_N100_V4,2.122416044585407
modern,3,b_N100_V4,2.132166991941631
modern,3,b_N100_V4,3.095333930104971
modern,3,b_N100_V4,2.3203749442473054
modern,3,b_N100_V4,2.221499918960035
modern,3,b_N100_V4,2.234457992017269
modern,3,b_N100_V4,2.1923749009147286
modern,3,b_N100_V4,2.201374969445169
modern,3,b_N100_V4,2.1896250545978546
modern,3,b_N100_V4,2.222166978754103
modern,3,b_N100_V4,2.2806250490248203
modern,3,b_N100_V4,2.1811670158058405
modern,3,b_N100_V4,2.1730420412495732
modern,3,b_N100_V4,2.1698750788345933
modern,3,b_N100_V4,2.1774170454591513
modern,3,b_N100_V4,2.1548750810325146
modern,3,b_N100_V4,2.322667045518756
modern,3,b_N100_V4,2.531499951146543
modern,3,b_N100_V4,2.195167005993426
modern,3,b_N100_V4,2.1739999065175653
modern,3,b_N100_V4,2.1572919795289636
modern,3,b_N100_V4,2.1620839834213257
modern,3,b_N100_V4,2.1547909127548337
modern,3,b_N100_V4,2.1601669723168015
modern,3,b_N100_V4,2.1683749509975314
modern,3,b_N100_V4,2.1470830542966723
modern,3,b_N100_V4,2.1672500297427177
modern,3,b_N100_V4,2.154167043045163
modern,3,b_N100_V4,2.2309160558506846
modern,3,b_N100_V4,2.145332982763648
modern,3,b_N100_V4,2.134750015102327
modern,3,b_N100_V4,2.129125059582293
modern,3,b_N100_V4,2.1307499846443534
modern,3,b_N100_V4,2.1340419771149755
modern,3,b_N100_V4,2.1648749243468046
modern,3,b_N100_V4,2.1449170308187604
modern,3,b_N100_V4,2.13329098187387
modern,3,b_N100_V4,2.2464999929070473
modern,3,b_N100_V4,2.147334045730531
modern,3,b_N100_V4,2.180667011998594
modern,3,b_N100_V4,2.1486670011654496
modern,3,b_N100_V4,2.2149999858811498
modern,3,b_N100_V4,2.2414999548345804
modern,3,b_N100_V4,2.181667019613087
modern,3,b_N100_V4,2.1784999407827854
modern,3,b_N100_V4,2.1641249768435955
modern,3,b_N100_V4,2.14179209433496
modern,3,b_N100_V4,2.189332968555391
modern,3,b_N100_V4,2.1515830885618925
modern,3,b_N100_V4,2.1358339581638575
modern,3,b_N100_V4,2.1432500798255205
modern,3,b_N100_V4,2.1349579328671098
modern,3,b_N100_V4,2.155416994355619
modern,3,b_N100_V4,2.1428329637274146
modern,3,b_N100_V4,2.1357079967856407
modern,3,b_N100_V4,2.128915977664292
modern,3,b_N100_V4,2.168749924749136
modern,3,b_N100_V4,2.629249938763678
modern,3,b_N100_V4,2.3094170028343797
modern,3,b_N100_V4,2.292291959747672
modern,3,b_N100_V4,2.2353329695761204
modern,3,b_N100_V4,2.2163750836625695
modern,3,b_N100_V4,2.2228750167414546
modern,3,b_N100_V4,2.2100830683484674
modern,3,b_N100_V4,2.2176249185577035
modern,3,b_N100_V4,2.1873750956729054
modern,3,b_N100_V4,2.199749927967787
modern,3,b_N100_V4,2.1552499383687973
modern,3,b_N100_V4,2.2363748867064714
modern,3,b_N100_V4,2.1751669701188803
modern,3,b_N100_V4,2.190415980294347
modern,3,b_N100_V4,2.189874998293817
modern,3,b_N100_V4,2.1663749357685447
modern,3,b_N100_V4,2.6457079220563173
modern,3,b_N100_V4,2.163165947422385
modern,3,b_N100_V4,2.1710830042138696
modern,3,b_N100_V4,2.1890420466661453
modern,3,b_N100_V4,2.1792909828945994
modern,3,b_N100_V4,2.1945000626146793
modern,3,b_N100_V4,2.163916011340916
modern,3,b_N100_V4,2.1983750630170107
modern,3,b_N100_V4,2.1682499209418893
modern,3,b_N100_V4,2.192124957218766
modern,3,b_N100_V4,2.1804579300805926
modern,3,b_N100_V4,2.203291980549693
modern,3,b_N100_V4,2.1771249594166875
modern,3,b_N100_V4,2.173124928958714
modern,3,b_N100_V4,2.154499990865588
modern,3,b_N100_V4,2.1782920230180025
modern,3,b_N100_V4,2.211082959547639
modern,3,b_N100_V4,2.161832991987467
modern,3,b_N100_V4,2.1530420053750277
modern,3,b_N100_V4,2.1748750004917383
modern,3,b_N100_V4,2.1431250497698784
modern,3,b_N100_V4,2.1403339924290776
modern,3,b_N100_V4,2.138541080057621
modern,3,b_N100_V4,2.167167025618255
modern,3,b_N100_V4,2.166584017686546
modern,3,b_N100_V4,2.16599996201694
modern,3,b_N100_V4,2.166832913644612
modern,3,b_N100_V4,2.1744590485468507
modern,3,b_N100_V4,2.2555419709533453
modern,3,b_N100_V4,2.2764590103179216
modern,3,b_N100_V4,2.2305420134216547
modern,3,b_N100_V4,2.1791659528389573
modern,3,b_N100_V4,2.5784169556573033
modern,3,b_N100_V4,2.4835829390212893
modern,3,b_N100_V4,2.373084076680243
modern,3,b_N100_V4,2.43237498216331
modern,3,b_N100_V4,2.465166966430843
modern,3,b_N100_V4,2.6736250147223473
modern,3,b_N100_V4,2.549458993598819
modern,3,b_N100_V4,2.391583053395152
modern,3,b_N100_V4,2.2292499197646976
modern,3,b_N100_V4,2.1836248924955726
modern,3,b_N100_V4,2.2239999379962683
modern,3,b_N100_V4,2.1864590235054493
modern,3,b_N100_V4,2.2094169398769736
modern,3,b_N100_V4,2.1870420314371586
modern,3,b_N100_V4,2.2003339836373925
modern,3,b_N100_V4,2.2257090313360095
modern,3,b_N100_V4,2.198167028836906
modern,3,b_N100_V4,2.190583967603743
modern,3,b_N100_V4,2.1653330186381936
modern,3,b_N100_V4,2.191375009715557
modern,3,b_N100_V4,2.1697080228477716
modern,3,b_N100_V4,2.172584063373506
modern,3,b_N100_V4,2.169333049096167
modern,3,b_N100_V4,2.1718330681324005
modern,3,b_N100_V4,2.1584169007837772
modern,3,b_N100_V4,2.228999976068735
modern,3,b_N100_V4,2.1566249197348952
modern,3,b_N100_V4,2.1489999489858747
modern,3,b_N100_V4,2.172832959331572
modern,3,b_N100_V4,2.178582944907248
modern,3,b_N100_V4,2.137833973392844
modern,3,b_N100_V4,2.1607920061796904
modern,3,b_N100_V4,2.1742499666288495
modern,3,b_N100_V4,2.1559169981628656
modern,3,b_N100_V4,2.1712499437853694
modern,3,b_N100_V4,2.1816249936819077
modern,3,b_N100_V4,2.1699999924749136
modern,3,b_N100_V4,2.146415994502604
modern,3,b_N100_V4,2.146958955563605
modern,3,b_N100_V4,2.1602920023724437
modern,3,b_N100_V4,2.1717919735237956
modern,3,b_N100_V4,2.139125019311905
modern,3,b_N100_V4,2.1603748900815845
modern,3,b_N100_V4,2.152416971512139
modern,3,b_N100_V4,2.147083985619247
modern,3,b_N100_V4,2.1970419911667705
modern,3,b_N100_V4,2.1819579415023327
modern,3,b_N100_V4,2.150790998712182
modern,3,b_N100_V4,2.15162499807775
modern,3,b_N100_V4,2.1459170384332538
modern,3,b_N100_V4,2.152125001884997
modern,3,b_N100_V4,2.1600420586764812
modern,3,b_N100_V4,2.1632499992847443
modern,3,b_N100_V4,2.162375021725893
modern,3,b_N100_V4,2.155208960175514
modern,3,b_N100_V4,2.1866249153390527
modern,3,b_N100_V4,2.3252080427482724
modern,3,b_N100_V4,2.184833982028067
modern,3,b_N100_V4,2.1609999239444733
modern,3,b_N100_V4,2.1487920312210917
modern,3,b_N100_V4,2.1749590523540974
modern,3,b_N100_V4,2.1392080234363675
modern,3,b_N100_V4,2.136541996151209
modern,3,b_N100_V4,2.1583749912679195
modern,3,b_N100_V4,2.633625059388578
modern,3,b_N100_V4,2.1387499291449785
modern,3,b_N100_V4,2.1754589397460222
modern,3,b_N100_V4,2.1366250002756715
modern,3,b_N100_V4,2.1281669614836574
modern,3,b_N100_V4,2.132292021997273
modern,3,b_N100_V4,2.1127499639987946
modern,3,b_N100_V4,2.1332920296117663
modern,3,b_N100_V4,2.130041946657002
modern,3,b_N100_V4,2.1222919458523393
modern,3,b_N100_V4,2.1151669789105654
modern,3,b_N100_V4,2.116834046319127
modern,3,b_N100_V4,2.1310000447556376
modern,3,b_N100_V4,2.143625053577125
modern,3,b_N100_V4,2.124292077496648
modern,3,b_N100_V4,2.139708027243614
modern,3,b_N100_V4,2.1202079951763153
modern,3,b_N100_V4,2.1338339429348707
modern,3,b_N100_V4,2.5866669602692127
modern,3,b_N100_V4,2.258167020045221
modern,3,b_N100_V4,2.19158292748034
modern,3,b_N100_V4,2.185666933655739
modern,3,b_N100_V4,2.1722499513998628
modern,3,b_N100_V4,2.2125840187072754
modern,3,b_N100_V4,2.158417017199099
modern,3,b_N100_V4,2.1539999870583415
modern,3,b_N100_V4,2.1475410321727395
modern,3,b_N100_V4,2.14079103898257
modern,3,b_N100_V4,2.151917084120214
modern,3,b_N100_V4,2.1491659572348
modern,3,b_N100_V4,2.145625068806112
modern,3,b_N100_V4,2.1431249333545566
modern,3,b_N100_V4,2.1752920001745224
modern,3,b_N100_V4,2.140207914635539
modern,3,b_N100_V4,2.1789169404655695
modern,3,b_N100_V4,2.1422499557957053
modern,3,b_N100_V4,2.1392919588834047
modern,3,b_N100_V4,2.1370829781517386
modern,3,b_N100_V4,2.1417499519884586
modern,3,b_N100_V4,2.127332962118089
modern,3,b_N100_V4,2.131666988134384
modern,3,b_N100_V4,2.1439590491354465
modern,3,b_N100_V4,2.149041974917054
modern,3,b_N100_V4,2.1226670360192657
modern,3,b_N100_V4,2.148958039470017
modern,3,b_N100_V4,2.121250028721988
modern,3,b_N100_V4,2.152208937332034
modern,3,b_N100_V4,2.1378749515861273
modern,3,b_N100_V4,2.1492079831659794
modern,3,b_N100_V4,2.1859999978914857
modern,3,b_N100_V4,2.119499957188964
modern,3,b_N100_V4,2.1252079168334603
modern,3,b_N100_V4,2.2513330914080143
modern,3,b_N100_V4,2.342625055462122
modern,3,b_N100_V4,2.3448331048712134
modern,3,b_N100_V4,2.2898749448359013
modern,3,b_N100_V4,2.17270792927593
modern,3,b_N100_V4,2.2848339285701513
modern,3,b_N100_V4,2.24204093683511
modern,3,b_N100_V4,2.262542024254799
modern,3,b_N100_V4,2.162958960980177
modern,3,b_N100_V4,2.262125024572015
modern,3,b_N100_V4,3.285582992248237
modern,3,b_N100_V4,2.4790409952402115
modern,3,b_N100_V4,2.238459070213139
modern,3,b_N100_V4,2.4699580390006304
modern,3,b_N100_V4,2.5335829704999924
modern,3,b_N100_V4,2.3139170370996
modern,3,b_N100_V4,2.196792047470808
modern,3,b_N100_V4,2.299209008924663
modern,3,b_N100_V4,2.303500077687204
modern,3,b_N100_V4,2.299125073477626
modern,3,b_N100_V4,2.194541972130537
modern,3,b_N100_V4,2.42433394305408
modern,3,b_N100_V4,2.168582985177636
modern,3,b_N100_V4,2.311500022187829
modern,3,b_N100_V4,2.3012920282781124
modern,3,b_N100_V4,2.2872500121593475
modern,3,b_N100_V4,2.169916988350451
modern,3,b_N100_V4,2.2852920228615403
modern,3,b_N100_V4,2.215250045992434
modern,3,b_N100_V4,2.264459035359323
modern,3,b_N100_V4,2.261082991026342
modern,3,b_N100_V4,2.2720000706613064
modern,3,b_N100_V4,2.151374937966466
modern,3,b_N100_V4,2.272625104524195
modern,3,b_N100_V4,2.2754169767722487
modern,3,b_N100_V4,2.279624924995005
modern,3,b_N100_V4,2.163333003409207
modern,3,b_N100_V4,2.253792015835643
modern,3,b_N100_V4,2.1612090058624744
modern,3,b_N100_V4,2.266708994284272
modern,3,b_N100_V4,2.2540829377248883
modern,3,b_N100_V4,2.2458339808508754
modern,3,b_N100_V4,2.170333988033235
modern,3,b_N100_V4,2.2664580028504133
modern,3,b_N100_V4,2.2627500584349036
modern,3,b_N100_V4,2.2712500067427754
modern,3,b_N100_V4,2.2133750608190894
modern,3,b_N100_V4,2.25441693328321
modern,3,b_N100_V4,2.1508330246433616
modern,3,b_N100_V4,2.251707948744297
modern,3,b_N100_V4,2.1682920632883906
modern,3,b_N100_V4,2.2549579152837396
modern,3,b_N100_V4,2.130707958713174
modern,3,b_N100_V4,2.2500839550048113
modern,3,b_N100_V4,2.163709024898708
modern,3,b_N100_V4,2.280708053149283
modern,3,b_N100_V4,2.2494170116260648
modern,3,b_N100_V4,2.2722090361639857
modern,3,b_N100_V4,2.1396250231191516
modern,3,b_N100_V4,2.2730000782757998
modern,3,b_N100_V4,2.2260419791564345
modern,3,b_N100_V4,2.2280829725787044
modern,3,b_N100_V4,2.1769170416519046
modern,3,b_N100_V4,2.178416005335748
modern,3,b_N100_V4,2.168457955121994
modern,3,b_N100_V4,2.2807089844718575
modern,3,b_N100_V4,2.142749959602952
modern,3,b_N100_V4,2.151708002202213
modern,3,b_N100_V4,2.1288749994710088
modern,3,b_N100_V4,2.13425001129508
modern,3,b_N100_V4,2.137875068001449
modern,3,b_N100_V4,2.1382919512689114
modern,3,b_N100_V4,2.1289580035954714
modern,3,b_N100_V4,2.120707998983562
modern,3,b_N100_V4,2.1149999229237437
modern,3,b_N100_V4,2.161000040359795
modern,3,b_N100_V4,2.138708019629121
modern,3,b_N100_V4,2.1720000077039003
modern,3,b_N100_V4,2.269540913403034
modern,3,b_N100_V4,2.5925409281626344
modern,3,b_N100_V4,2.1901250584051013
modern,3,b_N100_V4,2.1528330398723483
modern,3,b_N100_V4,2.1878749830648303
modern,3,b_N100_V4,2.1168329985812306
modern,3,b_N100_V4,2.121791010722518
modern,3,b_N100_V4,2.133999951183796
modern,3,b_N100_V4,2.1577919833362103
modern,3,b_N100_V4,2.1186660742387176
modern,3,b_N100_V4,2.1238329354673624
modern,3,b_N100_V4,2.12524994276464
modern,3,b_N100_V4,2.134874928742647
modern,3,b_N100_V4,2.1115000126883388
modern,3,b_N100_V4,2.1065420005470514
modern,3,b_N100_V4,2.1042920416221023
modern,3,b_N100_V4,2.116624964401126
modern,3,b_N100_V4,2.1452499786391854
modern,3,b_N100_V4,2.1517500281333923
modern,3,b_N100_V4,2.121124998666346
modern,3,b_N100_V4,2.1225420059636235
modern,3,b_N100_V4,2.1063750609755516
modern,3,b_N100_V4,2.125042024999857
modern,3,b_N100_V4,2.1087919594720006
modern,3,b_N100_V4,2.121333032846451
modern,3,b_N100_V4,2.1237499313429
modern,3,b_N100_V4,2.117333933711052
modern,3,b_N100_V4,2.118583070114255
modern,3,b_N100_V4,2.114499919116497
modern,3,b_N100_V4,2.163875033147633
modern,3,b_N100_V4,2.3610839853063226
modern,3,b_N100_V4,2.122208010405302
modern,3,b_N100_V4,2.098041004501283
modern,3,b_N100_V4,2.1023330045863986
modern,3,b_N100_V4,2.165250014513731
modern,3,b_N100_V4,2.1216250024735928
modern,3,b_N100_V4,2.1150000393390656
modern,3,b_N100_V4,2.1089580841362476
modern,3,b_N100_V4,2.108166925609112
modern,3,b_N100_V4,2.1307910792529583
modern,3,b_N100_V4,2.118124975822866
modern,3,b_N100_V4,2.1092499373480678
modern,3,b_N100_V4,2.209999947808683
modern,3,b_N100_V4,2.2450831020250916
modern,3,b_N100_V4,2.244833973236382
modern,3,b_N100_V4,2.1920419530943036
modern,3,b_N100_V4,2.148207975551486
modern,3,b_N100_V4,2.2107920376583934
modern,3,b_N100_V4,2.187332953326404
modern,3,b_N100_V4,2.218667068518698
modern,3,b_N100_V4,2.3052500328049064
modern,3,b_N100_V4,2.1914580138400197
modern,3,b_N100_V4,2.176417037844658
modern,3,b_N100_V4,2.175208064727485
modern,3,b_N100_V4,2.1366659784689546
modern,3,b_N100_V4,2.159333089366555
modern,3,b_N100_V4,2.186749945394695
modern,3,b_N100_V4,2.1646670065820217
modern,3,b_N100_V4,2.1878749830648303
modern,3,b_N100_V4,2.213040948845446
modern,3,b_N100_V4,2.1710830042138696
modern,3,b_N100_V4,2.1325829438865185
modern,3,b_N100_V4,2.20662506762892
modern,3,b_N100_V4,2.19308293890208
modern,3,b_N100_V4,2.186708035878837
modern,3,b_N100_V4,2.2127500269562006
modern,3,b_N100_V4,2.167833037674427
modern,3,b_N100_V4,2.158457995392382
modern,3,b_N100_V4,2.230208949185908
modern,3,b_N100_V4,2.1751249441877007
modern,3,b_N100_V4,2.1605000365525484
modern,3,b_N100_V4,2.155915950424969
modern,3,b_N100_V4,2.1392919588834047
modern,3,b_N100_V4,2.1524580661207438
modern,3,b_N100_V4,2.215667045675218
modern,3,b_N100_V4,2.169791958294809
modern,3,b_N100_V4,2.1664579398930073
modern,3,b_N100_V4,2.162375021725893
modern,3,b_N100_V4,2.182458061724901
modern,3,b_N100_V4,2.151000080630183
modern,3,b_N100_V4,2.219750080257654
modern,3,b_N100_V4,2.1858749678358436
modern,3,b_N100_V4,2.1777080837637186
modern,3,b_N100_V4,2.1586669608950615
modern,3,b_N100_V4,2.17120791785419
modern,3,b_N100_V4,2.1642500068992376
modern,3,b_N100_V4,2.1997919538989663
modern,3,b_N100_V4,2.1937499986961484
modern,3,b_N100_V4,2.1348330192267895
modern,3,b_N100_V4,2.1598750026896596
modern,3,b_N100_V4,2.1681670332327485
modern,3,b_N100_V4,2.173417015001178
modern,3,b_N100_V4,2.197416964918375
modern,3,b_N100_V4,2.190166967920959
modern,3,b_N100_V4,2.130958018824458
modern,3,b_N100_V4,2.27816600818187
modern,3,b_N100_V4,2.1944580366835
modern,3,b_N100_V4,2.132958034053445
modern,3,b_N100_V4,2.188666956499219
modern,3,b_N100_V4,2.189957886002958
modern,3,b_N100_V4,2.188708051107824
modern,3,b_N100_V4,2.228416968137026
modern,3,b_N100_V4,2.259542001411319
modern,3,b_N100_V4,2.2466249065473676
modern,3,b_N100_V4,2.2102498915046453
modern,3,b_N100_V4,2.2371249506250024
modern,3,b_N100_V4,2.1765409037470818
modern,3,b_N100_V4,2.212374936789274
modern,3,b_N100_V4,2.1459159906953573
modern,3,b_N100_V4,2.139915945008397
modern,3,b_N100_V4,2.1509999642148614
modern,3,b_N100_V4,2.2299999836832285
modern,3,b_N100_V4,2.142291981726885
modern,3,b_N100_V4,2.147417049854994
modern,3,b_N100_V4,2.17054202221334
modern,3,b_N100_V4,2.1762499818578362
modern,3,b_N100_V4,2.1606249501928687
modern,3,b_N100_V4,2.14112491812557
modern,3,b_N100_V4,2.165707992389798
modern,3,b_N100_V4,2.1633339347317815
modern,3,b_N100_V4,2.1772499894723296
modern,3,b_N100_V4,2.2250829497352242
modern,3,b_N100_V4,2.17870797496289
modern,3,b_N100_V4,2.13629100471735
modern,3,b_N100_V4,2.148958039470017
modern,3,b_N100_V4,2.181416959501803
modern,3,b_N100_V4,2.252959064207971
modern,3,b_N100_V4,2.233250066637993
modern,3,b_N100_V4,2.138499985449016
modern,3,b_N100_V4,2.1304580150172114
modern,3,b_N100_V4,2.1283329697325826
modern,3,b_N100_V4,2.167249913327396
modern,3,b_N100_V4,2.190541010349989
modern,3,b_N100_V4,2.180707990191877
modern,3,b_N100_V4,2.135624992661178
modern,3,b_N100_V4,2.1424159640446305
modern,3,b_N100_V4,2.1362919360399246
modern,3,b_N100_V4,2.17054202221334
modern,3,b_N100_V4,2.1560000022873282
modern,3,b_N100_V4,2.174624940380454
modern,3,b_N100_V4,2.135833026841283
modern,3,b_N100_V4,2.1540840389207006
modern,3,b_N100_V4,2.154708025045693
modern,3,b_N100_V4,2.22250004298985
modern,3,b_N100_V4,2.1828330354765058
modern,3,b_N100_V4,2.1716670598834753
modern,3,b_N100_V4,2.143374993465841
modern,3,b_N100_V4,2.1692500449717045
modern,3,b_N100_V4,2.156833070330322
modern,3,b_N100_V4,2.1541669266298413
modern,3,b_N100_V4,2.109832945279777
modern,3,b_N100_V4,2.1641249768435955
modern,3,b_N100_V4,2.120999968610704
modern,3,b_N100_V4,2.1942920284345746
modern,3,b_N100_V4,2.151708002202213
modern,3,b_N100_V4,2.1728340070694685
modern,3,b_N100_V4,2.204249962233007
modern,3,b_N100_V4,2.1831670310348272
modern,3,b_N100_V4,2.114917035214603
modern,3,b_N100_V4,3.1740000704303384
modern,3,b_N100_V4,2.3527080193161964
modern,3,b_N100_V4,2.306041889823973
modern,3,b_N100_V4,2.3081250255927444
modern,3,b_N100_V4,2.313499921001494
modern,3,b_N100_V4,2.2159169893711805
modern,3,b_N100_V4,2.2015420254319906
modern,3,b_N100_V4,2.188541926443577
modern,3,b_N100_V4,2.1857499377802014
modern,3,b_N100_V4,2.1804169518873096
modern,3,b_N100_V4,2.184457960538566
modern,3,b_N100_V4,2.1762920077890158
modern,3,b_N100_V4,2.1819580579176545
modern,3,b_N100_V4,2.1565830102190375
modern,3,b_N100_V4,2.1582500776275992
modern,3,b_N100_V4,2.1858750842511654
modern,3,b_N100_V4,2.169082988984883
modern,3,b_N100_V4,2.1634999429807067
modern,3,b_N100_V4,2.1543329348787665
modern,3,b_N100_V4,2.1530830999836326
modern,3,b_N100_V4,2.146041952073574
modern,3,b_N100_V4,2.166416961699724
modern,3,b_N100_V4,2.1609170362353325
modern,3,b_N100_V4,2.149375039152801
modern,3,b_N100_V4,2.171291969716549
modern,3,b_N100_V4,2.1776669891551137
modern,3,b_N100_V4,2.1482500014826655
modern,3,b_N100_V4,2.283166046254337
modern,3,b_N100_V4,2.244250033982098
modern,3,b_N100_V4,2.1670410642400384
modern,3,b_N100_V4,2.1507920464500785
modern,3,b_N100_V4,2.1441250573843718
modern,3,b_N100_V4,2.206583973020315
modern,3,b_N100_V4,2.161166979931295
modern,3,b_N100_V4,2.137084025889635
modern,3,b_N100_V4,2.1515419939532876
modern,3,b_N100_V4,2.2410419769585133
modern,3,b_N100_V4,2.1494999527931213
modern,3,b_N100_V4,2.1504589822143316
modern,3,b_N100_V4,2.140917000360787
modern,3,b_N100_V4,2.135499962605536
modern,3,b_N100_V4,2.155209076590836
modern,3,b_N100_V4,2.160915988497436
modern,3,b_N100_V4,2.1441250573843718
modern,3,b_N100_V4,2.12808302603662
modern,3,b_N100_V4,2.137458068318665
modern,3,b_N100_V4,2.1685410756617785
modern,3,b_N100_V4,2.152874949388206
modern,3,b_N100_V4,2.149209030903876
modern,3,b_N100_V4,2.1511660888791084
modern,3,b_N100_V4,2.1488339407369494
modern,3,b_N100_V4,2.2175420308485627
modern,3,b_N100_V4,2.146166982129216
modern,3,b_N100_V4,2.1374589996412396
modern,3,b_N100_V4,2.141500008292496
modern,3,b_N100_V4,2.115999930538237
modern,3,b_N100_V4,2.1216250024735928
modern,3,b_N100_V4,2.150084008462727
modern,3,b_N100_V4,2.273541991598904
modern,3,b_N100_V4,2.1415840601548553
modern,3,b_N100_V4,2.144542057067156
modern,3,b_N100_V4,2.120500081218779
modern,3,b_N100_V4,2.1198339527472854
modern,3,b_N100_V4,2.2196669597178698
modern,3,b_N100_V4,2.1713749738410115
modern,3,b_N100_V4,2.227499964646995
modern,3,b_N100_V4,2.246915944851935
modern,3,b_N100_V4,2.145084086805582
modern,3,b_N100_V4,2.203167066909373
modern,3,b_N100_V4,2.199291018769145
modern,3,b_N100_V4,2.184458076953888
modern,3,b_N100_V4,2.1613750141113997
modern,3,b_N100_V4,2.1611660486087203
modern,3,b_N100_V4,2.1166250808164477
modern,3,b_N100_V4,2.1751249441877007
modern,3,b_N100_V4,2.17691611032933
modern,3,b_N100_V4,2.189000020734966
modern,3,b_N100_V4,2.259874949231744
modern,3,b_N100_V4,2.177082933485508
modern,3,b_N100_V4,2.163624973036349
modern,3,b_N100_V4,2.154333982616663
modern,3,b_N100_V4,2.135499962605536
modern,3,b_N100_V4,2.1352500189095736
modern,3,b_N100_V4,2.128208987414837
modern,3,b_N100_V4,2.156917005777359
modern,3,b_N100_V4,2.1408749744296074
modern,3,b_N100_V4,2.1622501080855727
modern,3,b_N100_V4,2.1807498997077346
modern,3,b_N100_V4,2.2535830503329635
modern,3,b_N100_V4,2.10787495598197
modern,3,b_N100_V4,2.164207980968058
modern,3,b_N100_V4,2.149374922737479
modern,3,b_N100_V4,2.1647500107064843
modern,3,b_N100_V4,2.1283329697325826
modern,3,b_N100_V4,2.168457955121994
modern,3,b_N100_V4,2.1084999898448586
modern,3,b_N100_V4,2.1831250051036477
modern,3,b_N100_V4,2.254875027574599
modern,3,b_N100_V4,2.289333031512797
modern,3,b_N100_V4,2.110125031322241
modern,3,b_N100_V4,2.2028330713510513
modern,3,b_N100_V4,2.10266700014472
modern,3,b_N100_V4,2.109791967086494
modern,3,b_N100_V4,2.165667014196515
modern,3,b_N100_V4,2.17366695869714
modern,3,b_N100_V4,2.1464169258251786
modern,3,b_N100_V4,2.251082914881408
modern,3,b_N100_V4,2.1786249708384275
modern,3,b_N100_V4,2.1990840323269367
modern,3,b_N100_V4,2.136124996468425
modern,3,b_N100_V4,2.172374981455505
modern,3,b_N100_V4,2.12958303745836
modern,3,b_N100_V4,2.183833043090999
modern,3,b_N100_V4,2.174084074795246
modern,3,b_N100_V4,2.145125064998865
modern,3,b_N100_V4,2.1428330801427364
modern,3,b_N100_V4,2.153709065169096
modern,3,b_N100_V4,2.1420419216156006
modern,3,b_N100_V4,2.283375011757016
modern,3,b_N100_V4,2.1701669320464134
modern,3,b_N100_V4,2.1659169578924775
modern,3,b_N100_V4,2.1370419999584556
modern,3,b_N100_V4,2.1317920181900263
modern,3,b_N100_V4,2.2215000353753567
modern,3,b_N100_V4,2.1976249990984797
modern,3,b_N100_V4,2.165250014513731
modern,3,b_N100_V4,2.1509999642148614
modern,3,b_N100_V4,2.1550829987972975
modern,3,b_N100_V4,2.1661249920725822
modern,3,b_N100_V4,2.2290829801931977
modern,3,b_N100_V4,2.1339169470593333
modern,3,b_N100_V4,2.1389590110629797
modern,3,b_N100_V4,2.133500063791871
modern,3,b_N100_V4,2.1310000447556376
modern,3,b_N100_V4,2.1375829819589853
modern,3,b_N100_V4,2.1403749706223607
modern,3,b_N100_V4,2.135541057214141
modern,3,b_N100_V4,2.1246669348329306
modern,3,b_N100_V4,2.120500081218779
modern,3,b_N100_V4,2.146999933756888
modern,3,b_N100_V4,2.160875010304153
modern,3,b_N100_V4,2.1163749042898417
modern,3,b_N100_V4,2.1349579328671098
modern,3,b_N100_V4,2.128042047843337
modern,3,b_N100_V4,2.124208025634289
modern,3,b_N100_V4,2.1415409864857793
modern,3,b_N100_V4,2.132834051735699
modern,3,b_N100_V4,2.124416991136968
modern,3,b_N100_V4,2.138999989256263
modern,3,b_N100_V4,2.179875038564205
modern,3,b_N100_V4,2.3921250831335783
modern,3,b_N100_V4,2.1346660796552896
modern,3,b_N100_V4,2.1335839992389083
modern,3,b_N100_V4,2.1249999990686774
modern,3,b_N100_V4,2.1162080811336637
modern,3,b_N100_V4,2.1284589311107993
modern,3,b_N100_V4,2.124332939274609
modern,3,b_N100_V4,2.1791249746456742
modern,3,b_N100_V4,2.144542057067156
modern,3,b_N100_V4,2.1357910009101033
modern,3,b_N100_V4,2.296874998137355
modern,3,b_N100_V4,2.153584035113454
modern,3,b_N100_V4,2.139416988939047
modern,3,b_N100_V4,2.1172920241951942
modern,3,b_N100_V4,2.1164159988984466
modern,3,b_N100_V4,2.1143750054761767
modern,3,b_N100_V4,2.1369170863181353
modern,3,b_N100_V4,2.1224169759079814
modern,3,b_N100_V4,2.1222910145297647
modern,3,b_N100_V4,2.1065830951556563
modern,3,b_N100_V4,2.116624964401126
modern,3,b_N100_V4,2.1479579154402018
modern,3,b_N100_V4,2.1263749804347754
modern,3,b_N100_V4,2.123250043950975
modern,3,b_N100_V4,2.1141249453648925
modern,3,b_N100_V4,2.1113749826326966
modern,3,b_N100_V4,2.1161249605938792
modern,3,b_N100_V4,2.1058330312371254
modern,3,b_N100_V4,2.111000008881092
modern,3,b_N100_V4,2.1561250323429704
modern,3,b_N100_V4,2.1345000714063644
modern,3,b_N100_V4,2.1478330017998815
modern,3,b_N100_V4,2.1297920029610395
modern,3,b_N100_V4,2.200666000135243
modern,3,b_N100_V4,2.194541972130537
modern,3,b_N100_V4,2.1485420875251293
modern,3,b_N100_V4,2.139916061423719
modern,3,b_N100_V4,2.147417049854994
modern,3,b_N100_V4,2.1394999930635095
modern,3,b_N100_V4,2.130375010892749
modern,3,b_N100_V4,2.1561250323429704
modern,3,b_N100_V4,2.166584017686546
modern,3,b_N100_V4,2.1405830048024654
modern,3,b_N100_V4,2.169832936488092
modern,3,b_N100_V4,2.12154199834913
modern,3,b_N100_V4,2.1069999784231186
modern,3,b_N100_V4,2.1098749712109566
modern,3,b_N100_V4,2.14195903390646
modern,3,b_N100_V4,2.098832977935672
modern,3,b_N100_V4,2.1022920263931155
modern,3,b_N100_V4,2.1043330198153853
modern,3,b_N100_V4,2.1056670229882
modern,3,b_N100_V4,2.215708023868501
modern,3,b_N100_V4,2.119291923008859
modern,3,b_N100_V4,2.098082914017141
modern,3,b_N100_V4,2.1147079532966018
modern,3,b_N100_V4,2.11237499024719
modern,3,b_N100_V4,2.1090409718453884
modern,3,b_N100_V4,2.0996249513700604
modern,3,b_N100_V4,2.0956669468432665
modern,3,b_N100_V4,2.1375420037657022
modern,3,b_N100_V4,2.1120000164955854
modern,3,b_N100_V4,2.130792010575533
modern,3,b_N100_V4,2.105582971125841
modern,3,b_N100_V4,2.1109579829499125
modern,3,b_N100_V4,2.3338330211117864
modern,3,b_N100_V4,2.1021250868216157
modern,3,b_N100_V4,2.1030830685049295
modern,3,b_N100_V4,2.1243339870125055
modern,3,b_N100_V4,2.1295419428497553
modern,3,b_N100_V4,2.1034160163253546
modern,3,b_N100_V4,2.11854197550565
modern,3,b_N100_V4,2.1022079745307565
modern,3,b_N100_V4,2.1577919833362103
modern,3,b_N100_V4,2.1866250317543745
modern,3,b_N100_V4,2.1508330246433616
modern,3,b_N100_V4,2.1225420059636235
modern,3,b_N100_V4,2.0938749657943845
modern,3,b_N100_V4,3.1855410197749734
modern,3,b_N100_V4,2.3479590890929103
modern,3,b_N100_V4,2.2129170829430223
modern,3,b_N100_V4,2.2076250752434134
modern,3,b_N100_V4,2.190625062212348
modern,3,b_N100_V4,2.23183399066329
modern,3,b_N100_V4,2.180999959819019
modern,3,b_N100_V4,2.1923749009147286
modern,3,b_N100_V4,2.1694169845432043
modern,3,b_N100_V4,2.1783330012112856
modern,3,b_N100_V4,2.1675409516319633
modern,3,b_N100_V4,2.1579170133918524
modern,3,b_N100_V4,2.2197499638423324
modern,3,b_N100_V4,2.182625001296401
modern,3,b_N100_V4,2.135584014467895
