tool,replicate,config,sub_ms
legacy,4,a_N100_V3+3D,6.81641697883606
legacy,4,a_N100_V3+3D,5.155874998308718
legacy,4,a_N100_V3+3D,5.203459062613547
legacy,4,a_N100_V3+3D,5.079750088043511
legacy,4,a_N100_V3+3D,5.182750057429075
legacy,4,a_N100_V3+3D,5.17712498549372
legacy,4,a_N100_V3+3D,5.146167008206248
legacy,4,a_N100_V3+3D,5.089166108518839
legacy,4,a_N100_V3+3D,5.16420800704509
legacy,4,a_N100_V3+3D,5.0606660079211
legacy,4,a_N100_V3+3D,5.1347920671105385
legacy,4,a_N100_V3+3D,5.1220840541645885
legacy,4,a_N100_V3+3D,5.144875030964613
legacy,4,a_N100_V3+3D,5.115916952490807
legacy,4,a_N100_V3+3D,5.137957981787622
legacy,4,a_N100_V3+3D,5.0341670867055655
legacy,4,a_N100_V3+3D,5.12333307415247
legacy,4,a_N100_V3+3D,5.087750032544136
legacy,4,a_N100_V3+3D,5.145707982592285
legacy,4,a_N100_V3+3D,5.15300000552088
legacy,4,a_N100_V3+3D,5.144999944604933
legacy,4,a_N100_V3+3D,4.993082955479622
legacy,4,a_N100_V3+3D,5.147249903529882
legacy,4,a_N100_V3+3D,5.126749980263412
legacy,4,a_N100_V3+3D,5.5241669761016965
legacy,4,a_N100_V3+3D,5.007290979847312
legacy,4,a_N100_V3+3D,5.158749991096556
legacy,4,a_N100_V3+3D,5.000625038519502
legacy,4,a_N100_V3+3D,5.113666993565857
legacy,4,a_N100_V3+3D,5.100834066979587
legacy,4,a_N100_V3+3D,5.108042038045824
legacy,4,a_N100_V3+3D,5.061957985162735
legacy,4,a_N100_V3+3D,5.017750081606209
legacy,4,a_N100_V3+3D,5.1485830917954445
legacy,4,a_N100_V3+3D,5.113290972076356
legacy,4,a_N100_V3+3D,5.103458999656141
legacy,4,a_N100_V3+3D,5.099709029309452
legacy,4,a_N100_V3+3D,4.931207979097962
legacy,4,a_N100_V3+3D,5.10704203043133
legacy,4,a_N100_V3+3D,5.133750033564866
legacy,4,a_N100_V3+3D,4.984332947060466
legacy,4,a_N100_V3+3D,5.04270801320672
legacy,4,a_N100_V3+3D,5.083041964098811
legacy,4,a_N100_V3+3D,4.994707996957004
legacy,4,a_N100_V3+3D,5.074792075902224
legacy,4,a_N100_V3+3D,5.091917002573609
legacy,4,a_N100_V3+3D,5.128083052113652
legacy,4,a_N100_V3+3D,4.993709037080407
legacy,4,a_N100_V3+3D,4.96258307248354
legacy,4,a_N100_V3+3D,5.01250009983778
legacy,4,a_N100_V3+3D,5.055083078332245
legacy,4,a_N100_V3+3D,5.0434579607099295
legacy,4,a_N100_V3+3D,5.0725830951705575
legacy,4,a_N100_V3+3D,4.929166985675693
legacy,4,a_N100_V3+3D,5.088374949991703
legacy,4,a_N100_V3+3D,5.055333022028208
legacy,4,a_N100_V3+3D,5.083083990029991
legacy,4,a_N100_V3+3D,5.059625022113323
legacy,4,a_N100_V3+3D,5.310832988470793
legacy,4,a_N100_V3+3D,4.961166996508837
legacy,4,a_N100_V3+3D,6.173917092382908
legacy,4,a_N100_V3+3D,5.498375045135617
legacy,4,a_N100_V3+3D,5.523083033040166
legacy,4,a_N100_V3+3D,6.1127920635044575
legacy,4,a_N100_V3+3D,5.4160000290721655
legacy,4,a_N100_V3+3D,5.421874928288162
legacy,4,a_N100_V3+3D,5.400166031904519
legacy,4,a_N100_V3+3D,5.371541948989034
legacy,4,a_N100_V3+3D,5.380666931159794
legacy,4,a_N100_V3+3D,5.3907090332359076
legacy,4,a_N100_V3+3D,5.409957957454026
legacy,4,a_N100_V3+3D,5.432083969935775
legacy,4,a_N100_V3+3D,5.37041702773422
legacy,4,a_N100_V3+3D,5.336000001989305
legacy,4,a_N100_V3+3D,5.3732499945908785
legacy,4,a_N100_V3+3D,5.405417061410844
legacy,4,a_N100_V3+3D,5.351833067834377
legacy,4,a_N100_V3+3D,5.371875013224781
legacy,4,a_N100_V3+3D,5.365416058339179
legacy,4,a_N100_V3+3D,5.341917043551803
legacy,4,a_N100_V3+3D,5.376333021558821
legacy,4,a_N100_V3+3D,5.430874996818602
legacy,4,a_N100_V3+3D,5.326957907527685
legacy,4,a_N100_V3+3D,5.3351669339463115
legacy,4,a_N100_V3+3D,5.338707938790321
legacy,4,a_N100_V3+3D,5.35987492185086
legacy,4,a_N100_V3+3D,5.362124997191131
legacy,4,a_N100_V3+3D,5.405290983617306
legacy,4,a_N100_V3+3D,5.3186670411378145
legacy,4,a_N100_V3+3D,5.382708972319961
legacy,4,a_N100_V3+3D,5.3135830676183105
legacy,4,a_N100_V3+3D,5.321917007677257
legacy,4,a_N100_V3+3D,5.249625071883202
legacy,4,a_N100_V3+3D,5.306416074745357
legacy,4,a_N100_V3+3D,5.315750022418797
legacy,4,a_N100_V3+3D,5.348333972506225
legacy,4,a_N100_V3+3D,5.388957913964987
legacy,4,a_N100_V3+3D,5.230791983194649
legacy,4,a_N100_V3+3D,5.328583996742964
legacy,4,a_N100_V3+3D,5.3415000438690186
legacy,4,a_N100_V3+3D,5.3033329313620925
legacy,4,a_N100_V3+3D,5.671999999321997
legacy,4,a_N100_V3+3D,5.3434999426826835
legacy,4,a_N100_V3+3D,5.389374913647771
legacy,4,a_N100_V3+3D,5.328124971129
legacy,4,a_N100_V3+3D,5.3584580309689045
legacy,4,a_N100_V3+3D,5.34087501000613
legacy,4,a_N100_V3+3D,5.339834024198353
legacy,4,a_N100_V3+3D,5.320458090864122
legacy,4,a_N100_V3+3D,5.352917010895908
legacy,4,a_N100_V3+3D,5.306791979819536
legacy,4,a_N100_V3+3D,5.33920805901289
legacy,4,a_N100_V3+3D,5.356416921131313
legacy,4,a_N100_V3+3D,5.359958973713219
legacy,4,a_N100_V3+3D,5.359541974030435
legacy,4,a_N100_V3+3D,5.329582956619561
legacy,4,a_N100_V3+3D,5.28887496329844
legacy,4,a_N100_V3+3D,6.134291994385421
legacy,4,a_N100_V3+3D,5.510292015969753
legacy,4,a_N100_V3+3D,5.520291975699365
legacy,4,a_N100_V3+3D,5.750917014665902
legacy,4,a_N100_V3+3D,5.048415972851217
legacy,4,a_N100_V3+3D,5.172792007215321
legacy,4,a_N100_V3+3D,4.996041068807244
legacy,4,a_N100_V3+3D,4.983582999557257
legacy,4,a_N100_V3+3D,4.970583948306739
legacy,4,a_N100_V3+3D,5.618249997496605
legacy,4,a_N100_V3+3D,5.595041089691222
legacy,4,a_N100_V3+3D,5.050166975706816
legacy,4,a_N100_V3+3D,5.002249963581562
legacy,4,a_N100_V3+3D,5.03370794467628
legacy,4,a_N100_V3+3D,4.961500060744584
legacy,4,a_N100_V3+3D,4.969957983121276
legacy,4,a_N100_V3+3D,4.947416018694639
legacy,4,a_N100_V3+3D,4.957125056535006
legacy,4,a_N100_V3+3D,4.981750040315092
legacy,4,a_N100_V3+3D,4.94983303360641
legacy,4,a_N100_V3+3D,4.946000059135258
legacy,4,a_N100_V3+3D,4.919292056001723
legacy,4,a_N100_V3+3D,4.914083052426577
legacy,4,a_N100_V3+3D,4.910541931167245
legacy,4,a_N100_V3+3D,4.927875008434057
legacy,4,a_N100_V3+3D,4.925957997329533
legacy,4,a_N100_V3+3D,4.922791966237128
legacy,4,a_N100_V3+3D,4.898499930277467
legacy,4,a_N100_V3+3D,4.916582955047488
legacy,4,a_N100_V3+3D,4.9539590254426
legacy,4,a_N100_V3+3D,4.9443329917266965
legacy,4,a_N100_V3+3D,4.925291985273361
legacy,4,a_N100_V3+3D,5.4720829939469695
legacy,4,a_N100_V3+3D,5.1321659702807665
legacy,4,a_N100_V3+3D,5.039292038418353
legacy,4,a_N100_V3+3D,5.048084072768688
legacy,4,a_N100_V3+3D,5.014082998968661
legacy,4,a_N100_V3+3D,4.988249973393977
legacy,4,a_N100_V3+3D,4.993584007024765
legacy,4,a_N100_V3+3D,5.148208001628518
legacy,4,a_N100_V3+3D,4.982416983693838
legacy,4,a_N100_V3+3D,5.042542004957795
legacy,4,a_N100_V3+3D,5.460540996864438
legacy,4,a_N100_V3+3D,5.048207938671112
legacy,4,a_N100_V3+3D,5.012125009670854
legacy,4,a_N100_V3+3D,4.990499932318926
legacy,4,a_N100_V3+3D,4.9793750513345
legacy,4,a_N100_V3+3D,4.9776670057326555
legacy,4,a_N100_V3+3D,4.9870830262079835
legacy,4,a_N100_V3+3D,4.973249975591898
legacy,4,a_N100_V3+3D,5.067291087470949
legacy,4,a_N100_V3+3D,4.9831250216811895
legacy,4,a_N100_V3+3D,4.953416995704174
legacy,4,a_N100_V3+3D,4.9689169973134995
legacy,4,a_N100_V3+3D,4.950458067469299
legacy,4,a_N100_V3+3D,4.942249972373247
legacy,4,a_N100_V3+3D,4.963250015862286
legacy,4,a_N100_V3+3D,4.968707915395498
legacy,4,a_N100_V3+3D,4.946582950651646
legacy,4,a_N100_V3+3D,4.971459042280912
legacy,4,a_N100_V3+3D,5.225999979302287
legacy,4,a_N100_V3+3D,4.986666026525199
legacy,4,a_N100_V3+3D,5.002208985388279
legacy,4,a_N100_V3+3D,6.608917028643191
legacy,4,a_N100_V3+3D,5.547792068682611
legacy,4,a_N100_V3+3D,5.706917028874159
legacy,4,a_N100_V3+3D,5.451750010251999
legacy,4,a_N100_V3+3D,5.461999913677573
legacy,4,a_N100_V3+3D,5.417375010438263
legacy,4,a_N100_V3+3D,5.388207966461778
legacy,4,a_N100_V3+3D,5.379374953918159
legacy,4,a_N100_V3+3D,5.48591697588563
legacy,4,a_N100_V3+3D,5.672625033184886
legacy,4,a_N100_V3+3D,5.3935840260237455
legacy,4,a_N100_V3+3D,5.409999983385205
legacy,4,a_N100_V3+3D,5.433292011730373
legacy,4,a_N100_V3+3D,5.375665961764753
legacy,4,a_N100_V3+3D,5.383792100474238
legacy,4,a_N100_V3+3D,5.382375093176961
legacy,4,a_N100_V3+3D,5.427500000223517
legacy,4,a_N100_V3+3D,5.369334015995264
legacy,4,a_N100_V3+3D,5.387707962654531
legacy,4,a_N100_V3+3D,5.331499967724085
legacy,4,a_N100_V3+3D,5.357916932553053
legacy,4,a_N100_V3+3D,5.339417024515569
legacy,4,a_N100_V3+3D,5.353374988771975
legacy,4,a_N100_V3+3D,5.327541031874716
legacy,4,a_N100_V3+3D,5.346250021830201
legacy,4,a_N100_V3+3D,5.318042007274926
legacy,4,a_N100_V3+3D,5.394292064011097
legacy,4,a_N100_V3+3D,5.323832971043885
legacy,4,a_N100_V3+3D,5.367583013139665
legacy,4,a_N100_V3+3D,5.380792077630758
legacy,4,a_N100_V3+3D,5.343583063222468
legacy,4,a_N100_V3+3D,5.338957998901606
legacy,4,a_N100_V3+3D,5.467667011544108
legacy,4,a_N100_V3+3D,5.319582996889949
legacy,4,a_N100_V3+3D,5.349125014618039
legacy,4,a_N100_V3+3D,5.331750027835369
legacy,4,a_N100_V3+3D,5.375707987695932
legacy,4,a_N100_V3+3D,5.3135419730097055
legacy,4,a_N100_V3+3D,5.422999965958297
legacy,4,a_N100_V3+3D,5.329499952495098
legacy,4,a_N100_V3+3D,5.318916984833777
legacy,4,a_N100_V3+3D,5.527834058739245
legacy,4,a_N100_V3+3D,5.366625031456351
legacy,4,a_N100_V3+3D,5.320040974766016
legacy,4,a_N100_V3+3D,5.364417098462582
legacy,4,a_N100_V3+3D,5.307208048179746
legacy,4,a_N100_V3+3D,5.290917004458606
legacy,4,a_N100_V3+3D,5.345374927856028
legacy,4,a_N100_V3+3D,5.7529580080881715
legacy,4,a_N100_V3+3D,5.294000031426549
legacy,4,a_N100_V3+3D,5.3316670237109065
legacy,4,a_N100_V3+3D,5.316167022101581
legacy,4,a_N100_V3+3D,5.30458299908787
legacy,4,a_N100_V3+3D,5.333582987077534
legacy,4,a_N100_V3+3D,5.3371250396594405
legacy,4,a_N100_V3+3D,5.308417021296918
legacy,4,a_N100_V3+3D,5.3497920744121075
legacy,4,a_N100_V3+3D,5.357958027161658
legacy,4,a_N100_V3+3D,5.327875027433038
legacy,4,a_N100_V3+3D,5.376125103794038
legacy,4,a_N100_V3+3D,5.851250025443733
legacy,4,a_N100_V3+3D,5.1313749281689525
legacy,4,a_N100_V3+3D,5.201166961342096
legacy,4,a_N100_V3+3D,5.084582953713834
legacy,4,a_N100_V3+3D,5.021249991841614
legacy,4,a_N100_V3+3D,5.047749960795045
legacy,4,a_N100_V3+3D,5.058167036622763
legacy,4,a_N100_V3+3D,5.046333069913089
legacy,4,a_N100_V3+3D,5.018542055040598
legacy,4,a_N100_V3+3D,5.018000025302172
legacy,4,a_N100_V3+3D,5.007083062082529
legacy,4,a_N100_V3+3D,5.023374920710921
legacy,4,a_N100_V3+3D,5.06462506018579
legacy,4,a_N100_V3+3D,5.016708048060536
legacy,4,a_N100_V3+3D,5.030624917708337
legacy,4,a_N100_V3+3D,5.079040885902941
legacy,4,a_N100_V3+3D,4.970083013176918
legacy,4,a_N100_V3+3D,5.00195799395442
legacy,4,a_N100_V3+3D,5.017582909204066
legacy,4,a_N100_V3+3D,5.00050000846386
legacy,4,a_N100_V3+3D,5.01320802140981
legacy,4,a_N100_V3+3D,5.0330410012975335
legacy,4,a_N100_V3+3D,4.972542054019868
legacy,4,a_N100_V3+3D,5.010958993807435
legacy,4,a_N100_V3+3D,5.011250032112002
legacy,4,a_N100_V3+3D,5.0313330721110106
legacy,4,a_N100_V3+3D,5.004874896258116
legacy,4,a_N100_V3+3D,5.017707939259708
legacy,4,a_N100_V3+3D,5.109874997287989
legacy,4,a_N100_V3+3D,4.994208924472332
legacy,4,a_N100_V3+3D,4.991707974113524
legacy,4,a_N100_V3+3D,5.032124929130077
legacy,4,a_N100_V3+3D,4.959958954714239
legacy,4,a_N100_V3+3D,4.99279098585248
legacy,4,a_N100_V3+3D,4.917750018648803
legacy,4,a_N100_V3+3D,4.94479201734066
legacy,4,a_N100_V3+3D,5.465458962135017
legacy,4,a_N100_V3+3D,5.185457994230092
legacy,4,a_N100_V3+3D,5.071417079307139
legacy,4,a_N100_V3+3D,5.076125031337142
legacy,4,a_N100_V3+3D,5.0370830576866865
legacy,4,a_N100_V3+3D,5.092583945952356
legacy,4,a_N100_V3+3D,4.9982910277321935
legacy,4,a_N100_V3+3D,5.063457996584475
legacy,4,a_N100_V3+3D,5.052124965004623
legacy,4,a_N100_V3+3D,5.0517909694463015
legacy,4,a_N100_V3+3D,4.985333071090281
legacy,4,a_N100_V3+3D,5.042667035013437
legacy,4,a_N100_V3+3D,5.003249971196055
legacy,4,a_N100_V3+3D,5.005458020605147
legacy,4,a_N100_V3+3D,5.007667001336813
legacy,4,a_N100_V3+3D,5.012874957174063
legacy,4,a_N100_V3+3D,4.987917025573552
legacy,4,a_N100_V3+3D,5.032667075283825
legacy,4,a_N100_V3+3D,5.0098750507459044
legacy,4,a_N100_V3+3D,5.022707977332175
legacy,4,a_N100_V3+3D,4.991375026293099
legacy,4,a_N100_V3+3D,5.23241690825671
legacy,4,a_N100_V3+3D,5.081292008981109
legacy,4,a_N100_V3+3D,5.0232920330017805
legacy,4,a_N100_V3+3D,6.293999962508678
legacy,4,a_N100_V3+3D,5.535332951694727
legacy,4,a_N100_V3+3D,5.589541979134083
legacy,4,a_N100_V3+3D,5.569082917645574
legacy,4,a_N100_V3+3D,5.520749953575432
legacy,4,a_N100_V3+3D,5.551332957111299
legacy,4,a_N100_V3+3D,5.512750009074807
legacy,4,a_N100_V3+3D,5.4322499781847
legacy,4,a_N100_V3+3D,5.504667060449719
legacy,4,a_N100_V3+3D,5.482124979607761
legacy,4,a_N100_V3+3D,5.474959034472704
legacy,4,a_N100_V3+3D,5.381499999202788
legacy,4,a_N100_V3+3D,5.436416948214173
legacy,4,a_N100_V3+3D,5.34249993506819
legacy,4,a_N100_V3+3D,5.350250052288175
legacy,4,a_N100_V3+3D,5.676124943420291
legacy,4,a_N100_V3+3D,5.446000024676323
legacy,4,a_N100_V3+3D,5.450999946333468
legacy,4,a_N100_V3+3D,5.447958945296705
legacy,4,a_N100_V3+3D,5.332415923476219
legacy,4,a_N100_V3+3D,5.310000036843121
legacy,4,a_N100_V3+3D,5.3967919666320086
legacy,4,a_N100_V3+3D,5.442542023956776
legacy,4,a_N100_V3+3D,6.0625000623986125
legacy,4,a_N100_V3+3D,5.505791981704533
legacy,4,a_N100_V3+3D,5.4149170173332095
legacy,4,a_N100_V3+3D,5.519125028513372
legacy,4,a_N100_V3+3D,5.481874919496477
legacy,4,a_N100_V3+3D,5.404624971561134
legacy,4,a_N100_V3+3D,6.061791907995939
legacy,4,a_N100_V3+3D,6.55916694086045
legacy,4,a_N100_V3+3D,6.4931249944493175
legacy,4,a_N100_V3+3D,5.761749926023185
legacy,4,a_N100_V3+3D,5.696999956853688
legacy,4,a_N100_V3+3D,5.651292041875422
legacy,4,a_N100_V3+3D,5.586166982538998
legacy,4,a_N100_V3+3D,5.625333986245096
legacy,4,a_N100_V3+3D,5.539959063753486
legacy,4,a_N100_V3+3D,5.549333058297634
legacy,4,a_N100_V3+3D,5.674583022482693
legacy,4,a_N100_V3+3D,5.563167040236294
legacy,4,a_N100_V3+3D,5.45770803000778
legacy,4,a_N100_V3+3D,5.45883399900049
legacy,4,a_N100_V3+3D,5.528499954380095
legacy,4,a_N100_V3+3D,5.55812509264797
legacy,4,a_N100_V3+3D,5.535042029805481
legacy,4,a_N100_V3+3D,5.3944579558447
legacy,4,a_N100_V3+3D,5.604999954812229
legacy,4,a_N100_V3+3D,5.56895905174315
legacy,4,a_N100_V3+3D,5.484082968905568
legacy,4,a_N100_V3+3D,6.1402920400723815
legacy,4,a_N100_V3+3D,5.726834060624242
legacy,4,a_N100_V3+3D,5.542999948374927
legacy,4,a_N100_V3+3D,5.462000030092895
legacy,4,a_N100_V3+3D,5.539792007766664
legacy,4,a_N100_V3+3D,5.4044590797275305
legacy,4,a_N100_V3+3D,5.488583003170788
legacy,4,a_N100_V3+3D,5.505583947524428
legacy,4,a_N100_V3+3D,5.557833937928081
legacy,4,a_N100_V3+3D,5.432541016489267
legacy,4,a_N100_V3+3D,5.833915900439024
legacy,4,a_N100_V3+3D,5.167916067875922
legacy,4,a_N100_V3+3D,5.202833912335336
legacy,4,a_N100_V3+3D,5.0775830168277025
legacy,4,a_N100_V3+3D,5.0793749978765845
legacy,4,a_N100_V3+3D,5.0127089489251375
legacy,4,a_N100_V3+3D,5.035375012084842
legacy,4,a_N100_V3+3D,5.060749943368137
legacy,4,a_N100_V3+3D,5.047959042713046
legacy,4,a_N100_V3+3D,5.042667035013437
legacy,4,a_N100_V3+3D,5.0279590068385005
legacy,4,a_N100_V3+3D,5.0033340230584145
legacy,4,a_N100_V3+3D,5.019415984861553
legacy,4,a_N100_V3+3D,5.003667087294161
legacy,4,a_N100_V3+3D,4.9906669883057475
legacy,4,a_N100_V3+3D,5.058958078734577
legacy,4,a_N100_V3+3D,5.003207945264876
legacy,4,a_N100_V3+3D,5.018624942749739
legacy,4,a_N100_V3+3D,5.00362494494766
legacy,4,a_N100_V3+3D,5.024165962822735
legacy,4,a_N100_V3+3D,4.996957955881953
legacy,4,a_N100_V3+3D,4.9914170522242785
legacy,4,a_N100_V3+3D,5.016915965825319
legacy,4,a_N100_V3+3D,5.038124974817038
legacy,4,a_N100_V3+3D,4.997833049856126
legacy,4,a_N100_V3+3D,5.063208052888513
legacy,4,a_N100_V3+3D,5.028209066949785
legacy,4,a_N100_V3+3D,4.989625071175396
legacy,4,a_N100_V3+3D,5.047125043347478
legacy,4,a_N100_V3+3D,5.0930839497596025
legacy,4,a_N100_V3+3D,5.103125004097819
legacy,4,a_N100_V3+3D,5.320583004504442
legacy,4,a_N100_V3+3D,5.0184589345008135
legacy,4,a_N100_V3+3D,4.9802500288933516
legacy,4,a_N100_V3+3D,4.9863329622894526
legacy,4,a_N100_V3+3D,4.915083991363645
legacy,4,a_N100_V3+3D,5.00345800537616
legacy,4,a_N100_V3+3D,4.992040921933949
legacy,4,a_N100_V3+3D,5.002249963581562
legacy,4,a_N100_V3+3D,4.995916038751602
legacy,4,a_N100_V3+3D,4.981250036507845
legacy,4,a_N100_V3+3D,4.988459055311978
legacy,4,a_N100_V3+3D,4.977417062036693
legacy,4,a_N100_V3+3D,5.014958092942834
legacy,4,a_N100_V3+3D,4.9720419337973
legacy,4,a_N100_V3+3D,4.995916970074177
legacy,4,a_N100_V3+3D,4.967749933712184
legacy,4,a_N100_V3+3D,4.998166928999126
legacy,4,a_N100_V3+3D,4.958666977472603
legacy,4,a_N100_V3+3D,4.995791940018535
legacy,4,a_N100_V3+3D,5.011374945752323
legacy,4,a_N100_V3+3D,5.007292027585208
legacy,4,a_N100_V3+3D,4.98158298432827
legacy,4,a_N100_V3+3D,5.00050000846386
legacy,4,a_N100_V3+3D,4.9599159974604845
legacy,4,a_N100_V3+3D,5.010833032429218
legacy,4,a_N100_V3+3D,4.966791020706296
legacy,4,a_N100_V3+3D,5.279375007376075
legacy,4,a_N100_V3+3D,5.0717920530587435
legacy,4,a_N100_V3+3D,5.0057918997481465
legacy,4,a_N100_V3+3D,6.094375043176115
legacy,4,a_N100_V3+3D,5.3989579901099205
legacy,4,a_N100_V3+3D,5.496958969160914
legacy,4,a_N100_V3+3D,5.369584076106548
legacy,4,a_N100_V3+3D,5.344083067029715
legacy,4,a_N100_V3+3D,5.322250071913004
legacy,4,a_N100_V3+3D,5.35004201810807
legacy,4,a_N100_V3+3D,5.32183307223022
legacy,4,a_N100_V3+3D,5.329541978426278
legacy,4,a_N100_V3+3D,5.3283339366316795
legacy,4,a_N100_V3+3D,5.330957937985659
legacy,4,a_N100_V3+3D,5.334416986443102
legacy,4,a_N100_V3+3D,5.325040896423161
legacy,4,a_N100_V3+3D,5.327082937583327
legacy,4,a_N100_V3+3D,5.319042014889419
legacy,4,a_N100_V3+3D,5.362415919080377
legacy,4,a_N100_V3+3D,5.309832980856299
legacy,4,a_N100_V3+3D,5.3012080024927855
legacy,4,a_N100_V3+3D,5.27145795058459
legacy,4,a_N100_V3+3D,5.303208017721772
legacy,4,a_N100_V3+3D,5.28820906765759
legacy,4,a_N100_V3+3D,5.304833059199154
legacy,4,a_N100_V3+3D,5.300707998685539
legacy,4,a_N100_V3+3D,5.300084012560546
legacy,4,a_N100_V3+3D,5.307250074110925
legacy,4,a_N100_V3+3D,5.28887496329844
legacy,4,a_N100_V3+3D,5.322749959304929
legacy,4,a_N100_V3+3D,5.283207981847227
legacy,4,a_N100_V3+3D,5.361041985452175
legacy,4,a_N100_V3+3D,5.365833989344537
legacy,4,a_N100_V3+3D,5.308125051669776
legacy,4,a_N100_V3+3D,5.368542042560875
legacy,4,a_N100_V3+3D,5.285250023007393
legacy,4,a_N100_V3+3D,5.28725003823638
legacy,4,a_N100_V3+3D,5.318708019331098
legacy,4,a_N100_V3+3D,5.288959015160799
legacy,4,a_N100_V3+3D,5.352959036827087
legacy,4,a_N100_V3+3D,5.313500063493848
legacy,4,a_N100_V3+3D,5.266958964057267
legacy,4,a_N100_V3+3D,5.287416046485305
legacy,4,a_N100_V3+3D,5.2972499979659915
legacy,4,a_N100_V3+3D,5.285458988510072
legacy,4,a_N100_V3+3D,5.280665936879814
legacy,4,a_N100_V3+3D,5.293541005812585
legacy,4,a_N100_V3+3D,5.315874936059117
legacy,4,a_N100_V3+3D,5.304374964907765
legacy,4,a_N100_V3+3D,5.311124958097935
legacy,4,a_N100_V3+3D,5.341417039744556
legacy,4,a_N100_V3+3D,5.294790957123041
legacy,4,a_N100_V3+3D,5.292666028253734
legacy,4,a_N100_V3+3D,5.296249990351498
legacy,4,a_N100_V3+3D,5.3067500703036785
legacy,4,a_N100_V3+3D,5.384167074225843
legacy,4,a_N100_V3+3D,5.307458923198283
legacy,4,a_N100_V3+3D,5.31058304477483
legacy,4,a_N100_V3+3D,5.329750012606382
legacy,4,a_N100_V3+3D,5.306374980136752
legacy,4,a_N100_V3+3D,5.376790999434888
legacy,4,a_N100_V3+3D,5.3545000264421105
legacy,4,a_N100_V3+3D,5.315209040418267
legacy,4,a_N100_V3+3D,5.761084030382335
legacy,4,a_N100_V3+3D,5.058457958512008
legacy,4,a_N100_V3+3D,5.446291994303465
legacy,4,a_N100_V3+3D,5.034582922235131
legacy,4,a_N100_V3+3D,4.9974999856203794
legacy,4,a_N100_V3+3D,5.017583025619388
legacy,4,a_N100_V3+3D,5.047125043347478
legacy,4,a_N100_V3+3D,4.94833302218467
legacy,4,a_N100_V3+3D,4.9802090507000685
legacy,4,a_N100_V3+3D,4.969333065673709
legacy,4,a_N100_V3+3D,4.956667078658938
legacy,4,a_N100_V3+3D,4.931374918669462
legacy,4,a_N100_V3+3D,5.011500092223287
legacy,4,a_N100_V3+3D,4.945666994899511
legacy,4,a_N100_V3+3D,4.987124935723841
legacy,4,a_N100_V3+3D,4.991707974113524
legacy,4,a_N100_V3+3D,4.950208007358015
legacy,4,a_N100_V3+3D,4.93658403865993
legacy,4,a_N100_V3+3D,5.451624980196357
legacy,4,a_N100_V3+3D,4.967708024196327
legacy,4,a_N100_V3+3D,4.985249950550497
legacy,4,a_N100_V3+3D,4.962250008247793
legacy,4,a_N100_V3+3D,4.953083000145853
legacy,4,a_N100_V3+3D,4.981708014383912
legacy,4,a_N100_V3+3D,5.02216606400907
legacy,4,a_N100_V3+3D,4.9237500643357635
legacy,4,a_N100_V3+3D,4.983208957128227
legacy,4,a_N100_V3+3D,4.991625086404383
legacy,4,a_N100_V3+3D,4.967957967892289
legacy,4,a_N100_V3+3D,4.92608395870775
legacy,4,a_N100_V3+3D,5.005333921872079
legacy,4,a_N100_V3+3D,4.998332937248051
legacy,4,a_N100_V3+3D,4.933041986078024
legacy,4,a_N100_V3+3D,4.940540995448828
legacy,4,a_N100_V3+3D,4.932707990519702
legacy,4,a_N100_V3+3D,4.918124992400408
legacy,4,a_N100_V3+3D,4.944666055962443
legacy,4,a_N100_V3+3D,4.94229095056653
legacy,4,a_N100_V3+3D,4.9093751003965735
legacy,4,a_N100_V3+3D,4.9385420279577374
legacy,4,a_N100_V3+3D,5.041541997343302
legacy,4,a_N100_V3+3D,4.9565419321879745
legacy,4,a_N100_V3+3D,4.926250083371997
legacy,4,a_N100_V3+3D,4.916291101835668
legacy,4,a_N100_V3+3D,4.911417025141418
legacy,4,a_N100_V3+3D,4.9387919716537
legacy,4,a_N100_V3+3D,4.943082924000919
legacy,4,a_N100_V3+3D,4.98108402825892
legacy,4,a_N100_V3+3D,4.9479169538244605
legacy,4,a_N100_V3+3D,4.953916999511421
legacy,4,a_N100_V3+3D,4.895959049463272
legacy,4,a_N100_V3+3D,4.92179102730006
legacy,4,a_N100_V3+3D,4.965540952980518
legacy,4,a_N100_V3+3D,4.933750024065375
legacy,4,a_N100_V3+3D,4.96416597161442
legacy,4,a_N100_V3+3D,4.929250106215477
legacy,4,a_N100_V3+3D,5.036249989643693
legacy,4,a_N100_V3+3D,5.256375065073371
legacy,4,a_N100_V3+3D,4.952624905854464
legacy,4,a_N100_V3+3D,4.935415927320719
legacy,4,a_N100_V3+3D,6.136166979558766
legacy,4,a_N100_V3+3D,5.50029193982482
legacy,4,a_N100_V3+3D,5.539082922041416
legacy,4,a_N100_V3+3D,5.419582943432033
legacy,4,a_N100_V3+3D,5.417916923761368
legacy,4,a_N100_V3+3D,5.414332961663604
legacy,4,a_N100_V3+3D,5.869667045772076
legacy,4,a_N100_V3+3D,5.54291601292789
legacy,4,a_N100_V3+3D,5.482624983415008
legacy,4,a_N100_V3+3D,5.500457948073745
legacy,4,a_N100_V3+3D,5.427874973975122
legacy,4,a_N100_V3+3D,5.43062505312264
legacy,4,a_N100_V3+3D,5.374500062316656
legacy,4,a_N100_V3+3D,5.441625020466745
legacy,4,a_N100_V3+3D,5.401458009146154
legacy,4,a_N100_V3+3D,5.468707997351885
legacy,4,a_N100_V3+3D,5.375291919335723
legacy,4,a_N100_V3+3D,5.406374926678836
legacy,4,a_N100_V3+3D,5.3819590248167515
legacy,4,a_N100_V3+3D,5.426374962553382
legacy,4,a_N100_V3+3D,5.392915918491781
legacy,4,a_N100_V3+3D,5.414083949290216
legacy,4,a_N100_V3+3D,5.3272920195013285
legacy,4,a_N100_V3+3D,5.3772920509800315
legacy,4,a_N100_V3+3D,5.398249952122569
legacy,4,a_N100_V3+3D,5.435624974779785
legacy,4,a_N100_V3+3D,5.4055830696597695
legacy,4,a_N100_V3+3D,5.400958005338907
legacy,4,a_N100_V3+3D,5.3599170641973615
legacy,4,a_N100_V3+3D,5.370458005927503
legacy,4,a_N100_V3+3D,5.35150000359863
legacy,4,a_N100_V3+3D,5.356291891075671
legacy,4,a_N100_V3+3D,5.3619579412043095
legacy,4,a_N100_V3+3D,5.3490420104935765
legacy,4,a_N100_V3+3D,6.011832971125841
legacy,4,a_N100_V3+3D,5.466582952067256
legacy,4,a_N100_V3+3D,5.442874971777201
legacy,4,a_N100_V3+3D,5.455374950543046
legacy,4,a_N100_V3+3D,5.3902920335531235
legacy,4,a_N100_V3+3D,5.389250000007451
legacy,4,a_N100_V3+3D,5.358541966415942
legacy,4,a_N100_V3+3D,5.393082974478602
legacy,4,a_N100_V3+3D,5.332375061698258
legacy,4,a_N100_V3+3D,5.383625044487417
legacy,4,a_N100_V3+3D,5.32962498255074
legacy,4,a_N100_V3+3D,5.347749916836619
legacy,4,a_N100_V3+3D,5.3224998991936445
legacy,4,a_N100_V3+3D,5.367332953028381
legacy,4,a_N100_V3+3D,5.322334007360041
legacy,4,a_N100_V3+3D,5.3449999541044235
legacy,4,a_N100_V3+3D,5.318291950970888
legacy,4,a_N100_V3+3D,5.323832971043885
legacy,4,a_N100_V3+3D,5.300958990119398
legacy,4,a_N100_V3+3D,5.318542011082172
legacy,4,a_N100_V3+3D,5.348250037059188
legacy,4,a_N100_V3+3D,5.365791963413358
legacy,4,a_N100_V3+3D,5.3338330471888185
legacy,4,a_N100_V3+3D,5.55008405353874
legacy,4,a_N100_V3+3D,5.338250077329576
legacy,4,a_N100_V3+3D,5.337957991287112
legacy,4,a_N100_V3+3D,5.920291063375771
legacy,4,a_N100_V3+3D,5.100624985061586
legacy,4,a_N100_V3+3D,5.289082997478545
legacy,4,a_N100_V3+3D,5.176458973437548
legacy,4,a_N100_V3+3D,5.113124963827431
legacy,4,a_N100_V3+3D,5.013999994844198
legacy,4,a_N100_V3+3D,5.141292000189424
legacy,4,a_N100_V3+3D,4.985459032468498
legacy,4,a_N100_V3+3D,5.093417013995349
legacy,4,a_N100_V3+3D,5.077708978205919
legacy,4,a_N100_V3+3D,5.070749903097749
legacy,4,a_N100_V3+3D,5.068541970103979
legacy,4,a_N100_V3+3D,5.135542014613748
legacy,4,a_N100_V3+3D,4.985957988537848
legacy,4,a_N100_V3+3D,5.096875014714897
legacy,4,a_N100_V3+3D,5.1111249485984445
legacy,4,a_N100_V3+3D,5.071541992947459
legacy,4,a_N100_V3+3D,4.976249998435378
legacy,4,a_N100_V3+3D,5.073999986052513
legacy,4,a_N100_V3+3D,4.975583986379206
legacy,4,a_N100_V3+3D,5.093749961815774
legacy,4,a_N100_V3+3D,5.026791011914611
legacy,4,a_N100_V3+3D,5.050959065556526
legacy,4,a_N100_V3+3D,5.027417093515396
legacy,4,a_N100_V3+3D,5.078333895653486
legacy,4,a_N100_V3+3D,5.012666922993958
legacy,4,a_N100_V3+3D,5.120916990563273
legacy,4,a_N100_V3+3D,5.132708931341767
legacy,4,a_N100_V3+3D,5.062499898485839
legacy,4,a_N100_V3+3D,4.976124968379736
legacy,4,a_N100_V3+3D,5.059750052168965
legacy,4,a_N100_V3+3D,4.9563340144231915
legacy,4,a_N100_V3+3D,5.088125006295741
legacy,4,a_N100_V3+3D,5.0706659676507115
legacy,4,a_N100_V3+3D,5.047125043347478
legacy,4,a_N100_V3+3D,5.000540986657143
legacy,4,a_N100_V3+3D,5.1351250149309635
legacy,4,a_N100_V3+3D,4.887667018920183
legacy,4,a_N100_V3+3D,5.062208045274019
legacy,4,a_N100_V3+3D,4.979791934601963
legacy,4,a_N100_V3+3D,5.039207986555994
legacy,4,a_N100_V3+3D,4.91524999961257
legacy,4,a_N100_V3+3D,5.065666977316141
legacy,4,a_N100_V3+3D,4.978958982974291
legacy,4,a_N100_V3+3D,5.064499913714826
legacy,4,a_N100_V3+3D,5.063000018708408
legacy,4,a_N100_V3+3D,5.049583967775106
legacy,4,a_N100_V3+3D,4.946333006955683
legacy,4,a_N100_V3+3D,5.038082948885858
legacy,4,a_N100_V3+3D,5.038041970692575
legacy,4,a_N100_V3+3D,5.0775830168277025
legacy,4,a_N100_V3+3D,5.0521669909358025
legacy,4,a_N100_V3+3D,4.995875060558319
legacy,4,a_N100_V3+3D,4.962333012372255
legacy,4,a_N100_V3+3D,5.0541250966489315
legacy,4,a_N100_V3+3D,5.050041945651174
legacy,4,a_N100_V3+3D,5.006333929486573
legacy,4,a_N100_V3+3D,6.170041975565255
legacy,4,a_N100_V3+3D,5.273957969620824
legacy,4,a_N100_V3+3D,5.168832954950631
legacy,4,a_N100_V3+3D,6.2563749961555
legacy,4,a_N100_V3+3D,5.5285410489887
legacy,4,a_N100_V3+3D,5.628832965157926
legacy,4,a_N100_V3+3D,5.46795898117125
legacy,4,a_N100_V3+3D,5.4767499677836895
legacy,4,a_N100_V3+3D,5.505291977897286
legacy,4,a_N100_V3+3D,5.440250039100647
legacy,4,a_N100_V3+3D,5.493875010870397
legacy,4,a_N100_V3+3D,5.475417012348771
legacy,4,a_N100_V3+3D,5.4170830408111215
legacy,4,a_N100_V3+3D,5.44812495354563
legacy,4,a_N100_V3+3D,5.430874996818602
legacy,4,a_N100_V3+3D,5.366750061511993
legacy,4,a_N100_V3+3D,5.733666010200977
legacy,4,a_N100_V3+3D,5.456625018268824
legacy,4,a_N100_V3+3D,5.434041959233582
legacy,4,a_N100_V3+3D,5.407499964348972
legacy,4,a_N100_V3+3D,5.384499905630946
legacy,4,a_N100_V3+3D,5.346624995581806
legacy,4,a_N100_V3+3D,5.337083945050836
legacy,4,a_N100_V3+3D,5.3395419381558895
legacy,4,a_N100_V3+3D,5.363791948184371
legacy,4,a_N100_V3+3D,5.394584033638239
legacy,4,a_N100_V3+3D,5.416832980699837
legacy,4,a_N100_V3+3D,5.348708014935255
legacy,4,a_N100_V3+3D,5.371709004975855
legacy,4,a_N100_V3+3D,5.749540985561907
legacy,4,a_N100_V3+3D,5.359041970223188
legacy,4,a_N100_V3+3D,5.393625004217029
legacy,4,a_N100_V3+3D,5.398708046413958
legacy,4,a_N100_V3+3D,5.33470802474767
legacy,4,a_N100_V3+3D,5.42883388698101
legacy,4,a_N100_V3+3D,5.352082895115018
legacy,4,a_N100_V3+3D,5.334374960511923
legacy,4,a_N100_V3+3D,5.3597919177263975
legacy,4,a_N100_V3+3D,5.397082888521254
legacy,4,a_N100_V3+3D,5.393208935856819
legacy,4,a_N100_V3+3D,5.365833989344537
legacy,4,a_N100_V3+3D,5.349291022866964
legacy,4,a_N100_V3+3D,5.319957970641553
legacy,4,a_N100_V3+3D,5.34849998075515
legacy,4,a_N100_V3+3D,5.361792049370706
legacy,4,a_N100_V3+3D,5.3374170092865825
legacy,4,a_N100_V3+3D,5.327875027433038
legacy,4,a_N100_V3+3D,5.367000005207956
legacy,4,a_N100_V3+3D,5.346624995581806
legacy,4,a_N100_V3+3D,5.318458890542388
legacy,4,a_N100_V3+3D,5.336999893188477
legacy,4,a_N100_V3+3D,5.2863339660689235
legacy,4,a_N100_V3+3D,5.307583953253925
legacy,4,a_N100_V3+3D,5.281582940369844
legacy,4,a_N100_V3+3D,5.275874980725348
legacy,4,a_N100_V3+3D,5.432792007923126
legacy,4,a_N100_V3+3D,5.383791984058917
legacy,4,a_N100_V3+3D,5.346541991457343
legacy,4,a_N100_V3+3D,5.369334015995264
legacy,4,a_N100_V3+3D,5.490125040523708
legacy,4,a_N100_V3+3D,5.387042067013681
legacy,4,a_N100_V3+3D,5.36820909474045
legacy,4,a_N100_V3+3D,5.351250059902668
legacy,4,a_N100_V3+3D,5.7152919471263885
legacy,4,a_N100_V3+3D,5.0293749663978815
legacy,4,a_N100_V3+3D,5.1807500422000885
legacy,4,a_N100_V3+3D,4.97337500564754
legacy,4,a_N100_V3+3D,4.969125031493604
legacy,4,a_N100_V3+3D,4.94012504350394
legacy,4,a_N100_V3+3D,4.927500034682453
legacy,4,a_N100_V3+3D,4.934250027872622
legacy,4,a_N100_V3+3D,4.9337499076500535
legacy,4,a_N100_V3+3D,4.941208055242896
legacy,4,a_N100_V3+3D,4.967583925463259
legacy,4,a_N100_V3+3D,4.943375010043383
legacy,4,a_N100_V3+3D,4.925582907162607
legacy,4,a_N100_V3+3D,4.936499986797571
legacy,4,a_N100_V3+3D,4.9259590450674295
legacy,4,a_N100_V3+3D,4.962582956068218
legacy,4,a_N100_V3+3D,4.904374945908785
legacy,4,a_N100_V3+3D,4.914624965749681
legacy,4,a_N100_V3+3D,4.912415985018015
legacy,4,a_N100_V3+3D,4.9157500034198165
legacy,4,a_N100_V3+3D,4.919958068057895
legacy,4,a_N100_V3+3D,4.907750058919191
legacy,4,a_N100_V3+3D,4.932542098686099
legacy,4,a_N100_V3+3D,4.920250037685037
legacy,4,a_N100_V3+3D,4.893834004178643
legacy,4,a_N100_V3+3D,4.925166955217719
legacy,4,a_N100_V3+3D,5.015749949961901
legacy,4,a_N100_V3+3D,4.921332933008671
legacy,4,a_N100_V3+3D,4.902707994915545
legacy,4,a_N100_V3+3D,4.925374989397824
legacy,4,a_N100_V3+3D,4.918291000649333
legacy,4,a_N100_V3+3D,4.942165920510888
legacy,4,a_N100_V3+3D,4.918792052194476
legacy,4,a_N100_V3+3D,4.9212080193683505
legacy,4,a_N100_V3+3D,4.946500062942505
legacy,4,a_N100_V3+3D,4.892333061434329
legacy,4,a_N100_V3+3D,4.916792036965489
legacy,4,a_N100_V3+3D,4.951916052959859
legacy,4,a_N100_V3+3D,4.9019589787349105
legacy,4,a_N100_V3+3D,4.894833895377815
legacy,4,a_N100_V3+3D,4.921707906760275
legacy,4,a_N100_V3+3D,4.894791985861957
legacy,4,a_N100_V3+3D,4.905624897219241
legacy,4,a_N100_V3+3D,4.98174992389977
legacy,4,a_N100_V3+3D,4.90854203235358
legacy,4,a_N100_V3+3D,4.892708966508508
legacy,4,a_N100_V3+3D,4.902416956610978
legacy,4,a_N100_V3+3D,4.946375032886863
legacy,4,a_N100_V3+3D,4.902833024971187
legacy,4,a_N100_V3+3D,4.895083024166524
legacy,4,a_N100_V3+3D,4.917167010717094
legacy,4,a_N100_V3+3D,4.900000058114529
legacy,4,a_N100_V3+3D,4.929875023663044
legacy,4,a_N100_V3+3D,4.885083995759487
legacy,4,a_N100_V3+3D,4.908458096906543
legacy,4,a_N100_V3+3D,4.900957923382521
legacy,4,a_N100_V3+3D,4.939249949529767
legacy,4,a_N100_V3+3D,5.147624993696809
legacy,4,a_N100_V3+3D,4.955666954629123
legacy,4,a_N100_V3+3D,4.924083943478763
legacy,4,a_N100_V3+3D,6.077417056076229
legacy,4,a_N100_V3+3D,5.3880419582128525
legacy,4,a_N100_V3+3D,5.466124974191189
legacy,4,a_N100_V3+3D,5.323541932739317
legacy,4,a_N100_V3+3D,5.308208987116814
legacy,4,a_N100_V3+3D,5.896874936297536
legacy,4,a_N100_V3+3D,5.322374985553324
legacy,4,a_N100_V3+3D,5.300458986312151
legacy,4,a_N100_V3+3D,5.320125026628375
legacy,4,a_N100_V3+3D,5.274832947179675
legacy,4,a_N100_V3+3D,5.2834589732810855
legacy,4,a_N100_V3+3D,5.265749990940094
legacy,4,a_N100_V3+3D,5.324290948919952
legacy,4,a_N100_V3+3D,5.346667021512985
legacy,4,a_N100_V3+3D,5.312167108058929
legacy,4,a_N100_V3+3D,5.342209013178945
legacy,4,a_N100_V3+3D,5.273499991744757
legacy,4,a_N100_V3+3D,5.940874922089279
legacy,4,a_N100_V3+3D,5.65433397423476
legacy,4,a_N100_V3+3D,5.440874956548214
legacy,4,a_N100_V3+3D,5.408625002019107
legacy,4,a_N100_V3+3D,5.3978749783709645
legacy,4,a_N100_V3+3D,5.371666979044676
legacy,4,a_N100_V3+3D,5.347416969016194
legacy,4,a_N100_V3+3D,5.413291975855827
legacy,4,a_N100_V3+3D,5.320584052242339
legacy,4,a_N100_V3+3D,5.513875046744943
legacy,4,a_N100_V3+3D,5.336125032044947
legacy,4,a_N100_V3+3D,5.329709034413099
legacy,4,a_N100_V3+3D,5.334750050678849
legacy,4,a_N100_V3+3D,5.395958083681762
legacy,4,a_N100_V3+3D,5.321000004187226
legacy,4,a_N100_V3+3D,5.3077079355716705
legacy,4,a_N100_V3+3D,5.319208954460919
legacy,4,a_N100_V3+3D,5.333125009201467
legacy,4,a_N100_V3+3D,5.331624997779727
legacy,4,a_N100_V3+3D,5.540624959394336
legacy,4,a_N100_V3+3D,5.383000010624528
legacy,4,a_N100_V3+3D,5.361167015507817
legacy,4,a_N100_V3+3D,5.330999963916838
legacy,4,a_N100_V3+3D,5.414040992036462
legacy,4,a_N100_V3+3D,5.327249993570149
legacy,4,a_N100_V3+3D,5.322874989360571
legacy,4,a_N100_V3+3D,5.2709170849993825
legacy,4,a_N100_V3+3D,5.317416042089462
legacy,4,a_N100_V3+3D,5.30924997292459
legacy,4,a_N100_V3+3D,5.361791932955384
legacy,4,a_N100_V3+3D,5.321500007994473
legacy,4,a_N100_V3+3D,5.313041969202459
legacy,4,a_N100_V3+3D,5.294500035233796
legacy,4,a_N100_V3+3D,5.3056670585647225
legacy,4,a_N100_V3+3D,5.290500004775822
legacy,4,a_N100_V3+3D,5.753083969466388
legacy,4,a_N100_V3+3D,5.325749982148409
legacy,4,a_N100_V3+3D,5.299499956890941
legacy,4,a_N100_V3+3D,5.304292077198625
legacy,4,a_N100_V3+3D,5.409292061813176
legacy,4,a_N100_V3+3D,5.335583002306521
legacy,4,a_N100_V3+3D,5.322500015608966
legacy,4,a_N100_V3+3D,5.31825004145503
legacy,4,a_N100_V3+3D,5.775082972832024
legacy,4,a_N100_V3+3D,5.107874982059002
legacy,4,a_N100_V3+3D,5.183834000490606
legacy,4,a_N100_V3+3D,5.067290971055627
legacy,4,a_N100_V3+3D,5.0286659970879555
legacy,4,a_N100_V3+3D,5.041167023591697
legacy,4,a_N100_V3+3D,5.0142500549554825
legacy,4,a_N100_V3+3D,5.0518750213086605
legacy,4,a_N100_V3+3D,5.694459076039493
legacy,4,a_N100_V3+3D,5.070207989774644
legacy,4,a_N100_V3+3D,5.0012500723823905
legacy,4,a_N100_V3+3D,5.033374996855855
legacy,4,a_N100_V3+3D,5.0425410736352205
legacy,4,a_N100_V3+3D,5.02849998883903
legacy,4,a_N100_V3+3D,5.034624948166311
legacy,4,a_N100_V3+3D,5.049041006714106
legacy,4,a_N100_V3+3D,5.027125007472932
legacy,4,a_N100_V3+3D,5.0137919606640935
legacy,4,a_N100_V3+3D,4.96941595338285
legacy,4,a_N100_V3+3D,5.0062499940395355
legacy,4,a_N100_V3+3D,4.983583930879831
legacy,4,a_N100_V3+3D,5.004832986742258
legacy,4,a_N100_V3+3D,5.0152919720858335
legacy,4,a_N100_V3+3D,5.030750064179301
legacy,4,a_N100_V3+3D,4.989166045561433
legacy,4,a_N100_V3+3D,4.984874976798892
legacy,4,a_N100_V3+3D,5.066874902695417
legacy,4,a_N100_V3+3D,5.032957997173071
legacy,4,a_N100_V3+3D,4.975749994628131
legacy,4,a_N100_V3+3D,4.995749914087355
legacy,4,a_N100_V3+3D,4.955999902449548
legacy,4,a_N100_V3+3D,5.0036669708788395
legacy,4,a_N100_V3+3D,4.944290965795517
legacy,4,a_N100_V3+3D,4.988707951270044
legacy,4,a_N100_V3+3D,4.927707952447236
legacy,4,a_N100_V3+3D,5.016167066060007
legacy,4,a_N100_V3+3D,4.967999993823469
legacy,4,a_N100_V3+3D,5.001249955967069
legacy,4,a_N100_V3+3D,4.984750063158572
legacy,4,a_N100_V3+3D,4.922583000734448
legacy,4,a_N100_V3+3D,5.000708042643964
legacy,4,a_N100_V3+3D,5.006333929486573
legacy,4,a_N100_V3+3D,5.0056250765919685
legacy,4,a_N100_V3+3D,5.010084016248584
legacy,4,a_N100_V3+3D,4.97808400541544
legacy,4,a_N100_V3+3D,4.983666935004294
legacy,4,a_N100_V3+3D,4.959792015142739
legacy,4,a_N100_V3+3D,5.043291952461004
legacy,4,a_N100_V3+3D,4.963375045917928
legacy,4,a_N100_V3+3D,5.005332990549505
legacy,4,a_N100_V3+3D,4.994209040887654
legacy,4,a_N100_V3+3D,4.953208030201495
legacy,4,a_N100_V3+3D,4.974417039193213
legacy,4,a_N100_V3+3D,4.9812920624390244
legacy,4,a_N100_V3+3D,4.968166002072394
legacy,4,a_N100_V3+3D,4.981499980203807
legacy,4,a_N100_V3+3D,5.050709005445242
legacy,4,a_N100_V3+3D,5.247875000350177
legacy,4,a_N100_V3+3D,5.020166048780084
legacy,4,a_N100_V3+3D,5.023667006753385
legacy,4,a_N100_V3+3D,6.23737508431077
legacy,4,a_N100_V3+3D,5.531666101887822
legacy,4,a_N100_V3+3D,5.634833010844886
legacy,4,a_N100_V3+3D,5.512040923349559
legacy,4,a_N100_V3+3D,5.515750031918287
legacy,4,a_N100_V3+3D,5.3602500120177865
legacy,4,a_N100_V3+3D,5.492583033628762
legacy,4,a_N100_V3+3D,5.405458039604127
legacy,4,a_N100_V3+3D,5.480417050421238
legacy,4,a_N100_V3+3D,5.435000057332218
legacy,4,a_N100_V3+3D,5.524708074517548
legacy,4,a_N100_V3+3D,5.935875000432134
legacy,4,a_N100_V3+3D,5.487750051543117
legacy,4,a_N100_V3+3D,5.4971660720184445
legacy,4,a_N100_V3+3D,5.479499930515885
legacy,4,a_N100_V3+3D,5.403083050623536
legacy,4,a_N100_V3+3D,5.477792001329362
legacy,4,a_N100_V3+3D,5.40737493429333
legacy,4,a_N100_V3+3D,5.405458039604127
legacy,4,a_N100_V3+3D,5.430290941148996
legacy,4,a_N100_V3+3D,5.448666983284056
legacy,4,a_N100_V3+3D,5.307917017489672
legacy,4,a_N100_V3+3D,5.372083047404885
legacy,4,a_N100_V3+3D,5.434042075648904
legacy,4,a_N100_V3+3D,5.439375061541796
legacy,4,a_N100_V3+3D,5.468833027407527
legacy,4,a_N100_V3+3D,5.47083409037441
legacy,4,a_N100_V3+3D,5.303958081640303
legacy,4,a_N100_V3+3D,5.447167088277638
legacy,4,a_N100_V3+3D,5.441166926175356
legacy,4,a_N100_V3+3D,5.424999981187284
legacy,4,a_N100_V3+3D,5.387541954405606
legacy,4,a_N100_V3+3D,5.448709009215236
legacy,4,a_N100_V3+3D,5.348208011128008
legacy,4,a_N100_V3+3D,5.439874948933721
legacy,4,a_N100_V3+3D,5.385749973356724
legacy,4,a_N100_V3+3D,5.483082961291075
legacy,4,a_N100_V3+3D,5.454541998915374
legacy,4,a_N100_V3+3D,5.412125028669834
legacy,4,a_N100_V3+3D,5.324166035279632
legacy,4,a_N100_V3+3D,5.3533329628407955
legacy,4,a_N100_V3+3D,5.40966703556478
legacy,4,a_N100_V3+3D,5.42554201092571
legacy,4,a_N100_V3+3D,5.533292074687779
legacy,4,a_N100_V3+3D,5.374667001888156
legacy,4,a_N100_V3+3D,5.3576669888570905
legacy,4,a_N100_V3+3D,5.4430419113487005
legacy,4,a_N100_V3+3D,5.43895794544369
legacy,4,a_N100_V3+3D,5.455250036902726
legacy,4,a_N100_V3+3D,5.312458029948175
legacy,4,a_N100_V3+3D,5.454499972984195
legacy,4,a_N100_V3+3D,5.474457982927561
legacy,4,a_N100_V3+3D,5.459749954752624
legacy,4,a_N100_V3+3D,5.366625031456351
legacy,4,a_N100_V3+3D,5.418749991804361
legacy,4,a_N100_V3+3D,5.4245829815045
legacy,4,a_N100_V3+3D,5.396417109295726
legacy,4,a_N100_V3+3D,5.443000001832843
legacy,4,a_N100_V3+3D,5.476500024087727
legacy,4,a_N100_V3+3D,6.163083948194981
legacy,4,a_N100_V3+3D,5.803707987070084
legacy,4,a_N100_V3+3D,5.1318330224603415
legacy,4,a_N100_V3+3D,5.225833971053362
legacy,4,a_N100_V3+3D,5.1115830428898335
legacy,4,a_N100_V3+3D,5.095417029224336
legacy,4,a_N100_V3+3D,5.0873750587925315
legacy,4,a_N100_V3+3D,5.057416972704232
legacy,4,a_N100_V3+3D,5.0916660111397505
legacy,4,a_N100_V3+3D,5.046874983236194
legacy,4,a_N100_V3+3D,5.110666039399803
legacy,4,a_N100_V3+3D,5.032417015172541
legacy,4,a_N100_V3+3D,5.035083973780274
legacy,4,a_N100_V3+3D,5.0394999561831355
legacy,4,a_N100_V3+3D,5.051291896961629
legacy,4,a_N100_V3+3D,5.664916941896081
legacy,4,a_N100_V3+3D,5.137332947924733
legacy,4,a_N100_V3+3D,5.0029580015689135
legacy,4,a_N100_V3+3D,5.032291985116899
legacy,4,a_N100_V3+3D,5.026250029914081
legacy,4,a_N100_V3+3D,5.001374986022711
legacy,4,a_N100_V3+3D,4.977624979801476
legacy,4,a_N100_V3+3D,5.0714160315692425
legacy,4,a_N100_V3+3D,5.007875035516918
legacy,4,a_N100_V3+3D,5.016584065742791
legacy,4,a_N100_V3+3D,5.0113750621676445
legacy,4,a_N100_V3+3D,5.0504159880802035
legacy,4,a_N100_V3+3D,5.079083959572017
legacy,4,a_N100_V3+3D,5.0166669534519315
legacy,4,a_N100_V3+3D,5.014791968278587
legacy,4,a_N100_V3+3D,5.008999956771731
legacy,4,a_N100_V3+3D,4.985665902495384
legacy,4,a_N100_V3+3D,5.003166967071593
legacy,4,a_N100_V3+3D,4.994582966901362
legacy,4,a_N100_V3+3D,4.96587494853884
legacy,4,a_N100_V3+3D,5.051041953265667
legacy,4,a_N100_V3+3D,5.000832956284285
legacy,4,a_N100_V3+3D,5.025292048230767
legacy,4,a_N100_V3+3D,4.998542019166052
legacy,4,a_N100_V3+3D,5.000625038519502
legacy,4,a_N100_V3+3D,5.03358303103596
legacy,4,a_N100_V3+3D,4.964792053215206
legacy,4,a_N100_V3+3D,4.998499993234873
legacy,4,a_N100_V3+3D,4.974207957275212
legacy,4,a_N100_V3+3D,4.970082896761596
legacy,4,a_N100_V3+3D,4.971166956238449
legacy,4,a_N100_V3+3D,5.025124992243946
legacy,4,a_N100_V3+3D,5.03304204903543
legacy,4,a_N100_V3+3D,5.080249975435436
legacy,4,a_N100_V3+3D,4.953208030201495
legacy,4,a_N100_V3+3D,5.21954195573926
legacy,4,a_N100_V3+3D,5.010124994441867
legacy,4,a_N100_V3+3D,5.041292053647339
legacy,4,a_N100_V3+3D,4.9925410421565175
legacy,4,a_N100_V3+3D,5.021541030146182
legacy,4,a_N100_V3+3D,4.984083003364503
legacy,4,a_N100_V3+3D,5.00195799395442
legacy,4,a_N100_V3+3D,5.0202920101583
legacy,4,a_N100_V3+3D,5.2632910665124655
legacy,4,a_N100_V3+3D,5.030416999943554
legacy,4,a_N100_V3+3D,5.064208991825581
legacy,4,a_N100_V3+3D,6.094084004871547
legacy,4,a_N100_V3+3D,6.000166991725564
legacy,4,a_N100_V3+3D,5.612417007796466
legacy,4,a_N100_V3+3D,5.430417018942535
legacy,4,a_N100_V3+3D,5.38616708945483
legacy,4,a_N100_V3+3D,5.354709108360112
legacy,4,a_N100_V3+3D,5.375207983888686
legacy,4,a_N100_V3+3D,5.391125101596117
legacy,4,a_N100_V3+3D,5.340583971701562
legacy,4,a_N100_V3+3D,5.345833022147417
legacy,4,a_N100_V3+3D,5.336083006113768
legacy,4,a_N100_V3+3D,5.314750014804304
legacy,4,a_N100_V3+3D,5.318832932971418
legacy,4,a_N100_V3+3D,5.293958005495369
legacy,4,a_N100_V3+3D,5.387917044572532
legacy,4,a_N100_V3+3D,5.363915930502117
legacy,4,a_N100_V3+3D,5.300290999002755
legacy,4,a_N100_V3+3D,5.294083035551012
legacy,4,a_N100_V3+3D,5.30312501359731
legacy,4,a_N100_V3+3D,5.298250005580485
legacy,4,a_N100_V3+3D,5.285250023007393
legacy,4,a_N100_V3+3D,5.324915982782841
legacy,4,a_N100_V3+3D,5.3070830181241035
legacy,4,a_N100_V3+3D,5.2934999112039804
legacy,4,a_N100_V3+3D,5.312332999892533
legacy,4,a_N100_V3+3D,5.344541044905782
legacy,4,a_N100_V3+3D,5.344792036339641
legacy,4,a_N100_V3+3D,5.309624946676195
legacy,4,a_N100_V3+3D,5.3196249064058065
legacy,4,a_N100_V3+3D,5.30104199424386
legacy,4,a_N100_V3+3D,5.301665980368853
legacy,4,a_N100_V3+3D,5.327249993570149
legacy,4,a_N100_V3+3D,5.292125046253204
legacy,4,a_N100_V3+3D,5.281792022287846
legacy,4,a_N100_V3+3D,5.281666060909629
legacy,4,a_N100_V3+3D,5.296084098517895
legacy,4,a_N100_V3+3D,5.322291981428862
legacy,4,a_N100_V3+3D,5.278374999761581
legacy,4,a_N100_V3+3D,5.292999907396734
legacy,4,a_N100_V3+3D,5.248875007964671
legacy,4,a_N100_V3+3D,5.245125037617981
legacy,4,a_N100_V3+3D,5.2692919271066785
legacy,4,a_N100_V3+3D,5.268790991976857
legacy,4,a_N100_V3+3D,5.289625027216971
legacy,4,a_N100_V3+3D,5.310375010594726
legacy,4,a_N100_V3+3D,5.3012920543551445
legacy,4,a_N100_V3+3D,5.311875022016466
legacy,4,a_N100_V3+3D,5.327875027433038
legacy,4,a_N100_V3+3D,5.348959006369114
legacy,4,a_N100_V3+3D,5.308374995365739
legacy,4,a_N100_V3+3D,5.274709081277251
legacy,4,a_N100_V3+3D,5.268583074212074
legacy,4,a_N100_V3+3D,5.284125101752579
legacy,4,a_N100_V3+3D,5.2748339949175715
legacy,4,a_N100_V3+3D,5.279500037431717
legacy,4,a_N100_V3+3D,5.315333022736013
legacy,4,a_N100_V3+3D,5.284833954647183
legacy,4,a_N100_V3+3D,5.289832944981754
legacy,4,a_N100_V3+3D,5.261500016786158
legacy,4,a_N100_V3+3D,5.27750002220273
legacy,4,a_N100_V3+3D,5.74924994725734
legacy,4,a_N100_V3+3D,5.052416934631765
legacy,4,a_N100_V3+3D,5.134582985192537
legacy,4,a_N100_V3+3D,4.992040921933949
legacy,4,a_N100_V3+3D,4.993082955479622
legacy,4,a_N100_V3+3D,4.96983400080353
legacy,4,a_N100_V3+3D,5.1213339902460575
legacy,4,a_N100_V3+3D,4.983999999240041
legacy,4,a_N100_V3+3D,4.966125008650124
legacy,4,a_N100_V3+3D,4.943375010043383
legacy,4,a_N100_V3+3D,4.9443329917266965
legacy,4,a_N100_V3+3D,4.936250043101609
legacy,4,a_N100_V3+3D,4.961624974384904
legacy,4,a_N100_V3+3D,4.9437080742791295
legacy,4,a_N100_V3+3D,4.920333041809499
legacy,4,a_N100_V3+3D,4.946250002831221
legacy,4,a_N100_V3+3D,4.964082967489958
legacy,4,a_N100_V3+3D,4.949541995301843
legacy,4,a_N100_V3+3D,4.935790901072323
legacy,4,a_N100_V3+3D,4.914624965749681
legacy,4,a_N100_V3+3D,4.942999919876456
legacy,4,a_N100_V3+3D,4.911832977086306
legacy,4,a_N100_V3+3D,4.8902080161497
legacy,4,a_N100_V3+3D,4.941417020745575
legacy,4,a_N100_V3+3D,5.012999987229705
legacy,4,a_N100_V3+3D,4.9509580712765455
legacy,4,a_N100_V3+3D,4.987584077753127
legacy,4,a_N100_V3+3D,4.928500042296946
legacy,4,a_N100_V3+3D,4.925333079881966
legacy,4,a_N100_V3+3D,4.960958962328732
legacy,4,a_N100_V3+3D,4.9207499250769615
legacy,4,a_N100_V3+3D,4.893583012744784
legacy,4,a_N100_V3+3D,5.014749942347407
legacy,4,a_N100_V3+3D,4.929457907564938
legacy,4,a_N100_V3+3D,4.900333005934954
legacy,4,a_N100_V3+3D,4.949167021550238
legacy,4,a_N100_V3+3D,4.945249995216727
legacy,4,a_N100_V3+3D,4.888332914561033
legacy,4,a_N100_V3+3D,5.107334000058472
legacy,4,a_N100_V3+3D,4.915541037917137
legacy,4,a_N100_V3+3D,4.913917044177651
legacy,4,a_N100_V3+3D,4.923833999782801
legacy,4,a_N100_V3+3D,4.936667042784393
legacy,4,a_N100_V3+3D,4.898042068816721
legacy,4,a_N100_V3+3D,4.896624945104122
legacy,4,a_N100_V3+3D,4.888500086963177
legacy,4,a_N100_V3+3D,4.913582932204008
legacy,4,a_N100_V3+3D,4.942666972056031
legacy,4,a_N100_V3+3D,4.907166003249586
legacy,4,a_N100_V3+3D,4.912499920465052
legacy,4,a_N100_V3+3D,4.949333961121738
legacy,4,a_N100_V3+3D,4.9157909816131
legacy,4,a_N100_V3+3D,4.919041995890439
legacy,4,a_N100_V3+3D,4.908208968117833
legacy,4,a_N100_V3+3D,4.925666027702391
legacy,4,a_N100_V3+3D,4.934999975375831
legacy,4,a_N100_V3+3D,4.945042077451944
legacy,4,a_N100_V3+3D,5.166750052012503
legacy,4,a_N100_V3+3D,4.942042054608464
legacy,4,a_N100_V3+3D,4.9359999829903245
legacy,4,a_N100_V3+3D,6.1873330269008875
legacy,4,a_N100_V3+3D,5.531542003154755
legacy,4,a_N100_V3+3D,5.539916921406984
legacy,4,a_N100_V3+3D,5.465083988383412
legacy,4,a_N100_V3+3D,5.428333999589086
legacy,4,a_N100_V3+3D,5.460040993057191
legacy,4,a_N100_V3+3D,5.399834015406668
legacy,4,a_N100_V3+3D,5.4412499302998185
legacy,4,a_N100_V3+3D,5.357292015105486
legacy,4,a_N100_V3+3D,5.385000025853515
legacy,4,a_N100_V3+3D,5.416042055003345
legacy,4,a_N100_V3+3D,5.458250059746206
legacy,4,a_N100_V3+3D,5.418333923444152
legacy,4,a_N100_V3+3D,5.450834054499865
legacy,4,a_N100_V3+3D,5.390250007621944
legacy,4,a_N100_V3+3D,5.4954999359324574
legacy,4,a_N100_V3+3D,5.400458932854235
legacy,4,a_N100_V3+3D,5.439082975499332
legacy,4,a_N100_V3+3D,5.361958988942206
legacy,4,a_N100_V3+3D,5.400708992965519
legacy,4,a_N100_V3+3D,5.37241599522531
legacy,4,a_N100_V3+3D,5.48270798753947
legacy,4,a_N100_V3+3D,5.374624975956976
legacy,4,a_N100_V3+3D,5.419500055722892
legacy,4,a_N100_V3+3D,5.4004170233383775
legacy,4,a_N100_V3+3D,5.4120420245453715
legacy,4,a_N100_V3+3D,5.402208073064685
legacy,4,a_N100_V3+3D,5.386041011661291
legacy,4,a_N100_V3+3D,5.427416996099055
legacy,4,a_N100_V3+3D,5.398916080594063
legacy,4,a_N100_V3+3D,5.300458054989576
legacy,4,a_N100_V3+3D,5.331249907612801
legacy,4,a_N100_V3+3D,5.348208011128008
legacy,4,a_N100_V3+3D,5.406167008914053
legacy,4,a_N100_V3+3D,5.420707981102169
legacy,4,a_N100_V3+3D,5.387249984778464
legacy,4,a_N100_V3+3D,5.434166989289224
legacy,4,a_N100_V3+3D,5.3822919726371765
legacy,4,a_N100_V3+3D,5.3200420225039124
legacy,4,a_N100_V3+3D,5.387124954722822
legacy,4,a_N100_V3+3D,5.349416984245181
legacy,4,a_N100_V3+3D,5.365916062146425
legacy,4,a_N100_V3+3D,5.355458939447999
legacy,4,a_N100_V3+3D,5.358417052775621
legacy,4,a_N100_V3+3D,5.334457964636385
legacy,4,a_N100_V3+3D,5.378374946303666
legacy,4,a_N100_V3+3D,5.366541910916567
legacy,4,a_N100_V3+3D,5.421457928605378
legacy,4,a_N100_V3+3D,5.3493339801207185
legacy,4,a_N100_V3+3D,5.366707919165492
legacy,4,a_N100_V3+3D,5.382374976761639
legacy,4,a_N100_V3+3D,5.384125048294663
legacy,4,a_N100_V3+3D,5.361458985134959
legacy,4,a_N100_V3+3D,5.436458042822778
legacy,4,a_N100_V3+3D,5.399791989475489
legacy,4,a_N100_V3+3D,5.392665974795818
legacy,4,a_N100_V3+3D,5.3917079931125045
legacy,4,a_N100_V3+3D,5.492833908647299
legacy,4,a_N100_V3+3D,5.428459029644728
legacy,4,a_N100_V3+3D,5.4174159886315465
legacy,4,a_N100_V3+3D,5.896374932490289
legacy,4,a_N100_V3+3D,5.08833397179842
legacy,4,a_N100_V3+3D,5.230832961387932
legacy,4,a_N100_V3+3D,5.082209012471139
legacy,4,a_N100_V3+3D,5.07916696369648
legacy,4,a_N100_V3+3D,4.989583045244217
legacy,4,a_N100_V3+3D,5.067334044724703
legacy,4,a_N100_V3+3D,5.00291702337563
legacy,4,a_N100_V3+3D,5.046500009484589
legacy,4,a_N100_V3+3D,5.029708030633628
legacy,4,a_N100_V3+3D,5.100042093545198
legacy,4,a_N100_V3+3D,4.963708110153675
legacy,4,a_N100_V3+3D,5.002667079679668
legacy,4,a_N100_V3+3D,5.05208398681134
legacy,4,a_N100_V3+3D,5.033374996855855
legacy,4,a_N100_V3+3D,4.981167032383382
legacy,4,a_N100_V3+3D,5.024291924200952
legacy,4,a_N100_V3+3D,4.970042034983635
legacy,4,a_N100_V3+3D,5.054416949860752
legacy,4,a_N100_V3+3D,5.053916946053505
legacy,4,a_N100_V3+3D,5.0406670197844505
legacy,4,a_N100_V3+3D,4.998209071345627
legacy,4,a_N100_V3+3D,4.968666005879641
legacy,4,a_N100_V3+3D,5.0080419750884175
legacy,4,a_N100_V3+3D,5.102333030663431
legacy,4,a_N100_V3+3D,4.95845905970782
legacy,4,a_N100_V3+3D,5.061208037659526
legacy,4,a_N100_V3+3D,4.961833008565009
legacy,4,a_N100_V3+3D,5.05245802924037
legacy,4,a_N100_V3+3D,5.517957964912057
legacy,4,a_N100_V3+3D,5.11995900887996
legacy,4,a_N100_V3+3D,4.950582981109619
legacy,4,a_N100_V3+3D,5.054792040027678
legacy,4,a_N100_V3+3D,5.049749976024032
legacy,4,a_N100_V3+3D,5.03975001629442
legacy,4,a_N100_V3+3D,4.999667056836188
legacy,4,a_N100_V3+3D,5.141125060617924
legacy,4,a_N100_V3+3D,4.950250033289194
legacy,4,a_N100_V3+3D,5.091083003208041
legacy,4,a_N100_V3+3D,5.098792025819421
legacy,4,a_N100_V3+3D,5.063209100626409
legacy,4,a_N100_V3+3D,4.978083074092865
legacy,4,a_N100_V3+3D,4.939334001392126
legacy,4,a_N100_V3+3D,5.077541922219098
legacy,4,a_N100_V3+3D,5.014541908167303
legacy,4,a_N100_V3+3D,5.8712499449029565
legacy,4,a_N100_V3+3D,5.161750013940036
legacy,4,a_N100_V3+3D,5.168417003005743
legacy,4,a_N100_V3+3D,5.1438340451568365
legacy,4,a_N100_V3+3D,5.168125033378601
legacy,4,a_N100_V3+3D,5.107874982059002
legacy,4,a_N100_V3+3D,5.035958020016551
legacy,4,a_N100_V3+3D,5.064041004516184
legacy,4,a_N100_V3+3D,5.034417030401528
legacy,4,a_N100_V3+3D,5.127166979946196
legacy,4,a_N100_V3+3D,5.01045910641551
legacy,4,a_N100_V3+3D,5.027750041335821
legacy,4,a_N100_V3+3D,5.234624957665801
legacy,4,a_N100_V3+3D,5.035833106376231
legacy,4,a_N100_V3+3D,6.334166973829269
legacy,4,a_N100_V3+3D,8.119374979287386
legacy,4,a_N100_V3+3D,6.884832982905209
legacy,4,a_N100_V3+3D,8.911625016480684
legacy,4,a_N100_V3+3D,7.247457979246974
legacy,4,a_N100_V3+3D,8.531542029231787
legacy,4,a_N100_V3+3D,7.303041056729853
legacy,4,a_N100_V3+3D,7.815374992787838
legacy,4,a_N100_V3+3D,7.566708023659885
legacy,4,a_N100_V3+3D,6.747124949470162
legacy,4,a_N100_V3+3D,6.651707924902439
legacy,4,a_N100_V3+3D,6.918375031091273
legacy,4,a_N100_V3+3D,6.540040951222181
legacy,4,a_N100_V3+3D,6.829624995589256
legacy,4,a_N100_V3+3D,5.655958084389567
legacy,4,a_N100_V3+3D,5.464125075377524
legacy,4,a_N100_V3+3D,5.481750005856156
legacy,4,a_N100_V3+3D,5.433000042103231
legacy,4,a_N100_V3+3D,5.978291039355099
legacy,4,a_N100_V3+3D,5.663457908667624
legacy,4,a_N100_V3+3D,5.562042002566159
legacy,4,a_N100_V3+3D,5.540499929338694
legacy,4,a_N100_V3+3D,5.553332972340286
legacy,4,a_N100_V3+3D,5.5640420177951455
legacy,4,a_N100_V3+3D,5.8307499857619405
legacy,4,a_N100_V3+3D,5.52404101472348
legacy,4,a_N100_V3+3D,5.536666954867542
legacy,4,a_N100_V3+3D,5.592125002294779
legacy,4,a_N100_V3+3D,5.536415963433683
legacy,4,a_N100_V3+3D,5.4981670109555125
legacy,4,a_N100_V3+3D,5.49958401825279
legacy,4,a_N100_V3+3D,5.5032920790836215
legacy,4,a_N100_V3+3D,5.470625008456409
legacy,4,a_N100_V3+3D,5.4886669386178255
legacy,4,a_N100_V3+3D,5.417624954134226
legacy,4,a_N100_V3+3D,5.426000105217099
legacy,4,a_N100_V3+3D,5.401000031270087
legacy,4,a_N100_V3+3D,5.557333002798259
legacy,4,a_N100_V3+3D,5.47370791900903
legacy,4,a_N100_V3+3D,5.47520793043077
legacy,4,a_N100_V3+3D,5.439582979306579
legacy,4,a_N100_V3+3D,5.384083022363484
legacy,4,a_N100_V3+3D,5.462959059514105
legacy,4,a_N100_V3+3D,5.4093749495223165
legacy,4,a_N100_V3+3D,5.427708034403622
legacy,4,a_N100_V3+3D,5.442292080260813
legacy,4,a_N100_V3+3D,5.427374970167875
legacy,4,a_N100_V3+3D,5.433000042103231
legacy,4,a_N100_V3+3D,5.481874919496477
legacy,4,a_N100_V3+3D,5.465290974825621
legacy,4,a_N100_V3+3D,5.455375066958368
legacy,4,a_N100_V3+3D,5.445374990813434
legacy,4,a_N100_V3+3D,5.423124996013939
legacy,4,a_N100_V3+3D,5.454874946735799
legacy,4,a_N100_V3+3D,5.521374987438321
legacy,4,a_N100_V3+3D,5.44195796828717
legacy,4,a_N100_V3+3D,5.461374996230006
legacy,4,a_N100_V3+3D,5.446583032608032
legacy,4,a_N100_V3+3D,5.409750039689243
legacy,4,a_N100_V3+3D,5.4351669969037175
legacy,4,a_N100_V3+3D,5.500000086612999
legacy,4,a_N100_V3+3D,5.937499925494194
legacy,4,a_N100_V3+3D,5.185542046092451
legacy,4,a_N100_V3+3D,5.224291933700442
legacy,4,a_N100_V3+3D,5.206208094023168
legacy,4,a_N100_V3+3D,5.203832988627255
legacy,4,a_N100_V3+3D,5.185707937926054
legacy,4,a_N100_V3+3D,5.077165900729597
legacy,4,a_N100_V3+3D,5.1600419683381915
legacy,4,a_N100_V3+3D,5.019041942432523
legacy,4,a_N100_V3+3D,5.167749943211675
legacy,4,a_N100_V3+3D,5.108540994115174
legacy,4,a_N100_V3+3D,5.1498330431059
legacy,4,a_N100_V3+3D,5.0772500690072775
legacy,4,a_N100_V3+3D,5.14070806093514
legacy,4,a_N100_V3+3D,5.072084022685885
legacy,4,a_N100_V3+3D,5.198542028665543
legacy,4,a_N100_V3+3D,5.115582956932485
legacy,4,a_N100_V3+3D,5.110541940666735
legacy,4,a_N100_V3+3D,5.052916007116437
legacy,4,a_N100_V3+3D,5.151999997906387
legacy,4,a_N100_V3+3D,5.005041952244937
legacy,4,a_N100_V3+3D,5.118125001899898
legacy,4,a_N100_V3+3D,5.16191590577364
legacy,4,a_N100_V3+3D,5.122042028233409
legacy,4,a_N100_V3+3D,5.0394999561831355
legacy,4,a_N100_V3+3D,5.124874995090067
legacy,4,a_N100_V3+3D,5.182208959013224
legacy,4,a_N100_V3+3D,5.134916980750859
legacy,4,a_N100_V3+3D,5.058375070802867
legacy,4,a_N100_V3+3D,5.1869170274585485
legacy,4,a_N100_V3+3D,5.0735409604385495
legacy,4,a_N100_V3+3D,5.16066700220108
legacy,4,a_N100_V3+3D,5.137124913744628
legacy,4,a_N100_V3+3D,5.1322500221431255
legacy,4,a_N100_V3+3D,5.017332965508103
legacy,4,a_N100_V3+3D,5.124334013089538
legacy,4,a_N100_V3+3D,5.028415936976671
legacy,4,a_N100_V3+3D,5.166042014025152
legacy,4,a_N100_V3+3D,5.14849997125566
legacy,4,a_N100_V3+3D,5.041041993536055
legacy,4,a_N100_V3+3D,5.021624965593219
legacy,4,a_N100_V3+3D,5.010375054553151
legacy,4,a_N100_V3+3D,5.042250035330653
legacy,4,a_N100_V3+3D,4.983625025488436
legacy,4,a_N100_V3+3D,5.107500008307397
legacy,4,a_N100_V3+3D,5.091125029139221
legacy,4,a_N100_V3+3D,5.000208038836718
legacy,4,a_N100_V3+3D,5.138666951097548
legacy,4,a_N100_V3+3D,5.151958903297782
legacy,4,a_N100_V3+3D,5.1328749395906925
legacy,4,a_N100_V3+3D,5.094666965305805
legacy,4,a_N100_V3+3D,5.0995409255847335
legacy,4,a_N100_V3+3D,4.9637919291853905
legacy,4,a_N100_V3+3D,5.184542038477957
legacy,4,a_N100_V3+3D,5.131207988597453
legacy,4,a_N100_V3+3D,5.132041987963021
legacy,4,a_N100_V3+3D,5.089582991786301
legacy,4,a_N100_V3+3D,5.400166963227093
legacy,4,a_N100_V3+3D,5.045083002187312
legacy,4,a_N100_V3+3D,5.149667034856975
legacy,4,a_N100_V3+3D,6.285666953772306
legacy,4,a_N100_V3+3D,5.566750071011484
legacy,4,a_N100_V3+3D,5.665292032063007
legacy,4,a_N100_V3+3D,5.5304160341620445
legacy,4,a_N100_V3+3D,5.464292014949024
legacy,4,a_N100_V3+3D,5.512041971087456
legacy,4,a_N100_V3+3D,5.5054581025615335
legacy,4,a_N100_V3+3D,5.482291919179261
legacy,4,a_N100_V3+3D,5.507624940946698
legacy,4,a_N100_V3+3D,5.496041965670884
legacy,4,a_N100_V3+3D,5.479458021000028
legacy,4,a_N100_V3+3D,5.444542039185762
legacy,4,a_N100_V3+3D,5.436624982394278
legacy,4,a_N100_V3+3D,5.4160000290721655
legacy,4,a_N100_V3+3D,5.4898340022191405
legacy,4,a_N100_V3+3D,5.505125038325787
legacy,4,a_N100_V3+3D,5.4877910297364
legacy,4,a_N100_V3+3D,5.496792029589415
legacy,4,a_N100_V3+3D,5.48725004773587
legacy,4,a_N100_V3+3D,5.430666031315923
legacy,4,a_N100_V3+3D,5.475416895933449
legacy,4,a_N100_V3+3D,5.488708964549005
legacy,4,a_N100_V3+3D,5.407832912169397
legacy,4,a_N100_V3+3D,5.503499996848404
legacy,4,a_N100_V3+3D,5.448749987408519
legacy,4,a_N100_V3+3D,5.432875012047589
legacy,4,a_N100_V3+3D,5.505791981704533
legacy,4,a_N100_V3+3D,5.486667039804161
legacy,4,a_N100_V3+3D,5.478665931150317
legacy,4,a_N100_V3+3D,5.468000075779855
legacy,4,a_N100_V3+3D,5.342707969248295
legacy,4,a_N100_V3+3D,5.3471659775823355
legacy,4,a_N100_V3+3D,5.48575003631413
legacy,4,a_N100_V3+3D,5.490750074386597
legacy,4,a_N100_V3+3D,5.4359170608222485
legacy,4,a_N100_V3+3D,5.419500055722892
legacy,4,a_N100_V3+3D,5.481500062160194
legacy,4,a_N100_V3+3D,5.411291960626841
legacy,4,a_N100_V3+3D,5.4351669969037175
legacy,4,a_N100_V3+3D,5.465833004564047
legacy,4,a_N100_V3+3D,5.438708001747727
legacy,4,a_N100_V3+3D,5.448417039588094
legacy,4,a_N100_V3+3D,5.4238749435171485
legacy,4,a_N100_V3+3D,5.320917000062764
legacy,4,a_N100_V3+3D,5.390917067416012
legacy,4,a_N100_V3+3D,5.453999969176948
legacy,4,a_N100_V3+3D,5.408333032391965
legacy,4,a_N100_V3+3D,5.475666024722159
legacy,4,a_N100_V3+3D,5.434875027276576
legacy,4,a_N100_V3+3D,5.406750016845763
legacy,4,a_N100_V3+3D,5.5034589022397995
legacy,4,a_N100_V3+3D,5.426791030913591
legacy,4,a_N100_V3+3D,5.3826249204576015
legacy,4,a_N100_V3+3D,5.497667007148266
legacy,4,a_N100_V3+3D,5.4184169275686145
legacy,4,a_N100_V3+3D,5.408415920101106
legacy,4,a_N100_V3+3D,5.440333974547684
legacy,4,a_N100_V3+3D,5.4709999822080135
legacy,4,a_N100_V3+3D,5.419000051915646
legacy,4,a_N100_V3+3D,5.440084030851722
legacy,4,a_N100_V3+3D,5.776457954198122
legacy,4,a_N100_V3+3D,5.102874943986535
legacy,4,a_N100_V3+3D,5.194708937779069
legacy,4,a_N100_V3+3D,5.10008295532316
legacy,4,a_N100_V3+3D,5.116082960739732
legacy,4,a_N100_V3+3D,5.043416982516646
legacy,4,a_N100_V3+3D,5.034707952290773
legacy,4,a_N100_V3+3D,4.994792048819363
legacy,4,a_N100_V3+3D,5.015209084376693
legacy,4,a_N100_V3+3D,5.02683303784579
legacy,4,a_N100_V3+3D,5.012958077713847
legacy,4,a_N100_V3+3D,5.638167029246688
legacy,4,a_N100_V3+3D,5.128625081852078
legacy,4,a_N100_V3+3D,5.208750022575259
legacy,4,a_N100_V3+3D,5.4123339941725135
legacy,4,a_N100_V3+3D,5.11595793068409
legacy,4,a_N100_V3+3D,4.992166068404913
legacy,4,a_N100_V3+3D,5.034000030718744
legacy,4,a_N100_V3+3D,5.008916952647269
legacy,4,a_N100_V3+3D,4.9657500348985195
legacy,4,a_N100_V3+3D,4.958166973665357
legacy,4,a_N100_V3+3D,4.962124978192151
legacy,4,a_N100_V3+3D,5.06158301141113
legacy,4,a_N100_V3+3D,5.012499983422458
legacy,4,a_N100_V3+3D,4.966209060512483
legacy,4,a_N100_V3+3D,4.95904206763953
legacy,4,a_N100_V3+3D,4.992500063963234
legacy,4,a_N100_V3+3D,4.942000028677285
legacy,4,a_N100_V3+3D,4.957833094522357
legacy,4,a_N100_V3+3D,4.984958912245929
legacy,4,a_N100_V3+3D,4.951082984916866
legacy,4,a_N100_V3+3D,4.979624995030463
legacy,4,a_N100_V3+3D,4.9265839625149965
legacy,4,a_N100_V3+3D,4.934582975693047
legacy,4,a_N100_V3+3D,4.963416955433786
legacy,4,a_N100_V3+3D,4.982625017873943
legacy,4,a_N100_V3+3D,4.9946659710258245
legacy,4,a_N100_V3+3D,4.953750059939921
legacy,4,a_N100_V3+3D,4.954708972945809
legacy,4,a_N100_V3+3D,4.952250048518181
legacy,4,a_N100_V3+3D,4.951625014655292
legacy,4,a_N100_V3+3D,4.954417003318667
legacy,4,a_N100_V3+3D,4.958542063832283
legacy,4,a_N100_V3+3D,4.916083067655563
legacy,4,a_N100_V3+3D,4.947499954141676
legacy,4,a_N100_V3+3D,4.962499951943755
legacy,4,a_N100_V3+3D,4.979207995347679
legacy,4,a_N100_V3+3D,4.975833930075169
legacy,4,a_N100_V3+3D,4.978082957677543
legacy,4,a_N100_V3+3D,4.939917009323835
legacy,4,a_N100_V3+3D,4.960834048688412
legacy,4,a_N100_V3+3D,4.918541992083192
legacy,4,a_N100_V3+3D,4.910666029900312
legacy,4,a_N100_V3+3D,5.013999994844198
legacy,4,a_N100_V3+3D,4.961541038937867
legacy,4,a_N100_V3+3D,4.933458054438233
legacy,4,a_N100_V3+3D,5.4101659916341305
legacy,4,a_N100_V3+3D,5.29541599098593
legacy,4,a_N100_V3+3D,4.997750045731664
legacy,4,a_N100_V3+3D,4.959041951224208
legacy,4,a_N100_V3+3D,6.129292072728276
legacy,4,a_N100_V3+3D,5.45416702516377
legacy,4,a_N100_V3+3D,5.4963750299066305
legacy,4,a_N100_V3+3D,5.386291071772575
legacy,4,a_N100_V3+3D,5.377041990868747
legacy,4,a_N100_V3+3D,5.384333897382021
legacy,4,a_N100_V3+3D,5.381249939091504
legacy,4,a_N100_V3+3D,5.379916983656585
legacy,4,a_N100_V3+3D,5.354249966330826
legacy,4,a_N100_V3+3D,5.321624921634793
legacy,4,a_N100_V3+3D,5.32816699706018
legacy,4,a_N100_V3+3D,5.3805840434506536
legacy,4,a_N100_V3+3D,5.317125003784895
legacy,4,a_N100_V3+3D,5.324458004906774
legacy,4,a_N100_V3+3D,5.297834053635597
legacy,4,a_N100_V3+3D,5.344707984477282
legacy,4,a_N100_V3+3D,5.380957969464362
legacy,4,a_N100_V3+3D,5.338334012776613
legacy,4,a_N100_V3+3D,5.313250003382564
legacy,4,a_N100_V3+3D,5.2948750089854
legacy,4,a_N100_V3+3D,5.284208920784295
legacy,4,a_N100_V3+3D,5.331041058525443
legacy,4,a_N100_V3+3D,5.310707958415151
legacy,4,a_N100_V3+3D,5.341249983757734
legacy,4,a_N100_V3+3D,5.276082898490131
legacy,4,a_N100_V3+3D,5.257040960714221
legacy,4,a_N100_V3+3D,5.33583399374038
legacy,4,a_N100_V3+3D,5.34104194957763
legacy,4,a_N100_V3+3D,5.23579097352922
legacy,4,a_N100_V3+3D,5.282083991914988
legacy,4,a_N100_V3+3D,5.306166014634073
legacy,4,a_N100_V3+3D,5.8307499857619405
legacy,4,a_N100_V3+3D,5.4851670283824205
legacy,4,a_N100_V3+3D,5.4702910128980875
legacy,4,a_N100_V3+3D,5.411582998931408
legacy,4,a_N100_V3+3D,5.37204195279628
legacy,4,a_N100_V3+3D,5.40720799472183
legacy,4,a_N100_V3+3D,5.412166938185692
legacy,4,a_N100_V3+3D,5.34554198384285
legacy,4,a_N100_V3+3D,5.298915901221335
legacy,4,a_N100_V3+3D,5.2978749154135585
legacy,4,a_N100_V3+3D,5.3015840239822865
legacy,4,a_N100_V3+3D,5.309500033035874
legacy,4,a_N100_V3+3D,5.30779198743403
legacy,4,a_N100_V3+3D,5.296749994158745
legacy,4,a_N100_V3+3D,5.297999945469201
legacy,4,a_N100_V3+3D,5.272708018310368
legacy,4,a_N100_V3+3D,5.318457959219813
legacy,4,a_N100_V3+3D,5.277208052575588
legacy,4,a_N100_V3+3D,5.387500044889748
legacy,4,a_N100_V3+3D,5.29337499756366
legacy,4,a_N100_V3+3D,5.279625067487359
legacy,4,a_N100_V3+3D,5.320917000062764
legacy,4,a_N100_V3+3D,5.370958941057324
legacy,4,a_N100_V3+3D,5.306915962137282
legacy,4,a_N100_V3+3D,5.352707928977907
legacy,4,a_N100_V3+3D,5.308917025104165
legacy,4,a_N100_V3+3D,5.3428750252351165
legacy,4,a_N100_V3+3D,5.286167026497424
legacy,4,a_N100_V3+3D,5.2935839630663395
legacy,4,a_N100_V3+3D,5.735874990932643
legacy,4,a_N100_V3+3D,5.038375034928322
legacy,4,a_N100_V3+3D,5.233541945926845
legacy,4,a_N100_V3+3D,5.023499950766563
legacy,4,a_N100_V3+3D,5.121499998494983
legacy,4,a_N100_V3+3D,5.031791981309652
legacy,4,a_N100_V3+3D,5.006375024095178
legacy,4,a_N100_V3+3D,5.026874947361648
legacy,4,a_N100_V3+3D,4.98008297290653
legacy,4,a_N100_V3+3D,4.999416996724904
legacy,4,a_N100_V3+3D,4.981791949830949
legacy,4,a_N100_V3+3D,4.963917075656354
legacy,4,a_N100_V3+3D,4.970457986928523
legacy,4,a_N100_V3+3D,4.952542018145323
legacy,4,a_N100_V3+3D,4.969167057424784
legacy,4,a_N100_V3+3D,5.038625095039606
legacy,4,a_N100_V3+3D,5.056333029642701
legacy,4,a_N100_V3+3D,5.019500036723912
legacy,4,a_N100_V3+3D,4.938374971970916
legacy,4,a_N100_V3+3D,4.935957957059145
legacy,4,a_N100_V3+3D,4.95145795866847
legacy,4,a_N100_V3+3D,4.925624933093786
legacy,4,a_N100_V3+3D,4.991499939933419
legacy,4,a_N100_V3+3D,4.965499974787235
legacy,4,a_N100_V3+3D,4.926124936901033
legacy,4,a_N100_V3+3D,4.946041968651116
legacy,4,a_N100_V3+3D,4.983584047295153
legacy,4,a_N100_V3+3D,4.9353750655427575
legacy,4,a_N100_V3+3D,4.899583058431745
legacy,4,a_N100_V3+3D,4.913417040370405
legacy,4,a_N100_V3+3D,4.91524999961257
legacy,4,a_N100_V3+3D,4.942583036608994
legacy,4,a_N100_V3+3D,4.90566692315042
legacy,4,a_N100_V3+3D,4.90924995392561
legacy,4,a_N100_V3+3D,4.905832931399345
legacy,4,a_N100_V3+3D,4.900667001493275
legacy,4,a_N100_V3+3D,4.97408292721957
legacy,4,a_N100_V3+3D,4.934625001624227
legacy,4,a_N100_V3+3D,4.9186249962076545
legacy,4,a_N100_V3+3D,4.924332955852151
legacy,4,a_N100_V3+3D,4.915082943625748
legacy,4,a_N100_V3+3D,4.962917068041861
legacy,4,a_N100_V3+3D,4.915959085337818
legacy,4,a_N100_V3+3D,4.920833045616746
legacy,4,a_N100_V3+3D,4.942667088471353
legacy,4,a_N100_V3+3D,4.926625057123601
legacy,4,a_N100_V3+3D,4.922167048789561
legacy,4,a_N100_V3+3D,4.94491693098098
legacy,4,a_N100_V3+3D,4.893874982371926
legacy,4,a_N100_V3+3D,4.919707891531289
legacy,4,a_N100_V3+3D,4.884166992269456
legacy,4,a_N100_V3+3D,4.9110830295830965
legacy,4,a_N100_V3+3D,4.95520792901516
legacy,4,a_N100_V3+3D,4.916957928799093
legacy,4,a_N100_V3+3D,4.921457963064313
legacy,4,a_N100_V3+3D,4.924291977658868
legacy,4,a_N100_V3+3D,4.897959064692259
legacy,4,a_N100_V3+3D,5.194958066567779
legacy,4,a_N100_V3+3D,4.953666008077562
legacy,4,a_N100_V3+3D,4.936667042784393
legacy,4,a_N100_V3+3D,6.088125053793192
legacy,4,a_N100_V3+3D,5.448709009215236
legacy,4,a_N100_V3+3D,5.481707979924977
legacy,4,a_N100_V3+3D,5.364542012102902
legacy,4,a_N100_V3+3D,5.349959013983607
legacy,4,a_N100_V3+3D,5.358624970540404
legacy,4,a_N100_V3+3D,5.348416976630688
legacy,4,a_N100_V3+3D,5.334999994374812
legacy,4,a_N100_V3+3D,5.326042068190873
legacy,4,a_N100_V3+3D,5.302167031913996
legacy,4,a_N100_V3+3D,5.29025006107986
legacy,4,a_N100_V3+3D,5.300750024616718
legacy,4,a_N100_V3+3D,5.578250042162836
legacy,4,a_N100_V3+3D,5.33154106233269
legacy,4,a_N100_V3+3D,5.2889169892296195
legacy,4,a_N100_V3+3D,5.315291928127408
legacy,4,a_N100_V3+3D,5.262166960164905
legacy,4,a_N100_V3+3D,5.284667015075684
legacy,4,a_N100_V3+3D,5.300916964188218
legacy,4,a_N100_V3+3D,5.300792050547898
legacy,4,a_N100_V3+3D,5.244708037935197
legacy,4,a_N100_V3+3D,5.275250063277781
legacy,4,a_N100_V3+3D,5.371792009100318
legacy,4,a_N100_V3+3D,5.838042008690536
legacy,4,a_N100_V3+3D,5.525332991965115
legacy,4,a_N100_V3+3D,5.422416026704013
legacy,4,a_N100_V3+3D,5.428875098004937
legacy,4,a_N100_V3+3D,5.367291974835098
legacy,4,a_N100_V3+3D,5.372999934479594
legacy,4,a_N100_V3+3D,5.3613749332726
legacy,4,a_N100_V3+3D,5.365125020034611
legacy,4,a_N100_V3+3D,5.349833983927965
legacy,4,a_N100_V3+3D,5.317666917107999
legacy,4,a_N100_V3+3D,5.327041959390044
legacy,4,a_N100_V3+3D,5.381374969147146
legacy,4,a_N100_V3+3D,5.346499965526164
legacy,4,a_N100_V3+3D,5.363459000363946
legacy,4,a_N100_V3+3D,5.323917022906244
legacy,4,a_N100_V3+3D,5.30608301050961
legacy,4,a_N100_V3+3D,5.83133299369365
legacy,4,a_N100_V3+3D,5.481292027980089
legacy,4,a_N100_V3+3D,5.4244170896708965
legacy,4,a_N100_V3+3D,5.3868748946115375
legacy,4,a_N100_V3+3D,5.544583895243704
legacy,4,a_N100_V3+3D,5.480291903950274
legacy,4,a_N100_V3+3D,5.367208970710635
legacy,4,a_N100_V3+3D,5.36270800512284
legacy,4,a_N100_V3+3D,5.4305000230669975
legacy,4,a_N100_V3+3D,5.354042048566043
legacy,4,a_N100_V3+3D,5.371624953113496
legacy,4,a_N100_V3+3D,5.337583017535508
legacy,4,a_N100_V3+3D,5.318875075317919
legacy,4,a_N100_V3+3D,5.389666999690235
legacy,4,a_N100_V3+3D,5.340166972018778
legacy,4,a_N100_V3+3D,5.337083013728261
legacy,4,a_N100_V3+3D,6.820832961238921
legacy,4,a_N100_V3+3D,5.540458019822836
legacy,4,a_N100_V3+3D,5.410708952695131
legacy,4,a_N100_V3+3D,5.372333922423422
legacy,4,a_N100_V3+3D,5.368999904021621
legacy,4,a_N100_V3+3D,5.8145420625805855
legacy,4,a_N100_V3+3D,5.048958002589643
legacy,4,a_N100_V3+3D,5.156500032171607
legacy,4,a_N100_V3+3D,5.000540986657143
legacy,4,a_N100_V3+3D,4.99079201836139
legacy,4,a_N100_V3+3D,4.974791896529496
legacy,4,a_N100_V3+3D,5.004583043046296
legacy,4,a_N100_V3+3D,5.038124974817038
legacy,4,a_N100_V3+3D,4.98254201374948
legacy,4,a_N100_V3+3D,4.9902909668162465
legacy,4,a_N100_V3+3D,4.972624941729009
legacy,4,a_N100_V3+3D,4.947999957948923
legacy,4,a_N100_V3+3D,4.987624939531088
legacy,4,a_N100_V3+3D,4.966874956153333
legacy,4,a_N100_V3+3D,5.155874998308718
legacy,4,a_N100_V3+3D,5.002042045816779
legacy,4,a_N100_V3+3D,4.924749955534935
legacy,4,a_N100_V3+3D,4.9472920363768935
legacy,4,a_N100_V3+3D,4.937916062772274
legacy,4,a_N100_V3+3D,4.952250048518181
legacy,4,a_N100_V3+3D,4.921333980746567
legacy,4,a_N100_V3+3D,5.068375030532479
legacy,4,a_N100_V3+3D,4.962791921570897
legacy,4,a_N100_V3+3D,4.925915971398354
legacy,4,a_N100_V3+3D,4.940665909089148
legacy,4,a_N100_V3+3D,4.9443329917266965
legacy,4,a_N100_V3+3D,4.948584013618529
legacy,4,a_N100_V3+3D,4.922125022858381
legacy,4,a_N100_V3+3D,4.941042046993971
legacy,4,a_N100_V3+3D,4.928000038489699
legacy,4,a_N100_V3+3D,4.915624973364174
legacy,4,a_N100_V3+3D,4.948624991811812
legacy,4,a_N100_V3+3D,4.918292048387229
legacy,4,a_N100_V3+3D,4.961583064869046
legacy,4,a_N100_V3+3D,4.94929205160588
legacy,4,a_N100_V3+3D,4.930416936986148
legacy,4,a_N100_V3+3D,5.000582896173
legacy,4,a_N100_V3+3D,4.9323339480906725
legacy,4,a_N100_V3+3D,4.94945899117738
legacy,4,a_N100_V3+3D,4.932957934215665
legacy,4,a_N100_V3+3D,4.961333004757762
legacy,4,a_N100_V3+3D,4.964416963048279
legacy,4,a_N100_V3+3D,4.952165996655822
legacy,4,a_N100_V3+3D,4.942915984429419
legacy,4,a_N100_V3+3D,4.927000030875206
legacy,4,a_N100_V3+3D,4.92137495893985
legacy,4,a_N100_V3+3D,5.016250070184469
legacy,4,a_N100_V3+3D,4.96050005313009
legacy,4,a_N100_V3+3D,4.926332971081138
legacy,4,a_N100_V3+3D,4.942875006236136
legacy,4,a_N100_V3+3D,5.02716691698879
legacy,4,a_N100_V3+3D,5.116666899994016
legacy,4,a_N100_V3+3D,4.992583999410272
legacy,4,a_N100_V3+3D,4.939917009323835
legacy,4,a_N100_V3+3D,4.945374908857048
legacy,4,a_N100_V3+3D,4.993749898858368
legacy,4,a_N100_V3+3D,4.96816704981029
legacy,4,a_N100_V3+3D,5.2096659783273935
legacy,4,a_N100_V3+3D,5.180749925784767
legacy,4,a_N100_V3+3D,4.968291963450611
legacy,4,a_N100_V3+3D,6.116041913628578
legacy,4,a_N100_V3+3D,5.415666033513844
legacy,4,a_N100_V3+3D,5.507750087417662
legacy,4,a_N100_V3+3D,5.409708013758063
legacy,4,a_N100_V3+3D,5.7884580455720425
legacy,4,a_N100_V3+3D,6.520207971334457
legacy,4,a_N100_V3+3D,6.558333057910204
legacy,4,a_N100_V3+3D,6.370167015120387
legacy,4,a_N100_V3+3D,5.574750015512109
legacy,4,a_N100_V3+3D,6.231458042748272
legacy,4,a_N100_V3+3D,5.631832988001406
legacy,4,a_N100_V3+3D,5.60820905957371
legacy,4,a_N100_V3+3D,5.521332961507142
legacy,4,a_N100_V3+3D,5.4844580590724945
legacy,4,a_N100_V3+3D,5.477084079757333
legacy,4,a_N100_V3+3D,5.512958043254912
legacy,4,a_N100_V3+3D,5.44279208406806
legacy,4,a_N100_V3+3D,5.502334097400308
legacy,4,a_N100_V3+3D,5.430999910458922
legacy,4,a_N100_V3+3D,5.405792035162449
legacy,4,a_N100_V3+3D,5.40587492287159
legacy,4,a_N100_V3+3D,5.435124970972538
legacy,4,a_N100_V3+3D,5.377207999117672
legacy,4,a_N100_V3+3D,5.345458979718387
legacy,4,a_N100_V3+3D,5.362291936762631
legacy,4,a_N100_V3+3D,5.4007499711588025
legacy,4,a_N100_V3+3D,5.419624969363213
legacy,4,a_N100_V3+3D,5.404833005741239
legacy,4,a_N100_V3+3D,5.356665933504701
legacy,4,a_N100_V3+3D,5.3907090332359076
legacy,4,a_N100_V3+3D,5.374833010137081
legacy,4,a_N100_V3+3D,5.358833004720509
legacy,4,a_N100_V3+3D,5.352084059268236
legacy,4,a_N100_V3+3D,5.377833964303136
legacy,4,a_N100_V3+3D,5.394625011831522
legacy,4,a_N100_V3+3D,5.380625021643937
legacy,4,a_N100_V3+3D,5.408416036516428
legacy,4,a_N100_V3+3D,5.3650831105187535
legacy,4,a_N100_V3+3D,5.359667004086077
legacy,4,a_N100_V3+3D,5.35166694317013
legacy,4,a_N100_V3+3D,5.353917018510401
legacy,4,a_N100_V3+3D,5.374624975956976
legacy,4,a_N100_V3+3D,5.33787498716265
legacy,4,a_N100_V3+3D,5.358833004720509
legacy,4,a_N100_V3+3D,5.376792047172785
legacy,4,a_N100_V3+3D,5.368833080865443
legacy,4,a_N100_V3+3D,5.33787498716265
legacy,4,a_N100_V3+3D,5.401959060691297
legacy,4,a_N100_V3+3D,5.3410830441862345
legacy,4,a_N100_V3+3D,5.3958750795573
legacy,4,a_N100_V3+3D,5.328999948687851
legacy,4,a_N100_V3+3D,5.3764579351991415
legacy,4,a_N100_V3+3D,5.352042033337057
legacy,4,a_N100_V3+3D,5.369332968257368
legacy,4,a_N100_V3+3D,5.331250024028122
legacy,4,a_N100_V3+3D,5.335333989933133
legacy,4,a_N100_V3+3D,5.325666978023946
legacy,4,a_N100_V3+3D,5.429334007203579
legacy,4,a_N100_V3+3D,5.36875007674098
legacy,4,a_N100_V3+3D,5.392000079154968
legacy,4,a_N100_V3+3D,5.800082930363715
legacy,4,a_N100_V3+3D,5.269333021715283
legacy,4,a_N100_V3+3D,5.204791901633143
legacy,4,a_N100_V3+3D,5.071374936960638
legacy,4,a_N100_V3+3D,5.026249913498759
legacy,4,a_N100_V3+3D,5.163084017112851
legacy,4,a_N100_V3+3D,5.0203329883515835
legacy,4,a_N100_V3+3D,5.033165914937854
legacy,4,a_N100_V3+3D,4.994916962459683
legacy,4,a_N100_V3+3D,5.003166967071593
legacy,4,a_N100_V3+3D,4.997749929316342
legacy,4,a_N100_V3+3D,4.98558406252414
legacy,4,a_N100_V3+3D,5.251750000752509
legacy,4,a_N100_V3+3D,5.608333041891456
legacy,4,a_N100_V3+3D,5.002667079679668
legacy,4,a_N100_V3+3D,5.0801660399883986
legacy,4,a_N100_V3+3D,4.988958011381328
legacy,4,a_N100_V3+3D,5.007416009902954
legacy,4,a_N100_V3+3D,4.98141604475677
legacy,4,a_N100_V3+3D,5.0142500549554825
legacy,4,a_N100_V3+3D,5.007833940908313
legacy,4,a_N100_V3+3D,5.0608329474925995
legacy,4,a_N100_V3+3D,5.010750028304756
legacy,4,a_N100_V3+3D,5.005958955734968
legacy,4,a_N100_V3+3D,4.974000039510429
legacy,4,a_N100_V3+3D,4.983291961252689
legacy,4,a_N100_V3+3D,5.013667047023773
legacy,4,a_N100_V3+3D,4.976249998435378
legacy,4,a_N100_V3+3D,4.965916974470019
legacy,4,a_N100_V3+3D,5.002042045816779
legacy,4,a_N100_V3+3D,4.972249967977405
legacy,4,a_N100_V3+3D,4.9769580364227295
legacy,4,a_N100_V3+3D,4.946166998706758
legacy,4,a_N100_V3+3D,5.462541943415999
legacy,4,a_N100_V3+3D,4.95766696985811
legacy,4,a_N100_V3+3D,4.995541996322572
legacy,4,a_N100_V3+3D,5.008250009268522
legacy,4,a_N100_V3+3D,4.972749971784651
legacy,4,a_N100_V3+3D,4.958124947734177
legacy,4,a_N100_V3+3D,4.984332947060466
legacy,4,a_N100_V3+3D,4.952791030518711
legacy,4,a_N100_V3+3D,4.993375041522086
legacy,4,a_N100_V3+3D,4.941417020745575
legacy,4,a_N100_V3+3D,4.974417039193213
legacy,4,a_N100_V3+3D,4.981082980521023
legacy,4,a_N100_V3+3D,4.98158298432827
legacy,4,a_N100_V3+3D,4.938875092193484
legacy,4,a_N100_V3+3D,5.027000093832612
legacy,4,a_N100_V3+3D,4.967207903973758
legacy,4,a_N100_V3+3D,5.234666983596981
legacy,4,a_N100_V3+3D,4.962124978192151
legacy,4,a_N100_V3+3D,5.017666961066425
legacy,4,a_N100_V3+3D,5.005292012356222
legacy,4,a_N100_V3+3D,4.969625035300851
legacy,4,a_N100_V3+3D,4.985874984413385
legacy,4,a_N100_V3+3D,5.027916980907321
legacy,4,a_N100_V3+3D,4.9490409437567
legacy,4,a_N100_V3+3D,5.210999981500208
legacy,4,a_N100_V3+3D,4.990125074982643
legacy,4,a_N100_V3+3D,5.04575006198138
legacy,4,a_N100_V3+3D,6.189291947521269
legacy,4,a_N100_V3+3D,5.479459068737924
legacy,4,a_N100_V3+3D,5.549957975745201
legacy,4,a_N100_V3+3D,5.454084021039307
legacy,4,a_N100_V3+3D,5.417084088549018
legacy,4,a_N100_V3+3D,5.882833036594093
legacy,4,a_N100_V3+3D,5.53187495097518
legacy,4,a_N100_V3+3D,5.492667085491121
legacy,4,a_N100_V3+3D,5.433291080407798
legacy,4,a_N100_V3+3D,5.425749928690493
legacy,4,a_N100_V3+3D,5.425874958746135
legacy,4,a_N100_V3+3D,5.361624993383884
legacy,4,a_N100_V3+3D,5.394833977334201
legacy,4,a_N100_V3+3D,5.445374990813434
legacy,4,a_N100_V3+3D,5.3522499511018395
legacy,4,a_N100_V3+3D,5.464334040880203
legacy,4,a_N100_V3+3D,5.421624984592199
legacy,4,a_N100_V3+3D,5.330417072400451
legacy,4,a_N100_V3+3D,5.3704590536653996
legacy,4,a_N100_V3+3D,5.325875012204051
legacy,4,a_N100_V3+3D,5.327625083737075
legacy,4,a_N100_V3+3D,5.426791962236166
legacy,4,a_N100_V3+3D,5.362541996873915
legacy,4,a_N100_V3+3D,5.365291028283536
legacy,4,a_N100_V3+3D,5.366749945096672
legacy,4,a_N100_V3+3D,5.368249956518412
legacy,4,a_N100_V3+3D,5.418583983555436
legacy,4,a_N100_V3+3D,5.351374973542988
legacy,4,a_N100_V3+3D,5.3707079496234655
legacy,4,a_N100_V3+3D,5.350791965611279
legacy,4,a_N100_V3+3D,5.373792024329305
legacy,4,a_N100_V3+3D,5.323291989043355
legacy,4,a_N100_V3+3D,5.3406249498948455
legacy,4,a_N100_V3+3D,5.35620900336653
legacy,4,a_N100_V3+3D,5.3851669654250145
legacy,4,a_N100_V3+3D,5.3157920483499765
legacy,4,a_N100_V3+3D,5.3579999366775155
legacy,4,a_N100_V3+3D,5.293500027619302
legacy,4,a_N100_V3+3D,6.868958938866854
legacy,4,a_N100_V3+3D,5.550917005166411
legacy,4,a_N100_V3+3D,5.446208990179002
legacy,4,a_N100_V3+3D,5.3804999915882945
legacy,4,a_N100_V3+3D,5.3703750018030405
legacy,4,a_N100_V3+3D,5.384959047660232
legacy,4,a_N100_V3+3D,5.382040981203318
legacy,4,a_N100_V3+3D,5.383417010307312
legacy,4,a_N100_V3+3D,5.398291978053749
legacy,4,a_N100_V3+3D,5.344624980352819
legacy,4,a_N100_V3+3D,5.321167060174048
legacy,4,a_N100_V3+3D,5.371084087528288
legacy,4,a_N100_V3+3D,5.335082998499274
legacy,4,a_N100_V3+3D,5.520166945643723
legacy,4,a_N100_V3+3D,5.397458095103502
legacy,4,a_N100_V3+3D,5.33637497574091
legacy,4,a_N100_V3+3D,5.335749941878021
legacy,4,a_N100_V3+3D,5.449166987091303
legacy,4,a_N100_V3+3D,5.303625017404556
legacy,4,a_N100_V3+3D,5.388624966144562
legacy,4,a_N100_V3+3D,5.3706669714301825
legacy,4,a_N100_V3+3D,5.306459031999111
legacy,4,a_N100_V3+3D,5.791833973489702
legacy,4,a_N100_V3+3D,5.188666982576251
legacy,4,a_N100_V3+3D,5.228666006587446
legacy,4,a_N100_V3+3D,5.146666895598173
legacy,4,a_N100_V3+3D,5.043167038820684
legacy,4,a_N100_V3+3D,5.13579195830971
legacy,4,a_N100_V3+3D,5.117167020216584
legacy,4,a_N100_V3+3D,4.959583980962634
legacy,4,a_N100_V3+3D,5.068665952421725
legacy,4,a_N100_V3+3D,4.968707915395498
legacy,4,a_N100_V3+3D,5.041499971412122
legacy,4,a_N100_V3+3D,5.06008299998939
legacy,4,a_N100_V3+3D,4.983750055544078
legacy,4,a_N100_V3+3D,5.104542011395097
legacy,4,a_N100_V3+3D,5.086875054985285
legacy,4,a_N100_V3+3D,4.998625023290515
legacy,4,a_N100_V3+3D,4.993500071577728
legacy,4,a_N100_V3+3D,4.937292076647282
legacy,4,a_N100_V3+3D,5.0166669534519315
legacy,4,a_N100_V3+3D,5.038666073232889
legacy,4,a_N100_V3+3D,5.110249971039593
legacy,4,a_N100_V3+3D,4.969708970747888
legacy,4,a_N100_V3+3D,5.005583981983364
legacy,4,a_N100_V3+3D,5.069167003966868
legacy,4,a_N100_V3+3D,5.037041963078082
legacy,4,a_N100_V3+3D,5.053875036537647
legacy,4,a_N100_V3+3D,5.063582910224795
legacy,4,a_N100_V3+3D,4.955500015057623
legacy,4,a_N100_V3+3D,5.05112495739013
legacy,4,a_N100_V3+3D,4.9273750046268106
legacy,4,a_N100_V3+3D,4.915917059406638
legacy,4,a_N100_V3+3D,4.925832967273891
legacy,4,a_N100_V3+3D,4.9494580598548055
legacy,4,a_N100_V3+3D,5.069458042271435
legacy,4,a_N100_V3+3D,4.974624956957996
legacy,4,a_N100_V3+3D,5.057416972704232
legacy,4,a_N100_V3+3D,4.96216700412333
legacy,4,a_N100_V3+3D,5.012208945117891
legacy,4,a_N100_V3+3D,5.067292018793523
legacy,4,a_N100_V3+3D,5.069167003966868
legacy,4,a_N100_V3+3D,5.242374958470464
legacy,4,a_N100_V3+3D,5.037333001382649
legacy,4,a_N100_V3+3D,4.892084049060941
legacy,4,a_N100_V3+3D,5.0301660085096955
legacy,4,a_N100_V3+3D,4.914499935694039
legacy,4,a_N100_V3+3D,5.02549996599555
legacy,4,a_N100_V3+3D,4.923250060528517
legacy,4,a_N100_V3+3D,5.038333008997142
legacy,4,a_N100_V3+3D,4.915208905003965
legacy,4,a_N100_V3+3D,5.031040986068547
legacy,4,a_N100_V3+3D,5.142207955941558
legacy,4,a_N100_V3+3D,5.065292003564537
legacy,4,a_N100_V3+3D,4.965708940289915
legacy,4,a_N100_V3+3D,4.9374999944120646
legacy,4,a_N100_V3+3D,5.0475000170990825
legacy,4,a_N100_V3+3D,5.020666983909905
legacy,4,a_N100_V3+3D,5.282541969791055
legacy,4,a_N100_V3+3D,5.180999985896051
legacy,4,a_N100_V3+3D,5.0765000050887465
legacy,4,a_N100_V3+3D,5.071541992947459
legacy,4,a_N100_V3+3D,6.201499956659973
legacy,4,a_N100_V3+3D,5.50008297432214
legacy,4,a_N100_V3+3D,5.561958998441696
legacy,4,a_N100_V3+3D,5.4456660291180015
legacy,4,a_N100_V3+3D,5.403499933890998
legacy,4,a_N100_V3+3D,5.487916991114616
legacy,4,a_N100_V3+3D,5.325332982465625
legacy,4,a_N100_V3+3D,5.409417091868818
legacy,4,a_N100_V3+3D,5.324208992533386
legacy,4,a_N100_V3+3D,5.3527080453932285
legacy,4,a_N100_V3+3D,5.39970793761313
legacy,4,a_N100_V3+3D,5.3573750192299485
legacy,4,a_N100_V3+3D,5.376250017434359
legacy,4,a_N100_V3+3D,5.339416908100247
legacy,4,a_N100_V3+3D,5.383415962569416
legacy,4,a_N100_V3+3D,5.399790941737592
legacy,4,a_N100_V3+3D,5.400958005338907
legacy,4,a_N100_V3+3D,5.323625053279102
legacy,4,a_N100_V3+3D,5.367125035263598
legacy,4,a_N100_V3+3D,5.380957969464362
legacy,4,a_N100_V3+3D,5.449332995340228
legacy,4,a_N100_V3+3D,5.368166021071374
legacy,4,a_N100_V3+3D,5.412208032794297
legacy,4,a_N100_V3+3D,5.394625011831522
legacy,4,a_N100_V3+3D,5.334417102858424
legacy,4,a_N100_V3+3D,5.377041990868747
legacy,4,a_N100_V3+3D,5.317874951288104
legacy,4,a_N100_V3+3D,5.280292010866106
legacy,4,a_N100_V3+3D,5.295999930240214
legacy,4,a_N100_V3+3D,5.412332946434617
legacy,4,a_N100_V3+3D,5.340834031812847
legacy,4,a_N100_V3+3D,5.294749978929758
legacy,4,a_N100_V3+3D,5.3914160234853625
legacy,4,a_N100_V3+3D,5.3642080165445805
legacy,4,a_N100_V3+3D,5.381542025133967
legacy,4,a_N100_V3+3D,5.392624996602535
legacy,4,a_N100_V3+3D,5.411292077042162
legacy,4,a_N100_V3+3D,5.419708089902997
legacy,4,a_N100_V3+3D,5.384666961617768
legacy,4,a_N100_V3+3D,5.35016693174839
legacy,4,a_N100_V3+3D,5.407707998529077
legacy,4,a_N100_V3+3D,5.353124928660691
legacy,4,a_N100_V3+3D,5.30829094350338
legacy,4,a_N100_V3+3D,5.441749934107065
legacy,4,a_N100_V3+3D,5.328292027115822
legacy,4,a_N100_V3+3D,5.31445792876184
legacy,4,a_N100_V3+3D,5.3934999741613865
legacy,4,a_N100_V3+3D,5.411208025179803
legacy,4,a_N100_V3+3D,5.371832987293601
legacy,4,a_N100_V3+3D,5.288667045533657
legacy,4,a_N100_V3+3D,5.421375040896237
legacy,4,a_N100_V3+3D,5.289125023409724
legacy,4,a_N100_V3+3D,5.413292092271149
legacy,4,a_N100_V3+3D,5.378166912123561
legacy,4,a_N100_V3+3D,5.3610410541296005
legacy,4,a_N100_V3+3D,5.416207946836948
legacy,4,a_N100_V3+3D,5.583000020124018
legacy,4,a_N100_V3+3D,5.446916911751032
legacy,4,a_N100_V3+3D,5.292500020004809
legacy,4,a_N100_V3+3D,5.371417035348713
legacy,4,a_N100_V3+3D,6.341165979392827
legacy,4,a_N100_V3+3D,5.055916029959917
legacy,4,a_N100_V3+3D,5.142083042301238
legacy,4,a_N100_V3+3D,5.0019590416923165
legacy,4,a_N100_V3+3D,5.027208011597395
legacy,4,a_N100_V3+3D,5.000375094823539
legacy,4,a_N100_V3+3D,4.987583961337805
legacy,4,a_N100_V3+3D,5.004083970561624
legacy,4,a_N100_V3+3D,4.982416983693838
legacy,4,a_N100_V3+3D,4.961416940204799
legacy,4,a_N100_V3+3D,4.984874976798892
legacy,4,a_N100_V3+3D,4.969499888829887
legacy,4,a_N100_V3+3D,4.960875026881695
legacy,4,a_N100_V3+3D,4.957458004355431
legacy,4,a_N100_V3+3D,4.9545420333743095
legacy,4,a_N100_V3+3D,4.978624987415969
legacy,4,a_N100_V3+3D,4.94312506634742
legacy,4,a_N100_V3+3D,4.948082962073386
legacy,4,a_N100_V3+3D,4.953250056132674
legacy,4,a_N100_V3+3D,4.961792030371726
legacy,4,a_N100_V3+3D,4.9923749174922705
legacy,4,a_N100_V3+3D,4.926916095428169
legacy,4,a_N100_V3+3D,4.927292000502348
legacy,4,a_N100_V3+3D,4.94716688990593
legacy,4,a_N100_V3+3D,4.91537491325289
legacy,4,a_N100_V3+3D,4.944499931298196
legacy,4,a_N100_V3+3D,4.976666998118162
legacy,4,a_N100_V3+3D,4.9345840234309435
legacy,4,a_N100_V3+3D,4.940083948895335
legacy,4,a_N100_V3+3D,4.945582943037152
legacy,4,a_N100_V3+3D,4.929375019855797
legacy,4,a_N100_V3+3D,4.937209072522819
legacy,4,a_N100_V3+3D,4.997667041607201
legacy,4,a_N100_V3+3D,4.931334056891501
legacy,4,a_N100_V3+3D,4.935000091791153
legacy,4,a_N100_V3+3D,4.93245804682374
legacy,4,a_N100_V3+3D,4.939249949529767
legacy,4,a_N100_V3+3D,4.924416076391935
legacy,4,a_N100_V3+3D,4.961666068993509
legacy,4,a_N100_V3+3D,4.9334169598296285
legacy,4,a_N100_V3+3D,4.928666981868446
legacy,4,a_N100_V3+3D,4.922042018733919
legacy,4,a_N100_V3+3D,4.92437498178333
legacy,4,a_N100_V3+3D,4.908790928311646
legacy,4,a_N100_V3+3D,4.943917039781809
legacy,4,a_N100_V3+3D,4.929165937937796
legacy,4,a_N100_V3+3D,4.912709002383053
legacy,4,a_N100_V3+3D,4.956417018547654
legacy,4,a_N100_V3+3D,4.928332986310124
legacy,4,a_N100_V3+3D,4.928625072352588
legacy,4,a_N100_V3+3D,5.017957999370992
legacy,4,a_N100_V3+3D,5.039790994487703
legacy,4,a_N100_V3+3D,4.925333894789219
legacy,4,a_N100_V3+3D,4.919582977890968
legacy,4,a_N100_V3+3D,4.947749897837639
legacy,4,a_N100_V3+3D,4.92287497036159
legacy,4,a_N100_V3+3D,4.927249974571168
legacy,4,a_N100_V3+3D,5.2096250001341105
legacy,4,a_N100_V3+3D,4.94383298791945
legacy,4,a_N100_V3+3D,4.946499946527183
legacy,4,a_N100_V3+3D,6.137249991297722
legacy,4,a_N100_V3+3D,5.615666974335909
legacy,4,a_N100_V3+3D,5.512750009074807
legacy,4,a_N100_V3+3D,5.440042004920542
legacy,4,a_N100_V3+3D,5.392917082644999
legacy,4,a_N100_V3+3D,5.361958057619631
legacy,4,a_N100_V3+3D,5.364999989978969
legacy,4,a_N100_V3+3D,5.333333974704146
legacy,4,a_N100_V3+3D,5.347625003196299
legacy,4,a_N100_V3+3D,5.333916982635856
legacy,4,a_N100_V3+3D,5.34083298407495
legacy,4,a_N100_V3+3D,5.373540916480124
legacy,4,a_N100_V3+3D,5.32145902980119
legacy,4,a_N100_V3+3D,5.322874989360571
legacy,4,a_N100_V3+3D,5.324792000465095
legacy,4,a_N100_V3+3D,5.3348749643191695
legacy,4,a_N100_V3+3D,5.313958041369915
legacy,4,a_N100_V3+3D,5.311917047947645
legacy,4,a_N100_V3+3D,5.34849998075515
legacy,4,a_N100_V3+3D,5.458875093609095
legacy,4,a_N100_V3+3D,5.348667036741972
legacy,4,a_N100_V3+3D,6.97262492030859
legacy,4,a_N100_V3+3D,7.230833056382835
legacy,4,a_N100_V3+3D,5.834207986481488
legacy,4,a_N100_V3+3D,5.440250039100647
legacy,4,a_N100_V3+3D,5.419457913376391
legacy,4,a_N100_V3+3D,5.440291948616505
legacy,4,a_N100_V3+3D,5.389375030063093
legacy,4,a_N100_V3+3D,5.364749929867685
legacy,4,a_N100_V3+3D,5.348958075046539
legacy,4,a_N100_V3+3D,5.3537089843302965
legacy,4,a_N100_V3+3D,5.385083029977977
legacy,4,a_N100_V3+3D,5.340583040378988
legacy,4,a_N100_V3+3D,5.4725410882383585
legacy,4,a_N100_V3+3D,5.347875063307583
legacy,4,a_N100_V3+3D,5.387167097069323
legacy,4,a_N100_V3+3D,5.375541979447007
legacy,4,a_N100_V3+3D,5.561874946579337
legacy,4,a_N100_V3+3D,6.534249987453222
legacy,4,a_N100_V3+3D,6.3535410445183516
legacy,4,a_N100_V3+3D,5.932208965532482
legacy,4,a_N100_V3+3D,6.105832988396287
legacy,4,a_N100_V3+3D,6.287875003181398
legacy,4,a_N100_V3+3D,5.691459053196013
legacy,4,a_N100_V3+3D,5.441333050839603
legacy,4,a_N100_V3+3D,5.403959075920284
legacy,4,a_N100_V3+3D,5.335916997864842
legacy,4,a_N100_V3+3D,5.404624971561134
legacy,4,a_N100_V3+3D,5.415500025264919
legacy,4,a_N100_V3+3D,5.425750045105815
legacy,4,a_N100_V3+3D,5.387542070820928
legacy,4,a_N100_V3+3D,5.331084015779197
legacy,4,a_N100_V3+3D,5.319125019013882
legacy,4,a_N100_V3+3D,5.3637499222531915
legacy,4,a_N100_V3+3D,5.340124946087599
legacy,4,a_N100_V3+3D,5.345374927856028
legacy,4,a_N100_V3+3D,5.330916959792376
legacy,4,a_N100_V3+3D,5.359250004403293
legacy,4,a_N100_V3+3D,5.357415997423232
legacy,4,a_N100_V3+3D,5.422416958026588
legacy,4,a_N100_V3+3D,5.797417019493878
legacy,4,a_N100_V3+3D,5.1017910009250045
legacy,4,a_N100_V3+3D,5.204167100600898
legacy,4,a_N100_V3+3D,5.030750064179301
legacy,4,a_N100_V3+3D,4.969791043549776
legacy,4,a_N100_V3+3D,5.045500001870096
legacy,4,a_N100_V3+3D,5.0454160664230585
legacy,4,a_N100_V3+3D,5.043999990448356
legacy,4,a_N100_V3+3D,4.980332916602492
legacy,4,a_N100_V3+3D,4.950208007358015
legacy,4,a_N100_V3+3D,5.01429196447134
legacy,4,a_N100_V3+3D,4.974000039510429
legacy,4,a_N100_V3+3D,4.951957962475717
legacy,4,a_N100_V3+3D,4.972417023964226
legacy,4,a_N100_V3+3D,4.97283402364701
legacy,4,a_N100_V3+3D,4.999291035346687
legacy,4,a_N100_V3+3D,5.034375004470348
legacy,4,a_N100_V3+3D,5.006749997846782
legacy,4,a_N100_V3+3D,4.978083074092865
legacy,4,a_N100_V3+3D,4.971083020791411
legacy,4,a_N100_V3+3D,4.902374930679798
legacy,4,a_N100_V3+3D,4.9298329977318645
legacy,4,a_N100_V3+3D,4.939083009958267
legacy,4,a_N100_V3+3D,4.980458994396031
legacy,4,a_N100_V3+3D,4.971124930307269
legacy,4,a_N100_V3+3D,4.94983303360641
legacy,4,a_N100_V3+3D,5.012250039726496
legacy,4,a_N100_V3+3D,4.950332920998335
legacy,4,a_N100_V3+3D,4.91670798510313
legacy,4,a_N100_V3+3D,4.919167025946081
legacy,4,a_N100_V3+3D,4.937957972288132
legacy,4,a_N100_V3+3D,4.967040964402258
legacy,4,a_N100_V3+3D,4.9689169973134995
legacy,4,a_N100_V3+3D,4.918833961710334
legacy,4,a_N100_V3+3D,4.953291034325957
legacy,4,a_N100_V3+3D,5.0225830636918545
legacy,4,a_N100_V3+3D,4.9816250102594495
legacy,4,a_N100_V3+3D,4.982374957762659
legacy,4,a_N100_V3+3D,5.010041990317404
legacy,4,a_N100_V3+3D,4.978791926987469
legacy,4,a_N100_V3+3D,4.922416992485523
legacy,4,a_N100_V3+3D,4.920542007312179
legacy,4,a_N100_V3+3D,4.910832969471812
legacy,4,a_N100_V3+3D,4.939208040013909
legacy,4,a_N100_V3+3D,4.973500035703182
legacy,4,a_N100_V3+3D,4.940332961268723
legacy,4,a_N100_V3+3D,4.88720799330622
legacy,4,a_N100_V3+3D,4.931625095196068
legacy,4,a_N100_V3+3D,4.940957995131612
legacy,4,a_N100_V3+3D,4.981375066563487
legacy,4,a_N100_V3+3D,4.928416921757162
legacy,4,a_N100_V3+3D,4.908874980174005
legacy,4,a_N100_V3+3D,4.9367910251021385
legacy,4,a_N100_V3+3D,4.897041944786906
legacy,4,a_N100_V3+3D,4.944874905049801
legacy,4,a_N100_V3+3D,4.948582965880632
legacy,4,a_N100_V3+3D,4.934582975693047
legacy,4,a_N100_V3+3D,5.191750009544194
legacy,4,a_N100_V3+3D,4.98008297290653
legacy,4,a_N100_V3+3D,4.976666998118162
legacy,4,a_N100_V3+3D,6.098999991081655
legacy,4,a_N100_V3+3D,5.551249952986836
legacy,4,a_N100_V3+3D,5.624542012810707
legacy,4,a_N100_V3+3D,5.507166031748056
legacy,4,a_N100_V3+3D,5.328250001184642
legacy,4,a_N100_V3+3D,5.398832960054278
legacy,4,a_N100_V3+3D,5.320959025993943
legacy,4,a_N100_V3+3D,5.320291966199875
legacy,4,a_N100_V3+3D,5.356917041353881
legacy,4,a_N100_V3+3D,5.693041021004319
legacy,4,a_N100_V3+3D,5.476708058267832
legacy,4,a_N100_V3+3D,5.445958930067718
legacy,4,a_N100_V3+3D,5.347208003513515
legacy,4,a_N100_V3+3D,5.4399169748649
legacy,4,a_N100_V3+3D,5.415874999016523
legacy,4,a_N100_V3+3D,5.458665895275772
legacy,4,a_N100_V3+3D,5.340582923963666
legacy,4,a_N100_V3+3D,5.323417019098997
legacy,4,a_N100_V3+3D,5.436124978587031
legacy,4,a_N100_V3+3D,5.339958006516099
legacy,4,a_N100_V3+3D,5.357124959118664
legacy,4,a_N100_V3+3D,5.275749950669706
legacy,4,a_N100_V3+3D,5.271958070807159
legacy,4,a_N100_V3+3D,5.450542084872723
legacy,4,a_N100_V3+3D,5.43362507596612
legacy,4,a_N100_V3+3D,5.382583010941744
legacy,4,a_N100_V3+3D,5.338999908417463
legacy,4,a_N100_V3+3D,5.288665997795761
legacy,4,a_N100_V3+3D,5.3554169135168195
legacy,4,a_N100_V3+3D,5.391250015236437
legacy,4,a_N100_V3+3D,5.408915923908353
legacy,4,a_N100_V3+3D,5.430541932582855
legacy,4,a_N100_V3+3D,5.372375017032027
legacy,4,a_N100_V3+3D,5.4293329594656825
legacy,4,a_N100_V3+3D,5.333791021257639
legacy,4,a_N100_V3+3D,5.296792020089924
legacy,4,a_N100_V3+3D,5.292040994390845
legacy,4,a_N100_V3+3D,5.254375049844384
legacy,4,a_N100_V3+3D,5.263875005766749
legacy,4,a_N100_V3+3D,5.281707970425487
legacy,4,a_N100_V3+3D,5.320208962075412
legacy,4,a_N100_V3+3D,5.4235419956967235
legacy,4,a_N100_V3+3D,5.270416033454239
legacy,4,a_N100_V3+3D,5.42104197666049
legacy,4,a_N100_V3+3D,5.288208951242268
legacy,4,a_N100_V3+3D,5.397374974563718
legacy,4,a_N100_V3+3D,5.2872080123052
legacy,4,a_N100_V3+3D,5.465916940011084
legacy,4,a_N100_V3+3D,5.349833983927965
legacy,4,a_N100_V3+3D,5.506917019374669
legacy,4,a_N100_V3+3D,5.421375040896237
legacy,4,a_N100_V3+3D,5.461083026602864
legacy,4,a_N100_V3+3D,5.299124983139336
legacy,4,a_N100_V3+3D,5.2785000298172235
legacy,4,a_N100_V3+3D,5.285833030939102
legacy,4,a_N100_V3+3D,5.256665986962616
legacy,4,a_N100_V3+3D,5.265916930511594
legacy,4,a_N100_V3+3D,5.284583894535899
legacy,4,a_N100_V3+3D,5.595708033069968
legacy,4,a_N100_V3+3D,5.303542013280094
legacy,4,a_N100_V3+3D,5.855125025846064
legacy,4,a_N100_V3+3D,5.126666976138949
legacy,4,a_N100_V3+3D,5.106791970320046
legacy,4,a_N100_V3+3D,5.06079092156142
legacy,4,a_N100_V3+3D,5.062791984528303
legacy,4,a_N100_V3+3D,4.997749929316342
legacy,4,a_N100_V3+3D,5.045833997428417
legacy,4,a_N100_V3+3D,5.032874993048608
legacy,4,a_N100_V3+3D,5.012208013795316
legacy,4,a_N100_V3+3D,5.0113750621676445
legacy,4,a_N100_V3+3D,5.031708045862615
legacy,4,a_N100_V3+3D,5.018000025302172
legacy,4,a_N100_V3+3D,4.98462503310293
legacy,4,a_N100_V3+3D,4.994417075067759
legacy,4,a_N100_V3+3D,5.026208003982902
legacy,4,a_N100_V3+3D,5.004083970561624
legacy,4,a_N100_V3+3D,4.916167003102601
legacy,4,a_N100_V3+3D,4.96587494853884
legacy,4,a_N100_V3+3D,4.976958967745304
legacy,4,a_N100_V3+3D,5.051999934948981
legacy,4,a_N100_V3+3D,4.979207995347679
legacy,4,a_N100_V3+3D,4.972708993591368
legacy,4,a_N100_V3+3D,4.912749980576336
legacy,4,a_N100_V3+3D,4.924917011521757
legacy,4,a_N100_V3+3D,4.929792019538581
legacy,4,a_N100_V3+3D,4.941542050801218
legacy,4,a_N100_V3+3D,4.949750029481947
legacy,4,a_N100_V3+3D,4.917041980661452
legacy,4,a_N100_V3+3D,5.008750013075769
legacy,4,a_N100_V3+3D,4.937708028592169
legacy,4,a_N100_V3+3D,4.977584001608193
legacy,4,a_N100_V3+3D,4.958208999596536
legacy,4,a_N100_V3+3D,5.003499914892018
legacy,4,a_N100_V3+3D,4.906374961137772
legacy,4,a_N100_V3+3D,4.915166995488107
legacy,4,a_N100_V3+3D,4.927792004309595
legacy,4,a_N100_V3+3D,4.99995902646333
legacy,4,a_N100_V3+3D,4.909417009912431
legacy,4,a_N100_V3+3D,4.881166969425976
legacy,4,a_N100_V3+3D,4.917624988593161
legacy,4,a_N100_V3+3D,4.972584079951048
legacy,4,a_N100_V3+3D,4.893292090855539
legacy,4,a_N100_V3+3D,5.021000048145652
legacy,4,a_N100_V3+3D,4.964000079780817
legacy,4,a_N100_V3+3D,4.992624977603555
legacy,4,a_N100_V3+3D,4.947875044308603
legacy,4,a_N100_V3+3D,4.9923749174922705
legacy,4,a_N100_V3+3D,4.993624985218048
legacy,4,a_N100_V3+3D,5.668333964422345
legacy,4,a_N100_V3+3D,5.13883400708437
legacy,4,a_N100_V3+3D,5.052707972936332
legacy,4,a_N100_V3+3D,4.992500063963234
legacy,4,a_N100_V3+3D,5.026709055528045
legacy,4,a_N100_V3+3D,5.010082968510687
legacy,4,a_N100_V3+3D,5.0290829967707396
legacy,4,a_N100_V3+3D,5.1102080615237355
legacy,4,a_N100_V3+3D,4.934500087983906
legacy,4,a_N100_V3+3D,5.242499988526106
legacy,4,a_N100_V3+3D,5.091292085126042
legacy,4,a_N100_V3+3D,5.017957999370992
legacy,4,a_N100_V3+3D,6.151666049845517
legacy,4,a_N100_V3+3D,5.452000070363283
legacy,4,a_N100_V3+3D,5.499833030626178
legacy,4,a_N100_V3+3D,5.402500042691827
legacy,4,a_N100_V3+3D,5.376458982937038
legacy,4,a_N100_V3+3D,5.362000083550811
legacy,4,a_N100_V3+3D,5.345041980035603
legacy,4,a_N100_V3+3D,5.337374983355403
legacy,4,a_N100_V3+3D,5.308041931129992
legacy,4,a_N100_V3+3D,5.324124940671027
legacy,4,a_N100_V3+3D,5.3362499456852674
legacy,4,a_N100_V3+3D,5.335125024430454
legacy,4,a_N100_V3+3D,5.314750014804304
legacy,4,a_N100_V3+3D,5.31529204454273
legacy,4,a_N100_V3+3D,5.328916944563389
legacy,4,a_N100_V3+3D,5.349416984245181
legacy,4,a_N100_V3+3D,5.310583976097405
legacy,4,a_N100_V3+3D,5.33262500539422
legacy,4,a_N100_V3+3D,5.485417088493705
legacy,4,a_N100_V3+3D,5.3392089903354645
legacy,4,a_N100_V3+3D,5.295666051097214
legacy,4,a_N100_V3+3D,5.313374917022884
legacy,4,a_N100_V3+3D,5.273749935440719
legacy,4,a_N100_V3+3D,5.304957972839475
legacy,4,a_N100_V3+3D,5.257582990452647
legacy,4,a_N100_V3+3D,5.292541929520667
legacy,4,a_N100_V3+3D,5.3105829283595085
legacy,4,a_N100_V3+3D,5.318291950970888
legacy,4,a_N100_V3+3D,5.28216699603945
legacy,4,a_N100_V3+3D,5.287957959808409
legacy,4,a_N100_V3+3D,5.360375042073429
legacy,4,a_N100_V3+3D,5.317792063578963
legacy,4,a_N100_V3+3D,5.3023750660941005
legacy,4,a_N100_V3+3D,5.299750017002225
legacy,4,a_N100_V3+3D,5.280000041238964
legacy,4,a_N100_V3+3D,5.283333011902869
legacy,4,a_N100_V3+3D,5.329208914190531
legacy,4,a_N100_V3+3D,5.31224999576807
legacy,4,a_N100_V3+3D,5.300874938257039
legacy,4,a_N100_V3+3D,5.3019169718027115
legacy,4,a_N100_V3+3D,5.307500017806888
legacy,4,a_N100_V3+3D,5.287582986056805
legacy,4,a_N100_V3+3D,5.2798750111833215
legacy,4,a_N100_V3+3D,5.294249975122511
legacy,4,a_N100_V3+3D,5.275166942737997
legacy,4,a_N100_V3+3D,5.3088749991729856
legacy,4,a_N100_V3+3D,5.315667018294334
legacy,4,a_N100_V3+3D,5.308832973241806
legacy,4,a_N100_V3+3D,5.419209017418325
legacy,4,a_N100_V3+3D,5.307000013999641
legacy,4,a_N100_V3+3D,5.308791995048523
legacy,4,a_N100_V3+3D,5.2917919820174575
legacy,4,a_N100_V3+3D,5.288499989546835
legacy,4,a_N100_V3+3D,5.300750024616718
legacy,4,a_N100_V3+3D,5.286499974317849
legacy,4,a_N100_V3+3D,5.267791915684938
legacy,4,a_N100_V3+3D,5.278874887153506
legacy,4,a_N100_V3+3D,5.305791972205043
legacy,4,a_N100_V3+3D,5.292749963700771
legacy,4,a_N100_V3+3D,5.299167009070516
legacy,4,a_N100_V3+3D,5.762333050370216
legacy,4,a_N100_V3+3D,5.052917054854333
legacy,4,a_N100_V3+3D,5.120999994687736
legacy,4,a_N100_V3+3D,5.014875088818371
legacy,4,a_N100_V3+3D,5.003625061362982
legacy,4,a_N100_V3+3D,4.956457996740937
legacy,4,a_N100_V3+3D,4.9927919171750546
legacy,4,a_N100_V3+3D,4.963666899129748
legacy,4,a_N100_V3+3D,4.963541985489428
legacy,4,a_N100_V3+3D,5.051541957072914
legacy,4,a_N100_V3+3D,4.948167013935745
legacy,4,a_N100_V3+3D,4.940791986882687
legacy,4,a_N100_V3+3D,4.994499962776899
legacy,4,a_N100_V3+3D,4.950916976667941
legacy,4,a_N100_V3+3D,4.974749987013638
legacy,4,a_N100_V3+3D,4.973583039827645
legacy,4,a_N100_V3+3D,5.010374938137829
legacy,4,a_N100_V3+3D,4.953667055815458
legacy,4,a_N100_V3+3D,4.99825004953891
legacy,4,a_N100_V3+3D,4.916250007227063
legacy,4,a_N100_V3+3D,4.933208925649524
legacy,4,a_N100_V3+3D,5.19095896743238
legacy,4,a_N100_V3+3D,4.957541939802468
legacy,4,a_N100_V3+3D,4.920333973132074
legacy,4,a_N100_V3+3D,4.9435419496148825
legacy,4,a_N100_V3+3D,4.922708962112665
legacy,4,a_N100_V3+3D,4.951749928295612
legacy,4,a_N100_V3+3D,4.9186249962076545
legacy,4,a_N100_V3+3D,4.918708000332117
legacy,4,a_N100_V3+3D,4.953084047883749
legacy,4,a_N100_V3+3D,4.926959052681923
legacy,4,a_N100_V3+3D,4.956915974617004
legacy,4,a_N100_V3+3D,4.906625021249056
legacy,4,a_N100_V3+3D,4.927709000185132
legacy,4,a_N100_V3+3D,4.917417070828378
legacy,4,a_N100_V3+3D,4.98774996958673
legacy,4,a_N100_V3+3D,4.932166077196598
legacy,4,a_N100_V3+3D,4.908291972242296
legacy,4,a_N100_V3+3D,4.904916975647211
legacy,4,a_N100_V3+3D,4.945416934788227
legacy,4,a_N100_V3+3D,4.905874957330525
legacy,4,a_N100_V3+3D,4.92495798971504
legacy,4,a_N100_V3+3D,4.908417002297938
legacy,4,a_N100_V3+3D,4.932250012643635
legacy,4,a_N100_V3+3D,4.899916937574744
legacy,4,a_N100_V3+3D,4.983957973308861
legacy,4,a_N100_V3+3D,4.939625039696693
legacy,4,a_N100_V3+3D,4.947958048433065
legacy,4,a_N100_V3+3D,5.068875034339726
legacy,4,a_N100_V3+3D,4.947167006321251
legacy,4,a_N100_V3+3D,4.929000046104193
legacy,4,a_N100_V3+3D,5.003166035749018
legacy,4,a_N100_V3+3D,4.936541896313429
legacy,4,a_N100_V3+3D,4.907291964627802
legacy,4,a_N100_V3+3D,4.918208927847445
legacy,4,a_N100_V3+3D,4.937374964356422
legacy,4,a_N100_V3+3D,4.916124977171421
legacy,4,a_N100_V3+3D,5.282416939735413
legacy,4,a_N100_V3+3D,4.941042046993971
legacy,4,a_N100_V3+3D,4.947040928527713
legacy,4,a_N100_V3+3D,6.105459062382579
legacy,4,a_N100_V3+3D,5.409417091868818
legacy,4,a_N100_V3+3D,5.537749966606498
legacy,4,a_N100_V3+3D,5.445083021186292
legacy,4,a_N100_V3+3D,5.425582989118993
legacy,4,a_N100_V3+3D,5.382708972319961
legacy,4,a_N100_V3+3D,5.389874917455018
legacy,4,a_N100_V3+3D,5.2921249298378825
legacy,4,a_N100_V3+3D,5.407874938100576
legacy,4,a_N100_V3+3D,5.421333014965057
legacy,4,a_N100_V3+3D,5.4189160000532866
legacy,4,a_N100_V3+3D,5.417125066742301
legacy,4,a_N100_V3+3D,5.4464590502902865
legacy,4,a_N100_V3+3D,5.370249971747398
legacy,4,a_N100_V3+3D,5.372084095142782
legacy,4,a_N100_V3+3D,5.412750062532723
legacy,4,a_N100_V3+3D,5.44062489643693
legacy,4,a_N100_V3+3D,5.319416988641024
legacy,4,a_N100_V3+3D,5.4261250188574195
legacy,4,a_N100_V3+3D,5.36437495611608
legacy,4,a_N100_V3+3D,5.363208940252662
legacy,4,a_N100_V3+3D,5.356249981559813
legacy,4,a_N100_V3+3D,5.409042001701891
legacy,4,a_N100_V3+3D,5.596541916020215
legacy,4,a_N100_V3+3D,5.562833976000547
legacy,4,a_N100_V3+3D,5.49491704441607
legacy,4,a_N100_V3+3D,5.450541037134826
legacy,4,a_N100_V3+3D,5.364709068089724
legacy,4,a_N100_V3+3D,5.463917041197419
legacy,4,a_N100_V3+3D,5.391750019043684
legacy,4,a_N100_V3+3D,5.429957993328571
legacy,4,a_N100_V3+3D,5.393708008341491
legacy,4,a_N100_V3+3D,5.422416958026588
legacy,4,a_N100_V3+3D,5.404166062362492
legacy,4,a_N100_V3+3D,5.393374944105744
legacy,4,a_N100_V3+3D,5.278083961457014
legacy,4,a_N100_V3+3D,5.353415966965258
legacy,4,a_N100_V3+3D,5.285415914840996
legacy,4,a_N100_V3+3D,5.277457996271551
legacy,4,a_N100_V3+3D,5.272333975881338
legacy,4,a_N100_V3+3D,5.314875044859946
legacy,4,a_N100_V3+3D,5.957124987617135
legacy,4,a_N100_V3+3D,5.602834047749639
legacy,4,a_N100_V3+3D,5.488208029419184
legacy,4,a_N100_V3+3D,5.460417014546692
legacy,4,a_N100_V3+3D,5.463915993459523
legacy,4,a_N100_V3+3D,5.474208039231598
legacy,4,a_N100_V3+3D,5.4966669995337725
legacy,4,a_N100_V3+3D,5.495833000168204
legacy,4,a_N100_V3+3D,5.4336669854819775
legacy,4,a_N100_V3+3D,5.4585839388892055
legacy,4,a_N100_V3+3D,5.478832987137139
legacy,4,a_N100_V3+3D,5.4524579318240285
legacy,4,a_N100_V3+3D,5.438958993181586
legacy,4,a_N100_V3+3D,5.4553329246118665
legacy,4,a_N100_V3+3D,5.437624990008771
legacy,4,a_N100_V3+3D,5.44891704339534
legacy,4,a_N100_V3+3D,5.436834064312279
legacy,4,a_N100_V3+3D,5.457416991703212
legacy,4,a_N100_V3+3D,5.374250002205372
legacy,4,a_N100_V3+3D,5.767917027696967
legacy,4,a_N100_V3+3D,5.105333053506911
legacy,4,a_N100_V3+3D,5.169874988496304
legacy,4,a_N100_V3+3D,5.078332964330912
legacy,4,a_N100_V3+3D,5.028832936659455
legacy,4,a_N100_V3+3D,5.038916948251426
legacy,4,a_N100_V3+3D,4.992624977603555
legacy,4,a_N100_V3+3D,5.001249955967069
legacy,4,a_N100_V3+3D,4.946375032886863
legacy,4,a_N100_V3+3D,4.979457939043641
legacy,4,a_N100_V3+3D,4.995999974198639
legacy,4,a_N100_V3+3D,4.999208962544799
legacy,4,a_N100_V3+3D,4.94533299934119
legacy,4,a_N100_V3+3D,4.9730000318959355
legacy,4,a_N100_V3+3D,4.984459024854004
legacy,4,a_N100_V3+3D,5.0258750561624765
legacy,4,a_N100_V3+3D,4.973833099938929
legacy,4,a_N100_V3+3D,4.98104200232774
legacy,4,a_N100_V3+3D,4.992582951672375
legacy,4,a_N100_V3+3D,4.982291953638196
legacy,4,a_N100_V3+3D,4.954208969138563
legacy,4,a_N100_V3+3D,4.946375032886863
legacy,4,a_N100_V3+3D,4.958958015777171
legacy,4,a_N100_V3+3D,4.968291963450611
legacy,4,a_N100_V3+3D,4.953791969455779
legacy,4,a_N100_V3+3D,4.952874965965748
legacy,4,a_N100_V3+3D,4.97133401222527
legacy,4,a_N100_V3+3D,4.939583013765514
legacy,4,a_N100_V3+3D,4.916792036965489
legacy,4,a_N100_V3+3D,4.949916969053447
legacy,4,a_N100_V3+3D,4.938792088069022
legacy,4,a_N100_V3+3D,4.935417091473937
legacy,4,a_N100_V3+3D,5.596333066932857
legacy,4,a_N100_V3+3D,5.092291976325214
legacy,4,a_N100_V3+3D,5.0597499357536435
legacy,4,a_N100_V3+3D,5.0296669360250235
legacy,4,a_N100_V3+3D,5.069333012215793
legacy,4,a_N100_V3+3D,5.040791933424771
legacy,4,a_N100_V3+3D,4.994458984583616
legacy,4,a_N100_V3+3D,5.0539999501779675
legacy,4,a_N100_V3+3D,5.031791981309652
legacy,4,a_N100_V3+3D,5.031584063544869
legacy,4,a_N100_V3+3D,5.038541974499822
legacy,4,a_N100_V3+3D,4.977458040229976
legacy,4,a_N100_V3+3D,4.979834076948464
legacy,4,a_N100_V3+3D,5.011250032112002
legacy,4,a_N100_V3+3D,4.999167053028941
legacy,4,a_N100_V3+3D,4.98924998100847
legacy,4,a_N100_V3+3D,4.988207947462797
legacy,4,a_N100_V3+3D,4.972749971784651
legacy,4,a_N100_V3+3D,5.379166919738054
legacy,4,a_N100_V3+3D,5.013874964788556
legacy,4,a_N100_V3+3D,4.9704170087352395
legacy,4,a_N100_V3+3D,5.6776669807732105
legacy,4,a_N100_V3+3D,5.044791963882744
legacy,4,a_N100_V3+3D,4.969125031493604
legacy,4,a_N100_V3+3D,4.975709016434848
legacy,4,a_N100_V3+3D,5.256040953099728
legacy,4,a_N100_V3+3D,4.970750072970986
legacy,4,a_N100_V3+3D,4.96204209048301
legacy,4,a_N100_V3+3D,6.240042042918503
legacy,4,a_N100_V3+3D,5.587957915849984
legacy,4,a_N100_V3+3D,5.499916966073215
legacy,4,a_N100_V3+3D,5.362124997191131
legacy,4,a_N100_V3+3D,5.3688749903813004
legacy,4,a_N100_V3+3D,5.347499973140657
legacy,4,a_N100_V3+3D,5.3356250282377005
legacy,4,a_N100_V3+3D,5.358625086955726
legacy,4,a_N100_V3+3D,5.300834076479077
legacy,4,a_N100_V3+3D,5.311541026458144
legacy,4,a_N100_V3+3D,5.344165954738855
legacy,4,a_N100_V3+3D,5.311750108376145
legacy,4,a_N100_V3+3D,5.302750039845705
legacy,4,a_N100_V3+3D,5.308625055477023
legacy,4,a_N100_V3+3D,5.29654195997864
legacy,4,a_N100_V3+3D,5.332084023393691
legacy,4,a_N100_V3+3D,5.290583008900285
legacy,4,a_N100_V3+3D,5.449375021271408
legacy,4,a_N100_V3+3D,5.329957930371165
legacy,4,a_N100_V3+3D,5.3047919645905495
legacy,4,a_N100_V3+3D,5.348459002561867
legacy,4,a_N100_V3+3D,5.393875064328313
legacy,4,a_N100_V3+3D,5.329207982867956
legacy,4,a_N100_V3+3D,5.296707968227565
legacy,4,a_N100_V3+3D,5.299624986946583
legacy,4,a_N100_V3+3D,5.294792004860938
legacy,4,a_N100_V3+3D,5.439250031486154
legacy,4,a_N100_V3+3D,5.287000094540417
legacy,4,a_N100_V3+3D,5.335250054486096
legacy,4,a_N100_V3+3D,5.266625084914267
legacy,4,a_N100_V3+3D,5.276208044961095
legacy,4,a_N100_V3+3D,5.2875831024721265
legacy,4,a_N100_V3+3D,5.659666960127652
legacy,4,a_N100_V3+3D,5.26533299125731
legacy,4,a_N100_V3+3D,5.259291967377067
legacy,4,a_N100_V3+3D,5.276125040836632
legacy,4,a_N100_V3+3D,5.295000039041042
legacy,4,a_N100_V3+3D,5.278291995637119
legacy,4,a_N100_V3+3D,5.264749983325601
legacy,4,a_N100_V3+3D,5.262415972538292
legacy,4,a_N100_V3+3D,5.295749986544251
legacy,4,a_N100_V3+3D,5.270750029012561
legacy,4,a_N100_V3+3D,5.286417086608708
legacy,4,a_N100_V3+3D,5.273417104035616
legacy,4,a_N100_V3+3D,5.3508339915424585
legacy,4,a_N100_V3+3D,5.289666936732829
legacy,4,a_N100_V3+3D,5.299291922710836
legacy,4,a_N100_V3+3D,5.496624973602593
legacy,4,a_N100_V3+3D,5.289457971230149
legacy,4,a_N100_V3+3D,5.282957921735942
legacy,4,a_N100_V3+3D,5.274333991110325
legacy,4,a_N100_V3+3D,5.286999978125095
legacy,4,a_N100_V3+3D,5.26987505145371
legacy,4,a_N100_V3+3D,5.264917039312422
legacy,4,a_N100_V3+3D,5.335708032362163
legacy,4,a_N100_V3+3D,5.246583023108542
legacy,4,a_N100_V3+3D,5.288125015795231
legacy,4,a_N100_V3+3D,5.332582979463041
legacy,4,a_N100_V3+3D,5.323750083334744
legacy,4,a_N100_V3+3D,5.292334011755884
legacy,4,a_N100_V3+3D,5.83845900837332
legacy,4,a_N100_V3+3D,5.152291967533529
legacy,4,a_N100_V3+3D,5.23687491659075
legacy,4,a_N100_V3+3D,5.086833029054105
legacy,4,a_N100_V3+3D,5.041124997660518
legacy,4,a_N100_V3+3D,5.015040980651975
legacy,4,a_N100_V3+3D,5.04887499846518
legacy,4,a_N100_V3+3D,5.039709038101137
legacy,4,a_N100_V3+3D,5.010541994124651
legacy,4,a_N100_V3+3D,5.024667014367878
legacy,4,a_N100_V3+3D,5.008417065255344
legacy,4,a_N100_V3+3D,5.007625091820955
legacy,4,a_N100_V3+3D,5.000499892048538
legacy,4,a_N100_V3+3D,5.025749909691513
legacy,4,a_N100_V3+3D,4.99225000385195
legacy,4,a_N100_V3+3D,5.068541970103979
legacy,4,a_N100_V3+3D,5.025916965678334
legacy,4,a_N100_V3+3D,5.062041920609772
legacy,4,a_N100_V3+3D,4.9972080159932375
legacy,4,a_N100_V3+3D,5.009374930523336
legacy,4,a_N100_V3+3D,4.975832998752594
legacy,4,a_N100_V3+3D,5.006417050026357
legacy,4,a_N100_V3+3D,4.988834029063582
legacy,4,a_N100_V3+3D,5.004666978493333
legacy,4,a_N100_V3+3D,4.960166988894343
legacy,4,a_N100_V3+3D,5.008667008951306
legacy,4,a_N100_V3+3D,5.048791994340718
legacy,4,a_N100_V3+3D,5.034541944041848
legacy,4,a_N100_V3+3D,5.084624979645014
legacy,4,a_N100_V3+3D,5.0295410910621285
legacy,4,a_N100_V3+3D,4.982040962204337
legacy,4,a_N100_V3+3D,5.002707941457629
legacy,4,a_N100_V3+3D,4.986417014151812
legacy,4,a_N100_V3+3D,5.0163749838247895
legacy,4,a_N100_V3+3D,4.977041971869767
legacy,4,a_N100_V3+3D,4.983332939445972
legacy,4,a_N100_V3+3D,5.006292019970715
legacy,4,a_N100_V3+3D,4.981209058314562
legacy,4,a_N100_V3+3D,4.9793750513345
legacy,4,a_N100_V3+3D,4.974749987013638
legacy,4,a_N100_V3+3D,4.973959061317146
legacy,4,a_N100_V3+3D,4.965083091519773
legacy,4,a_N100_V3+3D,4.9426250625401735
legacy,4,a_N100_V3+3D,4.968666937202215
legacy,4,a_N100_V3+3D,4.959791898727417
legacy,4,a_N100_V3+3D,4.970208974555135
legacy,4,a_N100_V3+3D,4.9525839276611805
legacy,4,a_N100_V3+3D,5.092583014629781
legacy,4,a_N100_V3+3D,4.9848329508677125
legacy,4,a_N100_V3+3D,5.002542049624026
legacy,4,a_N100_V3+3D,4.983208025805652
legacy,4,a_N100_V3+3D,5.0080419750884175
legacy,4,a_N100_V3+3D,4.98608301859349
legacy,4,a_N100_V3+3D,4.987874999642372
legacy,4,a_N100_V3+3D,4.927917034365237
legacy,4,a_N100_V3+3D,4.930458031594753
legacy,4,a_N100_V3+3D,4.9400420393794775
legacy,4,a_N100_V3+3D,5.269290995784104
legacy,4,a_N100_V3+3D,5.000458913855255
legacy,4,a_N100_V3+3D,5.676041939295828
legacy,4,a_N100_V3+3D,6.111833965405822
legacy,4,a_N100_V3+3D,5.570292007178068
legacy,4,a_N100_V3+3D,5.620499956421554
legacy,4,a_N100_V3+3D,5.382917006500065
legacy,4,a_N100_V3+3D,5.4966669995337725
legacy,4,a_N100_V3+3D,5.389083060435951
legacy,4,a_N100_V3+3D,5.45862503349781
legacy,4,a_N100_V3+3D,5.6660419795662165
legacy,4,a_N100_V3+3D,5.421042093075812
legacy,4,a_N100_V3+3D,5.342333926819265
legacy,4,a_N100_V3+3D,5.351749947294593
legacy,4,a_N100_V3+3D,5.383916082791984
legacy,4,a_N100_V3+3D,5.446249968372285
legacy,4,a_N100_V3+3D,5.455333972349763
legacy,4,a_N100_V3+3D,5.471290904097259
legacy,4,a_N100_V3+3D,5.352542037144303
legacy,4,a_N100_V3+3D,5.466500064358115
legacy,4,a_N100_V3+3D,5.508208065293729
legacy,4,a_N100_V3+3D,5.431291996501386
legacy,4,a_N100_V3+3D,5.407624994404614
legacy,4,a_N100_V3+3D,5.438041058368981
legacy,4,a_N100_V3+3D,5.355458008125424
legacy,4,a_N100_V3+3D,5.444084061309695
legacy,4,a_N100_V3+3D,5.431792000308633
legacy,4,a_N100_V3+3D,5.478333914652467
legacy,4,a_N100_V3+3D,5.327499937266111
legacy,4,a_N100_V3+3D,5.462041008286178
legacy,4,a_N100_V3+3D,5.351041909307241
legacy,4,a_N100_V3+3D,5.2914590341970325
legacy,4,a_N100_V3+3D,5.372334038838744
legacy,4,a_N100_V3+3D,5.418209009803832
legacy,4,a_N100_V3+3D,5.427874973975122
legacy,4,a_N100_V3+3D,5.420665955170989
legacy,4,a_N100_V3+3D,5.389542086049914
legacy,4,a_N100_V3+3D,5.451624980196357
legacy,4,a_N100_V3+3D,5.437667015939951
legacy,4,a_N100_V3+3D,5.417208070866764
legacy,4,a_N100_V3+3D,5.401625065132976
legacy,4,a_N100_V3+3D,5.412875092588365
legacy,4,a_N100_V3+3D,5.3780830930918455
legacy,4,a_N100_V3+3D,5.425083101727068
legacy,4,a_N100_V3+3D,5.3924169624224305
legacy,4,a_N100_V3+3D,5.428500007838011
legacy,4,a_N100_V3+3D,5.34183403942734
legacy,4,a_N100_V3+3D,5.381584051065147
legacy,4,a_N100_V3+3D,5.3472500294446945
legacy,4,a_N100_V3+3D,5.455333972349763
legacy,4,a_N100_V3+3D,5.526458029635251
legacy,4,a_N100_V3+3D,5.437541985884309
legacy,4,a_N100_V3+3D,5.320375086739659
legacy,4,a_N100_V3+3D,5.403832998126745
legacy,4,a_N100_V3+3D,5.423333030194044
legacy,4,a_N100_V3+3D,5.405375035479665
legacy,4,a_N100_V3+3D,5.389333004131913
legacy,4,a_N100_V3+3D,5.454416968859732
legacy,4,a_N100_V3+3D,5.303042009472847
legacy,4,a_N100_V3+3D,5.425291950814426
legacy,4,a_N100_V3+3D,5.437041982077062
legacy,4,a_N100_V3+3D,5.434124963358045
legacy,4,a_N100_V3+3D,5.475249956361949
legacy,4,a_N100_V3+3D,5.825874977745116
legacy,4,a_N100_V3+3D,5.153334001079202
legacy,4,a_N100_V3+3D,5.234209005720913
legacy,4,a_N100_V3+3D,5.07966591976583
legacy,4,a_N100_V3+3D,5.034875008277595
legacy,4,a_N100_V3+3D,5.07149996701628
legacy,4,a_N100_V3+3D,5.0955829210579395
legacy,4,a_N100_V3+3D,5.088542005978525
legacy,4,a_N100_V3+3D,5.048084072768688
legacy,4,a_N100_V3+3D,5.028999992646277
legacy,4,a_N100_V3+3D,4.9772500060498714
legacy,4,a_N100_V3+3D,5.562999984249473
legacy,4,a_N100_V3+3D,5.230667069554329
legacy,4,a_N100_V3+3D,5.105999996885657
legacy,4,a_N100_V3+3D,5.095166969113052
legacy,4,a_N100_V3+3D,6.279582972638309
legacy,4,a_N100_V3+3D,5.178750026971102
legacy,4,a_N100_V3+3D,5.341916927136481
legacy,4,a_N100_V3+3D,5.121082998812199
legacy,4,a_N100_V3+3D,5.065749981440604
legacy,4,a_N100_V3+3D,5.067416001111269
legacy,4,a_N100_V3+3D,5.0438339821994305
legacy,4,a_N100_V3+3D,5.048083025030792
legacy,4,a_N100_V3+3D,5.069082952104509
legacy,4,a_N100_V3+3D,5.060625029727817
legacy,4,a_N100_V3+3D,5.005292012356222
legacy,4,a_N100_V3+3D,5.070084007456899
legacy,4,a_N100_V3+3D,5.018959054723382
legacy,4,a_N100_V3+3D,5.02833304926753
legacy,4,a_N100_V3+3D,5.059041897766292
legacy,4,a_N100_V3+3D,5.057791946455836
legacy,4,a_N100_V3+3D,5.0051249563694
legacy,4,a_N100_V3+3D,4.993374925106764
legacy,4,a_N100_V3+3D,5.011957953684032
legacy,4,a_N100_V3+3D,5.126332980580628
legacy,4,a_N100_V3+3D,5.043832934461534
legacy,4,a_N100_V3+3D,5.007250001654029
legacy,4,a_N100_V3+3D,5.360082956030965
legacy,4,a_N100_V3+3D,5.0417500315234065
legacy,4,a_N100_V3+3D,5.057374946773052
legacy,4,a_N100_V3+3D,5.013999994844198
legacy,4,a_N100_V3+3D,5.015917005948722
legacy,4,a_N100_V3+3D,5.056416033767164
legacy,4,a_N100_V3+3D,5.029958090744913
legacy,4,a_N100_V3+3D,5.029291030950844
legacy,4,a_N100_V3+3D,5.0257910043001175
legacy,4,a_N100_V3+3D,5.006207968108356
legacy,4,a_N100_V3+3D,5.152583937160671
legacy,4,a_N100_V3+3D,5.050292005762458
legacy,4,a_N100_V3+3D,5.042416974902153
legacy,4,a_N100_V3+3D,5.031417007558048
legacy,4,a_N100_V3+3D,5.000207922421396
legacy,4,a_N100_V3+3D,4.97804197948426
legacy,4,a_N100_V3+3D,5.034624948166311
legacy,4,a_N100_V3+3D,5.056334077380598
legacy,4,a_N100_V3+3D,4.931459086947143
legacy,4,a_N100_V3+3D,5.039792042225599
legacy,4,a_N100_V3+3D,5.2872080123052
legacy,4,a_N100_V3+3D,5.051999934948981
legacy,4,a_N100_V3+3D,5.03041606862098
legacy,4,a_N100_V3+3D,6.158333038911223
legacy,4,a_N100_V3+3D,5.469916970469058
legacy,4,a_N100_V3+3D,5.547333974391222
legacy,4,a_N100_V3+3D,5.455333041027188
legacy,4,a_N100_V3+3D,5.43154205661267
legacy,4,a_N100_V3+3D,5.446417024359107
legacy,4,a_N100_V3+3D,5.383625044487417
legacy,4,a_N100_V3+3D,5.376499961130321
legacy,4,a_N100_V3+3D,5.368084064684808
legacy,4,a_N100_V3+3D,5.364999989978969
legacy,4,a_N100_V3+3D,5.345708108507097
legacy,4,a_N100_V3+3D,5.349375074729323
legacy,4,a_N100_V3+3D,5.322750075720251
legacy,4,a_N100_V3+3D,5.332291009835899
legacy,4,a_N100_V3+3D,5.328082945197821
legacy,4,a_N100_V3+3D,5.381166003644466
legacy,4,a_N100_V3+3D,5.6128749856725335
legacy,4,a_N100_V3+3D,5.6849169777706265
legacy,4,a_N100_V3+3D,5.369874997995794
legacy,4,a_N100_V3+3D,5.359875038266182
legacy,4,a_N100_V3+3D,5.408917088061571
legacy,4,a_N100_V3+3D,5.354749970138073
legacy,4,a_N100_V3+3D,5.408582976087928
legacy,4,a_N100_V3+3D,5.329167004674673
legacy,4,a_N100_V3+3D,5.310166045092046
legacy,4,a_N100_V3+3D,5.32141700387001
legacy,4,a_N100_V3+3D,5.3659999975934625
legacy,4,a_N100_V3+3D,5.329916020855308
legacy,4,a_N100_V3+3D,5.347291938960552
legacy,4,a_N100_V3+3D,5.32212492544204
legacy,4,a_N100_V3+3D,5.308915977366269
legacy,4,a_N100_V3+3D,5.336708039976656
legacy,4,a_N100_V3+3D,5.326749989762902
legacy,4,a_N100_V3+3D,5.3429160034284
legacy,4,a_N100_V3+3D,5.340166972018778
legacy,4,a_N100_V3+3D,5.320416996255517
legacy,4,a_N100_V3+3D,5.384083022363484
legacy,4,a_N100_V3+3D,5.34537504427135
legacy,4,a_N100_V3+3D,5.3088749991729856
legacy,4,a_N100_V3+3D,5.28875004965812
legacy,4,a_N100_V3+3D,5.305083002895117
legacy,4,a_N100_V3+3D,5.322374985553324
legacy,4,a_N100_V3+3D,5.3182910196483135
legacy,4,a_N100_V3+3D,5.303042009472847
legacy,4,a_N100_V3+3D,5.3033329313620925
legacy,4,a_N100_V3+3D,5.303957965224981
legacy,4,a_N100_V3+3D,5.378457950428128
legacy,4,a_N100_V3+3D,5.344916949979961
legacy,4,a_N100_V3+3D,5.352791980840266
legacy,4,a_N100_V3+3D,5.347292055375874
legacy,4,a_N100_V3+3D,5.317750037647784
legacy,4,a_N100_V3+3D,5.324541009031236
legacy,4,a_N100_V3+3D,5.308958003297448
legacy,4,a_N100_V3+3D,5.320208030752838
legacy,4,a_N100_V3+3D,5.309000029228628
legacy,4,a_N100_V3+3D,5.341125070117414
legacy,4,a_N100_V3+3D,5.282374913804233
legacy,4,a_N100_V3+3D,5.347750033251941
legacy,4,a_N100_V3+3D,5.319832940585911
legacy,4,a_N100_V3+3D,5.306166945956647
legacy,4,a_N100_V3+3D,5.748166004195809
legacy,4,a_N100_V3+3D,5.065417033620179
legacy,4,a_N100_V3+3D,5.404750001616776
legacy,4,a_N100_V3+3D,5.038541043177247
legacy,4,a_N100_V3+3D,5.03191608004272
legacy,4,a_N100_V3+3D,4.9950419925153255
legacy,4,a_N100_V3+3D,5.029791966080666
legacy,4,a_N100_V3+3D,4.985874984413385
legacy,4,a_N100_V3+3D,4.98258403968066
legacy,4,a_N100_V3+3D,4.996874951757491
legacy,4,a_N100_V3+3D,4.982665996067226
legacy,4,a_N100_V3+3D,4.983750055544078
legacy,4,a_N100_V3+3D,4.999667056836188
legacy,4,a_N100_V3+3D,4.9642079975456
legacy,4,a_N100_V3+3D,4.957125056535006
legacy,4,a_N100_V3+3D,5.005832994356751
legacy,4,a_N100_V3+3D,5.017417017370462
legacy,4,a_N100_V3+3D,4.967416985891759
legacy,4,a_N100_V3+3D,5.031708045862615
legacy,4,a_N100_V3+3D,4.943082924000919
legacy,4,a_N100_V3+3D,4.937374964356422
legacy,4,a_N100_V3+3D,4.996333969756961
legacy,4,a_N100_V3+3D,4.999583004973829
legacy,4,a_N100_V3+3D,4.943124949932098
legacy,4,a_N100_V3+3D,5.176790989935398
legacy,4,a_N100_V3+3D,4.939917009323835
legacy,4,a_N100_V3+3D,4.982875077985227
legacy,4,a_N100_V3+3D,4.969749948941171
legacy,4,a_N100_V3+3D,4.957291996106505
legacy,4,a_N100_V3+3D,4.942000028677285
legacy,4,a_N100_V3+3D,5.005832994356751
legacy,4,a_N100_V3+3D,4.938875092193484
legacy,4,a_N100_V3+3D,4.922041902318597
legacy,4,a_N100_V3+3D,4.930750001221895
legacy,4,a_N100_V3+3D,5.185374990105629
legacy,4,a_N100_V3+3D,4.934874945320189
legacy,4,a_N100_V3+3D,4.989749984815717
legacy,4,a_N100_V3+3D,4.917540936730802
legacy,4,a_N100_V3+3D,4.9574170261621475
legacy,4,a_N100_V3+3D,4.939459031447768
legacy,4,a_N100_V3+3D,5.034000030718744
legacy,4,a_N100_V3+3D,4.942375002428889
legacy,4,a_N100_V3+3D,4.9331249902024865
legacy,4,a_N100_V3+3D,4.936875076964498
legacy,4,a_N100_V3+3D,4.927292000502348
legacy,4,a_N100_V3+3D,4.914625082165003
legacy,4,a_N100_V3+3D,5.0168330781161785
legacy,4,a_N100_V3+3D,5.015917005948722
legacy,4,a_N100_V3+3D,4.931666073389351
legacy,4,a_N100_V3+3D,4.921041079796851
legacy,4,a_N100_V3+3D,5.055916961282492
legacy,4,a_N100_V3+3D,4.919665982015431
legacy,4,a_N100_V3+3D,4.952249932102859
legacy,4,a_N100_V3+3D,5.056999973021448
legacy,4,a_N100_V3+3D,4.961667000316083
legacy,4,a_N100_V3+3D,4.931541974656284
legacy,4,a_N100_V3+3D,4.9324160208925605
legacy,4,a_N100_V3+3D,5.193292046897113
legacy,4,a_N100_V3+3D,4.961292026564479
legacy,4,a_N100_V3+3D,4.948167013935745
legacy,4,a_N100_V3+3D,6.187958992086351
legacy,4,a_N100_V3+3D,5.48870803322643
legacy,4,a_N100_V3+3D,5.5472919484600425
legacy,4,a_N100_V3+3D,5.419040913693607
legacy,4,a_N100_V3+3D,5.38329198025167
legacy,4,a_N100_V3+3D,5.384208983741701
legacy,4,a_N100_V3+3D,5.3587500005960464
legacy,4,a_N100_V3+3D,5.3714580135419965
legacy,4,a_N100_V3+3D,5.38983300793916
legacy,4,a_N100_V3+3D,5.430249962955713
legacy,4,a_N100_V3+3D,5.389082944020629
legacy,4,a_N100_V3+3D,5.388124962337315
legacy,4,a_N100_V3+3D,5.344916018657386
legacy,4,a_N100_V3+3D,5.343333003111184
legacy,4,a_N100_V3+3D,5.34195895306766
legacy,4,a_N100_V3+3D,5.378833040595055
legacy,4,a_N100_V3+3D,5.440249922685325
legacy,4,a_N100_V3+3D,5.403707968071103
legacy,4,a_N100_V3+3D,5.352041916921735
legacy,4,a_N100_V3+3D,5.385374999605119
legacy,4,a_N100_V3+3D,5.324000027030706
legacy,4,a_N100_V3+3D,5.338707938790321
legacy,4,a_N100_V3+3D,5.315457936376333
legacy,4,a_N100_V3+3D,5.403875024057925
legacy,4,a_N100_V3+3D,5.321708973497152
legacy,4,a_N100_V3+3D,5.374541971832514
legacy,4,a_N100_V3+3D,5.373749998398125
legacy,4,a_N100_V3+3D,5.366374971345067
legacy,4,a_N100_V3+3D,5.337083013728261
legacy,4,a_N100_V3+3D,5.377833964303136
legacy,4,a_N100_V3+3D,5.3304999601095915
legacy,4,a_N100_V3+3D,5.393457948230207
legacy,4,a_N100_V3+3D,5.396583932451904
legacy,4,a_N100_V3+3D,5.391415907070041
legacy,4,a_N100_V3+3D,5.350082996301353
legacy,4,a_N100_V3+3D,5.351459025405347
legacy,4,a_N100_V3+3D,5.360665963962674
legacy,4,a_N100_V3+3D,5.376624991185963
legacy,4,a_N100_V3+3D,5.328750004991889
legacy,4,a_N100_V3+3D,5.342624965123832
legacy,4,a_N100_V3+3D,5.338332965038717
legacy,4,a_N100_V3+3D,5.448624957352877
legacy,4,a_N100_V3+3D,5.388625082559884
legacy,4,a_N100_V3+3D,5.350292078219354
legacy,4,a_N100_V3+3D,5.358624970540404
legacy,4,a_N100_V3+3D,5.354041000828147
legacy,4,a_N100_V3+3D,5.430833087302744
legacy,4,a_N100_V3+3D,5.415499908849597
legacy,4,a_N100_V3+3D,5.336457979865372
legacy,4,a_N100_V3+3D,5.357665941119194
legacy,4,a_N100_V3+3D,5.355417029932141
legacy,4,a_N100_V3+3D,5.34404197242111
legacy,4,a_N100_V3+3D,5.369832972064614
legacy,4,a_N100_V3+3D,5.359624978154898
legacy,4,a_N100_V3+3D,5.326542071998119
legacy,4,a_N100_V3+3D,5.353500018827617
legacy,4,a_N100_V3+3D,5.3345420164987445
legacy,4,a_N100_V3+3D,5.408041994087398
legacy,4,a_N100_V3+3D,5.323874996975064
legacy,4,a_N100_V3+3D,6.089958013035357
legacy,4,b_N100_V4,8.310750010423362
legacy,4,b_N100_V4,7.221916923299432
legacy,4,b_N100_V4,7.0893330266699195
legacy,4,b_N100_V4,7.217583945021033
legacy,4,b_N100_V4,7.025666069239378
legacy,4,b_N100_V4,7.037749979645014
legacy,4,b_N100_V4,6.975415977649391
legacy,4,b_N100_V4,7.090999977663159
legacy,4,b_N100_V4,7.038166979327798
legacy,4,b_N100_V4,6.988083943724632
legacy,4,b_N100_V4,7.014625007286668
legacy,4,b_N100_V4,6.9660000735893846
legacy,4,b_N100_V4,7.0090420776978135
legacy,4,b_N100_V4,7.032040972262621
legacy,4,b_N100_V4,6.9734170101583
legacy,4,b_N100_V4,6.948833004571497
legacy,4,b_N100_V4,6.9437919883057475
legacy,4,b_N100_V4,7.0072500966489315
legacy,4,b_N100_V4,7.049540989100933
legacy,4,b_N100_V4,6.941166939213872
legacy,4,b_N100_V4,6.93716702517122
legacy,4,b_N100_V4,7.083375006914139
legacy,4,b_N100_V4,6.945040891878307
legacy,4,b_N100_V4,6.9194999523460865
legacy,4,b_N100_V4,6.932917051017284
legacy,4,b_N100_V4,6.94541702978313
legacy,4,b_N100_V4,6.9430830189958215
legacy,4,b_N100_V4,6.919000064954162
legacy,4,b_N100_V4,6.901707965880632
legacy,4,b_N100_V4,6.945459055714309
legacy,4,b_N100_V4,6.910083000548184
legacy,4,b_N100_V4,6.882417015731335
legacy,4,b_N100_V4,6.931832991540432
legacy,4,b_N100_V4,6.890875054523349
legacy,4,b_N100_V4,6.991458008997142
legacy,4,b_N100_V4,6.961583974771202
legacy,4,b_N100_V4,6.97466591373086
legacy,4,b_N100_V4,6.971332943066955
legacy,4,b_N100_V4,6.930083967745304
legacy,4,b_N100_V4,7.009165943600237
legacy,4,b_N100_V4,6.893332931213081
legacy,4,b_N100_V4,6.8978340132161975
legacy,4,b_N100_V4,6.859500077553093
legacy,4,b_N100_V4,7.032208028249443
legacy,4,b_N100_V4,6.9032920291647315
legacy,4,b_N100_V4,6.93320797290653
legacy,4,b_N100_V4,6.8765830947086215
legacy,4,b_N100_V4,6.928583956323564
legacy,4,b_N100_V4,7.018375094048679
legacy,4,b_N100_V4,6.932832999154925
legacy,4,b_N100_V4,6.866583949886262
legacy,4,b_N100_V4,6.9173329975456
legacy,4,b_N100_V4,6.913707940839231
legacy,4,b_N100_V4,6.937416968867183
legacy,4,b_N100_V4,6.903165951371193
legacy,4,b_N100_V4,6.9394579622894526
legacy,4,b_N100_V4,6.889000069350004
legacy,4,b_N100_V4,6.924584042280912
legacy,4,b_N100_V4,6.909499992616475
legacy,4,b_N100_V4,6.972250062972307
legacy,4,b_N100_V4,8.2321249647066
legacy,4,b_N100_V4,7.461917004548013
legacy,4,b_N100_V4,7.453334052115679
legacy,4,b_N100_V4,7.4443749617785215
legacy,4,b_N100_V4,7.475457969121635
legacy,4,b_N100_V4,7.442292058840394
legacy,4,b_N100_V4,7.514125085435808
legacy,4,b_N100_V4,7.3477920377627015
legacy,4,b_N100_V4,7.3882919969037175
legacy,4,b_N100_V4,7.401708047837019
legacy,4,b_N100_V4,7.3871249333024025
legacy,4,b_N100_V4,7.368583930656314
legacy,4,b_N100_V4,7.319833035580814
legacy,4,b_N100_V4,7.345332996919751
legacy,4,b_N100_V4,7.879957905970514
legacy,4,b_N100_V4,7.5066660065203905
legacy,4,b_N100_V4,7.443374954164028
legacy,4,b_N100_V4,7.419207948260009
legacy,4,b_N100_V4,7.407499942928553
legacy,4,b_N100_V4,7.525708060711622
legacy,4,b_N100_V4,7.465500035323203
legacy,4,b_N100_V4,7.360834046266973
legacy,4,b_N100_V4,7.376166991889477
legacy,4,b_N100_V4,7.369750062935054
legacy,4,b_N100_V4,7.387958001345396
legacy,4,b_N100_V4,7.274917094036937
legacy,4,b_N100_V4,7.376625086180866
legacy,4,b_N100_V4,7.300291093997657
legacy,4,b_N100_V4,7.375082932412624
legacy,4,b_N100_V4,7.351374952122569
legacy,4,b_N100_V4,7.362374919466674
legacy,4,b_N100_V4,7.277083001099527
legacy,4,b_N100_V4,7.3274580063298345
legacy,4,b_N100_V4,7.374207954853773
legacy,4,b_N100_V4,7.371625048108399
legacy,4,b_N100_V4,7.335667032748461
legacy,4,b_N100_V4,7.358958013355732
legacy,4,b_N100_V4,7.344958023168147
legacy,4,b_N100_V4,7.34691706020385
legacy,4,b_N100_V4,7.3286250699311495
legacy,4,b_N100_V4,7.354000001214445
legacy,4,b_N100_V4,7.353916997089982
legacy,4,b_N100_V4,7.395207998342812
legacy,4,b_N100_V4,7.213042001239955
legacy,4,b_N100_V4,7.36295897513628
legacy,4,b_N100_V4,7.370707928203046
legacy,4,b_N100_V4,7.354500005021691
legacy,4,b_N100_V4,7.280042045749724
legacy,4,b_N100_V4,7.299375021830201
legacy,4,b_N100_V4,7.400332950055599
legacy,4,b_N100_V4,7.3872500797733665
legacy,4,b_N100_V4,7.255207980051637
legacy,4,b_N100_V4,7.309125037863851
legacy,4,b_N100_V4,7.265834021382034
legacy,4,b_N100_V4,7.359708077274263
legacy,4,b_N100_V4,7.395333028398454
legacy,4,b_N100_V4,7.347833015955985
legacy,4,b_N100_V4,7.356374990195036
legacy,4,b_N100_V4,7.346999947912991
legacy,4,b_N100_V4,7.2851249715313315
legacy,4,b_N100_V4,7.866791915148497
legacy,4,b_N100_V4,7.143500028178096
legacy,4,b_N100_V4,7.109457976184785
legacy,4,b_N100_V4,7.038417039439082
legacy,4,b_N100_V4,7.038584095425904
legacy,4,b_N100_V4,6.984292063862085
legacy,4,b_N100_V4,7.81099998857826
legacy,4,b_N100_V4,7.555000018328428
legacy,4,b_N100_V4,7.2026660200208426
legacy,4,b_N100_V4,6.990083958953619
legacy,4,b_N100_V4,7.098417030647397
legacy,4,b_N100_V4,7.216542027890682
legacy,4,b_N100_V4,7.029374944977462
legacy,4,b_N100_V4,6.951916962862015
legacy,4,b_N100_V4,7.051958004012704
legacy,4,b_N100_V4,7.029875065200031
legacy,4,b_N100_V4,7.0889589842408895
legacy,4,b_N100_V4,7.127915974706411
legacy,4,b_N100_V4,7.047916995361447
legacy,4,b_N100_V4,6.980250007472932
legacy,4,b_N100_V4,7.067832979373634
legacy,4,b_N100_V4,7.035124930553138
legacy,4,b_N100_V4,7.069791899994016
legacy,4,b_N100_V4,7.0291250012815
legacy,4,b_N100_V4,7.0383340353146195
legacy,4,b_N100_V4,6.888167001307011
legacy,4,b_N100_V4,7.083041942678392
legacy,4,b_N100_V4,7.027375046163797
legacy,4,b_N100_V4,6.920124986208975
legacy,4,b_N100_V4,6.996124982833862
legacy,4,b_N100_V4,7.025917060673237
legacy,4,b_N100_V4,6.9394169840961695
legacy,4,b_N100_V4,7.082541007548571
legacy,4,b_N100_V4,7.0955000119283795
legacy,4,b_N100_V4,7.0831660414114594
legacy,4,b_N100_V4,6.960167083889246
legacy,4,b_N100_V4,7.063374971039593
legacy,4,b_N100_V4,6.932416930794716
legacy,4,b_N100_V4,7.034540991298854
legacy,4,b_N100_V4,7.076833979226649
legacy,4,b_N100_V4,7.071833009831607
legacy,4,b_N100_V4,6.971082999370992
legacy,4,b_N100_V4,7.033708970993757
legacy,4,b_N100_V4,7.047499995678663
legacy,4,b_N100_V4,7.061957963742316
legacy,4,b_N100_V4,7.0690830470994115
legacy,4,b_N100_V4,6.966541986912489
legacy,4,b_N100_V4,6.911417003720999
legacy,4,b_N100_V4,7.0412090281024575
legacy,4,b_N100_V4,7.0950830122455955
legacy,4,b_N100_V4,7.6431670458987355
legacy,4,b_N100_V4,7.2518750093877316
legacy,4,b_N100_V4,7.039874908514321
legacy,4,b_N100_V4,7.022499921731651
legacy,4,b_N100_V4,7.160958950407803
legacy,4,b_N100_V4,7.192666991613805
legacy,4,b_N100_V4,7.179499953053892
legacy,4,b_N100_V4,7.073209038935602
legacy,4,b_N100_V4,7.167750038206577
legacy,4,b_N100_V4,6.982082966715097
legacy,4,b_N100_V4,8.26912501361221
legacy,4,b_N100_V4,7.51454196870327
legacy,4,b_N100_V4,7.447417010553181
legacy,4,b_N100_V4,7.362915901467204
legacy,4,b_N100_V4,7.4244169518351555
legacy,4,b_N100_V4,7.385500008240342
legacy,4,b_N100_V4,7.366916979663074
legacy,4,b_N100_V4,7.356666959822178
legacy,4,b_N100_V4,7.406500051729381
legacy,4,b_N100_V4,7.372708059847355
legacy,4,b_N100_V4,7.420749985612929
legacy,4,b_N100_V4,7.401667069643736
legacy,4,b_N100_V4,7.362667005509138
legacy,4,b_N100_V4,7.306417101062834
legacy,4,b_N100_V4,7.281124941073358
legacy,4,b_N100_V4,7.328124949708581
legacy,4,b_N100_V4,7.322957972064614
legacy,4,b_N100_V4,7.402083952911198
legacy,4,b_N100_V4,7.361541967839003
legacy,4,b_N100_V4,7.277291966602206
legacy,4,b_N100_V4,7.3755839839577675
legacy,4,b_N100_V4,7.34691706020385
legacy,4,b_N100_V4,7.340707932598889
legacy,4,b_N100_V4,7.318792049773037
legacy,4,b_N100_V4,7.344583049416542
legacy,4,b_N100_V4,7.317458046600223
legacy,4,b_N100_V4,7.357500027865171
legacy,4,b_N100_V4,7.322125020436943
legacy,4,b_N100_V4,7.358000031672418
legacy,4,b_N100_V4,7.291416986845434
legacy,4,b_N100_V4,7.3235000018030405
legacy,4,b_N100_V4,7.27991689927876
legacy,4,b_N100_V4,7.3614169377833605
legacy,4,b_N100_V4,7.297915988601744
legacy,4,b_N100_V4,7.359249982982874
legacy,4,b_N100_V4,7.290916983038187
legacy,4,b_N100_V4,7.3581659235060215
legacy,4,b_N100_V4,7.277083001099527
legacy,4,b_N100_V4,7.363167009316385
legacy,4,b_N100_V4,7.458708016201854
legacy,4,b_N100_V4,7.335208007134497
legacy,4,b_N100_V4,7.286792038939893
legacy,4,b_N100_V4,7.411041995510459
legacy,4,b_N100_V4,7.447250070981681
legacy,4,b_N100_V4,7.368625025264919
legacy,4,b_N100_V4,7.3038749396800995
legacy,4,b_N100_V4,7.328708074055612
legacy,4,b_N100_V4,7.324291975237429
legacy,4,b_N100_V4,7.3263749945908785
legacy,4,b_N100_V4,7.377375033684075
legacy,4,b_N100_V4,7.3325419798493385
legacy,4,b_N100_V4,7.322959019802511
legacy,4,b_N100_V4,7.315416005440056
legacy,4,b_N100_V4,7.2572920471429825
legacy,4,b_N100_V4,7.374166045337915
legacy,4,b_N100_V4,7.319250027649105
legacy,4,b_N100_V4,7.2946250438690186
legacy,4,b_N100_V4,7.3072080267593265
legacy,4,b_N100_V4,7.332250010222197
legacy,4,b_N100_V4,7.299291901290417
legacy,4,b_N100_V4,7.7401670860126615
legacy,4,b_N100_V4,7.002832950092852
legacy,4,b_N100_V4,6.987000000663102
legacy,4,b_N100_V4,6.968915928155184
legacy,4,b_N100_V4,6.96945795789361
legacy,4,b_N100_V4,6.930334027856588
legacy,4,b_N100_V4,6.969833048060536
legacy,4,b_N100_V4,6.941416999325156
legacy,4,b_N100_V4,6.964750005863607
legacy,4,b_N100_V4,6.938459002412856
legacy,4,b_N100_V4,6.921624997630715
legacy,4,b_N100_V4,6.9440839579328895
legacy,4,b_N100_V4,6.926083005964756
legacy,4,b_N100_V4,6.891791010275483
legacy,4,b_N100_V4,7.556000025942922
legacy,4,b_N100_V4,6.942166015505791
legacy,4,b_N100_V4,6.967499968595803
legacy,4,b_N100_V4,6.955374963581562
legacy,4,b_N100_V4,6.873457925394177
legacy,4,b_N100_V4,6.945166969671845
legacy,4,b_N100_V4,6.8815420381724834
legacy,4,b_N100_V4,6.972000002861023
legacy,4,b_N100_V4,6.914417026564479
legacy,4,b_N100_V4,6.935209035873413
legacy,4,b_N100_V4,6.98354106862098
legacy,4,b_N100_V4,6.953958072699606
legacy,4,b_N100_V4,6.940459017641842
legacy,4,b_N100_V4,6.920874933712184
legacy,4,b_N100_V4,6.945458007976413
legacy,4,b_N100_V4,6.898000021465123
legacy,4,b_N100_V4,6.932209013029933
legacy,4,b_N100_V4,6.901541957631707
legacy,4,b_N100_V4,6.884832982905209
legacy,4,b_N100_V4,6.929415976628661
legacy,4,b_N100_V4,6.880290922708809
legacy,4,b_N100_V4,6.865415954962373
legacy,4,b_N100_V4,6.899583037011325
legacy,4,b_N100_V4,6.917666993103921
legacy,4,b_N100_V4,6.963542080484331
legacy,4,b_N100_V4,6.979707977734506
legacy,4,b_N100_V4,6.895542028360069
legacy,4,b_N100_V4,6.896208971738815
legacy,4,b_N100_V4,6.905500078573823
legacy,4,b_N100_V4,6.937875063158572
legacy,4,b_N100_V4,6.8948749685660005
legacy,4,b_N100_V4,6.928500020876527
legacy,4,b_N100_V4,6.984999985434115
legacy,4,b_N100_V4,6.895500002428889
legacy,4,b_N100_V4,6.921874941326678
legacy,4,b_N100_V4,7.025957922451198
legacy,4,b_N100_V4,6.901917047798634
legacy,4,b_N100_V4,6.913874996826053
legacy,4,b_N100_V4,6.939750048331916
legacy,4,b_N100_V4,6.940042017959058
legacy,4,b_N100_V4,6.899749976582825
legacy,4,b_N100_V4,6.942875101231039
legacy,4,b_N100_V4,6.923749926500022
legacy,4,b_N100_V4,6.907750037498772
legacy,4,b_N100_V4,6.918750004842877
legacy,4,b_N100_V4,6.897541927173734
legacy,4,b_N100_V4,8.231583051383495
legacy,4,b_N100_V4,7.4877499137073755
legacy,4,b_N100_V4,7.413208018988371
legacy,4,b_N100_V4,7.367667043581605
legacy,4,b_N100_V4,7.402125047519803
legacy,4,b_N100_V4,7.365584024228156
legacy,4,b_N100_V4,7.347541977651417
legacy,4,b_N100_V4,7.478500017896295
legacy,4,b_N100_V4,7.355292094871402
legacy,4,b_N100_V4,7.348458981141448
legacy,4,b_N100_V4,7.349333027377725
legacy,4,b_N100_V4,7.363333948887885
legacy,4,b_N100_V4,7.352749933488667
legacy,4,b_N100_V4,7.336833048611879
legacy,4,b_N100_V4,7.321499986574054
legacy,4,b_N100_V4,7.347124977968633
legacy,4,b_N100_V4,7.296249968931079
legacy,4,b_N100_V4,7.339834002777934
legacy,4,b_N100_V4,7.367167039774358
legacy,4,b_N100_V4,7.4540829518809915
legacy,4,b_N100_V4,7.372832973487675
legacy,4,b_N100_V4,7.32804206199944
legacy,4,b_N100_V4,7.336750044487417
legacy,4,b_N100_V4,7.2891670279204845
legacy,4,b_N100_V4,7.359500043094158
legacy,4,b_N100_V4,7.319833035580814
legacy,4,b_N100_V4,7.258499972522259
legacy,4,b_N100_V4,7.322374964132905
legacy,4,b_N100_V4,7.353374967351556
legacy,4,b_N100_V4,7.364874938502908
legacy,4,b_N100_V4,7.97395792324096
legacy,4,b_N100_V4,7.551333983428776
legacy,4,b_N100_V4,7.463249959982932
legacy,4,b_N100_V4,7.447791984304786
legacy,4,b_N100_V4,7.367790909484029
legacy,4,b_N100_V4,7.426541997119784
legacy,4,b_N100_V4,7.408292032778263
legacy,4,b_N100_V4,7.415667059831321
legacy,4,b_N100_V4,7.348000071942806
legacy,4,b_N100_V4,7.378375041298568
legacy,4,b_N100_V4,7.365000084973872
legacy,4,b_N100_V4,7.3813749477267265
legacy,4,b_N100_V4,7.435707957483828
legacy,4,b_N100_V4,7.3922909796237946
legacy,4,b_N100_V4,7.398957968689501
legacy,4,b_N100_V4,7.376957917585969
legacy,4,b_N100_V4,7.34779192134738
legacy,4,b_N100_V4,7.3600419564172626
legacy,4,b_N100_V4,7.31804093811661
legacy,4,b_N100_V4,7.294541108421981
legacy,4,b_N100_V4,7.545709027908742
legacy,4,b_N100_V4,7.906374987214804
legacy,4,b_N100_V4,7.4824170442298055
legacy,4,b_N100_V4,7.3853749781847
legacy,4,b_N100_V4,7.378083071671426
legacy,4,b_N100_V4,7.298290962353349
legacy,4,b_N100_V4,7.385874981991947
legacy,4,b_N100_V4,7.3582089971750975
legacy,4,b_N100_V4,7.3584578931331635
legacy,4,b_N100_V4,7.379584014415741
legacy,4,b_N100_V4,7.83120805863291
legacy,4,b_N100_V4,7.0723750395700336
legacy,4,b_N100_V4,7.080040988512337
legacy,4,b_N100_V4,7.062084041535854
legacy,4,b_N100_V4,7.295167073607445
legacy,4,b_N100_V4,7.551250047981739
legacy,4,b_N100_V4,7.083666976541281
legacy,4,b_N100_V4,7.015666924417019
legacy,4,b_N100_V4,7.0353749906644225
legacy,4,b_N100_V4,7.058957940898836
legacy,4,b_N100_V4,6.960291997529566
legacy,4,b_N100_V4,7.001167046837509
legacy,4,b_N100_V4,6.999957957305014
legacy,4,b_N100_V4,7.040249998681247
legacy,4,b_N100_V4,7.034832960925996
legacy,4,b_N100_V4,7.00199999846518
legacy,4,b_N100_V4,6.963375024497509
legacy,4,b_N100_V4,7.0096669951453805
legacy,4,b_N100_V4,6.990416091866791
legacy,4,b_N100_V4,7.004625047557056
legacy,4,b_N100_V4,7.034167065285146
legacy,4,b_N100_V4,7.548291934654117
legacy,4,b_N100_V4,7.012584013864398
legacy,4,b_N100_V4,7.01791699975729
legacy,4,b_N100_V4,6.991917034611106
legacy,4,b_N100_V4,6.985291955061257
legacy,4,b_N100_V4,6.944624939933419
legacy,4,b_N100_V4,6.998292054049671
legacy,4,b_N100_V4,6.9633329985663295
legacy,4,b_N100_V4,7.00816698372364
legacy,4,b_N100_V4,7.003459031693637
legacy,4,b_N100_V4,6.993500050157309
legacy,4,b_N100_V4,6.991583039052784
legacy,4,b_N100_V4,7.004167069680989
legacy,4,b_N100_V4,6.946709007024765
legacy,4,b_N100_V4,7.025792030617595
legacy,4,b_N100_V4,6.994666997343302
legacy,4,b_N100_V4,6.979708909057081
legacy,4,b_N100_V4,6.951916962862015
legacy,4,b_N100_V4,7.037541945464909
legacy,4,b_N100_V4,6.934999953955412
legacy,4,b_N100_V4,6.984542007558048
legacy,4,b_N100_V4,6.975083029828966
legacy,4,b_N100_V4,7.030957960523665
legacy,4,b_N100_V4,6.932417047210038
legacy,4,b_N100_V4,6.9847500417381525
legacy,4,b_N100_V4,6.949292030185461
legacy,4,b_N100_V4,6.994417053647339
legacy,4,b_N100_V4,6.935209035873413
legacy,4,b_N100_V4,6.9662920432165265
legacy,4,b_N100_V4,7.0995420683175325
legacy,4,b_N100_V4,7.023583981208503
legacy,4,b_N100_V4,6.951499963179231
legacy,4,b_N100_V4,7.037791074253619
legacy,4,b_N100_V4,7.01325002592057
legacy,4,b_N100_V4,7.023458951152861
legacy,4,b_N100_V4,6.8689159816131
legacy,4,b_N100_V4,7.020583958365023
legacy,4,b_N100_V4,6.918709026649594
legacy,4,b_N100_V4,6.969999987632036
legacy,4,b_N100_V4,8.247083984315395
legacy,4,b_N100_V4,7.505750050768256
legacy,4,b_N100_V4,7.436832995153964
legacy,4,b_N100_V4,7.456458057276905
legacy,4,b_N100_V4,7.44037504773587
legacy,4,b_N100_V4,7.390958024188876
legacy,4,b_N100_V4,7.400375092402101
legacy,4,b_N100_V4,7.392375031486154
legacy,4,b_N100_V4,7.367958081886172
legacy,4,b_N100_V4,7.402499904856086
legacy,4,b_N100_V4,7.330332999117672
legacy,4,b_N100_V4,7.376209017820656
legacy,4,b_N100_V4,7.368833990767598
legacy,4,b_N100_V4,7.372166961431503
legacy,4,b_N100_V4,7.30066595133394
legacy,4,b_N100_V4,7.350208004936576
legacy,4,b_N100_V4,7.301124976947904
legacy,4,b_N100_V4,7.344834040850401
legacy,4,b_N100_V4,7.36033299472183
legacy,4,b_N100_V4,7.394458050839603
legacy,4,b_N100_V4,7.449334021657705
legacy,4,b_N100_V4,7.355041918344796
legacy,4,b_N100_V4,7.345875026658177
legacy,4,b_N100_V4,7.865666993893683
legacy,4,b_N100_V4,7.375874905847013
legacy,4,b_N100_V4,7.391374907456338
legacy,4,b_N100_V4,7.348833954893053
legacy,4,b_N100_V4,7.370125036686659
legacy,4,b_N100_V4,7.294749957509339
legacy,4,b_N100_V4,7.358583970926702
legacy,4,b_N100_V4,7.334458059631288
legacy,4,b_N100_V4,7.3480840073898435
legacy,4,b_N100_V4,7.361541967839003
legacy,4,b_N100_V4,7.354417000897229
legacy,4,b_N100_V4,7.396167027764022
legacy,4,b_N100_V4,7.3521250160411
legacy,4,b_N100_V4,7.314000045880675
legacy,4,b_N100_V4,7.341791992075741
legacy,4,b_N100_V4,7.300583994947374
legacy,4,b_N100_V4,7.359500043094158
legacy,4,b_N100_V4,7.320166099816561
legacy,4,b_N100_V4,7.358500035479665
legacy,4,b_N100_V4,7.299957913346589
legacy,4,b_N100_V4,7.341999909840524
legacy,4,b_N100_V4,7.316499948501587
legacy,4,b_N100_V4,7.354500005021691
legacy,4,b_N100_V4,7.233583019115031
legacy,4,b_N100_V4,7.2532499907538295
legacy,4,b_N100_V4,7.289041997864842
legacy,4,b_N100_V4,7.39358295686543
legacy,4,b_N100_V4,7.312417030334473
legacy,4,b_N100_V4,7.342708064243197
legacy,4,b_N100_V4,7.291750051081181
legacy,4,b_N100_V4,7.302624988369644
legacy,4,b_N100_V4,7.354666944593191
legacy,4,b_N100_V4,7.380208000540733
legacy,4,b_N100_V4,8.001915994100273
legacy,4,b_N100_V4,7.218083017505705
legacy,4,b_N100_V4,7.315541966818273
legacy,4,b_N100_V4,7.2989159962162375
legacy,4,b_N100_V4,7.807582966051996
legacy,4,b_N100_V4,7.056917063891888
legacy,4,b_N100_V4,7.164875045418739
legacy,4,b_N100_V4,6.993000046350062
legacy,4,b_N100_V4,6.985792075283825
legacy,4,b_N100_V4,6.989833083935082
legacy,4,b_N100_V4,6.98029191698879
legacy,4,b_N100_V4,6.989124929532409
legacy,4,b_N100_V4,6.98779197409749
legacy,4,b_N100_V4,6.889707990922034
legacy,4,b_N100_V4,7.012374931946397
legacy,4,b_N100_V4,7.015332928858697
legacy,4,b_N100_V4,6.997584016062319
legacy,4,b_N100_V4,6.9684169720858335
legacy,4,b_N100_V4,6.993959075771272
legacy,4,b_N100_V4,6.947042071260512
legacy,4,b_N100_V4,6.98166701477021
legacy,4,b_N100_V4,6.97329209651798
legacy,4,b_N100_V4,6.993250106461346
legacy,4,b_N100_V4,6.970875081606209
legacy,4,b_N100_V4,7.049625040963292
legacy,4,b_N100_V4,6.974791991524398
legacy,4,b_N100_V4,6.983374943956733
legacy,4,b_N100_V4,6.962709012441337
legacy,4,b_N100_V4,6.942540989257395
legacy,4,b_N100_V4,6.987583008594811
legacy,4,b_N100_V4,7.258958998136222
legacy,4,b_N100_V4,6.908499985001981
legacy,4,b_N100_V4,6.986583000980318
legacy,4,b_N100_V4,6.971333990804851
legacy,4,b_N100_V4,6.982792052440345
legacy,4,b_N100_V4,6.94687501527369
legacy,4,b_N100_V4,6.961375009268522
legacy,4,b_N100_V4,6.983833038248122
legacy,4,b_N100_V4,6.835833075456321
legacy,4,b_N100_V4,6.897957995533943
legacy,4,b_N100_V4,6.866374984383583
legacy,4,b_N100_V4,6.857750006020069
legacy,4,b_N100_V4,6.8634169874712825
legacy,4,b_N100_V4,6.873499951325357
legacy,4,b_N100_V4,6.973040988668799
legacy,4,b_N100_V4,6.957457982935011
legacy,4,b_N100_V4,7.35579093452543
legacy,4,b_N100_V4,6.94087496958673
legacy,4,b_N100_V4,6.976666976697743
legacy,4,b_N100_V4,6.924042012542486
legacy,4,b_N100_V4,6.965165957808495
legacy,4,b_N100_V4,6.972584058530629
legacy,4,b_N100_V4,6.95454201195389
legacy,4,b_N100_V4,6.924791028723121
legacy,4,b_N100_V4,6.997958989813924
legacy,4,b_N100_V4,6.97695801500231
legacy,4,b_N100_V4,6.988083012402058
legacy,4,b_N100_V4,6.995874922722578
legacy,4,b_N100_V4,6.999916979111731
legacy,4,b_N100_V4,6.99583301320672
legacy,4,b_N100_V4,7.102292031049728
legacy,4,b_N100_V4,6.976707954891026
legacy,4,b_N100_V4,6.9648330099880695
legacy,4,b_N100_V4,6.9724590284749866
legacy,4,b_N100_V4,8.218916016630828
legacy,4,b_N100_V4,7.392707979306579
legacy,4,b_N100_V4,7.450958015397191
legacy,4,b_N100_V4,7.343375007621944
legacy,4,b_N100_V4,7.314500049687922
legacy,4,b_N100_V4,7.325458922423422
legacy,4,b_N100_V4,7.284916937351227
legacy,4,b_N100_V4,7.3445000452920794
legacy,4,b_N100_V4,7.332291919738054
legacy,4,b_N100_V4,7.362999953329563
legacy,4,b_N100_V4,7.316707982681692
legacy,4,b_N100_V4,7.294791983440518
legacy,4,b_N100_V4,7.417791988700628
legacy,4,b_N100_V4,7.307457970455289
legacy,4,b_N100_V4,7.289542001672089
legacy,4,b_N100_V4,7.26370804477483
legacy,4,b_N100_V4,7.39808299113065
legacy,4,b_N100_V4,7.324291975237429
legacy,4,b_N100_V4,7.30462500359863
legacy,4,b_N100_V4,7.266832981258631
legacy,4,b_N100_V4,7.387999910861254
legacy,4,b_N100_V4,7.288665976375341
legacy,4,b_N100_V4,7.34308292157948
legacy,4,b_N100_V4,7.267458946444094
legacy,4,b_N100_V4,7.334957947023213
legacy,4,b_N100_V4,7.326290942728519
legacy,4,b_N100_V4,7.242750027216971
legacy,4,b_N100_V4,7.276457967236638
legacy,4,b_N100_V4,7.356374990195036
legacy,4,b_N100_V4,7.289292057976127
legacy,4,b_N100_V4,7.258917088620365
legacy,4,b_N100_V4,7.330917054787278
legacy,4,b_N100_V4,7.349541992880404
legacy,4,b_N100_V4,7.2672918904572725
legacy,4,b_N100_V4,7.2239169385284185
legacy,4,b_N100_V4,7.203791989013553
legacy,4,b_N100_V4,7.185791968367994
legacy,4,b_N100_V4,8.439124911092222
legacy,4,b_N100_V4,7.519459002651274
legacy,4,b_N100_V4,9.091374929994345
legacy,4,b_N100_V4,9.440333000384271
legacy,4,b_N100_V4,9.391624946147203
legacy,4,b_N100_V4,8.452374953776598
legacy,4,b_N100_V4,7.629957981407642
legacy,4,b_N100_V4,8.973333053290844
legacy,4,b_N100_V4,7.789166993461549
legacy,4,b_N100_V4,8.93983303103596
legacy,4,b_N100_V4,7.751749944873154
legacy,4,b_N100_V4,7.887708954513073
legacy,4,b_N100_V4,7.498291903175414
legacy,4,b_N100_V4,8.018041960895061
legacy,4,b_N100_V4,7.97020795289427
legacy,4,b_N100_V4,7.475458085536957
legacy,4,b_N100_V4,7.4295829981565475
legacy,4,b_N100_V4,7.424333016388118
legacy,4,b_N100_V4,7.342624943703413
legacy,4,b_N100_V4,7.327707950025797
legacy,4,b_N100_V4,7.329207961447537
legacy,4,b_N100_V4,7.313500042073429
legacy,4,b_N100_V4,7.400750066153705
legacy,4,b_N100_V4,7.756709004752338
legacy,4,b_N100_V4,7.035457994788885
legacy,4,b_N100_V4,7.264749961905181
legacy,4,b_N100_V4,7.480708067305386
legacy,4,b_N100_V4,7.01020797714591
legacy,4,b_N100_V4,6.983709055930376
legacy,4,b_N100_V4,6.9278329610824585
legacy,4,b_N100_V4,6.951250019483268
legacy,4,b_N100_V4,7.026416948065162
legacy,4,b_N100_V4,6.926583009772003
legacy,4,b_N100_V4,6.9506249856203794
legacy,4,b_N100_V4,6.920084008015692
legacy,4,b_N100_V4,6.8967079278081656
legacy,4,b_N100_V4,6.920374929904938
legacy,4,b_N100_V4,6.984542007558048
legacy,4,b_N100_V4,6.930749979801476
legacy,4,b_N100_V4,7.103957934305072
legacy,4,b_N100_V4,6.882625049911439
legacy,4,b_N100_V4,7.156334002502263
legacy,4,b_N100_V4,6.902166060172021
legacy,4,b_N100_V4,6.957125035114586
legacy,4,b_N100_V4,6.973374984227121
legacy,4,b_N100_V4,6.89695798791945
legacy,4,b_N100_V4,6.930292001925409
legacy,4,b_N100_V4,6.982416030950844
legacy,4,b_N100_V4,6.908500101417303
legacy,4,b_N100_V4,6.922750035300851
legacy,4,b_N100_V4,6.890332908369601
legacy,4,b_N100_V4,6.937416968867183
legacy,4,b_N100_V4,6.949124974198639
legacy,4,b_N100_V4,6.97712495457381
legacy,4,b_N100_V4,6.943040993064642
legacy,4,b_N100_V4,6.934124976396561
legacy,4,b_N100_V4,6.899500032886863
legacy,4,b_N100_V4,6.969416979700327
legacy,4,b_N100_V4,6.955958087928593
legacy,4,b_N100_V4,6.895416066981852
legacy,4,b_N100_V4,6.935792043805122
legacy,4,b_N100_V4,6.905999965965748
legacy,4,b_N100_V4,6.886000046506524
legacy,4,b_N100_V4,6.985957967117429
legacy,4,b_N100_V4,6.933624972589314
legacy,4,b_N100_V4,6.948499940335751
legacy,4,b_N100_V4,6.941917003132403
legacy,4,b_N100_V4,6.90391706302762
legacy,4,b_N100_V4,6.934958975762129
legacy,4,b_N100_V4,6.924125016666949
legacy,4,b_N100_V4,6.900875014252961
legacy,4,b_N100_V4,6.867915973998606
legacy,4,b_N100_V4,6.854125065729022
legacy,4,b_N100_V4,7.2630830109119415
legacy,4,b_N100_V4,6.975083029828966
legacy,4,b_N100_V4,6.923958077095449
legacy,4,b_N100_V4,6.874833954498172
legacy,4,b_N100_V4,6.897333078086376
legacy,4,b_N100_V4,6.944666034542024
legacy,4,b_N100_V4,6.950165960006416
legacy,4,b_N100_V4,6.916749989613891
legacy,4,b_N100_V4,6.897500017657876
legacy,4,b_N100_V4,6.996167008765042
legacy,4,b_N100_V4,8.650167030282319
legacy,4,b_N100_V4,8.381332969292998
legacy,4,b_N100_V4,8.046042057685554
legacy,4,b_N100_V4,7.686124998144805
legacy,4,b_N100_V4,7.584332954138517
legacy,4,b_N100_V4,8.064707973971963
legacy,4,b_N100_V4,7.570291985757649
legacy,4,b_N100_V4,7.6242920476943254
legacy,4,b_N100_V4,7.5280830496922135
legacy,4,b_N100_V4,7.509083021432161
legacy,4,b_N100_V4,7.410624995827675
legacy,4,b_N100_V4,7.537583936937153
legacy,4,b_N100_V4,7.488625007681549
legacy,4,b_N100_V4,7.460207911208272
legacy,4,b_N100_V4,7.469584001228213
legacy,4,b_N100_V4,7.338166935369372
legacy,4,b_N100_V4,7.381291012279689
legacy,4,b_N100_V4,7.444625021889806
legacy,4,b_N100_V4,7.3795829666778445
legacy,4,b_N100_V4,7.450582925230265
legacy,4,b_N100_V4,7.3281669756397605
legacy,4,b_N100_V4,7.5440420769155025
legacy,4,b_N100_V4,7.4342499719932675
legacy,4,b_N100_V4,7.4671669863164425
legacy,4,b_N100_V4,7.432291051372886
legacy,4,b_N100_V4,7.424000068567693
legacy,4,b_N100_V4,7.368499995209277
legacy,4,b_N100_V4,7.454250007867813
legacy,4,b_N100_V4,7.425374933518469
legacy,4,b_N100_V4,7.4726250022649765
legacy,4,b_N100_V4,7.375875022262335
legacy,4,b_N100_V4,7.403332972899079
legacy,4,b_N100_V4,7.376792025752366
legacy,4,b_N100_V4,7.450958015397191
legacy,4,b_N100_V4,7.422833004966378
legacy,4,b_N100_V4,7.393334060907364
legacy,4,b_N100_V4,7.348375045694411
legacy,4,b_N100_V4,7.371332962065935
legacy,4,b_N100_V4,7.376458030194044
legacy,4,b_N100_V4,7.244416046887636
legacy,4,b_N100_V4,7.436915999278426
legacy,4,b_N100_V4,7.486208924092352
legacy,4,b_N100_V4,7.410332909785211
legacy,4,b_N100_V4,7.469499949365854
legacy,4,b_N100_V4,7.401041919365525
legacy,4,b_N100_V4,7.452582940459251
legacy,4,b_N100_V4,7.415790925733745
legacy,4,b_N100_V4,7.440875051543117
legacy,4,b_N100_V4,7.345749996602535
legacy,4,b_N100_V4,7.371583022177219
legacy,4,b_N100_V4,7.411250029690564
legacy,4,b_N100_V4,7.56499997805804
legacy,4,b_N100_V4,7.383416988886893
legacy,4,b_N100_V4,7.335292058996856
legacy,4,b_N100_V4,7.734291022643447
legacy,4,b_N100_V4,7.399542024359107
legacy,4,b_N100_V4,8.18841706495732
legacy,4,b_N100_V4,7.53191695548594
legacy,4,b_N100_V4,7.39137502387166
legacy,4,b_N100_V4,7.503250031732023
legacy,4,b_N100_V4,7.874457980506122
legacy,4,b_N100_V4,7.234000018797815
legacy,4,b_N100_V4,7.196541992016137
legacy,4,b_N100_V4,7.122374954633415
legacy,4,b_N100_V4,7.146375020965934
legacy,4,b_N100_V4,7.133167004212737
legacy,4,b_N100_V4,6.964459083974361
legacy,4,b_N100_V4,7.405875017866492
legacy,4,b_N100_V4,8.056082995608449
legacy,4,b_N100_V4,7.159500033594668
legacy,4,b_N100_V4,7.248292095027864
legacy,4,b_N100_V4,7.10612500552088
legacy,4,b_N100_V4,7.096291985362768
legacy,4,b_N100_V4,7.150541990995407
legacy,4,b_N100_V4,7.083375006914139
legacy,4,b_N100_V4,7.083624950610101
legacy,4,b_N100_V4,6.963041960261762
legacy,4,b_N100_V4,7.063291966915131
legacy,4,b_N100_V4,7.064874982461333
legacy,4,b_N100_V4,7.0545419584959745
legacy,4,b_N100_V4,6.981958053074777
legacy,4,b_N100_V4,7.0980420568957925
legacy,4,b_N100_V4,7.041417062282562
legacy,4,b_N100_V4,7.1113749872893095
legacy,4,b_N100_V4,7.067249971441925
legacy,4,b_N100_V4,7.079000002704561
legacy,4,b_N100_V4,7.032458088360727
legacy,4,b_N100_V4,7.271833950653672
legacy,4,b_N100_V4,6.9297500886023045
legacy,4,b_N100_V4,7.073250017128885
legacy,4,b_N100_V4,7.101375027559698
legacy,4,b_N100_V4,7.0856669917702675
legacy,4,b_N100_V4,6.971625029109418
legacy,4,b_N100_V4,7.074333960190415
legacy,4,b_N100_V4,7.037417031824589
legacy,4,b_N100_V4,7.139166002161801
legacy,4,b_N100_V4,7.056417060084641
legacy,4,b_N100_V4,7.077165995724499
legacy,4,b_N100_V4,7.020208053290844
legacy,4,b_N100_V4,6.947000045329332
legacy,4,b_N100_V4,7.144500035792589
legacy,4,b_N100_V4,7.104707998223603
legacy,4,b_N100_V4,6.9712919648736715
legacy,4,b_N100_V4,7.0686249528080225
legacy,4,b_N100_V4,7.051291991956532
legacy,4,b_N100_V4,7.139832945540547
legacy,4,b_N100_V4,7.056458969600499
legacy,4,b_N100_V4,7.108125020749867
legacy,4,b_N100_V4,6.964541971683502
legacy,4,b_N100_V4,7.0795840583741665
legacy,4,b_N100_V4,7.047250051982701
legacy,4,b_N100_V4,7.133709033951163
legacy,4,b_N100_V4,7.003291975706816
legacy,4,b_N100_V4,7.069249986670911
legacy,4,b_N100_V4,7.000958081334829
legacy,4,b_N100_V4,7.043042103759944
legacy,4,b_N100_V4,7.073000073432922
legacy,4,b_N100_V4,7.113833096809685
legacy,4,b_N100_V4,7.200499996542931
legacy,4,b_N100_V4,7.104167016223073
legacy,4,b_N100_V4,8.259791997261345
legacy,4,b_N100_V4,7.488291943445802
legacy,4,b_N100_V4,7.557500037364662
legacy,4,b_N100_V4,7.551374961622059
legacy,4,b_N100_V4,7.376958034001291
legacy,4,b_N100_V4,8.236165973357856
legacy,4,b_N100_V4,7.576083997264504
legacy,4,b_N100_V4,7.464917027391493
legacy,4,b_N100_V4,7.466625072993338
legacy,4,b_N100_V4,7.484792033210397
legacy,4,b_N100_V4,7.367042009718716
legacy,4,b_N100_V4,7.491458090953529
legacy,4,b_N100_V4,7.536125020124018
legacy,4,b_N100_V4,7.38891598302871
legacy,4,b_N100_V4,7.317040930502117
legacy,4,b_N100_V4,7.39608402363956
legacy,4,b_N100_V4,7.331583998166025
legacy,4,b_N100_V4,7.433040998876095
legacy,4,b_N100_V4,7.4006670620292425
legacy,4,b_N100_V4,7.424917072057724
legacy,4,b_N100_V4,7.320665987208486
legacy,4,b_N100_V4,7.511834031902254
legacy,4,b_N100_V4,7.3960000881925225
legacy,4,b_N100_V4,7.368957973085344
legacy,4,b_N100_V4,7.320167031139135
legacy,4,b_N100_V4,7.361333933658898
legacy,4,b_N100_V4,7.353583001531661
legacy,4,b_N100_V4,7.3860419215634465
legacy,4,b_N100_V4,7.400083937682211
legacy,4,b_N100_V4,7.355124922469258
legacy,4,b_N100_V4,7.748916978016496
legacy,4,b_N100_V4,7.3865000158548355
legacy,4,b_N100_V4,7.317416951991618
legacy,4,b_N100_V4,7.472250028513372
legacy,4,b_N100_V4,7.429792080074549
legacy,4,b_N100_V4,7.3882919969037175
legacy,4,b_N100_V4,7.335750036872923
legacy,4,b_N100_V4,7.3994999984279275
legacy,4,b_N100_V4,7.388583035208285
legacy,4,b_N100_V4,7.379916962236166
legacy,4,b_N100_V4,7.320791948586702
legacy,4,b_N100_V4,7.326749968342483
legacy,4,b_N100_V4,7.34762498177588
legacy,4,b_N100_V4,7.243208936415613
legacy,4,b_N100_V4,7.360166986472905
legacy,4,b_N100_V4,7.376624969765544
legacy,4,b_N100_V4,7.239750004373491
legacy,4,b_N100_V4,7.415125030092895
legacy,4,b_N100_V4,7.298792013898492
legacy,4,b_N100_V4,7.373917032964528
legacy,4,b_N100_V4,7.382625015452504
legacy,4,b_N100_V4,7.431167061440647
legacy,4,b_N100_V4,7.350834086537361
legacy,4,b_N100_V4,7.375749992206693
legacy,4,b_N100_V4,7.284375024028122
legacy,4,b_N100_V4,7.495708996430039
legacy,4,b_N100_V4,7.345833000726998
legacy,4,b_N100_V4,7.3940419824793935
legacy,4,b_N100_V4,7.340958924032748
legacy,4,b_N100_V4,7.369416998699307
legacy,4,b_N100_V4,7.739082910120487
legacy,4,b_N100_V4,7.075958070345223
legacy,4,b_N100_V4,6.954291951842606
legacy,4,b_N100_V4,6.96766609326005
legacy,4,b_N100_V4,6.96141691878438
legacy,4,b_N100_V4,6.938208942301571
legacy,4,b_N100_V4,6.9339158944785595
legacy,4,b_N100_V4,6.9303750060498714
legacy,4,b_N100_V4,6.882415967993438
legacy,4,b_N100_V4,6.921708001755178
legacy,4,b_N100_V4,6.967334076762199
legacy,4,b_N100_V4,6.901959073729813
legacy,4,b_N100_V4,6.870125071145594
legacy,4,b_N100_V4,6.867249961942434
legacy,4,b_N100_V4,6.855042069219053
legacy,4,b_N100_V4,6.993166054598987
legacy,4,b_N100_V4,6.92666694521904
legacy,4,b_N100_V4,6.8937919568270445
legacy,4,b_N100_V4,6.8856250727549195
legacy,4,b_N100_V4,6.9068329175934196
legacy,4,b_N100_V4,6.935124984011054
legacy,4,b_N100_V4,7.042499957606196
legacy,4,b_N100_V4,6.950249895453453
legacy,4,b_N100_V4,6.926000001840293
legacy,4,b_N100_V4,6.932749995030463
legacy,4,b_N100_V4,6.9818750489503145
legacy,4,b_N100_V4,6.923999986611307
legacy,4,b_N100_V4,6.893125013448298
legacy,4,b_N100_V4,6.930458010174334
legacy,4,b_N100_V4,6.937499972991645
legacy,4,b_N100_V4,6.957083009183407
legacy,4,b_N100_V4,6.930333096534014
legacy,4,b_N100_V4,6.966499960981309
legacy,4,b_N100_V4,6.927457987330854
legacy,4,b_N100_V4,6.933333002962172
legacy,4,b_N100_V4,6.912499899044633
legacy,4,b_N100_V4,6.939499988220632
legacy,4,b_N100_V4,6.913541932590306
legacy,4,b_N100_V4,6.891250028274953
legacy,4,b_N100_V4,6.938916980288923
legacy,4,b_N100_V4,6.922416971065104
legacy,4,b_N100_V4,6.901166983880103
legacy,4,b_N100_V4,6.919041043147445
legacy,4,b_N100_V4,6.940291961655021
legacy,4,b_N100_V4,6.90145802218467
legacy,4,b_N100_V4,6.906708003953099
legacy,4,b_N100_V4,6.939625018276274
legacy,4,b_N100_V4,7.006291998550296
legacy,4,b_N100_V4,6.932375021278858
legacy,4,b_N100_V4,6.913124932907522
legacy,4,b_N100_V4,6.870833924040198
legacy,4,b_N100_V4,7.636124966666102
legacy,4,b_N100_V4,7.156707928515971
legacy,4,b_N100_V4,7.02391704544425
legacy,4,b_N100_V4,7.049707928672433
legacy,4,b_N100_V4,7.031082990579307
legacy,4,b_N100_V4,6.968833971768618
legacy,4,b_N100_V4,6.93020795006305
legacy,4,b_N100_V4,6.930458010174334
legacy,4,b_N100_V4,6.898500025272369
legacy,4,b_N100_V4,8.220584015361965
legacy,4,b_N100_V4,7.407582947053015
legacy,4,b_N100_V4,7.359542069025338
legacy,4,b_N100_V4,7.3509999783709645
legacy,4,b_N100_V4,7.398792076855898
legacy,4,b_N100_V4,7.332459092140198
legacy,4,b_N100_V4,7.3596250731498
legacy,4,b_N100_V4,7.360249990597367
legacy,4,b_N100_V4,7.381583913229406
legacy,4,b_N100_V4,7.332832901738584
legacy,4,b_N100_V4,7.339125033468008
legacy,4,b_N100_V4,7.328041945584118
legacy,4,b_N100_V4,7.373124943114817
legacy,4,b_N100_V4,7.310332963243127
legacy,4,b_N100_V4,7.3118750005960464
legacy,4,b_N100_V4,7.285082945600152
legacy,4,b_N100_V4,7.336457958444953
legacy,4,b_N100_V4,7.269707974046469
legacy,4,b_N100_V4,7.280292105861008
legacy,4,b_N100_V4,7.342832977883518
legacy,4,b_N100_V4,7.292250054888427
legacy,4,b_N100_V4,7.242207997478545
legacy,4,b_N100_V4,7.312415982596576
legacy,4,b_N100_V4,7.432583021000028
legacy,4,b_N100_V4,7.300625089555979
legacy,4,b_N100_V4,7.322624907828867
legacy,4,b_N100_V4,7.290833978913724
legacy,4,b_N100_V4,7.3306659469380975
legacy,4,b_N100_V4,7.31587503105402
legacy,4,b_N100_V4,7.298917043954134
legacy,4,b_N100_V4,7.321415934711695
legacy,4,b_N100_V4,7.284541963599622
legacy,4,b_N100_V4,7.295584073290229
legacy,4,b_N100_V4,7.307750056497753
legacy,4,b_N100_V4,7.311791996471584
legacy,4,b_N100_V4,7.297208067029715
legacy,4,b_N100_V4,7.321208016946912
legacy,4,b_N100_V4,7.263958104886115
legacy,4,b_N100_V4,7.293333997949958
legacy,4,b_N100_V4,7.818792015314102
legacy,4,b_N100_V4,7.455499959178269
legacy,4,b_N100_V4,7.369374972768128
legacy,4,b_N100_V4,7.381708011962473
legacy,4,b_N100_V4,7.3408749885857105
legacy,4,b_N100_V4,7.370749954134226
legacy,4,b_N100_V4,7.386166951619089
legacy,4,b_N100_V4,7.379333022981882
legacy,4,b_N100_V4,7.334834081120789
legacy,4,b_N100_V4,7.332499953918159
legacy,4,b_N100_V4,7.323042023926973
legacy,4,b_N100_V4,7.3417091043666005
legacy,4,b_N100_V4,7.38316704519093
legacy,4,b_N100_V4,7.36633304040879
legacy,4,b_N100_V4,7.337000104598701
legacy,4,b_N100_V4,7.326541934162378
legacy,4,b_N100_V4,7.386666955426335
legacy,4,b_N100_V4,7.330792024731636
legacy,4,b_N100_V4,7.384832948446274
legacy,4,b_N100_V4,7.358082919381559
legacy,4,b_N100_V4,7.299000048078597
legacy,4,b_N100_V4,7.898833020590246
legacy,4,b_N100_V4,7.141291978769004
legacy,4,b_N100_V4,7.077167043462396
legacy,4,b_N100_V4,7.06316705327481
legacy,4,b_N100_V4,7.012875052168965
legacy,4,b_N100_V4,6.977125070989132
legacy,4,b_N100_V4,6.993500050157309
legacy,4,b_N100_V4,7.022000034339726
legacy,4,b_N100_V4,6.988624925725162
legacy,4,b_N100_V4,7.010624976828694
legacy,4,b_N100_V4,6.996791926212609
legacy,4,b_N100_V4,6.95154198911041
legacy,4,b_N100_V4,6.99079199694097
legacy,4,b_N100_V4,7.012374931946397
legacy,4,b_N100_V4,7.0249170530587435
legacy,4,b_N100_V4,6.997833028435707
legacy,4,b_N100_V4,6.999791017733514
legacy,4,b_N100_V4,6.963207968510687
legacy,4,b_N100_V4,7.034459034912288
legacy,4,b_N100_V4,6.97695801500231
legacy,4,b_N100_V4,6.986709078773856
legacy,4,b_N100_V4,7.376416935585439
legacy,4,b_N100_V4,7.657041074708104
legacy,4,b_N100_V4,6.912791985087097
legacy,4,b_N100_V4,6.920124986208975
legacy,4,b_N100_V4,6.905666086822748
legacy,4,b_N100_V4,6.8862499902024865
legacy,4,b_N100_V4,6.99454196728766
legacy,4,b_N100_V4,7.0665000239387155
legacy,4,b_N100_V4,6.976249977014959
legacy,4,b_N100_V4,7.0006250170990825
legacy,4,b_N100_V4,7.014332921244204
legacy,4,b_N100_V4,7.033457979559898
legacy,4,b_N100_V4,6.9627920165658
legacy,4,b_N100_V4,6.987250060774386
legacy,4,b_N100_V4,6.947084097191691
legacy,4,b_N100_V4,6.974791060201824
legacy,4,b_N100_V4,6.999082979746163
legacy,4,b_N100_V4,6.9891250459477305
legacy,4,b_N100_V4,6.915666977874935
legacy,4,b_N100_V4,6.978249992243946
legacy,4,b_N100_V4,6.936458987183869
legacy,4,b_N100_V4,6.9578749826177955
legacy,4,b_N100_V4,6.94237498100847
legacy,4,b_N100_V4,7.016499992460012
legacy,4,b_N100_V4,6.994249997660518
legacy,4,b_N100_V4,6.981541984714568
legacy,4,b_N100_V4,6.959332968108356
legacy,4,b_N100_V4,6.974374991841614
legacy,4,b_N100_V4,7.001333055086434
legacy,4,b_N100_V4,7.54745805170387
legacy,4,b_N100_V4,7.227292051538825
legacy,4,b_N100_V4,7.161458022892475
legacy,4,b_N100_V4,7.1116669569164515
legacy,4,b_N100_V4,7.093291962519288
legacy,4,b_N100_V4,7.043749908916652
legacy,4,b_N100_V4,7.028541993349791
legacy,4,b_N100_V4,7.00108299497515
legacy,4,b_N100_V4,7.0714999455958605
legacy,4,b_N100_V4,7.050749962218106
legacy,4,b_N100_V4,8.307209005579352
legacy,4,b_N100_V4,7.521791965700686
legacy,4,b_N100_V4,7.481583044864237
legacy,4,b_N100_V4,7.4882080079987645
legacy,4,b_N100_V4,7.45925004594028
legacy,4,b_N100_V4,7.4277500389143825
legacy,4,b_N100_V4,7.445375085808337
legacy,4,b_N100_V4,7.403125055134296
legacy,4,b_N100_V4,7.401500013656914
legacy,4,b_N100_V4,7.41695798933506
legacy,4,b_N100_V4,7.403791998513043
legacy,4,b_N100_V4,7.35008402261883
legacy,4,b_N100_V4,7.472791010513902
legacy,4,b_N100_V4,7.4446669314056635
legacy,4,b_N100_V4,7.3997919680550694
legacy,4,b_N100_V4,7.405292009934783
legacy,4,b_N100_V4,7.400832953862846
legacy,4,b_N100_V4,7.379417074844241
legacy,4,b_N100_V4,7.422792026773095
legacy,4,b_N100_V4,7.357791997492313
legacy,4,b_N100_V4,7.274125004187226
legacy,4,b_N100_V4,7.4209170415997505
legacy,4,b_N100_V4,7.461500004865229
legacy,4,b_N100_V4,7.3382919654250145
legacy,4,b_N100_V4,7.51449994277209
legacy,4,b_N100_V4,7.446874980814755
legacy,4,b_N100_V4,7.400291971862316
legacy,4,b_N100_V4,7.359999930486083
legacy,4,b_N100_V4,7.422499940730631
legacy,4,b_N100_V4,7.3408749885857105
legacy,4,b_N100_V4,7.407875033095479
legacy,4,b_N100_V4,7.347875041887164
legacy,4,b_N100_V4,7.366875070147216
legacy,4,b_N100_V4,7.332707988098264
legacy,4,b_N100_V4,7.369957980699837
legacy,4,b_N100_V4,7.420875015668571
legacy,4,b_N100_V4,7.484667003154755
legacy,4,b_N100_V4,7.354040979407728
legacy,4,b_N100_V4,7.384583004750311
legacy,4,b_N100_V4,7.36033299472183
legacy,4,b_N100_V4,7.328207953833044
legacy,4,b_N100_V4,7.1978329215198755
legacy,4,b_N100_V4,7.373541942797601
legacy,4,b_N100_V4,7.3512919479981065
legacy,4,b_N100_V4,7.377958972938359
legacy,4,b_N100_V4,7.344541954807937
legacy,4,b_N100_V4,7.391041028313339
legacy,4,b_N100_V4,7.348334067501128
legacy,4,b_N100_V4,7.439625100232661
legacy,4,b_N100_V4,7.3683749651536345
legacy,4,b_N100_V4,7.437292020767927
legacy,4,b_N100_V4,8.017708081752062
legacy,4,b_N100_V4,7.968167075887322
legacy,4,b_N100_V4,7.459499989636242
legacy,4,b_N100_V4,7.451458019204438
legacy,4,b_N100_V4,7.399624912068248
legacy,4,b_N100_V4,7.431166945025325
legacy,4,b_N100_V4,7.451999932527542
legacy,4,b_N100_V4,7.473042001947761
legacy,4,b_N100_V4,7.389832986518741
legacy,4,b_N100_V4,7.893415982834995
legacy,4,b_N100_V4,7.125375093892217
legacy,4,b_N100_V4,7.062999997287989
legacy,4,b_N100_V4,7.084458018653095
legacy,4,b_N100_V4,7.071333006024361
legacy,4,b_N100_V4,7.017625030130148
legacy,4,b_N100_V4,7.034874986857176
legacy,4,b_N100_V4,7.020332966931164
legacy,4,b_N100_V4,7.021792000159621
legacy,4,b_N100_V4,6.938208010978997
legacy,4,b_N100_V4,6.9745410000905395
legacy,4,b_N100_V4,6.986833061091602
legacy,4,b_N100_V4,6.997250020503998
legacy,4,b_N100_V4,6.943792104721069
legacy,4,b_N100_V4,6.9734170101583
legacy,4,b_N100_V4,7.048125029541552
legacy,4,b_N100_V4,7.0287499111145735
legacy,4,b_N100_V4,6.980250007472932
legacy,4,b_N100_V4,6.973959039896727
legacy,4,b_N100_V4,7.05316592939198
legacy,4,b_N100_V4,7.011709036305547
legacy,4,b_N100_V4,7.0657499600201845
legacy,4,b_N100_V4,7.067042053677142
legacy,4,b_N100_V4,6.98612502310425
legacy,4,b_N100_V4,7.010541041381657
legacy,4,b_N100_V4,6.959000020287931
legacy,4,b_N100_V4,7.005917024798691
legacy,4,b_N100_V4,6.97379105258733
legacy,4,b_N100_V4,7.079417002387345
legacy,4,b_N100_V4,7.005083956755698
legacy,4,b_N100_V4,6.97808398399502
legacy,4,b_N100_V4,7.013874943368137
legacy,4,b_N100_V4,6.980874924920499
legacy,4,b_N100_V4,6.972124916501343
legacy,4,b_N100_V4,7.022124947980046
legacy,4,b_N100_V4,6.958542042411864
legacy,4,b_N100_V4,6.97395799215883
legacy,4,b_N100_V4,7.009332999587059
legacy,4,b_N100_V4,7.005374995060265
legacy,4,b_N100_V4,6.9883749820292
legacy,4,b_N100_V4,6.976083037443459
legacy,4,b_N100_V4,7.017875090241432
legacy,4,b_N100_V4,6.979583064094186
legacy,4,b_N100_V4,6.995417061261833
legacy,4,b_N100_V4,6.963999941945076
legacy,4,b_N100_V4,6.998708005994558
legacy,4,b_N100_V4,6.963374908082187
legacy,4,b_N100_V4,7.019832963123918
legacy,4,b_N100_V4,6.96425000205636
legacy,4,b_N100_V4,6.98929198551923
legacy,4,b_N100_V4,6.971666938625276
legacy,4,b_N100_V4,6.981958984397352
legacy,4,b_N100_V4,7.084375014528632
legacy,4,b_N100_V4,6.961500039324164
legacy,4,b_N100_V4,6.973625044338405
legacy,4,b_N100_V4,7.02445802744478
legacy,4,b_N100_V4,7.0379170356318355
legacy,4,b_N100_V4,7.043417077511549
legacy,4,b_N100_V4,7.007625070400536
legacy,4,b_N100_V4,6.905750022269785
legacy,4,b_N100_V4,8.238708949647844
legacy,4,b_N100_V4,7.4650420574471354
legacy,4,b_N100_V4,7.472958997823298
legacy,4,b_N100_V4,7.462750072591007
legacy,4,b_N100_V4,7.394583080895245
legacy,4,b_N100_V4,7.366750040091574
legacy,4,b_N100_V4,7.364916964434087
legacy,4,b_N100_V4,7.96954205725342
legacy,4,b_N100_V4,7.510291994549334
legacy,4,b_N100_V4,7.489332929253578
legacy,4,b_N100_V4,7.448541931807995
legacy,4,b_N100_V4,7.463374990038574
legacy,4,b_N100_V4,7.38316704519093
legacy,4,b_N100_V4,7.443832932040095
legacy,4,b_N100_V4,7.404083968140185
legacy,4,b_N100_V4,7.43116601370275
legacy,4,b_N100_V4,7.355917012318969
legacy,4,b_N100_V4,7.3654589941725135
legacy,4,b_N100_V4,7.359541952610016
legacy,4,b_N100_V4,7.458250038325787
legacy,4,b_N100_V4,7.335334084928036
legacy,4,b_N100_V4,7.361166994087398
legacy,4,b_N100_V4,7.440083078108728
legacy,4,b_N100_V4,7.601667079143226
legacy,4,b_N100_V4,7.36199994571507
legacy,4,b_N100_V4,7.374082924798131
legacy,4,b_N100_V4,7.397416979074478
legacy,4,b_N100_V4,7.353332941420376
legacy,4,b_N100_V4,7.336291950196028
legacy,4,b_N100_V4,7.355625042691827
legacy,4,b_N100_V4,7.277083001099527
legacy,4,b_N100_V4,7.582125021144748
legacy,4,b_N100_V4,7.390249986201525
legacy,4,b_N100_V4,7.387457997538149
legacy,4,b_N100_V4,7.352916058152914
legacy,4,b_N100_V4,7.30395910795778
legacy,4,b_N100_V4,7.329041953198612
legacy,4,b_N100_V4,7.384958094917238
legacy,4,b_N100_V4,7.338790921494365
legacy,4,b_N100_V4,7.909541018307209
legacy,4,b_N100_V4,7.509083021432161
legacy,4,b_N100_V4,7.381416973657906
legacy,4,b_N100_V4,7.372541935183108
legacy,4,b_N100_V4,7.477083010599017
legacy,4,b_N100_V4,7.3763750260695815
legacy,4,b_N100_V4,7.3362080147489905
legacy,4,b_N100_V4,7.369832950644195
legacy,4,b_N100_V4,7.497792015783489
legacy,4,b_N100_V4,7.374917040579021
legacy,4,b_N100_V4,7.339500007219613
legacy,4,b_N100_V4,7.335541071370244
legacy,4,b_N100_V4,7.347374921664596
legacy,4,b_N100_V4,7.372958003543317
legacy,4,b_N100_V4,7.486749906092882
legacy,4,b_N100_V4,7.308833999559283
legacy,4,b_N100_V4,7.441000081598759
legacy,4,b_N100_V4,7.315041963011026
legacy,4,b_N100_V4,7.322666933760047
legacy,4,b_N100_V4,7.313292007893324
legacy,4,b_N100_V4,7.4183340184390545
legacy,4,b_N100_V4,7.8526249853894114
legacy,4,b_N100_V4,7.080457988195121
legacy,4,b_N100_V4,6.9940839894115925
legacy,4,b_N100_V4,7.611582987010479
legacy,4,b_N100_V4,6.980165955610573
legacy,4,b_N100_V4,6.947999936528504
legacy,4,b_N100_V4,7.007958018220961
legacy,4,b_N100_V4,6.907416973263025
legacy,4,b_N100_V4,6.9228330394253135
legacy,4,b_N100_V4,6.951374933123589
legacy,4,b_N100_V4,6.9257080322131515
legacy,4,b_N100_V4,7.822375046089292
legacy,4,b_N100_V4,7.344749988988042
legacy,4,b_N100_V4,7.177375024184585
legacy,4,b_N100_V4,7.16745899990201
legacy,4,b_N100_V4,7.21679104026407
legacy,4,b_N100_V4,7.123958086594939
legacy,4,b_N100_V4,7.149916957132518
legacy,4,b_N100_V4,7.120624999515712
legacy,4,b_N100_V4,7.073999964632094
legacy,4,b_N100_V4,7.07974995020777
legacy,4,b_N100_V4,7.083500036969781
legacy,4,b_N100_V4,7.102707982994616
legacy,4,b_N100_V4,7.160083972848952
legacy,4,b_N100_V4,7.133290986530483
legacy,4,b_N100_V4,7.084000040777028
legacy,4,b_N100_V4,7.059917086735368
legacy,4,b_N100_V4,7.301958044990897
legacy,4,b_N100_V4,7.03729095403105
legacy,4,b_N100_V4,7.05433392431587
legacy,4,b_N100_V4,7.040624972432852
legacy,4,b_N100_V4,7.078124908730388
legacy,4,b_N100_V4,7.057374925352633
legacy,4,b_N100_V4,7.0812919875606894
legacy,4,b_N100_V4,7.017915952019393
legacy,4,b_N100_V4,7.092874962836504
legacy,4,b_N100_V4,7.953749969601631
legacy,4,b_N100_V4,7.1613750187680125
legacy,4,b_N100_V4,7.02404195908457
legacy,4,b_N100_V4,7.028540945611894
legacy,4,b_N100_V4,7.023207959719002
legacy,4,b_N100_V4,7.0448750630021095
legacy,4,b_N100_V4,6.946332985535264
legacy,4,b_N100_V4,6.942500011064112
legacy,4,b_N100_V4,6.961250095628202
legacy,4,b_N100_V4,6.935541983693838
legacy,4,b_N100_V4,6.978749996051192
legacy,4,b_N100_V4,6.942458916455507
legacy,4,b_N100_V4,6.927666952833533
legacy,4,b_N100_V4,6.962082930840552
legacy,4,b_N100_V4,6.963209016248584
legacy,4,b_N100_V4,6.91883300896734
legacy,4,b_N100_V4,6.931458017788827
legacy,4,b_N100_V4,7.193666999228299
legacy,4,b_N100_V4,6.977915996685624
legacy,4,b_N100_V4,6.954250042326748
legacy,4,b_N100_V4,6.913042045198381
legacy,4,b_N100_V4,7.0032920921221375
legacy,4,b_N100_V4,6.939458078704774
legacy,4,b_N100_V4,7.86933396011591
legacy,4,b_N100_V4,8.209249936044216
legacy,4,b_N100_V4,7.511958945542574
legacy,4,b_N100_V4,7.39120808430016
legacy,4,b_N100_V4,7.396167027764022
legacy,4,b_N100_V4,7.350916974246502
legacy,4,b_N100_V4,7.333457935601473
legacy,4,b_N100_V4,7.33175000641495
legacy,4,b_N100_V4,7.484250003471971
legacy,4,b_N100_V4,7.392375031486154
legacy,4,b_N100_V4,7.348792045377195
legacy,4,b_N100_V4,7.276250049471855
legacy,4,b_N100_V4,7.325917016714811
legacy,4,b_N100_V4,7.326583028770983
legacy,4,b_N100_V4,7.429875084199011
legacy,4,b_N100_V4,7.293416070751846
legacy,4,b_N100_V4,7.376249996013939
legacy,4,b_N100_V4,7.3284999234601855
legacy,4,b_N100_V4,7.328458013944328
legacy,4,b_N100_V4,7.323459023609757
legacy,4,b_N100_V4,7.312666974030435
legacy,4,b_N100_V4,7.306999992579222
legacy,4,b_N100_V4,7.2746670339256525
legacy,4,b_N100_V4,7.319958996959031
legacy,4,b_N100_V4,7.453375030308962
legacy,4,b_N100_V4,7.306667044758797
legacy,4,b_N100_V4,7.393250009045005
legacy,4,b_N100_V4,7.309125037863851
legacy,4,b_N100_V4,7.306375075131655
legacy,4,b_N100_V4,7.296417024917901
legacy,4,b_N100_V4,7.3416250525042415
legacy,4,b_N100_V4,7.356999907642603
legacy,4,b_N100_V4,7.7882499899715185
legacy,4,b_N100_V4,7.288708002306521
legacy,4,b_N100_V4,7.26458290591836
legacy,4,b_N100_V4,7.257791934534907
legacy,4,b_N100_V4,7.260249927639961
legacy,4,b_N100_V4,7.308000000193715
legacy,4,b_N100_V4,7.321042008697987
legacy,4,b_N100_V4,7.623750017955899
legacy,4,b_N100_V4,7.401583017781377
legacy,4,b_N100_V4,7.327417028136551
legacy,4,b_N100_V4,7.3629580438137054
legacy,4,b_N100_V4,7.264749961905181
legacy,4,b_N100_V4,7.309292093850672
legacy,4,b_N100_V4,7.335792062804103
legacy,4,b_N100_V4,7.340500014834106
legacy,4,b_N100_V4,7.271999958902597
legacy,4,b_N100_V4,7.574249990284443
legacy,4,b_N100_V4,7.2815410094335675
legacy,4,b_N100_V4,7.302958983927965
legacy,4,b_N100_V4,7.2960410034284
legacy,4,b_N100_V4,7.39454198628664
legacy,4,b_N100_V4,7.362458971329033
legacy,4,b_N100_V4,7.4171669548377395
legacy,4,b_N100_V4,7.285500061698258
legacy,4,b_N100_V4,7.285459083504975
legacy,4,b_N100_V4,7.245333050377667
legacy,4,b_N100_V4,7.37470795866102
legacy,4,b_N100_V4,7.291084039025009
legacy,4,b_N100_V4,7.345792022533715
legacy,4,b_N100_V4,7.895666058175266
legacy,4,b_N100_V4,7.160416920669377
legacy,4,b_N100_V4,7.135832915082574
legacy,4,b_N100_V4,7.004707935266197
legacy,4,b_N100_V4,7.119208923541009
legacy,4,b_N100_V4,7.108957972377539
legacy,4,b_N100_V4,7.136499974876642
legacy,4,b_N100_V4,6.990583962760866
legacy,4,b_N100_V4,7.0647080428898335
legacy,4,b_N100_V4,7.644167053513229
legacy,4,b_N100_V4,7.111417013220489
legacy,4,b_N100_V4,7.091625011526048
legacy,4,b_N100_V4,7.055875030346215
legacy,4,b_N100_V4,7.028917083516717
legacy,4,b_N100_V4,7.090875064022839
legacy,4,b_N100_V4,7.138208951801062
legacy,4,b_N100_V4,7.096166955307126
legacy,4,b_N100_V4,6.958707934245467
legacy,4,b_N100_V4,7.021458935923874
legacy,4,b_N100_V4,6.89808395691216
legacy,4,b_N100_V4,7.058082963339984
legacy,4,b_N100_V4,7.08579202182591
legacy,4,b_N100_V4,7.0299169747158885
legacy,4,b_N100_V4,6.9850829895585775
legacy,4,b_N100_V4,7.080500014126301
legacy,4,b_N100_V4,7.093333988450468
legacy,4,b_N100_V4,7.078833063133061
legacy,4,b_N100_V4,7.019333075731993
legacy,4,b_N100_V4,7.089292048476636
legacy,4,b_N100_V4,7.010916015133262
legacy,4,b_N100_V4,7.06183398142457
legacy,4,b_N100_V4,7.013958995230496
legacy,4,b_N100_V4,7.025791914202273
legacy,4,b_N100_V4,6.948124966584146
legacy,4,b_N100_V4,7.03545892611146
legacy,4,b_N100_V4,7.052458007819951
legacy,4,b_N100_V4,7.062459015287459
legacy,4,b_N100_V4,6.9325000513345
legacy,4,b_N100_V4,6.984582985751331
legacy,4,b_N100_V4,6.929832976311445
legacy,4,b_N100_V4,6.9702500477433205
legacy,4,b_N100_V4,7.013708003796637
legacy,4,b_N100_V4,7.085458026267588
legacy,4,b_N100_V4,7.1654170751571655
legacy,4,b_N100_V4,7.033167057670653
legacy,4,b_N100_V4,6.886041956022382
legacy,4,b_N100_V4,7.023541955277324
legacy,4,b_N100_V4,6.988874985836446
legacy,4,b_N100_V4,7.089041988365352
legacy,4,b_N100_V4,6.9741669576615095
legacy,4,b_N100_V4,7.055874913930893
legacy,4,b_N100_V4,7.0486669428646564
legacy,4,b_N100_V4,7.058041985146701
legacy,4,b_N100_V4,7.075999979861081
legacy,4,b_N100_V4,7.038542069494724
legacy,4,b_N100_V4,6.961417035199702
legacy,4,b_N100_V4,7.015042006969452
legacy,4,b_N100_V4,7.0338749792426825
legacy,4,b_N100_V4,7.080959039740264
legacy,4,b_N100_V4,6.9891250459477305
legacy,4,b_N100_V4,8.37775005493313
legacy,4,b_N100_V4,7.413542014546692
legacy,4,b_N100_V4,7.568667060695589
legacy,4,b_N100_V4,7.535208947956562
legacy,4,b_N100_V4,7.5815420132130384
legacy,4,b_N100_V4,7.4144580867141485
legacy,4,b_N100_V4,7.476166938431561
legacy,4,b_N100_V4,7.427374948747456
legacy,4,b_N100_V4,7.463541929610074
legacy,4,b_N100_V4,7.443042006343603
legacy,4,b_N100_V4,7.4801669688895345
legacy,4,b_N100_V4,7.3237919714301825
legacy,4,b_N100_V4,7.327125058509409
legacy,4,b_N100_V4,7.541666971519589
legacy,4,b_N100_V4,7.479832973331213
legacy,4,b_N100_V4,7.4691250920295715
legacy,4,b_N100_V4,7.466334034688771
legacy,4,b_N100_V4,7.39341601729393
legacy,4,b_N100_V4,7.471000077202916
legacy,4,b_N100_V4,7.432667072862387
legacy,4,b_N100_V4,7.4801669688895345
legacy,4,b_N100_V4,7.31083401478827
legacy,4,b_N100_V4,7.409084006212652
legacy,4,b_N100_V4,7.327459054067731
legacy,4,b_N100_V4,7.4400840094313025
legacy,4,b_N100_V4,7.416749955154955
legacy,4,b_N100_V4,7.266041007824242
legacy,4,b_N100_V4,7.409500074572861
legacy,4,b_N100_V4,7.434000028297305
legacy,4,b_N100_V4,7.339000003412366
legacy,4,b_N100_V4,7.490167045034468
legacy,4,b_N100_V4,7.431625039316714
legacy,4,b_N100_V4,7.458875072188675
legacy,4,b_N100_V4,7.301833014935255
legacy,4,b_N100_V4,7.398291956633329
legacy,4,b_N100_V4,7.320791948586702
legacy,4,b_N100_V4,7.2692090179771185
legacy,4,b_N100_V4,7.254499942064285
legacy,4,b_N100_V4,7.251332979649305
legacy,4,b_N100_V4,7.242084015160799
legacy,4,b_N100_V4,7.27662502322346
legacy,4,b_N100_V4,7.255416014231741
legacy,4,b_N100_V4,7.45720905251801
legacy,4,b_N100_V4,7.306084036827087
legacy,4,b_N100_V4,8.017125073820353
legacy,4,b_N100_V4,7.396208005957305
legacy,4,b_N100_V4,7.400167058221996
legacy,4,b_N100_V4,7.350250030867755
legacy,4,b_N100_V4,7.447999902069569
legacy,4,b_N100_V4,7.368583930656314
legacy,4,b_N100_V4,7.409332902170718
legacy,4,b_N100_V4,7.450958946719766
legacy,4,b_N100_V4,7.459791959263384
legacy,4,b_N100_V4,7.50537496060133
legacy,4,b_N100_V4,7.432000013068318
legacy,4,b_N100_V4,7.274540956132114
legacy,4,b_N100_V4,7.398999994620681
legacy,4,b_N100_V4,7.471084012649953
legacy,4,b_N100_V4,7.371874991804361
legacy,4,b_N100_V4,7.311083027161658
legacy,4,b_N100_V4,7.8216250985860825
legacy,4,b_N100_V4,7.004832965321839
legacy,4,b_N100_V4,7.071250001899898
legacy,4,b_N100_V4,7.036958006210625
legacy,4,b_N100_V4,6.978792021982372
legacy,4,b_N100_V4,7.0122500183060765
legacy,4,b_N100_V4,6.976125063374639
legacy,4,b_N100_V4,6.901041022501886
legacy,4,b_N100_V4,6.963249994441867
legacy,4,b_N100_V4,6.990875001065433
legacy,4,b_N100_V4,6.934541976079345
legacy,4,b_N100_V4,6.982874940149486
legacy,4,b_N100_V4,6.948416936211288
legacy,4,b_N100_V4,6.93320797290653
legacy,4,b_N100_V4,6.931749987415969
legacy,4,b_N100_V4,6.974832969717681
legacy,4,b_N100_V4,6.942874984815717
legacy,4,b_N100_V4,6.959249963983893
legacy,4,b_N100_V4,6.955250049941242
legacy,4,b_N100_V4,6.986415944993496
legacy,4,b_N100_V4,6.908250041306019
legacy,4,b_N100_V4,7.503917091526091
legacy,4,b_N100_V4,7.079791044816375
legacy,4,b_N100_V4,7.1087919641286135
legacy,4,b_N100_V4,7.099541020579636
legacy,4,b_N100_V4,7.00737489387393
legacy,4,b_N100_V4,7.049583946354687
legacy,4,b_N100_V4,6.977875018492341
legacy,4,b_N100_V4,7.039541960693896
legacy,4,b_N100_V4,6.994833936914802
legacy,4,b_N100_V4,6.985874962992966
legacy,4,b_N100_V4,6.904165958985686
legacy,4,b_N100_V4,7.02762498985976
legacy,4,b_N100_V4,6.974208052270114
legacy,4,b_N100_V4,6.946083041839302
legacy,4,b_N100_V4,6.966041983105242
legacy,4,b_N100_V4,6.970665999688208
legacy,4,b_N100_V4,6.964999949559569
legacy,4,b_N100_V4,6.949166068807244
legacy,4,b_N100_V4,6.949374917894602
legacy,4,b_N100_V4,6.942166015505791
legacy,4,b_N100_V4,7.032749941572547
legacy,4,b_N100_V4,6.949124974198639
legacy,4,b_N100_V4,6.925415946170688
legacy,4,b_N100_V4,6.945166969671845
legacy,4,b_N100_V4,6.98462501168251
legacy,4,b_N100_V4,6.970499991439283
legacy,4,b_N100_V4,6.95158401504159
legacy,4,b_N100_V4,7.041041972115636
legacy,4,b_N100_V4,6.965416017919779
legacy,4,b_N100_V4,6.965375039726496
legacy,4,b_N100_V4,6.949042086489499
legacy,4,b_N100_V4,6.919083069078624
legacy,4,b_N100_V4,6.975458934903145
legacy,4,b_N100_V4,6.970374961383641
legacy,4,b_N100_V4,6.968291942030191
legacy,4,b_N100_V4,6.92199997138232
legacy,4,b_N100_V4,6.925499998033047
legacy,4,b_N100_V4,6.925082998350263
legacy,4,b_N100_V4,7.116999942809343
legacy,4,b_N100_V4,8.15441703889519
legacy,4,b_N100_V4,7.454500067979097
legacy,4,b_N100_V4,7.409084006212652
legacy,4,b_N100_V4,7.340291049331427
legacy,4,b_N100_V4,7.362500065937638
legacy,4,b_N100_V4,7.357791997492313
legacy,4,b_N100_V4,7.321291021071374
legacy,4,b_N100_V4,7.346457918174565
legacy,4,b_N100_V4,7.475749938748777
legacy,4,b_N100_V4,7.311707944609225
legacy,4,b_N100_V4,7.351499982178211
legacy,4,b_N100_V4,7.356208981946111
legacy,4,b_N100_V4,7.3061250150203705
legacy,4,b_N100_V4,7.306499988771975
legacy,4,b_N100_V4,7.308291969820857
legacy,4,b_N100_V4,7.317458977922797
legacy,4,b_N100_V4,7.316124974749982
legacy,4,b_N100_V4,7.325625047087669
legacy,4,b_N100_V4,7.316541043110192
legacy,4,b_N100_V4,7.334458059631288
legacy,4,b_N100_V4,7.32533389236778
legacy,4,b_N100_V4,7.279874989762902
legacy,4,b_N100_V4,7.3049579514190555
legacy,4,b_N100_V4,7.288333959877491
legacy,4,b_N100_V4,7.3234159499406815
legacy,4,b_N100_V4,7.356332964263856
legacy,4,b_N100_V4,7.30462500359863
legacy,4,b_N100_V4,7.302457932382822
legacy,4,b_N100_V4,7.296749972738326
legacy,4,b_N100_V4,7.293708971701562
legacy,4,b_N100_V4,7.302750018425286
legacy,4,b_N100_V4,7.299042074009776
legacy,4,b_N100_V4,7.338708033785224
legacy,4,b_N100_V4,7.286083069629967
legacy,4,b_N100_V4,7.2700000600889325
legacy,4,b_N100_V4,7.280291989445686
legacy,4,b_N100_V4,7.266583037562668
legacy,4,b_N100_V4,7.448917021974921
legacy,4,b_N100_V4,7.634041947312653
legacy,4,b_N100_V4,7.449458003975451
legacy,4,b_N100_V4,7.404749980196357
legacy,4,b_N100_V4,7.336291950196028
legacy,4,b_N100_V4,7.284958031959832
legacy,4,b_N100_V4,7.315624970942736
legacy,4,b_N100_V4,7.345166988670826
legacy,4,b_N100_V4,7.288040942512453
legacy,4,b_N100_V4,7.280083023943007
legacy,4,b_N100_V4,7.280500023625791
legacy,4,b_N100_V4,7.272416027262807
legacy,4,b_N100_V4,7.277333061210811
legacy,4,b_N100_V4,7.273124996572733
legacy,4,b_N100_V4,7.880291901528835
legacy,4,b_N100_V4,7.310249959118664
legacy,4,b_N100_V4,7.289416971616447
legacy,4,b_N100_V4,7.367165992036462
legacy,4,b_N100_V4,7.311165914870799
legacy,4,b_N100_V4,7.315375027246773
legacy,4,b_N100_V4,7.285250001586974
legacy,4,b_N100_V4,7.284582941792905
legacy,4,b_N100_V4,7.282709004357457
legacy,4,b_N100_V4,7.868749904446304
legacy,4,b_N100_V4,7.116583990864456
legacy,4,b_N100_V4,7.187500013969839
legacy,4,b_N100_V4,7.080957992002368
legacy,4,b_N100_V4,7.037500035949051
legacy,4,b_N100_V4,7.048334111459553
legacy,4,b_N100_V4,7.05104204826057
legacy,4,b_N100_V4,7.002542028203607
legacy,4,b_N100_V4,7.107999990694225
legacy,4,b_N100_V4,7.292541093192995
legacy,4,b_N100_V4,7.156000006943941
legacy,4,b_N100_V4,7.106542005203664
legacy,4,b_N100_V4,7.173791993409395
legacy,4,b_N100_V4,7.044749916531146
legacy,4,b_N100_V4,6.965582957491279
legacy,4,b_N100_V4,6.98766706045717
legacy,4,b_N100_V4,7.000082987360656
legacy,4,b_N100_V4,6.9587500765919685
legacy,4,b_N100_V4,6.946790963411331
legacy,4,b_N100_V4,6.934333010576665
legacy,4,b_N100_V4,6.923792068846524
legacy,4,b_N100_V4,6.9477499928325415
legacy,4,b_N100_V4,6.921667023561895
legacy,4,b_N100_V4,7.075416971929371
legacy,4,b_N100_V4,6.980374921113253
legacy,4,b_N100_V4,6.939582992345095
legacy,4,b_N100_V4,6.9174999371171
legacy,4,b_N100_V4,6.956457975320518
legacy,4,b_N100_V4,6.940999999642372
legacy,4,b_N100_V4,6.9605420576408505
legacy,4,b_N100_V4,6.978292018175125
legacy,4,b_N100_V4,6.938833044841886
legacy,4,b_N100_V4,6.96429202798754
legacy,4,b_N100_V4,6.952375057153404
legacy,4,b_N100_V4,6.93308305926621
legacy,4,b_N100_V4,6.97945908177644
legacy,4,b_N100_V4,6.938000093214214
legacy,4,b_N100_V4,6.9395831087604165
legacy,4,b_N100_V4,7.003541104495525
legacy,4,b_N100_V4,6.9657500134781
legacy,4,b_N100_V4,6.9560830015689135
legacy,4,b_N100_V4,6.930583971552551
legacy,4,b_N100_V4,6.952041992917657
legacy,4,b_N100_V4,6.937791942618787
legacy,4,b_N100_V4,6.936499965377152
legacy,4,b_N100_V4,6.987208034843206
legacy,4,b_N100_V4,6.982374936342239
legacy,4,b_N100_V4,6.948209018446505
legacy,4,b_N100_V4,6.93116697948426
legacy,4,b_N100_V4,6.947541027329862
legacy,4,b_N100_V4,6.928209098987281
legacy,4,b_N100_V4,6.932708085514605
legacy,4,b_N100_V4,6.940667051821947
legacy,4,b_N100_V4,6.977499928325415
legacy,4,b_N100_V4,6.94391701836139
legacy,4,b_N100_V4,6.9785419618710876
legacy,4,b_N100_V4,6.938291946426034
legacy,4,b_N100_V4,7.090625003911555
legacy,4,b_N100_V4,6.945124943740666
legacy,4,b_N100_V4,6.9420000072568655
legacy,4,b_N100_V4,8.188667008653283
legacy,4,b_N100_V4,7.571166031993926
legacy,4,b_N100_V4,7.4671669863164425
legacy,4,b_N100_V4,7.446084055118263
legacy,4,b_N100_V4,7.422875030897558
legacy,4,b_N100_V4,7.453333004377782
legacy,4,b_N100_V4,7.3988750809803605
legacy,4,b_N100_V4,7.5567091116681695
legacy,4,b_N100_V4,7.3970830999314785
legacy,4,b_N100_V4,7.382624899037182
legacy,4,b_N100_V4,7.392416941002011
legacy,4,b_N100_V4,7.32558302115649
legacy,4,b_N100_V4,7.405709009617567
legacy,4,b_N100_V4,7.444708957336843
legacy,4,b_N100_V4,7.402040995657444
legacy,4,b_N100_V4,7.36499996855855
legacy,4,b_N100_V4,7.4009590316563845
legacy,4,b_N100_V4,7.4179579969495535
legacy,4,b_N100_V4,7.365500088781118
legacy,4,b_N100_V4,7.454250007867813
legacy,4,b_N100_V4,7.368916994892061
legacy,4,b_N100_V4,7.420875015668571
legacy,4,b_N100_V4,7.400625036098063
legacy,4,b_N100_V4,7.38825008738786
legacy,4,b_N100_V4,7.362624979577959
legacy,4,b_N100_V4,7.41700001526624
legacy,4,b_N100_V4,7.2778749745339155
legacy,4,b_N100_V4,7.441667024977505
legacy,4,b_N100_V4,7.360833929851651
legacy,4,b_N100_V4,7.4529999401420355
legacy,4,b_N100_V4,7.40424997638911
legacy,4,b_N100_V4,7.490208954550326
legacy,4,b_N100_V4,7.384374970570207
legacy,4,b_N100_V4,7.396208005957305
legacy,4,b_N100_V4,7.393250009045005
legacy,4,b_N100_V4,7.385540986433625
legacy,4,b_N100_V4,7.3310841107741
legacy,4,b_N100_V4,7.412292063236237
legacy,4,b_N100_V4,7.407458033412695
legacy,4,b_N100_V4,7.400583941489458
legacy,4,b_N100_V4,7.375083980150521
legacy,4,b_N100_V4,7.439333014190197
legacy,4,b_N100_V4,7.378041977062821
legacy,4,b_N100_V4,7.390749990008771
legacy,4,b_N100_V4,7.438166998326778
legacy,4,b_N100_V4,7.375417044386268
legacy,4,b_N100_V4,7.393124978989363
legacy,4,b_N100_V4,7.365208002738655
legacy,4,b_N100_V4,7.364000077359378
legacy,4,b_N100_V4,7.402000017464161
legacy,4,b_N100_V4,7.332249893806875
legacy,4,b_N100_V4,7.433000020682812
legacy,4,b_N100_V4,7.386542041786015
legacy,4,b_N100_V4,7.418625056743622
legacy,4,b_N100_V4,7.386000012047589
legacy,4,b_N100_V4,7.344499928876758
legacy,4,b_N100_V4,7.295000017620623
legacy,4,b_N100_V4,7.406999939121306
legacy,4,b_N100_V4,7.443374954164028
legacy,4,b_N100_V4,7.469582953490317
legacy,4,b_N100_V4,7.87679199129343
legacy,4,b_N100_V4,7.136791944503784
legacy,4,b_N100_V4,7.0974999107420444
legacy,4,b_N100_V4,7.129665929824114
legacy,4,b_N100_V4,7.1027500089257956
legacy,4,b_N100_V4,7.133000064641237
legacy,4,b_N100_V4,7.110708043910563
legacy,4,b_N100_V4,8.102249936200678
legacy,4,b_N100_V4,7.220250088721514
legacy,4,b_N100_V4,7.135375053621829
legacy,4,b_N100_V4,7.1624580305069685
legacy,4,b_N100_V4,7.106083910912275
legacy,4,b_N100_V4,7.239250000566244
legacy,4,b_N100_V4,7.117416942492127
legacy,4,b_N100_V4,7.141249952837825
legacy,4,b_N100_V4,7.078915950842202
legacy,4,b_N100_V4,7.035457994788885
legacy,4,b_N100_V4,7.09833309520036
legacy,4,b_N100_V4,7.053249981254339
legacy,4,b_N100_V4,7.064291974529624
legacy,4,b_N100_V4,7.028750027529895
legacy,4,b_N100_V4,7.087416015565395
legacy,4,b_N100_V4,7.0734580513089895
legacy,4,b_N100_V4,7.056292030028999
legacy,4,b_N100_V4,7.219457998871803
legacy,4,b_N100_V4,7.099624956026673
legacy,4,b_N100_V4,7.042291923426092
legacy,4,b_N100_V4,7.061750045977533
legacy,4,b_N100_V4,7.096040993928909
legacy,4,b_N100_V4,6.920374929904938
legacy,4,b_N100_V4,7.104582968167961
legacy,4,b_N100_V4,7.074458058923483
legacy,4,b_N100_V4,7.051083957776427
legacy,4,b_N100_V4,6.963540916331112
legacy,4,b_N100_V4,7.000250043347478
legacy,4,b_N100_V4,7.15362501796335
legacy,4,b_N100_V4,7.0049159694463015
legacy,4,b_N100_V4,7.046292070299387
legacy,4,b_N100_V4,7.0281249936670065
legacy,4,b_N100_V4,7.054332992993295
legacy,4,b_N100_V4,7.295915973372757
legacy,4,b_N100_V4,7.088208920322359
legacy,4,b_N100_V4,7.048333063721657
legacy,4,b_N100_V4,7.145832991227508
legacy,4,b_N100_V4,7.026833947747946
legacy,4,b_N100_V4,7.029999978840351
legacy,4,b_N100_V4,7.008332991972566
legacy,4,b_N100_V4,7.012750022113323
legacy,4,b_N100_V4,6.9708749651908875
legacy,4,b_N100_V4,6.997250020503998
legacy,4,b_N100_V4,7.038459065370262
legacy,4,b_N100_V4,7.0295409532263875
legacy,4,b_N100_V4,6.969708018004894
legacy,4,b_N100_V4,7.06016703043133
legacy,4,b_N100_V4,7.110708043910563
legacy,4,b_N100_V4,7.076165988110006
legacy,4,b_N100_V4,7.050583953969181
legacy,4,b_N100_V4,7.100457907654345
legacy,4,b_N100_V4,6.999499979428947
legacy,4,b_N100_V4,6.994417053647339
legacy,4,b_N100_V4,8.204290992580354
legacy,4,b_N100_V4,7.379416958428919
legacy,4,b_N100_V4,7.487540948204696
legacy,4,b_N100_V4,7.418708992190659
legacy,4,b_N100_V4,7.4309579795226455
legacy,4,b_N100_V4,7.377541973255575
legacy,4,b_N100_V4,7.329124957323074
legacy,4,b_N100_V4,7.353374967351556
legacy,4,b_N100_V4,7.35812506172806
legacy,4,b_N100_V4,7.364541990682483
legacy,4,b_N100_V4,7.304084021598101
legacy,4,b_N100_V4,7.325791986659169
legacy,4,b_N100_V4,7.355083012953401
legacy,4,b_N100_V4,7.424541981890798
legacy,4,b_N100_V4,7.298041949979961
legacy,4,b_N100_V4,7.329333922825754
legacy,4,b_N100_V4,7.240584003739059
legacy,4,b_N100_V4,7.228749920614064
legacy,4,b_N100_V4,7.317124982364476
legacy,4,b_N100_V4,7.340334006585181
legacy,4,b_N100_V4,7.364416029304266
legacy,4,b_N100_V4,7.2917090728878975
legacy,4,b_N100_V4,7.310042041353881
legacy,4,b_N100_V4,7.293584058061242
legacy,4,b_N100_V4,7.277208031155169
legacy,4,b_N100_V4,7.42150004953146
legacy,4,b_N100_V4,7.335708010941744
legacy,4,b_N100_V4,7.357416907325387
legacy,4,b_N100_V4,7.389083970338106
legacy,4,b_N100_V4,7.331624976359308
legacy,4,b_N100_V4,7.329832995310426
legacy,4,b_N100_V4,7.313875015825033
legacy,4,b_N100_V4,7.384166936390102
legacy,4,b_N100_V4,7.927667000330985
legacy,4,b_N100_V4,7.398625020869076
legacy,4,b_N100_V4,7.30312499217689
legacy,4,b_N100_V4,7.286792038939893
legacy,4,b_N100_V4,7.313749985769391
legacy,4,b_N100_V4,7.30162498075515
legacy,4,b_N100_V4,7.278208038769662
legacy,4,b_N100_V4,7.294042035937309
legacy,4,b_N100_V4,7.34091701451689
legacy,4,b_N100_V4,7.32049997895956
legacy,4,b_N100_V4,7.252624956890941
legacy,4,b_N100_V4,7.265291060321033
legacy,4,b_N100_V4,7.318291929550469
legacy,4,b_N100_V4,7.302708923816681
legacy,4,b_N100_V4,7.319208001717925
legacy,4,b_N100_V4,7.917291950434446
legacy,4,b_N100_V4,7.332040928304195
legacy,4,b_N100_V4,7.310083019547164
legacy,4,b_N100_V4,7.293584058061242
legacy,4,b_N100_V4,7.294374983757734
legacy,4,b_N100_V4,7.305125007405877
legacy,4,b_N100_V4,7.379707996733487
legacy,4,b_N100_V4,7.342000026255846
legacy,4,b_N100_V4,7.313125068321824
legacy,4,b_N100_V4,7.3168749222531915
legacy,4,b_N100_V4,7.337666931562126
legacy,4,b_N100_V4,7.339666946791112
legacy,4,b_N100_V4,7.953416905365884
legacy,4,b_N100_V4,7.043791934847832
legacy,4,b_N100_V4,7.095666951499879
legacy,4,b_N100_V4,6.947958027012646
legacy,4,b_N100_V4,7.389249978587031
legacy,4,b_N100_V4,7.509749964810908
legacy,4,b_N100_V4,6.992583046667278
legacy,4,b_N100_V4,6.976166972890496
legacy,4,b_N100_V4,6.986250053159893
legacy,4,b_N100_V4,6.996084004640579
legacy,4,b_N100_V4,7.022333098575473
legacy,4,b_N100_V4,6.98516599368304
legacy,4,b_N100_V4,6.932124961167574
legacy,4,b_N100_V4,6.9409169955179095
legacy,4,b_N100_V4,6.952291936613619
legacy,4,b_N100_V4,6.962458021007478
legacy,4,b_N100_V4,6.939874961972237
legacy,4,b_N100_V4,6.960165919736028
legacy,4,b_N100_V4,6.968542002141476
legacy,4,b_N100_V4,6.901292013935745
legacy,4,b_N100_V4,7.077291025780141
legacy,4,b_N100_V4,6.930125062353909
legacy,4,b_N100_V4,6.907709059305489
legacy,4,b_N100_V4,6.90895807929337
legacy,4,b_N100_V4,6.900292006321251
legacy,4,b_N100_V4,6.998041993938386
legacy,4,b_N100_V4,6.987332948483527
legacy,4,b_N100_V4,6.889791926369071
legacy,4,b_N100_V4,6.887916941195726
legacy,4,b_N100_V4,6.8854589480906725
legacy,4,b_N100_V4,6.975374999456108
legacy,4,b_N100_V4,6.9318750174716115
legacy,4,b_N100_V4,6.951916962862015
legacy,4,b_N100_V4,6.980958045460284
legacy,4,b_N100_V4,6.911500007845461
legacy,4,b_N100_V4,6.9818750489503145
legacy,4,b_N100_V4,7.307583000510931
legacy,4,b_N100_V4,6.952709052711725
legacy,4,b_N100_V4,6.910125026479363
legacy,4,b_N100_V4,6.888541975058615
legacy,4,b_N100_V4,6.952541996724904
legacy,4,b_N100_V4,6.923124892637134
legacy,4,b_N100_V4,6.9090420147404075
legacy,4,b_N100_V4,6.861874950118363
legacy,4,b_N100_V4,6.969916983507574
legacy,4,b_N100_V4,6.905375048518181
legacy,4,b_N100_V4,6.958124926313758
legacy,4,b_N100_V4,6.9437919883057475
legacy,4,b_N100_V4,6.904917070642114
legacy,4,b_N100_V4,6.920834071934223
legacy,4,b_N100_V4,6.902166991494596
legacy,4,b_N100_V4,6.893084035255015
legacy,4,b_N100_V4,7.534292060881853
legacy,4,b_N100_V4,7.283417042344809
legacy,4,b_N100_V4,7.090833969414234
legacy,4,b_N100_V4,7.153124897740781
legacy,4,b_N100_V4,7.101916940882802
legacy,4,b_N100_V4,6.990165915340185
legacy,4,b_N100_V4,7.014625007286668
legacy,4,b_N100_V4,6.976082921028137
legacy,4,b_N100_V4,8.226500009186566
legacy,4,b_N100_V4,7.396167027764022
legacy,4,b_N100_V4,7.409750018268824
legacy,4,b_N100_V4,7.347709033638239
legacy,4,b_N100_V4,7.396875065751374
legacy,4,b_N100_V4,7.357667083851993
legacy,4,b_N100_V4,7.357625057920814
legacy,4,b_N100_V4,7.341708056628704
legacy,4,b_N100_V4,7.345499936491251
legacy,4,b_N100_V4,7.47662503272295
legacy,4,b_N100_V4,7.3842499405145645
legacy,4,b_N100_V4,7.298999931663275
legacy,4,b_N100_V4,7.304582977667451
legacy,4,b_N100_V4,7.262332946993411
legacy,4,b_N100_V4,7.287084008567035
legacy,4,b_N100_V4,7.268290966749191
legacy,4,b_N100_V4,7.2819170309230685
legacy,4,b_N100_V4,7.337499991990626
legacy,4,b_N100_V4,7.299500051885843
legacy,4,b_N100_V4,7.261042017489672
legacy,4,b_N100_V4,7.287542102858424
legacy,4,b_N100_V4,7.280541001819074
legacy,4,b_N100_V4,7.35224992968142
legacy,4,b_N100_V4,7.29412492364645
legacy,4,b_N100_V4,7.304541068151593
legacy,4,b_N100_V4,7.417208049446344
legacy,4,b_N100_V4,7.261374965310097
legacy,4,b_N100_V4,7.2991659399122
legacy,4,b_N100_V4,7.3505829786881804
legacy,4,b_N100_V4,7.307459018193185
legacy,4,b_N100_V4,7.2836249601095915
legacy,4,b_N100_V4,7.38087494391948
legacy,4,b_N100_V4,7.379792048595846
legacy,4,b_N100_V4,7.288250024430454
legacy,4,b_N100_V4,7.332667009904981
legacy,4,b_N100_V4,7.293792092241347
legacy,4,b_N100_V4,7.325083017349243
legacy,4,b_N100_V4,7.342708064243197
legacy,4,b_N100_V4,7.363708922639489
legacy,4,b_N100_V4,7.355000008828938
legacy,4,b_N100_V4,7.826916989870369
legacy,4,b_N100_V4,7.338124909438193
legacy,4,b_N100_V4,7.322124904021621
legacy,4,b_N100_V4,7.305749924853444
legacy,4,b_N100_V4,7.302874932065606
legacy,4,b_N100_V4,7.319374941289425
legacy,4,b_N100_V4,7.351457956247032
legacy,4,b_N100_V4,7.26991705596447
legacy,4,b_N100_V4,7.328041014261544
legacy,4,b_N100_V4,7.251666043885052
legacy,4,b_N100_V4,7.26170907728374
legacy,4,b_N100_V4,7.260333048179746
legacy,4,b_N100_V4,8.225333062000573
legacy,4,b_N100_V4,7.521499996073544
legacy,4,b_N100_V4,7.423958042636514
legacy,4,b_N100_V4,7.54804105963558
legacy,4,b_N100_V4,7.5276249554008245
legacy,4,b_N100_V4,7.421416928991675
legacy,4,b_N100_V4,7.426541997119784
legacy,4,b_N100_V4,7.370500010438263
legacy,4,b_N100_V4,7.937333080917597
legacy,4,b_N100_V4,7.180292042903602
legacy,4,b_N100_V4,7.146709016524255
legacy,4,b_N100_V4,7.147249998524785
legacy,4,b_N100_V4,7.13475001975894
legacy,4,b_N100_V4,7.143500028178096
legacy,4,b_N100_V4,7.089124992489815
legacy,4,b_N100_V4,7.1151250740513206
legacy,4,b_N100_V4,7.09829106926918
legacy,4,b_N100_V4,7.118124980479479
legacy,4,b_N100_V4,7.723666960373521
legacy,4,b_N100_V4,7.126791984774172
legacy,4,b_N100_V4,7.182667031884193
legacy,4,b_N100_V4,7.058874936774373
legacy,4,b_N100_V4,7.070792024023831
legacy,4,b_N100_V4,7.118541980162263
legacy,4,b_N100_V4,6.959166959859431
legacy,4,b_N100_V4,7.062625023536384
legacy,4,b_N100_V4,7.007500040344894
legacy,4,b_N100_V4,7.111957995221019
legacy,4,b_N100_V4,6.9705829955637455
legacy,4,b_N100_V4,7.054749992676079
legacy,4,b_N100_V4,7.012833026237786
legacy,4,b_N100_V4,7.045000093057752
legacy,4,b_N100_V4,6.969332927837968
legacy,4,b_N100_V4,7.179999956861138
legacy,4,b_N100_V4,7.098499918356538
legacy,4,b_N100_V4,7.1056250017136335
legacy,4,b_N100_V4,7.210750016383827
legacy,4,b_N100_V4,7.073584012687206
legacy,4,b_N100_V4,7.1475839940831065
legacy,4,b_N100_V4,7.139791967347264
legacy,4,b_N100_V4,7.24187504965812
legacy,4,b_N100_V4,7.575750001706183
legacy,4,b_N100_V4,7.0169159444049
legacy,4,b_N100_V4,7.106792065314949
legacy,4,b_N100_V4,7.174458005465567
legacy,4,b_N100_V4,7.203874993138015
legacy,4,b_N100_V4,6.964958971366286
legacy,4,b_N100_V4,7.06054107286036
legacy,4,b_N100_V4,7.058124989271164
legacy,4,b_N100_V4,7.080334005877376
legacy,4,b_N100_V4,7.161875022575259
legacy,4,b_N100_V4,7.110000005923212
legacy,4,b_N100_V4,7.265083026140928
legacy,4,b_N100_V4,7.081166957505047
legacy,4,b_N100_V4,7.0462910225614905
legacy,4,b_N100_V4,7.102041970938444
legacy,4,b_N100_V4,7.007666048593819
legacy,4,b_N100_V4,7.069749990478158
legacy,4,b_N100_V4,6.955416058190167
legacy,4,b_N100_V4,7.06058309879154
legacy,4,b_N100_V4,7.105458062142134
legacy,4,b_N100_V4,7.056499947793782
legacy,4,b_N100_V4,7.009291090071201
legacy,4,b_N100_V4,7.112124934792519
legacy,4,b_N100_V4,6.985208950936794
legacy,4,b_N100_V4,7.088415906764567
legacy,4,b_N100_V4,7.094125030562282
legacy,4,b_N100_V4,7.164291921071708
legacy,4,b_N100_V4,8.255708031356335
legacy,4,b_N100_V4,7.632374996319413
legacy,4,b_N100_V4,7.507874979637563
legacy,4,b_N100_V4,7.594082970172167
legacy,4,b_N100_V4,7.502957945689559
legacy,4,b_N100_V4,7.55845895037055
legacy,4,b_N100_V4,7.4942909413948655
legacy,4,b_N100_V4,7.56554096005857
legacy,4,b_N100_V4,7.47458403930068
legacy,4,b_N100_V4,7.526166969910264
legacy,4,b_N100_V4,7.406332995742559
legacy,4,b_N100_V4,7.5030840234830976
legacy,4,b_N100_V4,7.359708077274263
legacy,4,b_N100_V4,7.434000028297305
legacy,4,b_N100_V4,7.575916941277683
legacy,4,b_N100_V4,7.663624943234026
legacy,4,b_N100_V4,7.825249922461808
legacy,4,b_N100_V4,7.51754199154675
legacy,4,b_N100_V4,7.366708945482969
legacy,4,b_N100_V4,7.49266694765538
legacy,4,b_N100_V4,7.497334037907422
legacy,4,b_N100_V4,7.375707966275513
legacy,4,b_N100_V4,7.376333000138402
legacy,4,b_N100_V4,7.442999980412424
legacy,4,b_N100_V4,7.333041983656585
legacy,4,b_N100_V4,7.573208073154092
legacy,4,b_N100_V4,7.447625044733286
legacy,4,b_N100_V4,7.44558300357312
legacy,4,b_N100_V4,7.375958026386797
legacy,4,b_N100_V4,7.516458979807794
legacy,4,b_N100_V4,7.38820806145668
legacy,4,b_N100_V4,7.454083068296313
legacy,4,b_N100_V4,7.448666961863637
legacy,4,b_N100_V4,7.515624980442226
legacy,4,b_N100_V4,7.509415969252586
legacy,4,b_N100_V4,7.390958955511451
legacy,4,b_N100_V4,7.3752079624682665
legacy,4,b_N100_V4,7.469165953807533
legacy,4,b_N100_V4,7.434542058035731
legacy,4,b_N100_V4,7.42466701194644
legacy,4,b_N100_V4,7.295332965441048
legacy,4,b_N100_V4,7.453166996128857
legacy,4,b_N100_V4,7.480792002752423
legacy,4,b_N100_V4,7.499166997149587
legacy,4,b_N100_V4,7.317374926060438
legacy,4,b_N100_V4,8.122916100546718
legacy,4,b_N100_V4,7.387832971289754
legacy,4,b_N100_V4,7.489291951060295
legacy,4,b_N100_V4,7.478499901480973
legacy,4,b_N100_V4,7.466832990758121
legacy,4,b_N100_V4,7.2926669381558895
legacy,4,b_N100_V4,7.5297909788787365
legacy,4,b_N100_V4,7.389207952655852
legacy,4,b_N100_V4,7.4465840589255095
legacy,4,b_N100_V4,7.463250076398253
legacy,4,b_N100_V4,7.542292005382478
legacy,4,b_N100_V4,7.3994999984279275
legacy,4,b_N100_V4,7.439750013872981
legacy,4,b_N100_V4,7.480792002752423
legacy,4,b_N100_V4,7.4640839593485
legacy,4,b_N100_V4,7.812875090166926
legacy,4,b_N100_V4,7.083417032845318
legacy,4,b_N100_V4,7.055833004415035
legacy,4,b_N100_V4,6.996207986958325
legacy,4,b_N100_V4,7.065584068186581
legacy,4,b_N100_V4,7.031667046248913
legacy,4,b_N100_V4,6.957291974686086
legacy,4,b_N100_V4,6.952458061277866
legacy,4,b_N100_V4,7.001541904173791
legacy,4,b_N100_V4,7.0042089791968465
legacy,4,b_N100_V4,7.044333964586258
legacy,4,b_N100_V4,6.9670830853283405
legacy,4,b_N100_V4,6.958666956052184
legacy,4,b_N100_V4,7.03879096545279
legacy,4,b_N100_V4,7.005917024798691
legacy,4,b_N100_V4,6.969833979383111
legacy,4,b_N100_V4,6.9535409566015005
legacy,4,b_N100_V4,7.172000012360513
legacy,4,b_N100_V4,7.056125090457499
legacy,4,b_N100_V4,7.010582950897515
legacy,4,b_N100_V4,7.296125055290759
legacy,4,b_N100_V4,6.9883749820292
legacy,4,b_N100_V4,6.961542065255344
legacy,4,b_N100_V4,7.010124973021448
legacy,4,b_N100_V4,6.9542089477181435
legacy,4,b_N100_V4,6.970167043618858
legacy,4,b_N100_V4,6.994666066020727
legacy,4,b_N100_V4,7.170666940510273
legacy,4,b_N100_V4,7.107125013135374
legacy,4,b_N100_V4,7.015750044956803
legacy,4,b_N100_V4,6.9680840242654085
legacy,4,b_N100_V4,6.979958969168365
legacy,4,b_N100_V4,7.038624957203865
legacy,4,b_N100_V4,6.977292010560632
legacy,4,b_N100_V4,6.983625004068017
legacy,4,b_N100_V4,6.992375012487173
legacy,4,b_N100_V4,6.992291891947389
legacy,4,b_N100_V4,7.014542003162205
legacy,4,b_N100_V4,6.953541887924075
legacy,4,b_N100_V4,7.007458945736289
legacy,4,b_N100_V4,6.985000101849437
legacy,4,b_N100_V4,7.413832936435938
legacy,4,b_N100_V4,7.1222500409930944
legacy,4,b_N100_V4,6.998625001870096
legacy,4,b_N100_V4,6.962499930523336
legacy,4,b_N100_V4,7.018374977633357
legacy,4,b_N100_V4,6.981250015087426
legacy,4,b_N100_V4,7.0237499894574285
legacy,4,b_N100_V4,6.942874984815717
legacy,4,b_N100_V4,7.053375011309981
legacy,4,b_N100_V4,6.992166978307068
legacy,4,b_N100_V4,7.003291975706816
legacy,4,b_N100_V4,7.006417028605938
legacy,4,b_N100_V4,6.988874985836446
legacy,4,b_N100_V4,6.982250022701919
legacy,4,b_N100_V4,6.984083913266659
legacy,4,b_N100_V4,7.012957939878106
legacy,4,b_N100_V4,7.06758291926235
legacy,4,b_N100_V4,7.011709036305547
legacy,4,b_N100_V4,7.014416973106563
legacy,4,b_N100_V4,8.140542078763247
legacy,4,b_N100_V4,7.439332897774875
legacy,4,b_N100_V4,7.412125007249415
legacy,4,b_N100_V4,7.448249962180853
legacy,4,b_N100_V4,7.383749936707318
legacy,4,b_N100_V4,7.3561250464990735
legacy,4,b_N100_V4,7.370500010438263
legacy,4,b_N100_V4,7.367790909484029
legacy,4,b_N100_V4,7.425541989505291
legacy,4,b_N100_V4,7.405332988128066
legacy,4,b_N100_V4,7.40408303681761
legacy,4,b_N100_V4,7.433166028931737
legacy,4,b_N100_V4,7.434083032421768
legacy,4,b_N100_V4,7.375458022579551
legacy,4,b_N100_V4,7.380250026471913
legacy,4,b_N100_V4,7.362916017882526
legacy,4,b_N100_V4,7.344332989305258
legacy,4,b_N100_V4,7.347416947595775
legacy,4,b_N100_V4,7.328582927584648
legacy,4,b_N100_V4,7.370457984507084
legacy,4,b_N100_V4,7.302540936507285
legacy,4,b_N100_V4,7.352999993599951
legacy,4,b_N100_V4,7.390541955828667
legacy,4,b_N100_V4,7.371167070232332
legacy,4,b_N100_V4,7.388790952973068
legacy,4,b_N100_V4,7.368999999016523
legacy,4,b_N100_V4,7.463125046342611
legacy,4,b_N100_V4,7.398708024993539
legacy,4,b_N100_V4,7.363792043179274
legacy,4,b_N100_V4,7.31604197062552
legacy,4,b_N100_V4,7.342499913647771
legacy,4,b_N100_V4,7.350291940383613
legacy,4,b_N100_V4,7.344875019043684
legacy,4,b_N100_V4,7.381125004030764
legacy,4,b_N100_V4,7.32558302115649
legacy,4,b_N100_V4,7.368833990767598
legacy,4,b_N100_V4,7.370957988314331
legacy,4,b_N100_V4,7.359541021287441
legacy,4,b_N100_V4,8.923999965190887
legacy,4,b_N100_V4,7.520582992583513
legacy,4,b_N100_V4,7.439000066369772
legacy,4,b_N100_V4,7.54391704685986
legacy,4,b_N100_V4,7.397291017696261
legacy,4,b_N100_V4,7.39345804322511
legacy,4,b_N100_V4,7.410708931274712
legacy,4,b_N100_V4,7.384041091427207
legacy,4,b_N100_V4,7.386916899122298
legacy,4,b_N100_V4,7.3082499438896775
legacy,4,b_N100_V4,7.402457995340228
legacy,4,b_N100_V4,7.367291953414679
legacy,4,b_N100_V4,7.377124973572791
legacy,4,b_N100_V4,7.374290958978236
legacy,4,b_N100_V4,8.072249940596521
legacy,4,b_N100_V4,7.369959028437734
legacy,4,b_N100_V4,7.352874963544309
legacy,4,b_N100_V4,7.488667033612728
legacy,4,b_N100_V4,7.4748750776052475
legacy,4,b_N100_V4,7.352916989475489
legacy,4,b_N100_V4,7.391749997623265
legacy,4,b_N100_V4,7.351208943873644
legacy,4,b_N100_V4,7.901957957074046
legacy,4,b_N100_V4,7.1755420649424195
legacy,4,b_N100_V4,7.137624896131456
legacy,4,b_N100_V4,7.059167022816837
legacy,4,b_N100_V4,7.06687499769032
legacy,4,b_N100_V4,7.056791917420924
legacy,4,b_N100_V4,7.028750027529895
legacy,4,b_N100_V4,7.017708965577185
legacy,4,b_N100_V4,7.038917043246329
legacy,4,b_N100_V4,7.023832993581891
legacy,4,b_N100_V4,7.059250026941299
legacy,4,b_N100_V4,7.035583024844527
legacy,4,b_N100_V4,7.028082967735827
legacy,4,b_N100_V4,7.024583988822997
legacy,4,b_N100_V4,7.020374992862344
legacy,4,b_N100_V4,7.217541919089854
legacy,4,b_N100_V4,7.525209104642272
legacy,4,b_N100_V4,7.1012499975040555
legacy,4,b_N100_V4,7.050417014397681
legacy,4,b_N100_V4,6.966374930925667
legacy,4,b_N100_V4,7.048624916933477
legacy,4,b_N100_V4,7.00820900965482
legacy,4,b_N100_V4,6.979957921430469
legacy,4,b_N100_V4,7.007749984040856
legacy,4,b_N100_V4,7.071290980093181
legacy,4,b_N100_V4,7.1012499975040555
legacy,4,b_N100_V4,7.074041990563273
legacy,4,b_N100_V4,7.000708021223545
legacy,4,b_N100_V4,7.0134170819073915
legacy,4,b_N100_V4,7.037000032141805
legacy,4,b_N100_V4,7.012791931629181
legacy,4,b_N100_V4,6.965292035602033
legacy,4,b_N100_V4,7.026207982562482
legacy,4,b_N100_V4,7.004000013694167
legacy,4,b_N100_V4,7.019124925136566
legacy,4,b_N100_V4,6.985582993365824
legacy,4,b_N100_V4,6.98012497741729
legacy,4,b_N100_V4,6.949209026060998
legacy,4,b_N100_V4,6.956542027182877
legacy,4,b_N100_V4,7.010999950580299
legacy,4,b_N100_V4,6.9839589996263385
legacy,4,b_N100_V4,6.992625072598457
legacy,4,b_N100_V4,6.974457995966077
legacy,4,b_N100_V4,6.9877090863883495
legacy,4,b_N100_V4,6.9778329925611615
legacy,4,b_N100_V4,6.925875088199973
legacy,4,b_N100_V4,6.952375057153404
legacy,4,b_N100_V4,7.008832995779812
legacy,4,b_N100_V4,6.958042038604617
legacy,4,b_N100_V4,6.99054088909179
legacy,4,b_N100_V4,6.983166094869375
legacy,4,b_N100_V4,6.915958016179502
legacy,4,b_N100_V4,6.9619170390069485
legacy,4,b_N100_V4,6.987249944359064
legacy,4,b_N100_V4,6.957208039239049
legacy,4,b_N100_V4,6.946749985218048
legacy,4,b_N100_V4,7.0639579789713025
legacy,4,b_N100_V4,6.9619170390069485
legacy,4,b_N100_V4,6.972292088903487
legacy,4,b_N100_V4,6.959917023777962
legacy,4,b_N100_V4,8.279958041384816
legacy,4,b_N100_V4,7.480541942641139
legacy,4,b_N100_V4,7.5132090132683516
legacy,4,b_N100_V4,7.466666982509196
legacy,4,b_N100_V4,7.459459011442959
legacy,4,b_N100_V4,7.411999977193773
legacy,4,b_N100_V4,7.451958023011684
legacy,4,b_N100_V4,7.395708002150059
legacy,4,b_N100_V4,7.4668750166893005
legacy,4,b_N100_V4,7.345666992478073
legacy,4,b_N100_V4,7.415333064273
legacy,4,b_N100_V4,7.366708014160395
legacy,4,b_N100_V4,7.406790973618627
legacy,4,b_N100_V4,7.3567499639466405
legacy,4,b_N100_V4,7.445458089932799
legacy,4,b_N100_V4,7.390791084617376
legacy,4,b_N100_V4,7.433041930198669
legacy,4,b_N100_V4,7.59979197755456
legacy,4,b_N100_V4,7.386540994048119
legacy,4,b_N100_V4,7.3928749188780785
legacy,4,b_N100_V4,7.420624955557287
legacy,4,b_N100_V4,7.384959026239812
legacy,4,b_N100_V4,7.397167035378516
legacy,4,b_N100_V4,7.4526669923216105
legacy,4,b_N100_V4,7.427999982610345
legacy,4,b_N100_V4,7.247332949191332
legacy,4,b_N100_V4,7.481000036932528
legacy,4,b_N100_V4,7.31437501963228
legacy,4,b_N100_V4,7.4711249908432364
legacy,4,b_N100_V4,7.37637490965426
legacy,4,b_N100_V4,7.4392909882590175
legacy,4,b_N100_V4,7.33037490863353
legacy,4,b_N100_V4,7.378416950814426
legacy,4,b_N100_V4,7.345957914367318
legacy,4,b_N100_V4,7.394957938231528
legacy,4,b_N100_V4,7.333167013712227
legacy,4,b_N100_V4,7.396374945528805
legacy,4,b_N100_V4,7.364749908447266
legacy,4,b_N100_V4,7.409250014461577
legacy,4,b_N100_V4,7.3336249915882945
legacy,4,b_N100_V4,7.3543330654501915
legacy,4,b_N100_V4,7.3293340392410755
legacy,4,b_N100_V4,7.371125044301152
legacy,4,b_N100_V4,7.350250030867755
legacy,4,b_N100_V4,7.350167026743293
legacy,4,b_N100_V4,7.384583004750311
legacy,4,b_N100_V4,7.374541950412095
legacy,4,b_N100_V4,7.381542003713548
legacy,4,b_N100_V4,7.413083920255303
legacy,4,b_N100_V4,7.365416968241334
legacy,4,b_N100_V4,7.353125023655593
legacy,4,b_N100_V4,7.385415956377983
legacy,4,b_N100_V4,7.394582964479923
legacy,4,b_N100_V4,7.336082984693348
legacy,4,b_N100_V4,7.380292052403092
legacy,4,b_N100_V4,7.305125007405877
legacy,4,b_N100_V4,7.547792047262192
legacy,4,b_N100_V4,7.375000044703484
legacy,4,b_N100_V4,7.37700005993247
legacy,4,b_N100_V4,7.419291068799794
legacy,4,b_N100_V4,7.941375020891428
legacy,4,b_N100_V4,7.137083914130926
legacy,4,b_N100_V4,7.112958002835512
legacy,4,b_N100_V4,7.1015419671311975
legacy,4,b_N100_V4,7.13791698217392
legacy,4,b_N100_V4,7.326124934479594
legacy,4,b_N100_V4,7.018749951384962
legacy,4,b_N100_V4,7.082541938871145
legacy,4,b_N100_V4,7.072790991514921
legacy,4,b_N100_V4,7.066834019497037
legacy,4,b_N100_V4,7.025750004686415
legacy,4,b_N100_V4,6.983541999943554
legacy,4,b_N100_V4,7.022332982160151
legacy,4,b_N100_V4,7.073667016811669
legacy,4,b_N100_V4,7.008000044152141
legacy,4,b_N100_V4,7.065083947964013
legacy,4,b_N100_V4,7.0258749183267355
legacy,4,b_N100_V4,7.04049994237721
legacy,4,b_N100_V4,7.036666967906058
legacy,4,b_N100_V4,7.065624929964542
legacy,4,b_N100_V4,7.054916932247579
legacy,4,b_N100_V4,7.069209008477628
legacy,4,b_N100_V4,7.065083947964013
legacy,4,b_N100_V4,7.001208025030792
legacy,4,b_N100_V4,7.043082965537906
legacy,4,b_N100_V4,6.977792014367878
legacy,4,b_N100_V4,7.034083013422787
legacy,4,b_N100_V4,7.110917009413242
legacy,4,b_N100_V4,7.084834040142596
legacy,4,b_N100_V4,7.076916983351111
legacy,4,b_N100_V4,7.017958909273148
legacy,4,b_N100_V4,7.03379197511822
legacy,4,b_N100_V4,7.047125021927059
legacy,4,b_N100_V4,7.055124966427684
legacy,4,b_N100_V4,7.061166921630502
legacy,4,b_N100_V4,7.087541976943612
legacy,4,b_N100_V4,6.985416985116899
legacy,4,b_N100_V4,6.99283299036324
legacy,4,b_N100_V4,6.974583026021719
legacy,4,b_N100_V4,6.923957960680127
legacy,4,b_N100_V4,6.929290946573019
legacy,4,b_N100_V4,6.885832990519702
legacy,4,b_N100_V4,6.930958013981581
legacy,4,b_N100_V4,7.013708003796637
legacy,4,b_N100_V4,7.0856669917702675
legacy,4,b_N100_V4,7.059791940264404
legacy,4,b_N100_V4,7.054125075228512
legacy,4,b_N100_V4,7.015082985162735
legacy,4,b_N100_V4,6.983999977819622
legacy,4,b_N100_V4,7.01941701117903
legacy,4,b_N100_V4,7.030291948467493
legacy,4,b_N100_V4,7.163667003624141
legacy,4,b_N100_V4,7.049583946354687
legacy,4,b_N100_V4,7.007500040344894
legacy,4,b_N100_V4,7.006541010923684
legacy,4,b_N100_V4,7.030667038634419
legacy,4,b_N100_V4,7.0653329603374
legacy,4,b_N100_V4,7.099917042069137
legacy,4,b_N100_V4,7.014582981355488
legacy,4,b_N100_V4,7.067625061608851
legacy,4,b_N100_V4,8.212124928832054
legacy,4,b_N100_V4,7.504416978918016
legacy,4,b_N100_V4,7.452125078998506
legacy,4,b_N100_V4,7.4538340559229255
legacy,4,b_N100_V4,7.4538750341162086
legacy,4,b_N100_V4,7.472083088941872
legacy,4,b_N100_V4,7.445167051628232
legacy,4,b_N100_V4,7.3932919185608625
legacy,4,b_N100_V4,7.4215419590473175
legacy,4,b_N100_V4,8.101749932393432
legacy,4,b_N100_V4,7.49412493314594
legacy,4,b_N100_V4,7.486916962079704
legacy,4,b_N100_V4,7.403249968774617
legacy,4,b_N100_V4,7.440958986990154
legacy,4,b_N100_V4,7.375917048193514
legacy,4,b_N100_V4,7.357250084169209
legacy,4,b_N100_V4,7.36295897513628
legacy,4,b_N100_V4,7.394207990728319
legacy,4,b_N100_V4,7.4155000038445
legacy,4,b_N100_V4,7.350542000494897
legacy,4,b_N100_V4,7.345458026975393
legacy,4,b_N100_V4,7.382458075881004
legacy,4,b_N100_V4,7.341084070503712
legacy,4,b_N100_V4,8.011500001884997
legacy,4,b_N100_V4,7.562584010884166
legacy,4,b_N100_V4,7.494416902773082
legacy,4,b_N100_V4,7.446707924827933
legacy,4,b_N100_V4,7.517875055782497
legacy,4,b_N100_V4,7.460125023499131
legacy,4,b_N100_V4,7.4396670097485185
legacy,4,b_N100_V4,7.415917003527284
legacy,4,b_N100_V4,7.402208051644266
legacy,4,b_N100_V4,7.418750086799264
legacy,4,b_N100_V4,7.458834093995392
legacy,4,b_N100_V4,7.639667019248009
legacy,4,b_N100_V4,7.623292040079832
legacy,4,b_N100_V4,7.4646249413490295
legacy,4,b_N100_V4,7.387541932985187
legacy,4,b_N100_V4,7.412416976876557
legacy,4,b_N100_V4,7.404666976071894
legacy,4,b_N100_V4,7.385874981991947
legacy,4,b_N100_V4,7.550916983745992
legacy,4,b_N100_V4,7.380833965726197
legacy,4,b_N100_V4,7.381250034086406
legacy,4,b_N100_V4,7.361541967839003
legacy,4,b_N100_V4,7.323792087845504
legacy,4,b_N100_V4,7.330625085160136
legacy,4,b_N100_V4,7.397292065434158
legacy,4,b_N100_V4,7.367792073637247
legacy,4,b_N100_V4,7.4448330560699105
legacy,4,b_N100_V4,7.388625061139464
legacy,4,b_N100_V4,7.389291073195636
legacy,4,b_N100_V4,7.27920897770673
legacy,4,b_N100_V4,7.3614169377833605
legacy,4,b_N100_V4,7.354374974966049
legacy,4,b_N100_V4,7.317041978240013
legacy,4,b_N100_V4,7.333707995712757
legacy,4,b_N100_V4,7.517457939684391
legacy,4,b_N100_V4,7.345792022533715
legacy,4,b_N100_V4,7.407875033095479
legacy,4,b_N100_V4,7.81470793299377
legacy,4,b_N100_V4,7.080832961946726
legacy,4,b_N100_V4,7.036042050458491
legacy,4,b_N100_V4,7.010042085312307
legacy,4,b_N100_V4,7.0546671049669385
legacy,4,b_N100_V4,6.988542038016021
legacy,4,b_N100_V4,7.585334009490907
legacy,4,b_N100_V4,6.999999983236194
legacy,4,b_N100_V4,6.968374946154654
legacy,4,b_N100_V4,7.0006659952923656
legacy,4,b_N100_V4,6.975915981456637
legacy,4,b_N100_V4,6.95662503130734
legacy,4,b_N100_V4,7.0112090324983
legacy,4,b_N100_V4,6.949041970074177
legacy,4,b_N100_V4,6.934916949830949
legacy,4,b_N100_V4,6.9520409451797605
legacy,4,b_N100_V4,6.982916966080666
legacy,4,b_N100_V4,6.971957976929843
legacy,4,b_N100_V4,6.9232500391080976
legacy,4,b_N100_V4,7.049000007100403
legacy,4,b_N100_V4,6.944249966181815
legacy,4,b_N100_V4,7.00704101473093
legacy,4,b_N100_V4,6.957957986742258
legacy,4,b_N100_V4,6.957249948754907
legacy,4,b_N100_V4,6.960875005461276
legacy,4,b_N100_V4,6.926166941411793
legacy,4,b_N100_V4,6.95458403788507
legacy,4,b_N100_V4,7.114041014574468
legacy,4,b_N100_V4,6.9651249796152115
legacy,4,b_N100_V4,7.166708004660904
legacy,4,b_N100_V4,6.986415944993496
legacy,4,b_N100_V4,6.963583058677614
legacy,4,b_N100_V4,6.966209039092064
legacy,4,b_N100_V4,7.037291070446372
legacy,4,b_N100_V4,7.00091605540365
legacy,4,b_N100_V4,7.010166067630053
legacy,4,b_N100_V4,6.962875020690262
legacy,4,b_N100_V4,6.959832971915603
legacy,4,b_N100_V4,7.063042023219168
legacy,4,b_N100_V4,7.00570794288069
legacy,4,b_N100_V4,6.972000002861023
legacy,4,b_N100_V4,6.998833967372775
legacy,4,b_N100_V4,6.987332948483527
legacy,4,b_N100_V4,7.027167011983693
legacy,4,b_N100_V4,6.982999970205128
legacy,4,b_N100_V4,7.010916015133262
legacy,4,b_N100_V4,7.010417059063911
legacy,4,b_N100_V4,7.011375040747225
legacy,4,b_N100_V4,7.000208017416298
legacy,4,b_N100_V4,7.121292059309781
legacy,4,b_N100_V4,6.99449994135648
legacy,4,b_N100_V4,7.000582991167903
legacy,4,b_N100_V4,6.944458000361919
legacy,4,b_N100_V4,7.022249978035688
legacy,4,b_N100_V4,6.9807079853489995
legacy,4,b_N100_V4,7.0324999978765845
legacy,4,b_N100_V4,7.00570794288069
legacy,4,b_N100_V4,7.066083024255931
legacy,4,b_N100_V4,7.042707991786301
legacy,4,b_N100_V4,7.053042063489556
legacy,4,b_N100_V4,8.210166008211672
legacy,4,b_N100_V4,7.480541011318564
legacy,4,b_N100_V4,7.491750060580671
legacy,4,b_N100_V4,8.944874978624284
legacy,4,b_N100_V4,8.56708304490894
legacy,4,b_N100_V4,8.363834000192583
legacy,4,b_N100_V4,7.646832964383066
legacy,4,b_N100_V4,7.4853330152109265
legacy,4,b_N100_V4,7.796499994583428
legacy,4,b_N100_V4,7.5670829974114895
legacy,4,b_N100_V4,7.5121670961380005
legacy,4,b_N100_V4,7.563041988760233
legacy,4,b_N100_V4,7.420083973556757
legacy,4,b_N100_V4,7.344583980739117
legacy,4,b_N100_V4,7.4240840040147305
legacy,4,b_N100_V4,7.417874992825091
legacy,4,b_N100_V4,7.393167004920542
legacy,4,b_N100_V4,7.398291956633329
legacy,4,b_N100_V4,7.428916986100376
legacy,4,b_N100_V4,7.367540965788066
legacy,4,b_N100_V4,7.3393749771639705
legacy,4,b_N100_V4,7.401874987408519
legacy,4,b_N100_V4,7.42504105437547
legacy,4,b_N100_V4,7.37579190172255
legacy,4,b_N100_V4,7.324917009100318
legacy,4,b_N100_V4,7.442083093337715
legacy,4,b_N100_V4,7.336042006500065
legacy,4,b_N100_V4,7.432958111166954
legacy,4,b_N100_V4,7.342166965827346
legacy,4,b_N100_V4,7.347124977968633
legacy,4,b_N100_V4,7.3108329670503736
legacy,4,b_N100_V4,7.416207925416529
legacy,4,b_N100_V4,7.354042027145624
legacy,4,b_N100_V4,7.371166022494435
legacy,4,b_N100_V4,7.3522919556126
legacy,4,b_N100_V4,7.454292033798993
legacy,4,b_N100_V4,7.34129105694592
legacy,4,b_N100_V4,7.340833079069853
legacy,4,b_N100_V4,7.347666076384485
legacy,4,b_N100_V4,7.378583075478673
legacy,4,b_N100_V4,7.342542055994272
legacy,4,b_N100_V4,7.42820801679045
legacy,4,b_N100_V4,7.2858750354498625
legacy,4,b_N100_V4,7.312499918043613
legacy,4,b_N100_V4,7.2764590149745345
legacy,4,b_N100_V4,7.332833018153906
legacy,4,b_N100_V4,7.31283298227936
legacy,4,b_N100_V4,7.495792000554502
legacy,4,b_N100_V4,7.35416600946337
legacy,4,b_N100_V4,7.4439579620957375
legacy,4,b_N100_V4,7.361166994087398
legacy,4,b_N100_V4,7.404500036500394
legacy,4,b_N100_V4,7.375000044703484
legacy,4,b_N100_V4,7.3398330714553595
legacy,4,b_N100_V4,7.322291028685868
legacy,4,b_N100_V4,7.464125053957105
legacy,4,b_N100_V4,7.274874951690435
legacy,4,b_N100_V4,7.490708027034998
legacy,4,b_N100_V4,7.280791993252933
legacy,4,b_N100_V4,7.461291970685124
legacy,4,b_N100_V4,7.929833955131471
legacy,4,b_N100_V4,8.170709013938904
legacy,4,b_N100_V4,9.294916992075741
legacy,4,b_N100_V4,8.64637503400445
legacy,4,b_N100_V4,7.356624933890998
legacy,4,b_N100_V4,7.2307499358430505
legacy,4,b_N100_V4,7.230957970023155
legacy,4,b_N100_V4,7.1355829713866115
legacy,4,b_N100_V4,7.12504202965647
legacy,4,b_N100_V4,7.1425000205636024
legacy,4,b_N100_V4,7.5338330352678895
legacy,4,b_N100_V4,7.681417046114802
legacy,4,b_N100_V4,7.091625011526048
legacy,4,b_N100_V4,7.039125077426434
legacy,4,b_N100_V4,7.0643340004608035
legacy,4,b_N100_V4,7.029999978840351
legacy,4,b_N100_V4,7.064917008392513
legacy,4,b_N100_V4,7.060416974127293
legacy,4,b_N100_V4,7.025208091363311
legacy,4,b_N100_V4,7.039458956569433
legacy,4,b_N100_V4,7.044374942779541
legacy,4,b_N100_V4,7.036875002086163
legacy,4,b_N100_V4,7.033957983367145
legacy,4,b_N100_V4,7.011875044554472
legacy,4,b_N100_V4,7.072458975017071
legacy,4,b_N100_V4,7.080125040374696
legacy,4,b_N100_V4,7.0705420803278685
legacy,4,b_N100_V4,7.122999988496304
legacy,4,b_N100_V4,7.076750043779612
legacy,4,b_N100_V4,6.996833020821214
legacy,4,b_N100_V4,6.977041019126773
legacy,4,b_N100_V4,7.082791067659855
legacy,4,b_N100_V4,7.05904106143862
legacy,4,b_N100_V4,7.097875000908971
legacy,4,b_N100_V4,7.036875002086163
legacy,4,b_N100_V4,7.07470893394202
legacy,4,b_N100_V4,7.085540913976729
legacy,4,b_N100_V4,7.39154196344316
legacy,4,b_N100_V4,7.0169169921427965
legacy,4,b_N100_V4,7.078832946717739
legacy,4,b_N100_V4,7.01625004876405
legacy,4,b_N100_V4,7.0639579789713025
legacy,4,b_N100_V4,7.077167043462396
legacy,4,b_N100_V4,7.023042067885399
legacy,4,b_N100_V4,7.005791994743049
legacy,4,b_N100_V4,7.016040966846049
legacy,4,b_N100_V4,7.069375016726553
legacy,4,b_N100_V4,6.982416962273419
legacy,4,b_N100_V4,7.109624915756285
legacy,4,b_N100_V4,7.010124973021448
legacy,4,b_N100_V4,7.0197079330682755
legacy,4,b_N100_V4,7.070916006341577
legacy,4,b_N100_V4,7.036291994154453
legacy,4,b_N100_V4,7.464959053322673
legacy,4,b_N100_V4,7.024332997389138
legacy,4,b_N100_V4,6.978792021982372
legacy,4,b_N100_V4,7.008709013462067
legacy,4,b_N100_V4,7.165084010921419
legacy,4,b_N100_V4,7.072624983265996
legacy,4,b_N100_V4,6.9945420837029815
legacy,4,b_N100_V4,8.42600001487881
legacy,4,b_N100_V4,7.637750008143485
legacy,4,b_N100_V4,7.640167023055255
legacy,4,b_N100_V4,8.702332968823612
legacy,4,b_N100_V4,9.314000024460256
legacy,4,b_N100_V4,8.86075000744313
legacy,4,b_N100_V4,9.464250062592328
legacy,4,b_N100_V4,8.327165967784822
legacy,4,b_N100_V4,8.503040997311473
legacy,4,b_N100_V4,9.166458039544523
legacy,4,b_N100_V4,7.836999953724444
legacy,4,b_N100_V4,7.6206669909879565
legacy,4,b_N100_V4,7.602708996273577
legacy,4,b_N100_V4,7.59512500371784
legacy,4,b_N100_V4,7.604874903336167
legacy,4,b_N100_V4,7.826374960131943
legacy,4,b_N100_V4,7.541749975644052
legacy,4,b_N100_V4,7.401290931738913
legacy,4,b_N100_V4,7.505125016905367
legacy,4,b_N100_V4,7.467209012247622
legacy,4,b_N100_V4,7.499000057578087
legacy,4,b_N100_V4,7.417250075377524
legacy,4,b_N100_V4,7.467834046110511
legacy,4,b_N100_V4,7.462875102646649
legacy,4,b_N100_V4,7.511958945542574
legacy,4,b_N100_V4,7.524499902501702
legacy,4,b_N100_V4,7.474959013052285
legacy,4,b_N100_V4,7.402917020954192
legacy,4,b_N100_V4,7.53541593439877
legacy,4,b_N100_V4,7.516499958001077
legacy,4,b_N100_V4,7.478874991647899
legacy,4,b_N100_V4,7.320082979276776
legacy,4,b_N100_V4,7.489832933060825
legacy,4,b_N100_V4,7.3475829558447
legacy,4,b_N100_V4,7.469541975297034
legacy,4,b_N100_V4,7.501999964006245
legacy,4,b_N100_V4,7.473917095921934
legacy,4,b_N100_V4,7.421834045089781
legacy,4,b_N100_V4,7.48016603756696
legacy,4,b_N100_V4,7.411458995193243
legacy,4,b_N100_V4,7.489042007364333
legacy,4,b_N100_V4,7.506624911911786
legacy,4,b_N100_V4,7.480958942323923
legacy,4,b_N100_V4,7.37100001424551
legacy,4,b_N100_V4,7.486624992452562
legacy,4,b_N100_V4,7.490333984605968
legacy,4,b_N100_V4,7.324542035348713
legacy,4,b_N100_V4,7.443582988344133
legacy,4,b_N100_V4,7.478915969841182
legacy,4,b_N100_V4,7.346207974478602
legacy,4,b_N100_V4,7.452249992638826
legacy,4,b_N100_V4,7.460959022864699
legacy,4,b_N100_V4,7.503875065594912
legacy,4,b_N100_V4,7.370250066742301
legacy,4,b_N100_V4,7.572875008918345
legacy,4,b_N100_V4,7.951417006552219
legacy,4,b_N100_V4,7.514124969020486
legacy,4,b_N100_V4,7.476249942556024
legacy,4,b_N100_V4,7.5174589874222875
legacy,4,b_N100_V4,7.4475829023867846
legacy,4,b_N100_V4,8.000749978236854
legacy,4,b_N100_V4,7.205292000435293
legacy,4,b_N100_V4,7.2279589949175715
legacy,4,b_N100_V4,7.203207933343947
legacy,4,b_N100_V4,7.010667002759874
legacy,4,b_N100_V4,6.9839589996263385
legacy,4,b_N100_V4,7.002708036452532
legacy,4,b_N100_V4,7.148167002014816
legacy,4,b_N100_V4,7.144583039917052
legacy,4,b_N100_V4,7.0032920921221375
legacy,4,b_N100_V4,7.135958061553538
legacy,4,b_N100_V4,6.9782910868525505
legacy,4,b_N100_V4,7.060374948196113
legacy,4,b_N100_V4,7.3144999332726
legacy,4,b_N100_V4,7.14441598393023
legacy,4,b_N100_V4,6.98929198551923
legacy,4,b_N100_V4,7.11229199077934
legacy,4,b_N100_V4,7.094625034369528
legacy,4,b_N100_V4,7.592167006805539
legacy,4,b_N100_V4,7.029542000964284
legacy,4,b_N100_V4,7.0722909877076745
legacy,4,b_N100_V4,7.070292020216584
legacy,4,b_N100_V4,7.0581670152023435
legacy,4,b_N100_V4,6.927167065441608
legacy,4,b_N100_V4,7.046708022244275
legacy,4,b_N100_V4,6.917958031408489
legacy,4,b_N100_V4,7.034708047285676
legacy,4,b_N100_V4,7.063500001095235
legacy,4,b_N100_V4,7.126624928787351
legacy,4,b_N100_V4,7.6061669969931245
legacy,4,b_N100_V4,7.098457892425358
legacy,4,b_N100_V4,6.981750018894672
legacy,4,b_N100_V4,6.921667023561895
legacy,4,b_N100_V4,7.109666941687465
legacy,4,b_N100_V4,7.029457949101925
legacy,4,b_N100_V4,6.941917003132403
legacy,4,b_N100_V4,7.068125065416098
legacy,4,b_N100_V4,6.947417045012116
legacy,4,b_N100_V4,7.035500020720065
legacy,4,b_N100_V4,7.043665973469615
legacy,4,b_N100_V4,7.061292068101466
legacy,4,b_N100_V4,6.91695895511657
legacy,4,b_N100_V4,7.041874923743308
legacy,4,b_N100_V4,7.040916942059994
legacy,4,b_N100_V4,7.042500074021518
legacy,4,b_N100_V4,7.082082913257182
legacy,4,b_N100_V4,7.08862510509789
legacy,4,b_N100_V4,6.959958933293819
legacy,4,b_N100_V4,7.029291940853
legacy,4,b_N100_V4,7.003583014011383
legacy,4,b_N100_V4,6.934792036190629
legacy,4,b_N100_V4,7.076250039972365
legacy,4,b_N100_V4,7.074499968439341
legacy,4,b_N100_V4,6.918500061146915
legacy,4,b_N100_V4,7.034291047602892
legacy,4,b_N100_V4,7.036417024210095
legacy,4,b_N100_V4,7.024124963209033
legacy,4,b_N100_V4,6.8634169874712825
legacy,4,b_N100_V4,7.132457918487489
legacy,4,b_N100_V4,7.022292003966868
legacy,4,b_N100_V4,8.123209001496434
legacy,4,b_N100_V4,7.38166703376919
legacy,4,b_N100_V4,7.3651670245453715
legacy,4,b_N100_V4,7.335667032748461
legacy,4,b_N100_V4,7.387000019662082
legacy,4,b_N100_V4,7.324457983486354
legacy,4,b_N100_V4,7.330541964620352
legacy,4,b_N100_V4,7.364416960626841
legacy,4,b_N100_V4,7.309582899324596
legacy,4,b_N100_V4,7.309041917324066
legacy,4,b_N100_V4,7.32874998357147
legacy,4,b_N100_V4,7.284375024028122
legacy,4,b_N100_V4,7.304708007723093
legacy,4,b_N100_V4,7.353167049586773
legacy,4,b_N100_V4,7.300582947209477
legacy,4,b_N100_V4,7.256999961100519
legacy,4,b_N100_V4,7.278459030203521
legacy,4,b_N100_V4,7.328375009819865
legacy,4,b_N100_V4,7.342375000007451
legacy,4,b_N100_V4,7.321542012505233
legacy,4,b_N100_V4,7.345666992478073
legacy,4,b_N100_V4,7.294833892956376
legacy,4,b_N100_V4,7.37116695381701
legacy,4,b_N100_V4,7.313582929782569
legacy,4,b_N100_V4,7.279832963831723
legacy,4,b_N100_V4,7.33487494289875
legacy,4,b_N100_V4,7.343832985498011
legacy,4,b_N100_V4,7.337791030295193
legacy,4,b_N100_V4,7.343207951635122
legacy,4,b_N100_V4,7.291999994777143
legacy,4,b_N100_V4,7.304916973225772
legacy,4,b_N100_V4,7.30312499217689
legacy,4,b_N100_V4,7.314083050005138
legacy,4,b_N100_V4,7.270959089510143
legacy,4,b_N100_V4,7.346042082644999
legacy,4,b_N100_V4,7.338416064158082
legacy,4,b_N100_V4,7.318791933357716
legacy,4,b_N100_V4,7.31395895127207
legacy,4,b_N100_V4,7.296749972738326
legacy,4,b_N100_V4,7.32970901299268
legacy,4,b_N100_V4,7.311166962608695
legacy,4,b_N100_V4,7.275625015608966
legacy,4,b_N100_V4,7.358082919381559
legacy,4,b_N100_V4,7.2869169525802135
legacy,4,b_N100_V4,7.27808300871402
legacy,4,b_N100_V4,7.2532499907538295
legacy,4,b_N100_V4,7.233208976686001
legacy,4,b_N100_V4,7.227916968986392
legacy,4,b_N100_V4,7.251584087498486
legacy,4,b_N100_V4,7.315041963011026
legacy,4,b_N100_V4,7.933333050459623
legacy,4,b_N100_V4,7.492499891668558
legacy,4,b_N100_V4,7.432625046931207
legacy,4,b_N100_V4,7.395207998342812
legacy,4,b_N100_V4,7.458583917468786
legacy,4,b_N100_V4,7.353583932854235
legacy,4,b_N100_V4,7.357624941505492
legacy,4,b_N100_V4,7.419624947942793
legacy,4,b_N100_V4,7.428499986417592
legacy,4,b_N100_V4,7.381208008155227
legacy,4,b_N100_V4,7.840750040486455
legacy,4,b_N100_V4,7.088291924446821
legacy,4,b_N100_V4,7.053166977129877
legacy,4,b_N100_V4,7.081917021423578
legacy,4,b_N100_V4,6.997374934144318
legacy,4,b_N100_V4,7.0379580138251185
legacy,4,b_N100_V4,7.019666954874992
legacy,4,b_N100_V4,7.004791987128556
legacy,4,b_N100_V4,7.009833003394306
legacy,4,b_N100_V4,6.978375022299588
legacy,4,b_N100_V4,6.976500037126243
legacy,4,b_N100_V4,7.073457934893668
legacy,4,b_N100_V4,6.969250040128827
legacy,4,b_N100_V4,6.962166051380336
legacy,4,b_N100_V4,6.93308305926621
legacy,4,b_N100_V4,6.987124914303422
legacy,4,b_N100_V4,6.94237498100847
legacy,4,b_N100_V4,6.976292002946138
legacy,4,b_N100_V4,6.941791973076761
legacy,4,b_N100_V4,6.948875030502677
legacy,4,b_N100_V4,6.976292002946138
legacy,4,b_N100_V4,6.956959026865661
legacy,4,b_N100_V4,6.94854196626693
legacy,4,b_N100_V4,6.956374971196055
legacy,4,b_N100_V4,6.945458007976413
legacy,4,b_N100_V4,7.613667054101825
legacy,4,b_N100_V4,7.0397499948740005
legacy,4,b_N100_V4,6.986667052842677
legacy,4,b_N100_V4,7.016709074378014
legacy,4,b_N100_V4,6.980292033404112
legacy,4,b_N100_V4,6.970833986997604
legacy,4,b_N100_V4,6.944208056665957
legacy,4,b_N100_V4,6.984208011999726
legacy,4,b_N100_V4,6.94183399900794
legacy,4,b_N100_V4,6.940416991710663
legacy,4,b_N100_V4,6.947082933038473
legacy,4,b_N100_V4,6.906041991896927
legacy,4,b_N100_V4,6.906708935275674
legacy,4,b_N100_V4,6.992041016928852
legacy,4,b_N100_V4,6.994665949605405
legacy,4,b_N100_V4,6.992542068473995
legacy,4,b_N100_V4,6.999833043664694
legacy,4,b_N100_V4,6.97866699192673
legacy,4,b_N100_V4,6.990084075368941
legacy,4,b_N100_V4,6.971708033233881
legacy,4,b_N100_V4,6.9549999898299575
legacy,4,b_N100_V4,6.962666986510158
legacy,4,b_N100_V4,6.9702910259366035
legacy,4,b_N100_V4,6.993499933741987
legacy,4,b_N100_V4,6.983916973695159
legacy,4,b_N100_V4,6.928040995262563
legacy,4,b_N100_V4,6.9241669261828065
legacy,4,b_N100_V4,6.983208004385233
legacy,4,b_N100_V4,6.9741669576615095
legacy,4,b_N100_V4,7.823584019206464
legacy,4,b_N100_V4,7.190709002315998
legacy,4,b_N100_V4,7.172917015850544
legacy,4,b_N100_V4,7.067583035677671
legacy,4,b_N100_V4,7.134624989703298
legacy,4,b_N100_V4,7.03416601754725
legacy,4,b_N100_V4,8.278209017589688
legacy,4,b_N100_V4,7.6630410039797425
legacy,4,b_N100_V4,7.535875076428056
legacy,4,b_N100_V4,7.668666075915098
legacy,4,b_N100_V4,7.493958109989762
legacy,4,b_N100_V4,7.491375086829066
legacy,4,b_N100_V4,7.446791045367718
legacy,4,b_N100_V4,7.482124958187342
legacy,4,b_N100_V4,7.452792022377253
legacy,4,b_N100_V4,7.429625024087727
legacy,4,b_N100_V4,7.478165905922651
legacy,4,b_N100_V4,7.437209016643465
legacy,4,b_N100_V4,7.449417025782168
legacy,4,b_N100_V4,7.450542063452303
legacy,4,b_N100_V4,7.42466701194644
legacy,4,b_N100_V4,7.415625033900142
legacy,4,b_N100_V4,7.415540982037783
legacy,4,b_N100_V4,7.452917052432895
legacy,4,b_N100_V4,7.385666016489267
legacy,4,b_N100_V4,7.422916009090841
legacy,4,b_N100_V4,7.425749907270074
legacy,4,b_N100_V4,7.373750093393028
legacy,4,b_N100_V4,7.368999999016523
legacy,4,b_N100_V4,7.386042037978768
legacy,4,b_N100_V4,7.361709023825824
legacy,4,b_N100_V4,7.44554097764194
legacy,4,b_N100_V4,7.400084054097533
legacy,4,b_N100_V4,7.41795904468745
legacy,4,b_N100_V4,7.620917051099241
legacy,4,b_N100_V4,7.437083986587822
legacy,4,b_N100_V4,7.415000000037253
legacy,4,b_N100_V4,7.432833081111312
legacy,4,b_N100_V4,7.432750076986849
legacy,4,b_N100_V4,7.471207994967699
legacy,4,b_N100_V4,7.384208030998707
legacy,4,b_N100_V4,7.300458964891732
legacy,4,b_N100_V4,7.368916063569486
legacy,4,b_N100_V4,7.436624960973859
legacy,4,b_N100_V4,7.421207963488996
legacy,4,b_N100_V4,7.543832994997501
legacy,4,b_N100_V4,7.419832982122898
legacy,4,b_N100_V4,7.385459030047059
legacy,4,b_N100_V4,7.413374958559871
legacy,4,b_N100_V4,7.41850002668798
legacy,4,b_N100_V4,7.372374995611608
legacy,4,b_N100_V4,7.401625043712556
legacy,4,b_N100_V4,7.347124977968633
legacy,4,b_N100_V4,7.4332921067252755
legacy,4,b_N100_V4,7.4295829981565475
legacy,4,b_N100_V4,7.407000055536628
legacy,4,b_N100_V4,7.340708980336785
legacy,4,b_N100_V4,7.366749923676252
legacy,4,b_N100_V4,7.375041954219341
legacy,4,b_N100_V4,7.4269999749958515
legacy,4,b_N100_V4,7.411041995510459
legacy,4,b_N100_V4,7.311000023037195
legacy,4,b_N100_V4,7.558459066785872
legacy,4,b_N100_V4,8.116374956443906
legacy,4,b_N100_V4,8.903375011868775
legacy,4,b_N100_V4,8.264750009402633
legacy,4,b_N100_V4,8.094415999948978
legacy,4,b_N100_V4,7.2662499733269215
legacy,4,b_N100_V4,7.2018749779090285
legacy,4,b_N100_V4,7.218666956759989
legacy,4,b_N100_V4,7.133750012144446
legacy,4,b_N100_V4,7.1837910218164325
legacy,4,b_N100_V4,7.157042040489614
legacy,4,b_N100_V4,7.087417063303292
legacy,4,b_N100_V4,7.112833089195192
legacy,4,b_N100_V4,7.207333925180137
legacy,4,b_N100_V4,7.1570000145584345
legacy,4,b_N100_V4,7.114667096175253
legacy,4,b_N100_V4,7.073916960507631
legacy,4,b_N100_V4,7.089167018420994
legacy,4,b_N100_V4,7.102707982994616
legacy,4,b_N100_V4,7.181333960033953
legacy,4,b_N100_V4,7.160458015277982
legacy,4,b_N100_V4,7.123625022359192
legacy,4,b_N100_V4,7.131790975108743
legacy,4,b_N100_V4,7.084375014528632
legacy,4,b_N100_V4,7.059625000692904
legacy,4,b_N100_V4,7.1084999945014715
legacy,4,b_N100_V4,7.571250083856285
legacy,4,b_N100_V4,7.203083019703627
legacy,4,b_N100_V4,7.088958052918315
legacy,4,b_N100_V4,7.076250039972365
legacy,4,b_N100_V4,7.017958094365895
legacy,4,b_N100_V4,7.08274997305125
legacy,4,b_N100_V4,7.084333919920027
legacy,4,b_N100_V4,7.1648749290034175
legacy,4,b_N100_V4,7.074333960190415
legacy,4,b_N100_V4,7.230082992464304
legacy,4,b_N100_V4,7.036041934043169
legacy,4,b_N100_V4,7.085583987645805
legacy,4,b_N100_V4,7.026041974313557
legacy,4,b_N100_V4,7.030250038951635
legacy,4,b_N100_V4,6.98162498883903
legacy,4,b_N100_V4,7.0835420629009604
legacy,4,b_N100_V4,7.0676670875400305
legacy,4,b_N100_V4,6.933749886229634
legacy,4,b_N100_V4,7.025750004686415
legacy,4,b_N100_V4,7.039458025246859
legacy,4,b_N100_V4,7.009374909102917
legacy,4,b_N100_V4,7.075041998177767
legacy,4,b_N100_V4,7.044124999083579
legacy,4,b_N100_V4,7.075750036165118
legacy,4,b_N100_V4,7.080666953697801
legacy,4,b_N100_V4,7.070375024341047
legacy,4,b_N100_V4,7.074167020618916
legacy,4,b_N100_V4,7.036042050458491
legacy,4,b_N100_V4,7.073334068991244
legacy,4,b_N100_V4,7.046792074106634
legacy,4,b_N100_V4,7.040709024295211
legacy,4,b_N100_V4,7.071624975651503
legacy,4,b_N100_V4,7.048624916933477
legacy,4,b_N100_V4,7.04879208933562
legacy,4,b_N100_V4,7.01308308634907
legacy,4,b_N100_V4,7.0212919963523746
legacy,4,b_N100_V4,6.97479210793972
legacy,4,b_N100_V4,7.145124953240156
legacy,4,b_N100_V4,8.336000028066337
legacy,4,b_N100_V4,7.611875073052943
legacy,4,b_N100_V4,7.892875000834465
legacy,4,b_N100_V4,7.594583090394735
legacy,4,b_N100_V4,7.566041895188391
legacy,4,b_N100_V4,7.485291920602322
legacy,4,b_N100_V4,7.526707951910794
legacy,4,b_N100_V4,7.5127920135855675
legacy,4,b_N100_V4,7.474916987121105
legacy,4,b_N100_V4,7.47208297252655
legacy,4,b_N100_V4,7.473125006072223
legacy,4,b_N100_V4,7.4259169632568955
legacy,4,b_N100_V4,7.465500035323203
legacy,4,b_N100_V4,7.456916966475546
legacy,4,b_N100_V4,7.396250031888485
legacy,4,b_N100_V4,7.475457969121635
legacy,4,b_N100_V4,7.457208004780114
legacy,4,b_N100_V4,7.459083921276033
legacy,4,b_N100_V4,7.4926249217242
legacy,4,b_N100_V4,7.508708047680557
legacy,4,b_N100_V4,7.498792023397982
legacy,4,b_N100_V4,7.4856249848380685
legacy,4,b_N100_V4,7.53175001591444
legacy,4,b_N100_V4,7.4544589733704925
legacy,4,b_N100_V4,7.479207939468324
legacy,4,b_N100_V4,7.448207936249673
legacy,4,b_N100_V4,7.454250007867813
legacy,4,b_N100_V4,7.506250054575503
legacy,4,b_N100_V4,7.472208002582192
legacy,4,b_N100_V4,7.620792021043599
legacy,4,b_N100_V4,7.562292041257024
legacy,4,b_N100_V4,7.503542001359165
legacy,4,b_N100_V4,7.452499936334789
legacy,4,b_N100_V4,7.499333005398512
legacy,4,b_N100_V4,7.38758291117847
legacy,4,b_N100_V4,7.513665943406522
legacy,4,b_N100_V4,7.492124917916954
legacy,4,b_N100_V4,7.364916964434087
legacy,4,b_N100_V4,7.4389169458299875
legacy,4,b_N100_V4,7.45941698551178
legacy,4,b_N100_V4,7.448374992236495
legacy,4,b_N100_V4,7.458667038008571
legacy,4,b_N100_V4,7.428291020914912
legacy,4,b_N100_V4,7.4437500443309546
legacy,4,b_N100_V4,7.470000069588423
legacy,4,b_N100_V4,7.461292087100446
legacy,4,b_N100_V4,7.451958023011684
legacy,4,b_N100_V4,7.42150004953146
legacy,4,b_N100_V4,7.424499955959618
legacy,4,b_N100_V4,7.45758309494704
legacy,4,b_N100_V4,7.429082994349301
legacy,4,b_N100_V4,7.508166949264705
legacy,4,b_N100_V4,7.438250002451241
legacy,4,b_N100_V4,7.5211250223219395
legacy,4,b_N100_V4,7.474833982996643
legacy,4,b_N100_V4,7.467249990440905
legacy,4,b_N100_V4,7.440624991431832
legacy,4,b_N100_V4,7.465708069503307
legacy,4,b_N100_V4,7.47829198371619
legacy,4,b_N100_V4,7.5812500435858965
