tool,replicate,config,sub_ms
modern,2,a_N100_V3+3D,1.840875018388033
modern,2,a_N100_V3+3D,1.775708980858326
modern,2,a_N100_V3+3D,1.7502909759059548
modern,2,a_N100_V3+3D,1.7053750343620777
modern,2,a_N100_V3+3D,1.6850840765982866
modern,2,a_N100_V3+3D,1.6800001030787826
modern,2,a_N100_V3+3D,1.6839999007061124
modern,2,a_N100_V3+3D,1.6787919448688626
modern,2,a_N100_V3+3D,1.6872079577296972
modern,2,a_N100_V3+3D,1.702332985587418
modern,2,a_N100_V3+3D,1.7597089754417539
modern,2,a_N100_V3+3D,1.688040909357369
modern,2,a_N100_V3+3D,1.7089169705286622
modern,2,a_N100_V3+3D,1.718583982437849
modern,2,a_N100_V3+3D,1.6915419837459922
modern,2,a_N100_V3+3D,1.6561669763177633
modern,2,a_N100_V3+3D,1.6482090577483177
modern,2,a_N100_V3+3D,1.6665420262143016
modern,2,a_N100_V3+3D,1.6633340856060386
modern,2,a_N100_V3+3D,1.6525000100955367
modern,2,a_N100_V3+3D,1.6604160191491246
modern,2,a_N100_V3+3D,1.6696249367669225
modern,2,a_N100_V3+3D,1.651249942369759
modern,2,a_N100_V3+3D,1.634957967326045
modern,2,a_N100_V3+3D,1.6434999415650964
modern,2,a_N100_V3+3D,1.6452090349048376
modern,2,a_N100_V3+3D,1.6332499217242002
modern,2,a_N100_V3+3D,1.6997079364955425
modern,2,a_N100_V3+3D,1.6351670492440462
modern,2,a_N100_V3+3D,1.643582945689559
modern,2,a_N100_V3+3D,1.6459589824080467
modern,2,a_N100_V3+3D,1.7254590056836605
modern,2,a_N100_V3+3D,1.6350409714505076
modern,2,a_N100_V3+3D,1.6458750469610095
modern,2,a_N100_V3+3D,1.6384579939767718
modern,2,a_N100_V3+3D,1.6290420899167657
modern,2,a_N100_V3+3D,1.6505419043824077
modern,2,a_N100_V3+3D,1.6482500359416008
modern,2,a_N100_V3+3D,1.6492079012095928
modern,2,a_N100_V3+3D,1.6637499211356044
modern,2,a_N100_V3+3D,1.6680839471518993
modern,2,a_N100_V3+3D,1.6646250151097775
modern,2,a_N100_V3+3D,1.6510830027982593
modern,2,a_N100_V3+3D,1.6520420322194695
modern,2,a_N100_V3+3D,1.654583029448986
modern,2,a_N100_V3+3D,1.6556669725105166
modern,2,a_N100_V3+3D,1.6622920520603657
modern,2,a_N100_V3+3D,1.6478330362588167
modern,2,a_N100_V3+3D,1.638667075894773
modern,2,a_N100_V3+3D,1.6412920085713267
modern,2,a_N100_V3+3D,1.638667075894773
modern,2,a_N100_V3+3D,1.6219581011682749
modern,2,a_N100_V3+3D,1.6576250782236457
modern,2,a_N100_V3+3D,1.6347079072147608
modern,2,a_N100_V3+3D,1.6369170043617487
modern,2,a_N100_V3+3D,1.6395419370383024
modern,2,a_N100_V3+3D,1.629207981750369
modern,2,a_N100_V3+3D,1.6940840287134051
modern,2,a_N100_V3+3D,1.7109999898821115
modern,2,a_N100_V3+3D,1.6492500435560942
modern,2,a_N100_V3+3D,1.7572499345988035
modern,2,a_N100_V3+3D,1.7096670344471931
modern,2,a_N100_V3+3D,1.6866250662133098
modern,2,a_N100_V3+3D,1.667124917730689
modern,2,a_N100_V3+3D,1.6851249383762479
modern,2,a_N100_V3+3D,1.6842919867485762
modern,2,a_N100_V3+3D,2.0958329550921917
modern,2,a_N100_V3+3D,2.2795411059632897
modern,2,a_N100_V3+3D,2.233541919849813
modern,2,a_N100_V3+3D,2.7532499516382813
modern,2,a_N100_V3+3D,2.3346670204773545
modern,2,a_N100_V3+3D,2.384207909926772
modern,2,a_N100_V3+3D,2.020832966081798
modern,2,a_N100_V3+3D,2.5034169666469097
modern,2,a_N100_V3+3D,2.2638749796897173
modern,2,a_N100_V3+3D,1.8161250045523047
modern,2,a_N100_V3+3D,1.7349589616060257
modern,2,a_N100_V3+3D,1.7257920699194074
modern,2,a_N100_V3+3D,1.6854999121278524
modern,2,a_N100_V3+3D,1.6702919965609908
modern,2,a_N100_V3+3D,1.6702499706298113
modern,2,a_N100_V3+3D,1.673749997280538
modern,2,a_N100_V3+3D,1.7524169525131583
modern,2,a_N100_V3+3D,1.663832925260067
modern,2,a_N100_V3+3D,1.655917032621801
modern,2,a_N100_V3+3D,1.6550410073250532
modern,2,a_N100_V3+3D,1.63929199334234
modern,2,a_N100_V3+3D,1.673292019404471
modern,2,a_N100_V3+3D,1.6412079567089677
modern,2,a_N100_V3+3D,1.632416038773954
modern,2,a_N100_V3+3D,1.6399170272052288
modern,2,a_N100_V3+3D,1.6387500800192356
modern,2,a_N100_V3+3D,1.6744589665904641
modern,2,a_N100_V3+3D,1.6430829418823123
modern,2,a_N100_V3+3D,1.6442498890683055
modern,2,a_N100_V3+3D,1.6390419332310557
modern,2,a_N100_V3+3D,1.6451659612357616
modern,2,a_N100_V3+3D,1.6467079985886812
modern,2,a_N100_V3+3D,1.9783750176429749
modern,2,a_N100_V3+3D,1.2515829876065254
modern,2,a_N100_V3+3D,1.2412499636411667
modern,2,a_N100_V3+3D,1.2381670530885458
modern,2,a_N100_V3+3D,1.2365829898044467
modern,2,a_N100_V3+3D,1.2369169853627682
modern,2,a_N100_V3+3D,1.2195000890642405
modern,2,a_N100_V3+3D,1.5535419806838036
modern,2,a_N100_V3+3D,1.2344170827418566
modern,2,a_N100_V3+3D,1.224416890181601
modern,2,a_N100_V3+3D,1.295875059440732
modern,2,a_N100_V3+3D,1.2456669937819242
modern,2,a_N100_V3+3D,1.2322500115260482
modern,2,a_N100_V3+3D,1.2278329813852906
modern,2,a_N100_V3+3D,1.2268749997019768
modern,2,a_N100_V3+3D,1.224124920554459
modern,2,a_N100_V3+3D,1.2250409927219152
modern,2,a_N100_V3+3D,1.2325829593464732
modern,2,a_N100_V3+3D,1.214749994687736
modern,2,a_N100_V3+3D,1.2588329846039414
modern,2,a_N100_V3+3D,1.2383749708533287
modern,2,a_N100_V3+3D,1.2367920717224479
modern,2,a_N100_V3+3D,1.828957931138575
modern,2,a_N100_V3+3D,1.7717089504003525
modern,2,a_N100_V3+3D,1.7357079777866602
modern,2,a_N100_V3+3D,1.7322920029982924
modern,2,a_N100_V3+3D,1.725125010125339
modern,2,a_N100_V3+3D,1.7318750033155084
modern,2,a_N100_V3+3D,1.6904589720070362
modern,2,a_N100_V3+3D,1.6854590503498912
modern,2,a_N100_V3+3D,1.7043330008164048
modern,2,a_N100_V3+3D,1.6854159766808152
modern,2,a_N100_V3+3D,1.7042079707607627
modern,2,a_N100_V3+3D,1.7080000834539533
modern,2,a_N100_V3+3D,1.6842089826241136
modern,2,a_N100_V3+3D,1.758333994075656
modern,2,a_N100_V3+3D,1.6942080110311508
modern,2,a_N100_V3+3D,1.6789999790489674
modern,2,a_N100_V3+3D,1.7044589621946216
modern,2,a_N100_V3+3D,1.7841249937191606
modern,2,a_N100_V3+3D,1.6899589681997895
modern,2,a_N100_V3+3D,1.857292023487389
modern,2,a_N100_V3+3D,1.7112080240622163
modern,2,a_N100_V3+3D,1.6912920400500298
modern,2,a_N100_V3+3D,1.6524590319022536
modern,2,a_N100_V3+3D,1.6655829967930913
modern,2,a_N100_V3+3D,1.6691660275682807
modern,2,a_N100_V3+3D,1.6745830653235316
modern,2,a_N100_V3+3D,1.65200000628829
modern,2,a_N100_V3+3D,1.6974169993773103
modern,2,a_N100_V3+3D,1.674374914728105
modern,2,a_N100_V3+3D,1.6951669240370393
modern,2,a_N100_V3+3D,1.678416971117258
modern,2,a_N100_V3+3D,1.7232089303433895
modern,2,a_N100_V3+3D,1.6889169346541166
modern,2,a_N100_V3+3D,1.6785840271040797
modern,2,a_N100_V3+3D,1.6666670562699437
modern,2,a_N100_V3+3D,1.6367080388590693
modern,2,a_N100_V3+3D,1.641749986447394
modern,2,a_N100_V3+3D,1.6754580428823829
modern,2,a_N100_V3+3D,1.6515420284122229
modern,2,a_N100_V3+3D,1.6568329883739352
modern,2,a_N100_V3+3D,1.6464591026306152
modern,2,a_N100_V3+3D,1.6300000716000795
modern,2,a_N100_V3+3D,1.6348749632015824
modern,2,a_N100_V3+3D,1.6597500070929527
modern,2,a_N100_V3+3D,1.6530000139027834
modern,2,a_N100_V3+3D,1.6825420316308737
modern,2,a_N100_V3+3D,2.2016249131411314
modern,2,a_N100_V3+3D,1.7893749754875898
modern,2,a_N100_V3+3D,1.710584037937224
modern,2,a_N100_V3+3D,1.7205419717356563
modern,2,a_N100_V3+3D,1.6891669947654009
modern,2,a_N100_V3+3D,1.7114999936893582
modern,2,a_N100_V3+3D,1.7255840357393026
modern,2,a_N100_V3+3D,1.690083066932857
modern,2,a_N100_V3+3D,1.665416988544166
modern,2,a_N100_V3+3D,1.675209030508995
modern,2,a_N100_V3+3D,1.6678750980645418
modern,2,a_N100_V3+3D,1.7514589708298445
modern,2,a_N100_V3+3D,1.736916950903833
modern,2,a_N100_V3+3D,1.6605419805273414
modern,2,a_N100_V3+3D,1.8054170068353415
modern,2,a_N100_V3+3D,1.7350829439237714
modern,2,a_N100_V3+3D,1.7150420462712646
modern,2,a_N100_V3+3D,1.6754999523982406
modern,2,a_N100_V3+3D,1.6905000666156411
modern,2,a_N100_V3+3D,1.6524579841643572
modern,2,a_N100_V3+3D,1.6829170053824782
modern,2,a_N100_V3+3D,1.7321250634267926
modern,2,a_N100_V3+3D,1.642625080421567
modern,2,a_N100_V3+3D,1.6430419636890292
modern,2,a_N100_V3+3D,1.6741669969633222
modern,2,a_N100_V3+3D,1.6498749610036612
modern,2,a_N100_V3+3D,1.6683749854564667
modern,2,a_N100_V3+3D,1.6423750203102827
modern,2,a_N100_V3+3D,1.6582920216023922
modern,2,a_N100_V3+3D,1.6407499788329005
modern,2,a_N100_V3+3D,1.6604169504716992
modern,2,a_N100_V3+3D,1.7024580156430602
modern,2,a_N100_V3+3D,1.669792109169066
modern,2,a_N100_V3+3D,1.6261669807136059
modern,2,a_N100_V3+3D,1.6529170097783208
modern,2,a_N100_V3+3D,1.625875011086464
modern,2,a_N100_V3+3D,1.6360420268028975
modern,2,a_N100_V3+3D,1.60137505736202
modern,2,a_N100_V3+3D,1.627208897843957
modern,2,a_N100_V3+3D,1.6394580015912652
modern,2,a_N100_V3+3D,1.6542080556973815
modern,2,a_N100_V3+3D,1.6319999704137444
modern,2,a_N100_V3+3D,1.6744169406592846
modern,2,a_N100_V3+3D,1.6203749692067504
modern,2,a_N100_V3+3D,1.660709036514163
modern,2,a_N100_V3+3D,1.6753750387579203
modern,2,a_N100_V3+3D,1.6728750197216868
modern,2,a_N100_V3+3D,1.6569170402362943
modern,2,a_N100_V3+3D,1.6562920063734055
modern,2,a_N100_V3+3D,1.6553329769521952
modern,2,a_N100_V3+3D,1.6801670426502824
modern,2,a_N100_V3+3D,1.6271669883280993
modern,2,a_N100_V3+3D,1.6473750583827496
modern,2,a_N100_V3+3D,1.66020798496902
modern,2,a_N100_V3+3D,1.6174999764189124
modern,2,a_N100_V3+3D,1.6402499750256538
modern,2,a_N100_V3+3D,1.6544170212000608
modern,2,a_N100_V3+3D,1.623875112272799
modern,2,a_N100_V3+3D,1.6633749473839998
modern,2,a_N100_V3+3D,1.6473339637741446
modern,2,a_N100_V3+3D,1.6415000427514315
modern,2,a_N100_V3+3D,1.6126669943332672
modern,2,a_N100_V3+3D,1.6934999730437994
modern,2,a_N100_V3+3D,1.6301249852403998
modern,2,a_N100_V3+3D,1.624707947485149
modern,2,a_N100_V3+3D,1.630999962799251
modern,2,a_N100_V3+3D,1.6210420290008187
modern,2,a_N100_V3+3D,1.6120410291478038
modern,2,a_N100_V3+3D,1.9688749453052878
modern,2,a_N100_V3+3D,1.3287089532241225
modern,2,a_N100_V3+3D,1.2787498999387026
modern,2,a_N100_V3+3D,1.2305419659242034
modern,2,a_N100_V3+3D,1.3060830533504486
modern,2,a_N100_V3+3D,1.2861249269917607
modern,2,a_N100_V3+3D,1.7485000425949693
modern,2,a_N100_V3+3D,1.7259999876841903
modern,2,a_N100_V3+3D,1.6781670274212956
modern,2,a_N100_V3+3D,1.6726659378036857
modern,2,a_N100_V3+3D,1.6709580086171627
modern,2,a_N100_V3+3D,1.6525000100955367
modern,2,a_N100_V3+3D,1.6402499750256538
modern,2,a_N100_V3+3D,1.6767920460551977
modern,2,a_N100_V3+3D,1.650916994549334
modern,2,a_N100_V3+3D,1.6545840771868825
modern,2,a_N100_V3+3D,1.6463330248370767
modern,2,a_N100_V3+3D,1.6330840298905969
modern,2,a_N100_V3+3D,1.6506660031154752
modern,2,a_N100_V3+3D,1.6585830599069595
modern,2,a_N100_V3+3D,1.635249936953187
modern,2,a_N100_V3+3D,1.6409161034971476
modern,2,a_N100_V3+3D,1.638249959796667
modern,2,a_N100_V3+3D,1.6985420370474458
modern,2,a_N100_V3+3D,1.6187079017981887
modern,2,a_N100_V3+3D,1.6280419658869505
modern,2,a_N100_V3+3D,1.617667032405734
modern,2,a_N100_V3+3D,1.6177080105990171
modern,2,a_N100_V3+3D,1.6367909265682101
modern,2,a_N100_V3+3D,1.6397499712184072
modern,2,a_N100_V3+3D,1.640666974708438
modern,2,a_N100_V3+3D,1.6182910185307264
modern,2,a_N100_V3+3D,1.640375005081296
modern,2,a_N100_V3+3D,1.6202920814976096
modern,2,a_N100_V3+3D,1.6570000443607569
modern,2,a_N100_V3+3D,1.6180839156731963
modern,2,a_N100_V3+3D,1.9626669818535447
modern,2,a_N100_V3+3D,1.2532079126685858
modern,2,a_N100_V3+3D,1.2641249923035502
modern,2,a_N100_V3+3D,1.224583014845848
modern,2,a_N100_V3+3D,1.2095000129193068
modern,2,a_N100_V3+3D,1.2110420502722263
modern,2,a_N100_V3+3D,1.2069159420207143
modern,2,a_N100_V3+3D,1.2142079649493098
modern,2,a_N100_V3+3D,1.2004590826109052
modern,2,a_N100_V3+3D,1.2007920304313302
modern,2,a_N100_V3+3D,1.218041987158358
modern,2,a_N100_V3+3D,1.2111670803278685
modern,2,a_N100_V3+3D,1.2131250696256757
modern,2,a_N100_V3+3D,1.2101250467821956
modern,2,a_N100_V3+3D,1.2006249744445086
modern,2,a_N100_V3+3D,1.205083099193871
modern,2,a_N100_V3+3D,1.2064579641446471
modern,2,a_N100_V3+3D,1.204625004902482
modern,2,a_N100_V3+3D,1.2144579086452723
modern,2,a_N100_V3+3D,1.2445419561117887
modern,2,a_N100_V3+3D,1.2384590227156878
modern,2,a_N100_V3+3D,1.2046659830957651
modern,2,a_N100_V3+3D,1.2097919825464487
modern,2,a_N100_V3+3D,1.2019169516861439
modern,2,a_N100_V3+3D,1.1947500752285123
modern,2,a_N100_V3+3D,1.4458330115303397
modern,2,a_N100_V3+3D,1.2530420208349824
modern,2,a_N100_V3+3D,1.5143330674618483
modern,2,a_N100_V3+3D,1.233958057127893
modern,2,a_N100_V3+3D,1.1966669699177146
modern,2,a_N100_V3+3D,1.7717500450089574
modern,2,a_N100_V3+3D,1.7488340381532907
modern,2,a_N100_V3+3D,1.676207990385592
modern,2,a_N100_V3+3D,1.6676250379532576
modern,2,a_N100_V3+3D,1.6741669969633222
modern,2,a_N100_V3+3D,1.7485420685261488
modern,2,a_N100_V3+3D,1.6647089505568147
modern,2,a_N100_V3+3D,1.6349999932572246
modern,2,a_N100_V3+3D,1.6738749109208584
modern,2,a_N100_V3+3D,1.6445419751107693
modern,2,a_N100_V3+3D,1.63312500808388
modern,2,a_N100_V3+3D,1.660540932789445
modern,2,a_N100_V3+3D,1.6387919895350933
modern,2,a_N100_V3+3D,1.6512909205630422
modern,2,a_N100_V3+3D,1.6277909744530916
modern,2,a_N100_V3+3D,1.6341250156983733
modern,2,a_N100_V3+3D,1.6264590667560697
modern,2,a_N100_V3+3D,1.6272920183837414
modern,2,a_N100_V3+3D,1.6254170332103968
modern,2,a_N100_V3+3D,1.6122499946504831
modern,2,a_N100_V3+3D,1.6289160121232271
modern,2,a_N100_V3+3D,1.6367500647902489
modern,2,a_N100_V3+3D,1.6660839319229126
modern,2,a_N100_V3+3D,1.6209580935537815
modern,2,a_N100_V3+3D,1.6009999671950936
modern,2,a_N100_V3+3D,1.6138749197125435
modern,2,a_N100_V3+3D,1.6256249509751797
modern,2,a_N100_V3+3D,1.6180840320885181
modern,2,a_N100_V3+3D,1.6271249623969197
modern,2,a_N100_V3+3D,1.8878750270232558
modern,2,a_N100_V3+3D,1.6296670073643327
modern,2,a_N100_V3+3D,1.611375017091632
modern,2,a_N100_V3+3D,1.6171670285984874
modern,2,a_N100_V3+3D,1.6184590058401227
modern,2,a_N100_V3+3D,1.6517500625923276
modern,2,a_N100_V3+3D,1.6119999345391989
modern,2,a_N100_V3+3D,1.6409169184044003
modern,2,a_N100_V3+3D,1.6052499413490295
modern,2,a_N100_V3+3D,1.6228749882429838
modern,2,a_N100_V3+3D,1.6252920031547546
modern,2,a_N100_V3+3D,1.601958996616304
modern,2,a_N100_V3+3D,1.6011670231819153
modern,2,a_N100_V3+3D,1.5984589699655771
modern,2,a_N100_V3+3D,1.6213749768212438
modern,2,a_N100_V3+3D,1.627375022508204
modern,2,a_N100_V3+3D,1.622208976186812
modern,2,a_N100_V3+3D,1.621500006876886
modern,2,a_N100_V3+3D,1.5978330047801137
modern,2,a_N100_V3+3D,1.6125410329550505
modern,2,a_N100_V3+3D,1.640042057260871
modern,2,a_N100_V3+3D,1.59837503451854
modern,2,a_N100_V3+3D,1.6064589144662023
modern,2,a_N100_V3+3D,1.6159589868038893
modern,2,a_N100_V3+3D,1.5916660195216537
modern,2,a_N100_V3+3D,1.6061249189078808
modern,2,a_N100_V3+3D,1.6046669334173203
modern,2,a_N100_V3+3D,1.617874950170517
modern,2,a_N100_V3+3D,1.5999589813873172
modern,2,a_N100_V3+3D,1.6093750018626451
modern,2,a_N100_V3+3D,1.6893749125301838
modern,2,a_N100_V3+3D,1.8344999989494681
modern,2,a_N100_V3+3D,2.1198749309405684
modern,2,a_N100_V3+3D,1.7038339283317327
modern,2,a_N100_V3+3D,1.7106669256463647
modern,2,a_N100_V3+3D,1.6873329877853394
modern,2,a_N100_V3+3D,1.7530419863760471
modern,2,a_N100_V3+3D,1.7364160157740116
modern,2,a_N100_V3+3D,1.7357500037178397
modern,2,a_N100_V3+3D,1.6915000742301345
modern,2,a_N100_V3+3D,1.7205419717356563
modern,2,a_N100_V3+3D,1.6512080328539014
modern,2,a_N100_V3+3D,1.737833023071289
modern,2,a_N100_V3+3D,1.6996660269796848
modern,2,a_N100_V3+3D,1.7342499922960997
modern,2,a_N100_V3+3D,1.6376249259337783
modern,2,a_N100_V3+3D,1.6985000111162663
modern,2,a_N100_V3+3D,1.7638750141486526
modern,2,a_N100_V3+3D,1.7318329773843288
modern,2,a_N100_V3+3D,1.6552909510210156
modern,2,a_N100_V3+3D,1.7134579829871655
modern,2,a_N100_V3+3D,1.730959047563374
modern,2,a_N100_V3+3D,1.7073750495910645
modern,2,a_N100_V3+3D,1.6771249938756227
modern,2,a_N100_V3+3D,1.7121670534834266
modern,2,a_N100_V3+3D,1.6385000199079514
modern,2,a_N100_V3+3D,1.6949999844655395
modern,2,a_N100_V3+3D,1.6770840156823397
modern,2,a_N100_V3+3D,1.6881250776350498
modern,2,a_N100_V3+3D,1.6347500495612621
modern,2,a_N100_V3+3D,1.6890419647097588
modern,2,a_N100_V3+3D,2.0261669997125864
modern,2,a_N100_V3+3D,1.6006669029593468
modern,2,a_N100_V3+3D,1.9794999388977885
modern,2,a_N100_V3+3D,1.636000000871718
modern,2,a_N100_V3+3D,1.342457951977849
modern,2,a_N100_V3+3D,1.3759590219706297
modern,2,a_N100_V3+3D,1.3450420228764415
modern,2,a_N100_V3+3D,1.3292500516399741
modern,2,a_N100_V3+3D,1.274875015951693
modern,2,a_N100_V3+3D,1.3442080235108733
modern,2,a_N100_V3+3D,1.2695000041276217
modern,2,a_N100_V3+3D,1.3301670551300049
modern,2,a_N100_V3+3D,1.3085410464555025
modern,2,a_N100_V3+3D,1.3316250406205654
modern,2,a_N100_V3+3D,1.2752918992191553
modern,2,a_N100_V3+3D,1.3200000394135714
modern,2,a_N100_V3+3D,1.289999927394092
modern,2,a_N100_V3+3D,1.3890420086681843
modern,2,a_N100_V3+3D,1.2467079795897007
modern,2,a_N100_V3+3D,1.3275829842314124
modern,2,a_N100_V3+3D,1.3263749424368143
modern,2,a_N100_V3+3D,1.3391249813139439
modern,2,a_N100_V3+3D,1.2899159919470549
modern,2,a_N100_V3+3D,1.329209073446691
modern,2,a_N100_V3+3D,1.2569579994305968
modern,2,a_N100_V3+3D,1.3955000322312117
modern,2,a_N100_V3+3D,1.356624998152256
modern,2,a_N100_V3+3D,1.3390410458669066
modern,2,a_N100_V3+3D,1.2308330042287707
modern,2,a_N100_V3+3D,1.4125419547781348
modern,2,a_N100_V3+3D,1.7741249175742269
modern,2,a_N100_V3+3D,1.7213330138474703
modern,2,a_N100_V3+3D,1.6945829847827554
modern,2,a_N100_V3+3D,1.6756668919697404
modern,2,a_N100_V3+3D,1.6605000710114837
modern,2,a_N100_V3+3D,1.6767919296398759
modern,2,a_N100_V3+3D,1.6546249389648438
modern,2,a_N100_V3+3D,1.6416669823229313
modern,2,a_N100_V3+3D,1.6324999742209911
modern,2,a_N100_V3+3D,1.6419589519500732
modern,2,a_N100_V3+3D,1.6474999720230699
modern,2,a_N100_V3+3D,1.6318749403581023
modern,2,a_N100_V3+3D,1.6395420534536242
modern,2,a_N100_V3+3D,1.6388340154662728
modern,2,a_N100_V3+3D,1.6361670568585396
modern,2,a_N100_V3+3D,1.6452500130981207
modern,2,a_N100_V3+3D,1.62808399181813
modern,2,a_N100_V3+3D,1.6881669871509075
modern,2,a_N100_V3+3D,1.628124970011413
modern,2,a_N100_V3+3D,1.6250000335276127
modern,2,a_N100_V3+3D,1.6272079665213823
modern,2,a_N100_V3+3D,1.6289999475702643
modern,2,a_N100_V3+3D,1.635667053051293
modern,2,a_N100_V3+3D,1.6257079550996423
modern,2,a_N100_V3+3D,1.6229170141741633
modern,2,a_N100_V3+3D,2.00224993750453
modern,2,a_N100_V3+3D,1.7505829455330968
modern,2,a_N100_V3+3D,1.7070419853553176
modern,2,a_N100_V3+3D,1.6905000666156411
modern,2,a_N100_V3+3D,1.6817080322653055
modern,2,a_N100_V3+3D,1.7544589936733246
modern,2,a_N100_V3+3D,1.708082971163094
modern,2,a_N100_V3+3D,1.6797080170363188
modern,2,a_N100_V3+3D,1.6580830560997128
modern,2,a_N100_V3+3D,1.6591671155765653
modern,2,a_N100_V3+3D,1.6669169999659061
modern,2,a_N100_V3+3D,1.643874915316701
modern,2,a_N100_V3+3D,1.66170799639076
modern,2,a_N100_V3+3D,1.6615410568192601
modern,2,a_N100_V3+3D,1.650208025239408
modern,2,a_N100_V3+3D,1.6647500451654196
modern,2,a_N100_V3+3D,1.6550000291317701
modern,2,a_N100_V3+3D,1.6498749610036612
modern,2,a_N100_V3+3D,1.6333749517798424
modern,2,a_N100_V3+3D,1.6534579917788506
modern,2,a_N100_V3+3D,1.6905840020626783
modern,2,a_N100_V3+3D,1.6431250842288136
modern,2,a_N100_V3+3D,1.644542091526091
modern,2,a_N100_V3+3D,1.6659169923514128
modern,2,a_N100_V3+3D,1.6725840978324413
modern,2,a_N100_V3+3D,1.6399999149143696
modern,2,a_N100_V3+3D,1.6401659231632948
modern,2,a_N100_V3+3D,1.6329169739037752
modern,2,a_N100_V3+3D,1.642499933950603
modern,2,a_N100_V3+3D,1.6384590417146683
modern,2,a_N100_V3+3D,1.647584023885429
modern,2,a_N100_V3+3D,1.6410830430686474
modern,2,a_N100_V3+3D,1.6414170386269689
modern,2,a_N100_V3+3D,1.6585419652983546
modern,2,a_N100_V3+3D,1.66470801923424
modern,2,a_N100_V3+3D,1.7842910019680858
modern,2,a_N100_V3+3D,1.7604170134291053
modern,2,a_N100_V3+3D,1.744000008329749
modern,2,a_N100_V3+3D,1.738916034810245
modern,2,a_N100_V3+3D,1.7202500021085143
modern,2,a_N100_V3+3D,1.680209068581462
modern,2,a_N100_V3+3D,1.6986660193651915
modern,2,a_N100_V3+3D,1.7145000165328383
modern,2,a_N100_V3+3D,1.6617089277133346
modern,2,a_N100_V3+3D,1.738124992698431
modern,2,a_N100_V3+3D,1.6746670007705688
modern,2,a_N100_V3+3D,1.6645420109853148
modern,2,a_N100_V3+3D,1.6973329475149512
modern,2,a_N100_V3+3D,1.7291249241679907
modern,2,a_N100_V3+3D,1.6900839982554317
modern,2,a_N100_V3+3D,1.6645420109853148
modern,2,a_N100_V3+3D,1.7410829896107316
modern,2,a_N100_V3+3D,1.6602090327069163
modern,2,a_N100_V3+3D,1.651708036661148
modern,2,a_N100_V3+3D,1.6789169749245048
modern,2,a_N100_V3+3D,1.6714580124244094
modern,2,a_N100_V3+3D,1.644458039663732
modern,2,a_N100_V3+3D,1.6876670997589827
modern,2,a_N100_V3+3D,1.6978339990600944
modern,2,a_N100_V3+3D,1.6894580330699682
modern,2,a_N100_V3+3D,1.6611668979749084
modern,2,a_N100_V3+3D,1.666459022089839
modern,2,a_N100_V3+3D,1.9671249901875854
modern,2,a_N100_V3+3D,1.2857079273089767
modern,2,a_N100_V3+3D,1.2736249482259154
modern,2,a_N100_V3+3D,1.28820794634521
modern,2,a_N100_V3+3D,1.2464580358937383
modern,2,a_N100_V3+3D,1.3126670382916927
modern,2,a_N100_V3+3D,1.2513750698417425
modern,2,a_N100_V3+3D,1.273792004212737
modern,2,a_N100_V3+3D,1.2717910576611757
modern,2,a_N100_V3+3D,1.2485830811783671
modern,2,a_N100_V3+3D,1.2452920200303197
modern,2,a_N100_V3+3D,1.2665839167311788
modern,2,a_N100_V3+3D,1.2514999834820628
modern,2,a_N100_V3+3D,1.4901250833645463
modern,2,a_N100_V3+3D,1.5647499822080135
modern,2,a_N100_V3+3D,0.84920902736485
modern,2,a_N100_V3+3D,0.8113749790936708
modern,2,a_N100_V3+3D,0.8170419605448842
modern,2,a_N100_V3+3D,0.8144170278683305
modern,2,a_N100_V3+3D,0.8040829561650753
modern,2,a_N100_V3+3D,0.8208750514313579
modern,2,a_N100_V3+3D,0.8158329874277115
modern,2,a_N100_V3+3D,0.8112500654533505
modern,2,a_N100_V3+3D,0.8142500882968307
modern,2,a_N100_V3+3D,0.81212492659688
modern,2,a_N100_V3+3D,0.7978749927133322
modern,2,a_N100_V3+3D,0.8412080351263285
modern,2,a_N100_V3+3D,0.8464999264106154
modern,2,a_N100_V3+3D,0.8107919711619616
modern,2,a_N100_V3+3D,0.8155829273164272
modern,2,a_N100_V3+3D,0.801707967184484
modern,2,a_N100_V3+3D,0.7933329325169325
modern,2,a_N100_V3+3D,0.8163750171661377
modern,2,a_N100_V3+3D,1.785959000699222
modern,2,a_N100_V3+3D,1.762000028975308
modern,2,a_N100_V3+3D,1.7010420560836792
modern,2,a_N100_V3+3D,1.6921249916777015
modern,2,a_N100_V3+3D,1.678291941061616
modern,2,a_N100_V3+3D,1.6629579477012157
modern,2,a_N100_V3+3D,1.6701669665053487
modern,2,a_N100_V3+3D,1.6771670198068023
modern,2,a_N100_V3+3D,1.665332936681807
modern,2,a_N100_V3+3D,1.6676669474691153
modern,2,a_N100_V3+3D,1.6557920025661588
modern,2,a_N100_V3+3D,1.6717499820515513
modern,2,a_N100_V3+3D,1.655625062994659
modern,2,a_N100_V3+3D,2.166499965824187
modern,2,a_N100_V3+3D,1.7364590894430876
modern,2,a_N100_V3+3D,1.68224994558841
modern,2,a_N100_V3+3D,1.6542499652132392
modern,2,a_N100_V3+3D,1.7540419939905405
modern,2,a_N100_V3+3D,1.6951248981058598
modern,2,a_N100_V3+3D,1.6830419190227985
modern,2,a_N100_V3+3D,1.6587499994784594
modern,2,a_N100_V3+3D,1.6679170075803995
modern,2,a_N100_V3+3D,1.6410419484600425
modern,2,a_N100_V3+3D,1.7074999632313848
modern,2,a_N100_V3+3D,1.6353749670088291
modern,2,a_N100_V3+3D,1.6499999910593033
modern,2,a_N100_V3+3D,1.6386250499635935
modern,2,a_N100_V3+3D,1.6285419696941972
modern,2,a_N100_V3+3D,1.6302920412272215
modern,2,a_N100_V3+3D,1.6551250591874123
modern,2,a_N100_V3+3D,1.638250076211989
modern,2,a_N100_V3+3D,1.6977500636130571
modern,2,a_N100_V3+3D,1.669249963015318
modern,2,a_N100_V3+3D,1.6970830038189888
modern,2,a_N100_V3+3D,1.6995419282466173
modern,2,a_N100_V3+3D,1.66637497022748
modern,2,a_N100_V3+3D,1.7359999474138021
modern,2,a_N100_V3+3D,1.6268750187009573
modern,2,a_N100_V3+3D,1.6240839613601565
modern,2,a_N100_V3+3D,1.6353329410776496
modern,2,a_N100_V3+3D,1.62341701798141
modern,2,a_N100_V3+3D,1.6198339872062206
modern,2,a_N100_V3+3D,1.6137500060722232
modern,2,a_N100_V3+3D,1.6295419773086905
modern,2,a_N100_V3+3D,1.6215420328080654
modern,2,a_N100_V3+3D,1.9774999236688018
modern,2,a_N100_V3+3D,1.230000052601099
modern,2,a_N100_V3+3D,1.223083003424108
modern,2,a_N100_V3+3D,1.2100829044356942
modern,2,a_N100_V3+3D,1.2171660782769322
modern,2,a_N100_V3+3D,1.2049999786540866
modern,2,a_N100_V3+3D,1.2031670194119215
modern,2,a_N100_V3+3D,1.1999579146504402
modern,2,a_N100_V3+3D,1.193000003695488
modern,2,a_N100_V3+3D,1.2138329911977053
modern,2,a_N100_V3+3D,1.202082959935069
modern,2,a_N100_V3+3D,1.219124998897314
modern,2,a_N100_V3+3D,1.1951250489801168
modern,2,a_N100_V3+3D,1.2170419795438647
modern,2,a_N100_V3+3D,1.2000839924439788
modern,2,a_N100_V3+3D,1.7595000099390745
modern,2,a_N100_V3+3D,1.7657499993219972
modern,2,a_N100_V3+3D,1.703333924524486
modern,2,a_N100_V3+3D,1.6937910113483667
modern,2,a_N100_V3+3D,1.6787080094218254
modern,2,a_N100_V3+3D,1.6719999257475138
modern,2,a_N100_V3+3D,1.670665922574699
modern,2,a_N100_V3+3D,1.6707920003682375
modern,2,a_N100_V3+3D,1.651915954425931
modern,2,a_N100_V3+3D,1.657749991863966
modern,2,a_N100_V3+3D,1.6651250189170241
modern,2,a_N100_V3+3D,1.645500073209405
modern,2,a_N100_V3+3D,1.6542499652132392
modern,2,a_N100_V3+3D,1.6380830202251673
modern,2,a_N100_V3+3D,1.633916050195694
modern,2,a_N100_V3+3D,1.654166029766202
modern,2,a_N100_V3+3D,1.6395410057157278
modern,2,a_N100_V3+3D,1.7041669925674796
modern,2,a_N100_V3+3D,1.6425830544903874
modern,2,a_N100_V3+3D,2.1473329979926348
modern,2,a_N100_V3+3D,1.7512909835204482
modern,2,a_N100_V3+3D,1.7269159434363246
modern,2,a_N100_V3+3D,1.7098329262807965
modern,2,a_N100_V3+3D,1.6934589948505163
modern,2,a_N100_V3+3D,1.6776249976828694
modern,2,a_N100_V3+3D,1.6785420011729002
modern,2,a_N100_V3+3D,1.6724170418456197
modern,2,a_N100_V3+3D,1.666042022407055
modern,2,a_N100_V3+3D,1.6752920346334577
modern,2,a_N100_V3+3D,1.6623750561848283
modern,2,a_N100_V3+3D,1.6647500451654196
modern,2,a_N100_V3+3D,1.7382919322699308
modern,2,a_N100_V3+3D,1.6642919508740306
modern,2,a_N100_V3+3D,1.6538338968530297
modern,2,a_N100_V3+3D,1.7006660345941782
modern,2,a_N100_V3+3D,1.6624589916318655
modern,2,a_N100_V3+3D,1.6641659894958138
modern,2,a_N100_V3+3D,1.6494999872520566
modern,2,a_N100_V3+3D,1.6444999491795897
modern,2,a_N100_V3+3D,1.6423750203102827
modern,2,a_N100_V3+3D,1.6556669725105166
modern,2,a_N100_V3+3D,1.6450000694021583
modern,2,a_N100_V3+3D,1.6383749898523092
modern,2,a_N100_V3+3D,1.659165951423347
modern,2,a_N100_V3+3D,1.65200000628829
modern,2,a_N100_V3+3D,2.186291036196053
modern,2,a_N100_V3+3D,0.9257500059902668
modern,2,a_N100_V3+3D,0.8476669900119305
modern,2,a_N100_V3+3D,0.8150829235091805
modern,2,a_N100_V3+3D,0.8083329303190112
modern,2,a_N100_V3+3D,0.8125839522108436
modern,2,a_N100_V3+3D,0.8240409661084414
modern,2,a_N100_V3+3D,0.8067500311881304
modern,2,a_N100_V3+3D,0.8014589548110962
modern,2,a_N100_V3+3D,0.8071669144555926
modern,2,a_N100_V3+3D,1.01666699629277
modern,2,a_N100_V3+3D,0.8388749556615949
modern,2,a_N100_V3+3D,0.8003750117495656
modern,2,a_N100_V3+3D,0.8087920723482966
modern,2,a_N100_V3+3D,0.8074580691754818
modern,2,a_N100_V3+3D,1.7984159057959914
modern,2,a_N100_V3+3D,1.83012499473989
modern,2,a_N100_V3+3D,1.6836250433698297
modern,2,a_N100_V3+3D,1.6610410530120134
modern,2,a_N100_V3+3D,1.680833986029029
modern,2,a_N100_V3+3D,1.666791969910264
modern,2,a_N100_V3+3D,1.6592079773545265
modern,2,a_N100_V3+3D,1.6515000024810433
modern,2,a_N100_V3+3D,1.6416249563917518
modern,2,a_N100_V3+3D,1.6404170310124755
modern,2,a_N100_V3+3D,1.6515000024810433
modern,2,a_N100_V3+3D,1.6292920336127281
modern,2,a_N100_V3+3D,1.6099170316010714
modern,2,a_N100_V3+3D,1.6041250200942159
modern,2,a_N100_V3+3D,1.6083329683169723
modern,2,a_N100_V3+3D,1.6312079969793558
modern,2,a_N100_V3+3D,1.6402500914409757
modern,2,a_N100_V3+3D,1.6822500620037317
modern,2,a_N100_V3+3D,1.8903330201283097
modern,2,a_N100_V3+3D,1.622249954380095
modern,2,a_N100_V3+3D,1.6318329144269228
modern,2,a_N100_V3+3D,1.6137920320034027
modern,2,a_N100_V3+3D,1.6052499413490295
modern,2,a_N100_V3+3D,1.6132909804582596
modern,2,a_N100_V3+3D,1.6268329927697778
modern,2,a_N100_V3+3D,1.6248750034719706
modern,2,a_N100_V3+3D,2.053749980404973
modern,2,a_N100_V3+3D,1.752000069245696
modern,2,a_N100_V3+3D,1.7002499662339687
modern,2,a_N100_V3+3D,1.6690000193193555
modern,2,a_N100_V3+3D,1.651667058467865
modern,2,a_N100_V3+3D,2.000542008318007
modern,2,a_N100_V3+3D,1.7285000067204237
modern,2,a_N100_V3+3D,1.6708750044927
modern,2,a_N100_V3+3D,1.655958010815084
modern,2,a_N100_V3+3D,1.6506249085068703
modern,2,a_N100_V3+3D,1.6457499004900455
modern,2,a_N100_V3+3D,1.630958984605968
modern,2,a_N100_V3+3D,1.6214170027524233
modern,2,a_N100_V3+3D,1.618625014089048
modern,2,a_N100_V3+3D,1.6225839499384165
modern,2,a_N100_V3+3D,1.6256249509751797
modern,2,a_N100_V3+3D,1.7013750039041042
modern,2,a_N100_V3+3D,1.6238749958574772
modern,2,a_N100_V3+3D,1.6159579390659928
modern,2,a_N100_V3+3D,1.6427090158686042
modern,2,a_N100_V3+3D,1.621625036932528
modern,2,a_N100_V3+3D,1.6043750802055001
modern,2,a_N100_V3+3D,1.6132500022649765
modern,2,a_N100_V3+3D,1.6371250385418534
modern,2,a_N100_V3+3D,1.6667499439790845
modern,2,a_N100_V3+3D,1.6098750056698918
modern,2,a_N100_V3+3D,1.6255839727818966
modern,2,a_N100_V3+3D,1.6040829941630363
modern,2,a_N100_V3+3D,1.602291944436729
modern,2,a_N100_V3+3D,1.5962920151650906
modern,2,a_N100_V3+3D,1.6087499679997563
modern,2,a_N100_V3+3D,1.6110839787870646
modern,2,a_N100_V3+3D,1.6845420468598604
modern,2,a_N100_V3+3D,1.623749965801835
modern,2,a_N100_V3+3D,1.776083023287356
modern,2,a_N100_V3+3D,1.746458001434803
modern,2,a_N100_V3+3D,1.7386249965056777
modern,2,a_N100_V3+3D,1.699125044979155
modern,2,a_N100_V3+3D,1.6909170662984252
modern,2,a_N100_V3+3D,1.7437080387026072
modern,2,a_N100_V3+3D,1.6817089635878801
modern,2,a_N100_V3+3D,1.7007500864565372
modern,2,a_N100_V3+3D,1.6909580444917083
modern,2,a_N100_V3+3D,1.6571249580010772
modern,2,a_N100_V3+3D,1.6398340230807662
modern,2,a_N100_V3+3D,1.6729580238461494
modern,2,a_N100_V3+3D,1.6644169809296727
modern,2,a_N100_V3+3D,1.6562090022489429
modern,2,a_N100_V3+3D,1.626207958906889
modern,2,a_N100_V3+3D,1.6588339349254966
modern,2,a_N100_V3+3D,1.6481250058859587
modern,2,a_N100_V3+3D,1.7302080523222685
modern,2,a_N100_V3+3D,1.6502500511705875
modern,2,a_N100_V3+3D,1.6622499097138643
modern,2,a_N100_V3+3D,1.6529170097783208
modern,2,a_N100_V3+3D,2.221624949015677
modern,2,a_N100_V3+3D,2.2101670037955046
modern,2,a_N100_V3+3D,1.9564579706639051
modern,2,a_N100_V3+3D,1.774042029865086
modern,2,a_N100_V3+3D,1.7137089744210243
modern,2,a_N100_V3+3D,1.6633749473839998
modern,2,a_N100_V3+3D,1.695042010396719
modern,2,a_N100_V3+3D,1.6343339812010527
modern,2,a_N100_V3+3D,1.6478749457746744
modern,2,a_N100_V3+3D,2.213209052570164
modern,2,a_N100_V3+3D,0.874500023201108
modern,2,a_N100_V3+3D,0.9082079632207751
modern,2,a_N100_V3+3D,0.8594170212745667
modern,2,a_N100_V3+3D,0.8330000564455986
modern,2,a_N100_V3+3D,0.8150410139933228
modern,2,a_N100_V3+3D,0.8225420024245977
modern,2,a_N100_V3+3D,0.8381250081583858
modern,2,a_N100_V3+3D,0.8227919461205602
modern,2,a_N100_V3+3D,0.8743340149521828
modern,2,a_N100_V3+3D,0.8507079910486937
modern,2,a_N100_V3+3D,0.8251660037785769
modern,2,a_N100_V3+3D,0.801375019364059
modern,2,a_N100_V3+3D,0.7959590293467045
modern,2,a_N100_V3+3D,0.8225829806178808
modern,2,a_N100_V3+3D,0.8535840315744281
modern,2,a_N100_V3+3D,0.8006250718608499
modern,2,a_N100_V3+3D,0.8393749594688416
modern,2,a_N100_V3+3D,0.7964590331539512
modern,2,a_N100_V3+3D,0.8873339975252748
modern,2,a_N100_V3+3D,0.9167500538751483
modern,2,a_N100_V3+3D,0.8960000704973936
modern,2,a_N100_V3+3D,0.8206669008359313
modern,2,a_N100_V3+3D,0.9137920569628477
modern,2,a_N100_V3+3D,0.8432079339399934
modern,2,a_N100_V3+3D,0.8293749997392297
modern,2,a_N100_V3+3D,0.81212492659688
modern,2,a_N100_V3+3D,0.8863749681040645
modern,2,a_N100_V3+3D,0.8046249859035015
modern,2,a_N100_V3+3D,0.9841249557211995
modern,2,a_N100_V3+3D,1.7696659779176116
modern,2,a_N100_V3+3D,1.7200830625370145
modern,2,a_N100_V3+3D,1.7320839688181877
modern,2,a_N100_V3+3D,2.0487919682636857
modern,2,a_N100_V3+3D,1.7890420276671648
modern,2,a_N100_V3+3D,1.7478340305387974
modern,2,a_N100_V3+3D,1.7097920645028353
modern,2,a_N100_V3+3D,1.69945799279958
modern,2,a_N100_V3+3D,1.6838329611346126
modern,2,a_N100_V3+3D,1.6616249922662973
modern,2,a_N100_V3+3D,1.6644999850541353
modern,2,a_N100_V3+3D,1.6782500315457582
modern,2,a_N100_V3+3D,1.6488329274579883
modern,2,a_N100_V3+3D,1.6532080480828881
modern,2,a_N100_V3+3D,1.6554159810766578
modern,2,a_N100_V3+3D,1.6583750257268548
modern,2,a_N100_V3+3D,1.6986249247565866
modern,2,a_N100_V3+3D,1.7145839519798756
modern,2,a_N100_V3+3D,1.6562090022489429
modern,2,a_N100_V3+3D,1.6470419941470027
modern,2,a_N100_V3+3D,1.6376250423491001
modern,2,a_N100_V3+3D,1.6402080655097961
modern,2,a_N100_V3+3D,1.6845830250531435
modern,2,a_N100_V3+3D,1.6491659916937351
modern,2,a_N100_V3+3D,1.6487500397488475
modern,2,a_N100_V3+3D,1.6537500778213143
modern,2,a_N100_V3+3D,1.6560000367462635
modern,2,a_N100_V3+3D,1.6486659878864884
modern,2,a_N100_V3+3D,1.6406670911237597
modern,2,a_N100_V3+3D,1.6418339218944311
modern,2,a_N100_V3+3D,1.640041940845549
modern,2,a_N100_V3+3D,1.6723750159144402
modern,2,a_N100_V3+3D,1.6934589948505163
modern,2,a_N100_V3+3D,1.6661250265315175
modern,2,a_N100_V3+3D,1.6561669763177633
modern,2,a_N100_V3+3D,1.66283396538347
modern,2,a_N100_V3+3D,1.965917064808309
modern,2,a_N100_V3+3D,1.259000040590763
modern,2,a_N100_V3+3D,1.2469590874388814
modern,2,a_N100_V3+3D,1.2367080198600888
modern,2,a_N100_V3+3D,1.228166976943612
modern,2,a_N100_V3+3D,1.241625053808093
modern,2,a_N100_V3+3D,1.2315419735386968
modern,2,a_N100_V3+3D,1.2295410269871354
modern,2,a_N100_V3+3D,1.2189169647172093
modern,2,a_N100_V3+3D,1.2224160600453615
modern,2,a_N100_V3+3D,1.228792010806501
modern,2,a_N100_V3+3D,1.239334000274539
modern,2,a_N100_V3+3D,1.2537080328911543
modern,2,a_N100_V3+3D,1.415375038050115
modern,2,a_N100_V3+3D,1.3118339702486992
modern,2,a_N100_V3+3D,1.2305419659242034
modern,2,a_N100_V3+3D,1.2312079779803753
modern,2,a_N100_V3+3D,1.221999991685152
modern,2,a_N100_V3+3D,1.3292080257087946
modern,2,a_N100_V3+3D,1.508207991719246
modern,2,a_N100_V3+3D,1.4900420792400837
modern,2,a_N100_V3+3D,1.23924994841218
modern,2,a_N100_V3+3D,1.2534999987110496
modern,2,a_N100_V3+3D,1.4807499246671796
modern,2,a_N100_V3+3D,1.8105829367414117
modern,2,a_N100_V3+3D,1.7632910748943686
modern,2,a_N100_V3+3D,1.747458940371871
modern,2,a_N100_V3+3D,1.8164999783039093
modern,2,a_N100_V3+3D,1.7272919649258256
modern,2,a_N100_V3+3D,2.78095796238631
modern,2,a_N100_V3+3D,1.8265419639647007
modern,2,a_N100_V3+3D,1.7994579393416643
modern,2,a_N100_V3+3D,1.7244169721379876
modern,2,a_N100_V3+3D,1.7324170330539346
modern,2,a_N100_V3+3D,1.6996250487864017
modern,2,a_N100_V3+3D,1.7237080028280616
modern,2,a_N100_V3+3D,1.6714590601623058
modern,2,a_N100_V3+3D,1.6832920955494046
modern,2,a_N100_V3+3D,1.6882088966667652
modern,2,a_N100_V3+3D,1.7189579084515572
modern,2,a_N100_V3+3D,1.7017079517245293
modern,2,a_N100_V3+3D,1.7369589768350124
modern,2,a_N100_V3+3D,1.7036659410223365
modern,2,a_N100_V3+3D,1.685666968114674
modern,2,a_N100_V3+3D,1.679584034718573
modern,2,a_N100_V3+3D,1.696125022135675
modern,2,a_N100_V3+3D,1.6768750501796603
modern,2,a_N100_V3+3D,1.6828749794512987
modern,2,a_N100_V3+3D,1.6717499820515513
modern,2,a_N100_V3+3D,1.695167040452361
modern,2,a_N100_V3+3D,1.6729170456528664
modern,2,a_N100_V3+3D,1.6871250700205564
modern,2,a_N100_V3+3D,1.654542051255703
modern,2,a_N100_V3+3D,1.7911669565364718
modern,2,a_N100_V3+3D,1.6495829913765192
modern,2,a_N100_V3+3D,1.7064999556168914
modern,2,a_N100_V3+3D,2.1062500309199095
modern,2,a_N100_V3+3D,1.38579192571342
modern,2,a_N100_V3+3D,1.253542024642229
modern,2,a_N100_V3+3D,1.2682500528171659
modern,2,a_N100_V3+3D,1.256417017430067
modern,2,a_N100_V3+3D,1.2463330058380961
modern,2,a_N100_V3+3D,1.2371670454740524
modern,2,a_N100_V3+3D,1.4034999767318368
modern,2,a_N100_V3+3D,1.254333066754043
modern,2,a_N100_V3+3D,1.2427920009940863
modern,2,a_N100_V3+3D,1.2585000367835164
modern,2,a_N100_V3+3D,1.235875068232417
modern,2,a_N100_V3+3D,1.2452919036149979
modern,2,a_N100_V3+3D,1.2212919536978006
modern,2,a_N100_V3+3D,1.296208007261157
modern,2,a_N100_V3+3D,1.252249930985272
modern,2,a_N100_V3+3D,1.2489159125834703
modern,2,a_N100_V3+3D,1.2190829729661345
modern,2,a_N100_V3+3D,1.285291975364089
modern,2,a_N100_V3+3D,1.2455419637262821
modern,2,a_N100_V3+3D,1.239374978467822
modern,2,a_N100_V3+3D,1.2472090311348438
modern,2,a_N100_V3+3D,1.2454999377951026
modern,2,a_N100_V3+3D,1.2280420633032918
modern,2,a_N100_V3+3D,1.2395000085234642
modern,2,a_N100_V3+3D,1.2178750475868583
modern,2,a_N100_V3+3D,1.2424159795045853
modern,2,a_N100_V3+3D,1.2190419947728515
modern,2,a_N100_V3+3D,1.7718749586492777
modern,2,a_N100_V3+3D,1.780749997124076
modern,2,a_N100_V3+3D,1.697917003184557
modern,2,a_N100_V3+3D,1.6942500369623303
modern,2,a_N100_V3+3D,1.6855000285431743
modern,2,a_N100_V3+3D,1.6642919508740306
modern,2,a_N100_V3+3D,1.6685000155121088
modern,2,a_N100_V3+3D,1.6572909662500024
modern,2,a_N100_V3+3D,1.6487500397488475
modern,2,a_N100_V3+3D,1.6411669785156846
modern,2,a_N100_V3+3D,1.6369579825550318
modern,2,a_N100_V3+3D,1.6274170484393835
modern,2,a_N100_V3+3D,1.6377080464735627
modern,2,a_N100_V3+3D,1.6249580075964332
modern,2,a_N100_V3+3D,1.6408339142799377
modern,2,a_N100_V3+3D,1.6419579042121768
modern,2,a_N100_V3+3D,1.6458750469610095
modern,2,a_N100_V3+3D,1.7041249666363
modern,2,a_N100_V3+3D,1.6463329084217548
modern,2,a_N100_V3+3D,1.6230419278144836
modern,2,a_N100_V3+3D,1.6171250026673079
modern,2,a_N100_V3+3D,1.6068749828264117
modern,2,a_N100_V3+3D,1.61575002130121
modern,2,a_N100_V3+3D,1.6352919628843665
modern,2,a_N100_V3+3D,1.6493330476805568
modern,2,a_N100_V3+3D,1.6176659846678376
modern,2,a_N100_V3+3D,1.6168750589713454
modern,2,a_N100_V3+3D,1.6098750056698918
modern,2,a_N100_V3+3D,1.6272920183837414
modern,2,a_N100_V3+3D,1.6146668931469321
modern,2,a_N100_V3+3D,1.6130419680848718
modern,2,a_N100_V3+3D,1.6505419043824077
modern,2,a_N100_V3+3D,1.623291987925768
modern,2,a_N100_V3+3D,1.7722499324008822
modern,2,a_N100_V3+3D,1.6330829821527004
modern,2,a_N100_V3+3D,1.6236250521615148
modern,2,a_N100_V3+3D,1.674792030826211
modern,2,a_N100_V3+3D,1.634665997698903
modern,2,a_N100_V3+3D,1.6275000525638461
modern,2,a_N100_V3+3D,1.6336250118911266
modern,2,a_N100_V3+3D,1.6277499962598085
modern,2,a_N100_V3+3D,1.6180420061573386
modern,2,a_N100_V3+3D,1.6235410002991557
modern,2,a_N100_V3+3D,1.611167099326849
modern,2,a_N100_V3+3D,1.6170000890269876
modern,2,a_N100_V3+3D,1.6791659872978926
modern,2,a_N100_V3+3D,1.6131249722093344
modern,2,a_N100_V3+3D,1.6312500229105353
modern,2,a_N100_V3+3D,1.6258329851552844
modern,2,a_N100_V3+3D,1.6342499293386936
modern,2,a_N100_V3+3D,1.6085839597508311
modern,2,a_N100_V3+3D,1.605957979336381
modern,2,a_N100_V3+3D,1.620874973013997
modern,2,a_N100_V3+3D,1.6019169706851244
modern,2,a_N100_V3+3D,1.6105830436572433
modern,2,a_N100_V3+3D,1.6543329693377018
modern,2,a_N100_V3+3D,1.6147500136867166
modern,2,a_N100_V3+3D,1.6152500174939632
modern,2,a_N100_V3+3D,1.6390410019084811
modern,2,a_N100_V3+3D,1.8086250638589263
modern,2,a_N100_V3+3D,1.7864580731838942
modern,2,a_N100_V3+3D,1.736665959469974
modern,2,a_N100_V3+3D,1.6942920628935099
modern,2,a_N100_V3+3D,1.7041249666363
modern,2,a_N100_V3+3D,1.734833000227809
modern,2,a_N100_V3+3D,1.6868340317159891
modern,2,a_N100_V3+3D,1.6879580216482282
modern,2,a_N100_V3+3D,1.6613330226391554
modern,2,a_N100_V3+3D,1.6620839014649391
modern,2,a_N100_V3+3D,1.659124973230064
modern,2,a_N100_V3+3D,1.6651659971103072
modern,2,a_N100_V3+3D,1.654083956964314
modern,2,a_N100_V3+3D,1.6582079697400331
modern,2,a_N100_V3+3D,1.6484169755131006
modern,2,a_N100_V3+3D,1.6453750431537628
modern,2,a_N100_V3+3D,1.64433300960809
modern,2,a_N100_V3+3D,1.6520830104127526
modern,2,a_N100_V3+3D,1.7082920530810952
modern,2,a_N100_V3+3D,1.6601670067757368
modern,2,a_N100_V3+3D,1.6480829799547791
modern,2,a_N100_V3+3D,1.6502090729773045
modern,2,a_N100_V3+3D,1.6479580663144588
modern,2,a_N100_V3+3D,1.6462920466437936
modern,2,a_N100_V3+3D,1.6347089549526572
modern,2,a_N100_V3+3D,1.6619579400867224
modern,2,a_N100_V3+3D,1.6480829799547791
modern,2,a_N100_V3+3D,1.6376669518649578
modern,2,a_N100_V3+3D,1.6328329220414162
modern,2,a_N100_V3+3D,1.6377499559894204
modern,2,a_N100_V3+3D,1.6357919666916132
modern,2,a_N100_V3+3D,1.6401249449700117
modern,2,a_N100_V3+3D,1.889833016321063
modern,2,a_N100_V3+3D,1.6697089886292815
modern,2,a_N100_V3+3D,1.6689170151948929
modern,2,a_N100_V3+3D,1.6768749337643385
modern,2,a_N100_V3+3D,1.6413329867646098
modern,2,a_N100_V3+3D,2.027207985520363
modern,2,a_N100_V3+3D,1.6353749670088291
modern,2,a_N100_V3+3D,1.640333910472691
modern,2,a_N100_V3+3D,1.6391660319641232
modern,2,a_N100_V3+3D,1.650166930630803
modern,2,a_N100_V3+3D,1.6470419941470027
modern,2,a_N100_V3+3D,1.6558748902752995
modern,2,a_N100_V3+3D,1.6527919797226787
modern,2,a_N100_V3+3D,1.6383340116590261
modern,2,a_N100_V3+3D,1.661041984334588
modern,2,a_N100_V3+3D,1.6369579825550318
modern,2,a_N100_V3+3D,1.6304580494761467
modern,2,a_N100_V3+3D,1.6339170979335904
modern,2,a_N100_V3+3D,1.956416992470622
modern,2,a_N100_V3+3D,1.2580840848386288
modern,2,a_N100_V3+3D,1.2395830126479268
modern,2,a_N100_V3+3D,1.231375033967197
modern,2,a_N100_V3+3D,1.230916939675808
modern,2,a_N100_V3+3D,1.2230419088155031
modern,2,a_N100_V3+3D,1.2313749175518751
modern,2,a_N100_V3+3D,1.2303750263527036
modern,2,a_N100_V3+3D,1.2317498913034797
modern,2,a_N100_V3+3D,1.2265408877283335
modern,2,a_N100_V3+3D,1.2335829669609666
modern,2,a_N100_V3+3D,1.7750839469954371
modern,2,a_N100_V3+3D,1.7416250193491578
modern,2,a_N100_V3+3D,1.7673749243840575
modern,2,a_N100_V3+3D,1.6922920476645231
modern,2,a_N100_V3+3D,1.7838750500231981
modern,2,a_N100_V3+3D,1.6753330128267407
modern,2,a_N100_V3+3D,1.7283339984714985
modern,2,a_N100_V3+3D,1.6531250439584255
modern,2,a_N100_V3+3D,1.8438330153003335
modern,2,a_N100_V3+3D,1.6742500010877848
modern,2,a_N100_V3+3D,1.7033329932019114
modern,2,a_N100_V3+3D,1.6504169907420874
modern,2,a_N100_V3+3D,1.6727090114727616
modern,2,a_N100_V3+3D,1.7168750055134296
modern,2,a_N100_V3+3D,1.6312079969793558
modern,2,a_N100_V3+3D,1.6429589595645666
modern,2,a_N100_V3+3D,1.6150419833138585
modern,2,a_N100_V3+3D,1.7130420310422778
modern,2,a_N100_V3+3D,1.628834055736661
modern,2,a_N100_V3+3D,1.6453750431537628
modern,2,a_N100_V3+3D,1.6574159963056445
modern,2,a_N100_V3+3D,1.6437090234830976
modern,2,a_N100_V3+3D,1.65200000628829
modern,2,a_N100_V3+3D,1.638708054088056
modern,2,a_N100_V3+3D,1.6425419598817825
modern,2,a_N100_V3+3D,1.6502919606864452
modern,2,a_N100_V3+3D,1.6247080639004707
modern,2,a_N100_V3+3D,1.628875033929944
modern,2,a_N100_V3+3D,1.6597920330241323
modern,2,a_N100_V3+3D,1.654124935157597
modern,2,a_N100_V3+3D,1.6380000161007047
modern,2,a_N100_V3+3D,1.685666968114674
modern,2,a_N100_V3+3D,1.6566249541938305
modern,2,a_N100_V3+3D,1.6306659672409296
modern,2,a_N100_V3+3D,1.6517919721081853
modern,2,a_N100_V3+3D,1.6519170021638274
modern,2,a_N100_V3+3D,1.634000102058053
modern,2,a_N100_V3+3D,1.6134590841829777
modern,2,a_N100_V3+3D,1.630667014978826
modern,2,a_N100_V3+3D,1.6277499962598085
modern,2,a_N100_V3+3D,1.66133395396173
modern,2,a_N100_V3+3D,1.6438330058008432
modern,2,a_N100_V3+3D,1.6023339703679085
modern,2,a_N100_V3+3D,1.642207964323461
modern,2,a_N100_V3+3D,1.6505829989910126
modern,2,a_N100_V3+3D,1.6575000481680036
modern,2,a_N100_V3+3D,1.6062919748947024
modern,2,a_N100_V3+3D,1.6565419500693679
modern,2,a_N100_V3+3D,1.6144580440595746
modern,2,a_N100_V3+3D,1.9522920483723283
modern,2,a_N100_V3+3D,1.2804160360246897
modern,2,a_N100_V3+3D,1.6742079751566052
modern,2,a_N100_V3+3D,1.547332969494164
modern,2,a_N100_V3+3D,1.3193750055506825
modern,2,a_N100_V3+3D,1.278917072340846
modern,2,a_N100_V3+3D,1.2695000041276217
modern,2,a_N100_V3+3D,1.285000005736947
modern,2,a_N100_V3+3D,1.2597499880939722
modern,2,a_N100_V3+3D,1.2852499494329095
modern,2,a_N100_V3+3D,1.2702499516308308
modern,2,a_N100_V3+3D,1.7583750886842608
modern,2,a_N100_V3+3D,1.749125076457858
modern,2,a_N100_V3+3D,1.7028750153258443
modern,2,a_N100_V3+3D,1.6847080551087856
modern,2,a_N100_V3+3D,1.6685830196365714
modern,2,a_N100_V3+3D,1.7112500499933958
modern,2,a_N100_V3+3D,2.1917500998824835
modern,2,a_N100_V3+3D,1.75324990414083
modern,2,a_N100_V3+3D,1.7249590018764138
modern,2,a_N100_V3+3D,1.7241250025108457
modern,2,a_N100_V3+3D,1.6652499325573444
modern,2,a_N100_V3+3D,1.6698340186849236
modern,2,a_N100_V3+3D,1.6788749489933252
modern,2,a_N100_V3+3D,1.664249924942851
modern,2,a_N100_V3+3D,1.6646250151097775
modern,2,a_N100_V3+3D,1.6794160474091768
modern,2,a_N100_V3+3D,1.6647500451654196
modern,2,a_N100_V3+3D,1.723624998703599
modern,2,a_N100_V3+3D,1.657332992181182
modern,2,a_N100_V3+3D,1.6385420458391309
modern,2,a_N100_V3+3D,1.66133395396173
modern,2,a_N100_V3+3D,1.644750009290874
modern,2,a_N100_V3+3D,1.6542499652132392
modern,2,a_N100_V3+3D,1.6539589269086719
modern,2,a_N100_V3+3D,1.6590829472988844
modern,2,a_N100_V3+3D,1.6493749571964145
modern,2,a_N100_V3+3D,1.6473749419674277
modern,2,a_N100_V3+3D,1.6486670356243849
modern,2,a_N100_V3+3D,1.6406249487772584
modern,2,a_N100_V3+3D,1.6261669807136059
modern,2,a_N100_V3+3D,1.6397909494116902
modern,2,a_N100_V3+3D,1.6955829923972487
modern,2,a_N100_V3+3D,1.6385000199079514
modern,2,a_N100_V3+3D,1.6401250613853335
modern,2,a_N100_V3+3D,1.623332966119051
modern,2,a_N100_V3+3D,1.6674170037731528
modern,2,a_N100_V3+3D,1.9587910501286387
modern,2,a_N100_V3+3D,1.3090830761939287
modern,2,a_N100_V3+3D,1.2560830218717456
modern,2,a_N100_V3+3D,1.2380830012261868
modern,2,a_N100_V3+3D,1.2367909075692296
modern,2,a_N100_V3+3D,1.2223339872434735
modern,2,a_N100_V3+3D,1.2287079589441419
modern,2,a_N100_V3+3D,1.2441669823601842
modern,2,a_N100_V3+3D,1.2724170228466392
modern,2,a_N100_V3+3D,1.237874967046082
modern,2,a_N100_V3+3D,1.2359580723568797
modern,2,a_N100_V3+3D,1.2345840223133564
modern,2,a_N100_V3+3D,1.2610420817509294
modern,2,a_N100_V3+3D,1.2250420404598117
modern,2,a_N100_V3+3D,1.2245000107213855
modern,2,a_N100_V3+3D,1.2365829898044467
modern,2,a_N100_V3+3D,1.223666942678392
modern,2,a_N100_V3+3D,1.2823339784517884
modern,2,a_N100_V3+3D,1.2184579391032457
modern,2,a_N100_V3+3D,1.2669579591602087
modern,2,a_N100_V3+3D,1.2448750203475356
modern,2,a_N100_V3+3D,1.2362499255686998
modern,2,a_N100_V3+3D,1.2327079894021153
modern,2,a_N100_V3+3D,1.2822920689359307
modern,2,a_N100_V3+3D,1.7627080669626594
modern,2,a_N100_V3+3D,1.720417058095336
modern,2,a_N100_V3+3D,1.688541960902512
modern,2,a_N100_V3+3D,1.6835000133141875
modern,2,a_N100_V3+3D,1.686624949797988
modern,2,a_N100_V3+3D,1.6629589954391122
modern,2,a_N100_V3+3D,1.655625062994659
modern,2,a_N100_V3+3D,1.643375027924776
modern,2,a_N100_V3+3D,1.6427920199930668
modern,2,a_N100_V3+3D,1.6341670416295528
modern,2,a_N100_V3+3D,1.6278330003842711
modern,2,a_N100_V3+3D,1.6344590112566948
modern,2,a_N100_V3+3D,1.6299580456689
modern,2,a_N100_V3+3D,1.6428750241175294
modern,2,a_N100_V3+3D,1.6388329677283764
modern,2,a_N100_V3+3D,1.6440829494968057
modern,2,a_N100_V3+3D,1.6387919895350933
modern,2,a_N100_V3+3D,1.6995839541777968
modern,2,a_N100_V3+3D,1.6319999704137444
modern,2,a_N100_V3+3D,1.6173749463632703
modern,2,a_N100_V3+3D,1.6201670514419675
modern,2,a_N100_V3+3D,1.6294170636683702
modern,2,a_N100_V3+3D,1.6392080578953028
modern,2,a_N100_V3+3D,1.62341701798141
modern,2,a_N100_V3+3D,1.611500047147274
modern,2,a_N100_V3+3D,1.6149580478668213
modern,2,a_N100_V3+3D,1.6206250293180346
modern,2,a_N100_V3+3D,1.61875004414469
modern,2,a_N100_V3+3D,1.6218750970438123
modern,2,a_N100_V3+3D,1.615084009245038
modern,2,a_N100_V3+3D,1.6181670362129807
modern,2,a_N100_V3+3D,1.649125013500452
modern,2,a_N100_V3+3D,1.6229590401053429
modern,2,a_N100_V3+3D,1.6310419887304306
modern,2,a_N100_V3+3D,1.6148330178111792
modern,2,a_N100_V3+3D,1.6279170522466302
modern,2,a_N100_V3+3D,1.6266250750049949
modern,2,a_N100_V3+3D,1.610332983545959
modern,2,a_N100_V3+3D,1.6144170658662915
modern,2,a_N100_V3+3D,1.6241660341620445
modern,2,a_N100_V3+3D,1.6192080220207572
modern,2,a_N100_V3+3D,1.6196249052882195
modern,2,a_N100_V3+3D,1.6083329683169723
modern,2,a_N100_V3+3D,1.6095830360427499
modern,2,a_N100_V3+3D,1.6176250064745545
modern,2,a_N100_V3+3D,1.6471670242026448
modern,2,a_N100_V3+3D,1.6210000030696392
modern,2,a_N100_V3+3D,1.6110000433400273
modern,2,a_N100_V3+3D,1.616082969121635
modern,2,a_N100_V3+3D,1.6206670552492142
modern,2,a_N100_V3+3D,1.6065840609371662
modern,2,a_N100_V3+3D,1.6258329851552844
modern,2,a_N100_V3+3D,1.6049169935286045
modern,2,a_N100_V3+3D,1.6132909804582596
modern,2,a_N100_V3+3D,1.6142500098794699
modern,2,a_N100_V3+3D,1.6145410481840372
modern,2,a_N100_V3+3D,1.6112499870359898
modern,2,a_N100_V3+3D,1.6211660113185644
modern,2,a_N100_V3+3D,1.6365830088034272
modern,2,a_N100_V3+3D,1.6168339643627405
modern,2,a_N100_V3+3D,1.7849160358309746
modern,2,a_N100_V3+3D,1.8099159933626652
modern,2,a_N100_V3+3D,1.7245420021936297
modern,2,a_N100_V3+3D,1.7540419939905405
modern,2,a_N100_V3+3D,1.6912498977035284
modern,2,a_N100_V3+3D,1.6984998947009444
modern,2,a_N100_V3+3D,1.7457919893786311
modern,2,a_N100_V3+3D,1.6769589856266975
modern,2,a_N100_V3+3D,1.6977079212665558
modern,2,a_N100_V3+3D,1.7013750039041042
modern,2,a_N100_V3+3D,1.6470419941470027
modern,2,a_N100_V3+3D,1.633457955904305
modern,2,a_N100_V3+3D,1.651915954425931
modern,2,a_N100_V3+3D,1.6532089794054627
modern,2,a_N100_V3+3D,1.6694170190021396
modern,2,a_N100_V3+3D,1.6969590215012431
modern,2,a_N100_V3+3D,1.6691660275682807
modern,2,a_N100_V3+3D,1.7008330905809999
modern,2,a_N100_V3+3D,1.666958094574511
modern,2,a_N100_V3+3D,1.6331248916685581
modern,2,a_N100_V3+3D,1.692374935373664
modern,2,a_N100_V3+3D,1.663916977122426
modern,2,a_N100_V3+3D,1.6503749648109078
modern,2,a_N100_V3+3D,1.6720839776098728
modern,2,a_N100_V3+3D,1.6527499537914991
modern,2,a_N100_V3+3D,1.654083956964314
modern,2,a_N100_V3+3D,1.6659999964758754
modern,2,a_N100_V3+3D,1.6693329671397805
modern,2,a_N100_V3+3D,1.6565830446779728
modern,2,a_N100_V3+3D,1.6669579781591892
modern,2,a_N100_V3+3D,1.647625002078712
modern,2,a_N100_V3+3D,1.654959050938487
modern,2,a_N100_V3+3D,1.6772079980000854
modern,2,a_N100_V3+3D,1.6826250357553363
modern,2,a_N100_V3+3D,1.9771669758483768
modern,2,a_N100_V3+3D,1.2630419805645943
modern,2,a_N100_V3+3D,1.2929158983752131
modern,2,a_N100_V3+3D,1.2579589383676648
modern,2,a_N100_V3+3D,1.2307500001043081
modern,2,a_N100_V3+3D,1.2433750089257956
modern,2,a_N100_V3+3D,1.25345797277987
modern,2,a_N100_V3+3D,1.2293750187382102
modern,2,a_N100_V3+3D,1.2437909608706832
modern,2,a_N100_V3+3D,1.2496249983087182
modern,2,a_N100_V3+3D,1.256291987374425
modern,2,a_N100_V3+3D,1.2428340269252658
modern,2,a_N100_V3+3D,1.242334023118019
modern,2,a_N100_V3+3D,1.2467920314520597
modern,2,a_N100_V3+3D,1.2244589161127806
modern,2,a_N100_V3+3D,1.2965418864041567
modern,2,a_N100_V3+3D,1.239707926288247
modern,2,a_N100_V3+3D,1.2631670106202364
modern,2,a_N100_V3+3D,1.262917066924274
modern,2,a_N100_V3+3D,1.2529999949038029
modern,2,a_N100_V3+3D,1.2554590357467532
modern,2,a_N100_V3+3D,1.2505840277299285
modern,2,a_N100_V3+3D,1.246292027644813
modern,2,a_N100_V3+3D,1.2070840457454324
modern,2,a_N100_V3+3D,1.2281249510124326
modern,2,a_N100_V3+3D,1.254333066754043
modern,2,a_N100_V3+3D,1.8302920507267118
modern,2,a_N100_V3+3D,1.8062499584630132
modern,2,a_N100_V3+3D,1.7775000305846334
modern,2,a_N100_V3+3D,1.7145420424640179
modern,2,a_N100_V3+3D,1.7592920921742916
modern,2,a_N100_V3+3D,1.6546250553801656
modern,2,a_N100_V3+3D,1.7904579872265458
modern,2,a_N100_V3+3D,1.7607921035960317
modern,2,a_N100_V3+3D,1.7169589409604669
modern,2,a_N100_V3+3D,1.6537500778213143
modern,2,a_N100_V3+3D,1.7144160810858011
modern,2,a_N100_V3+3D,1.6343749593943357
modern,2,a_N100_V3+3D,1.709125004708767
modern,2,a_N100_V3+3D,1.6963749658316374
modern,2,a_N100_V3+3D,1.735249999910593
modern,2,a_N100_V3+3D,1.6581659438088536
modern,2,a_N100_V3+3D,1.6349999932572246
modern,2,a_N100_V3+3D,1.921334071084857
modern,2,a_N100_V3+3D,1.7002079403027892
modern,2,a_N100_V3+3D,1.6724580200389028
modern,2,a_N100_V3+3D,1.646916032768786
modern,2,a_N100_V3+3D,1.6339999856427312
modern,2,a_N100_V3+3D,1.6387500800192356
modern,2,a_N100_V3+3D,1.6702500870451331
modern,2,a_N100_V3+3D,1.6608749283477664
modern,2,a_N100_V3+3D,1.6539579955860972
modern,2,a_N100_V3+3D,1.709416974335909
modern,2,a_N100_V3+3D,1.693165977485478
modern,2,a_N100_V3+3D,1.7027499852702022
modern,2,a_N100_V3+3D,1.6752500087022781
modern,2,a_N100_V3+3D,1.6948329284787178
modern,2,a_N100_V3+3D,1.6230420442298055
modern,2,a_N100_V3+3D,1.7454170156270266
modern,2,a_N100_V3+3D,1.6984579851850867
modern,2,a_N100_V3+3D,1.7041249666363
modern,2,a_N100_V3+3D,1.6174589982256293
modern,2,a_N100_V3+3D,1.7270409734919667
modern,2,a_N100_V3+3D,1.62845803424716
modern,2,a_N100_V3+3D,2.418917021714151
modern,2,a_N100_V3+3D,1.827916014008224
modern,2,a_N100_V3+3D,1.800374942831695
modern,2,a_N100_V3+3D,1.7103749560192227
modern,2,a_N100_V3+3D,1.7627909546718001
modern,2,a_N100_V3+3D,1.6741249710321426
modern,2,a_N100_V3+3D,1.7422919627279043
modern,2,a_N100_V3+3D,1.7146660247817636
modern,2,a_N100_V3+3D,1.779707963578403
modern,2,a_N100_V3+3D,1.6627500299364328
modern,2,a_N100_V3+3D,1.725084031932056
modern,2,a_N100_V3+3D,1.6798750730231404
modern,2,a_N100_V3+3D,1.7332501010969281
modern,2,a_N100_V3+3D,1.7326250672340393
modern,2,a_N100_V3+3D,1.7272080294787884
modern,2,a_N100_V3+3D,1.6415839781984687
modern,2,a_N100_V3+3D,1.7334159929305315
modern,2,a_N100_V3+3D,1.7622089944779873
modern,2,a_N100_V3+3D,1.728000002913177
modern,2,a_N100_V3+3D,1.6841659089550376
modern,2,a_N100_V3+3D,1.72904203645885
modern,2,a_N100_V3+3D,1.688083983026445
modern,2,a_N100_V3+3D,1.7545840237289667
modern,2,a_N100_V3+3D,1.74791703466326
modern,2,a_N100_V3+3D,1.6953330487012863
modern,2,a_N100_V3+3D,1.6872499836608768
modern,2,a_N100_V3+3D,1.6955839237198234
modern,2,a_N100_V3+3D,1.6773749375715852
modern,2,a_N100_V3+3D,1.7393749440088868
modern,2,a_N100_V3+3D,1.6676669474691153
modern,2,a_N100_V3+3D,1.6550000291317701
modern,2,a_N100_V3+3D,1.6587909776717424
modern,2,a_N100_V3+3D,1.6424170462414622
modern,2,a_N100_V3+3D,2.0270829554647207
modern,2,a_N100_V3+3D,1.7119590193033218
modern,2,a_N100_V3+3D,1.659916015341878
modern,2,a_N100_V3+3D,1.654125051572919
modern,2,a_N100_V3+3D,1.660000067204237
modern,2,a_N100_V3+3D,1.7280420288443565
modern,2,a_N100_V3+3D,2.052833093330264
modern,2,a_N100_V3+3D,1.7052089096978307
modern,2,a_N100_V3+3D,1.6542089870199561
modern,2,a_N100_V3+3D,1.6584580298513174
modern,2,a_N100_V3+3D,1.6462919302284718
modern,2,a_N100_V3+3D,1.6352919628843665
modern,2,a_N100_V3+3D,1.6481669154018164
modern,2,a_N100_V3+3D,1.6521669458597898
modern,2,a_N100_V3+3D,1.646833959966898
modern,2,a_N100_V3+3D,1.6466249944642186
modern,2,a_N100_V3+3D,1.6615419881418347
modern,2,a_N100_V3+3D,1.6445000655949116
modern,2,a_N100_V3+3D,1.6289999475702643
modern,2,a_N100_V3+3D,1.9824170740321279
modern,2,a_N100_V3+3D,1.2875000247731805
modern,2,a_N100_V3+3D,1.2486670166254044
modern,2,a_N100_V3+3D,1.246791915036738
modern,2,a_N100_V3+3D,1.228791894391179
modern,2,a_N100_V3+3D,1.2347499141469598
modern,2,a_N100_V3+3D,1.3029170222580433
modern,2,a_N100_V3+3D,1.25662493519485
modern,2,a_N100_V3+3D,1.2209999840706587
modern,2,a_N100_V3+3D,1.2196670286357403
modern,2,a_N100_V3+3D,1.2148750247433782
modern,2,a_N100_V3+3D,1.25495798420161
modern,2,a_N100_V3+3D,1.231375033967197
modern,2,a_N100_V3+3D,1.2277920031920075
modern,2,a_N100_V3+3D,1.2251250445842743
modern,2,a_N100_V3+3D,1.5278750797733665
modern,2,a_N100_V3+3D,0.8366670226678252
modern,2,a_N100_V3+3D,0.8098330581560731
modern,2,a_N100_V3+3D,0.8054999634623528
modern,2,a_N100_V3+3D,0.8004589471966028
modern,2,a_N100_V3+3D,0.8030829485505819
modern,2,a_N100_V3+3D,0.8033749181777239
modern,2,a_N100_V3+3D,0.8362500229850411
modern,2,a_N100_V3+3D,0.7967499550431967
modern,2,a_N100_V3+3D,0.8005000418052077
modern,2,a_N100_V3+3D,0.8007079595699906
modern,2,a_N100_V3+3D,0.8043750422075391
modern,2,a_N100_V3+3D,0.8050840115174651
modern,2,a_N100_V3+3D,0.7992079481482506
modern,2,a_N100_V3+3D,0.8124579908326268
modern,2,a_N100_V3+3D,1.7649580258876085
modern,2,a_N100_V3+3D,1.72437506262213
modern,2,a_N100_V3+3D,1.6772920498624444
modern,2,a_N100_V3+3D,1.677375053986907
modern,2,a_N100_V3+3D,1.6692500794306397
modern,2,a_N100_V3+3D,1.6606670105829835
modern,2,a_N100_V3+3D,1.6650839243084192
modern,2,a_N100_V3+3D,1.7116250237450004
modern,2,a_N100_V3+3D,1.654083956964314
modern,2,a_N100_V3+3D,1.6601659590378404
modern,2,a_N100_V3+3D,1.65666698012501
modern,2,a_N100_V3+3D,1.666083000600338
modern,2,a_N100_V3+3D,1.653459039516747
modern,2,a_N100_V3+3D,1.6394170233979821
modern,2,a_N100_V3+3D,2.014291938394308
modern,2,a_N100_V3+3D,1.8339999951422215
modern,2,a_N100_V3+3D,1.7192079685628414
modern,2,a_N100_V3+3D,1.6934999730437994
modern,2,a_N100_V3+3D,1.6959999920800328
modern,2,a_N100_V3+3D,1.6880000475794077
modern,2,a_N100_V3+3D,1.6671670600771904
modern,2,a_N100_V3+3D,1.6691669588908553
modern,2,a_N100_V3+3D,1.6706660389900208
modern,2,a_N100_V3+3D,1.6512079164385796
modern,2,a_N100_V3+3D,1.6848340164870024
modern,2,a_N100_V3+3D,1.6549999127164483
modern,2,a_N100_V3+3D,1.6672919737175107
modern,2,a_N100_V3+3D,1.6509999986737967
modern,2,a_N100_V3+3D,1.6653339844197035
modern,2,a_N100_V3+3D,1.6556249465793371
modern,2,a_N100_V3+3D,1.9311249488964677
modern,2,a_N100_V3+3D,1.6901249764487147
modern,2,a_N100_V3+3D,1.6425000503659248
modern,2,a_N100_V3+3D,1.6362080350518227
modern,2,a_N100_V3+3D,1.6509579727426171
modern,2,a_N100_V3+3D,1.654583029448986
modern,2,a_N100_V3+3D,1.656874897889793
modern,2,a_N100_V3+3D,1.691124984063208
modern,2,a_N100_V3+3D,1.641124952584505
modern,2,a_N100_V3+3D,1.639499911107123
modern,2,a_N100_V3+3D,1.6347089549526572
modern,2,a_N100_V3+3D,1.6333330422639847
modern,2,a_N100_V3+3D,1.651915954425931
modern,2,a_N100_V3+3D,1.9619170343503356
modern,2,a_N100_V3+3D,1.315666944719851
modern,2,a_N100_V3+3D,1.260792021639645
modern,2,a_N100_V3+3D,1.2872909428551793
modern,2,a_N100_V3+3D,1.401207991875708
modern,2,a_N100_V3+3D,1.2767079751938581
modern,2,a_N100_V3+3D,1.260290970094502
modern,2,a_N100_V3+3D,1.252042013220489
modern,2,a_N100_V3+3D,1.258416916243732
modern,2,a_N100_V3+3D,1.2360410764813423
modern,2,a_N100_V3+3D,1.2202919460833073
modern,2,a_N100_V3+3D,1.229165936820209
modern,2,a_N100_V3+3D,1.2357919476926327
modern,2,a_N100_V3+3D,1.2153330026194453
modern,2,a_N100_V3+3D,1.2079159496352077
modern,2,a_N100_V3+3D,1.2154169380664825
modern,2,a_N100_V3+3D,1.2190419947728515
modern,2,a_N100_V3+3D,1.7814579186961055
modern,2,a_N100_V3+3D,1.8105829367414117
modern,2,a_N100_V3+3D,1.8227919936180115
modern,2,a_N100_V3+3D,1.7692080000415444
modern,2,a_N100_V3+3D,1.6995000187307596
modern,2,a_N100_V3+3D,1.7762500792741776
modern,2,a_N100_V3+3D,1.7528750468045473
modern,2,a_N100_V3+3D,1.740708015859127
modern,2,a_N100_V3+3D,1.6821670578792691
modern,2,a_N100_V3+3D,1.7288330709561706
modern,2,a_N100_V3+3D,1.665750052779913
modern,2,a_N100_V3+3D,1.7222081078216434
modern,2,a_N100_V3+3D,1.7111659981310368
modern,2,a_N100_V3+3D,1.7123330617323518
modern,2,a_N100_V3+3D,1.646209042519331
modern,2,a_N100_V3+3D,1.7131250351667404
modern,2,a_N100_V3+3D,1.7158749978989363
modern,2,a_N100_V3+3D,1.7107919557020068
modern,2,a_N100_V3+3D,1.7949159955605865
modern,2,a_N100_V3+3D,1.705167000181973
modern,2,a_N100_V3+3D,1.677667023614049
modern,2,a_N100_V3+3D,1.7077920492738485
modern,2,a_N100_V3+3D,1.6853330889716744
modern,2,a_N100_V3+3D,1.7102500423789024
modern,2,a_N100_V3+3D,1.624541007913649
modern,2,a_N100_V3+3D,1.6772920498624444
modern,2,a_N100_V3+3D,1.7108339816331863
modern,2,a_N100_V3+3D,1.6899160109460354
modern,2,a_N100_V3+3D,1.6524579841643572
modern,2,a_N100_V3+3D,1.7016669735312462
modern,2,a_N100_V3+3D,1.6336250118911266
modern,2,a_N100_V3+3D,1.7145420424640179
modern,2,a_N100_V3+3D,1.796333002857864
modern,2,a_N100_V3+3D,1.727583003230393
modern,2,a_N100_V3+3D,1.699000014923513
modern,2,a_N100_V3+3D,1.9890000112354755
modern,2,a_N100_V3+3D,1.75258400849998
modern,2,a_N100_V3+3D,1.8106669886037707
modern,2,a_N100_V3+3D,1.7641250742599368
modern,2,a_N100_V3+3D,1.7628750065341592
modern,2,a_N100_V3+3D,1.6833749832585454
modern,2,a_N100_V3+3D,1.7592499498277903
modern,2,a_N100_V3+3D,1.7414160538464785
modern,2,a_N100_V3+3D,1.749041024595499
modern,2,a_N100_V3+3D,1.7125000013038516
modern,2,a_N100_V3+3D,2.112458925694227
modern,2,a_N100_V3+3D,1.2655409518629313
modern,2,a_N100_V3+3D,1.3390829553827643
modern,2,a_N100_V3+3D,1.2592909624800086
modern,2,a_N100_V3+3D,1.3393339468166232
modern,2,a_N100_V3+3D,1.4129590708762407
modern,2,a_N100_V3+3D,1.3340840814635158
modern,2,a_N100_V3+3D,1.339250011369586
modern,2,a_N100_V3+3D,1.2650000862777233
modern,2,a_N100_V3+3D,1.2742910766974092
modern,2,a_N100_V3+3D,1.2933750404044986
modern,2,a_N100_V3+3D,1.2561249313876033
modern,2,a_N100_V3+3D,1.3368750223889947
modern,2,a_N100_V3+3D,1.2311669997870922
modern,2,a_N100_V3+3D,1.243709004484117
modern,2,a_N100_V3+3D,1.776167075149715
modern,2,a_N100_V3+3D,1.7314580036327243
modern,2,a_N100_V3+3D,1.6949999844655395
modern,2,a_N100_V3+3D,1.683166017755866
modern,2,a_N100_V3+3D,2.1447499748319387
modern,2,a_N100_V3+3D,1.676000072620809
modern,2,a_N100_V3+3D,1.670708996243775
modern,2,a_N100_V3+3D,1.6537500778213143
modern,2,a_N100_V3+3D,1.668499899096787
modern,2,a_N100_V3+3D,1.6503330552950501
modern,2,a_N100_V3+3D,1.6517919721081853
modern,2,a_N100_V3+3D,1.6509590204805136
modern,2,a_N100_V3+3D,1.6814169939607382
modern,2,a_N100_V3+3D,1.6492499271407723
modern,2,a_N100_V3+3D,1.6403340268880129
modern,2,a_N100_V3+3D,1.6498329350724816
modern,2,a_N100_V3+3D,1.6416669823229313
modern,2,a_N100_V3+3D,1.698208972811699
modern,2,a_N100_V3+3D,1.6329999780282378
modern,2,a_N100_V3+3D,1.6316670225933194
modern,2,a_N100_V3+3D,1.6305421013385057
modern,2,a_N100_V3+3D,1.6327500343322754
modern,2,a_N100_V3+3D,1.6368330689147115
modern,2,a_N100_V3+3D,1.6336669214069843
modern,2,a_N100_V3+3D,2.1477910922840238
modern,2,a_N100_V3+3D,1.7220419831573963
modern,2,a_N100_V3+3D,1.706208917312324
modern,2,a_N100_V3+3D,1.6924169613048434
modern,2,a_N100_V3+3D,1.6878340393304825
modern,2,a_N100_V3+3D,1.705207978375256
modern,2,a_N100_V3+3D,1.6809579683467746
modern,2,a_N100_V3+3D,1.6993749886751175
modern,2,a_N100_V3+3D,1.6569170402362943
modern,2,a_N100_V3+3D,1.6596659552305937
modern,2,a_N100_V3+3D,1.6570000443607569
modern,2,a_N100_V3+3D,1.6396670835092664
modern,2,a_N100_V3+3D,1.9557500490918756
modern,2,a_N100_V3+3D,1.2753329938277602
modern,2,a_N100_V3+3D,1.2453329982236028
modern,2,a_N100_V3+3D,1.231833011843264
modern,2,a_N100_V3+3D,1.2284578988328576
modern,2,a_N100_V3+3D,1.2208339758217335
modern,2,a_N100_V3+3D,1.220415928401053
modern,2,a_N100_V3+3D,1.2266659177839756
modern,2,a_N100_V3+3D,1.2182920472696424
modern,2,a_N100_V3+3D,1.2100000167265534
modern,2,a_N100_V3+3D,1.2222500517964363
modern,2,a_N100_V3+3D,1.2127920053899288
modern,2,a_N100_V3+3D,1.2662500375881791
modern,2,a_N100_V3+3D,1.2257080525159836
modern,2,a_N100_V3+3D,1.2044589966535568
modern,2,a_N100_V3+3D,1.2227080296725035
modern,2,a_N100_V3+3D,1.2169580440968275
modern,2,a_N100_V3+3D,1.2034999672323465
modern,2,a_N100_V3+3D,1.2310000602155924
modern,2,a_N100_V3+3D,1.2748329900205135
modern,2,a_N100_V3+3D,1.2329589808359742
modern,2,a_N100_V3+3D,1.2307909782975912
modern,2,a_N100_V3+3D,1.2082499451935291
modern,2,a_N100_V3+3D,1.2298340443521738
modern,2,a_N100_V3+3D,1.7829170683398843
modern,2,a_N100_V3+3D,1.7344590742141008
modern,2,a_N100_V3+3D,1.695833052508533
modern,2,a_N100_V3+3D,1.6936250030994415
modern,2,a_N100_V3+3D,1.6753339441493154
modern,2,a_N100_V3+3D,1.6789169749245048
modern,2,a_N100_V3+3D,1.6697919927537441
modern,2,a_N100_V3+3D,1.6614169580861926
modern,2,a_N100_V3+3D,1.7297909362241626
modern,2,a_N100_V3+3D,1.67404196690768
modern,2,a_N100_V3+3D,1.679167035035789
modern,2,a_N100_V3+3D,1.6605419805273414
modern,2,a_N100_V3+3D,1.6515000024810433
modern,2,a_N100_V3+3D,1.66787498164922
modern,2,a_N100_V3+3D,1.6512919683009386
modern,2,a_N100_V3+3D,1.6545840771868825
modern,2,a_N100_V3+3D,1.6817080322653055
modern,2,a_N100_V3+3D,1.9573330646380782
modern,2,a_N100_V3+3D,1.6780839068815112
modern,2,a_N100_V3+3D,1.6817919677123427
modern,2,a_N100_V3+3D,1.6547919949516654
modern,2,a_N100_V3+3D,1.6626249998807907
modern,2,a_N100_V3+3D,1.6593750333413482
modern,2,a_N100_V3+3D,1.6565419500693679
modern,2,a_N100_V3+3D,1.6458750469610095
modern,2,a_N100_V3+3D,1.663916977122426
modern,2,a_N100_V3+3D,1.6607079887762666
modern,2,a_N100_V3+3D,1.6565000405535102
modern,2,a_N100_V3+3D,1.6612500185146928
modern,2,a_N100_V3+3D,1.65666698012501
modern,2,a_N100_V3+3D,1.6484590014442801
modern,2,a_N100_V3+3D,1.6586669953539968
modern,2,a_N100_V3+3D,1.68208300601691
modern,2,a_N100_V3+3D,1.6433339333161712
modern,2,a_N100_V3+3D,1.644458039663732
modern,2,a_N100_V3+3D,1.654166029766202
modern,2,a_N100_V3+3D,1.638124929741025
modern,2,a_N100_V3+3D,1.6469999682158232
modern,2,a_N100_V3+3D,1.7501669935882092
modern,2,a_N100_V3+3D,2.12004198692739
modern,2,a_N100_V3+3D,1.7602499574422836
modern,2,a_N100_V3+3D,1.6709580086171627
modern,2,a_N100_V3+3D,1.6555000329390168
modern,2,a_N100_V3+3D,1.6482090577483177
modern,2,a_N100_V3+3D,1.6455829609185457
modern,2,a_N100_V3+3D,1.7024580156430602
modern,2,a_N100_V3+3D,1.6565840924158692
modern,2,a_N100_V3+3D,1.6404170310124755
modern,2,a_N100_V3+3D,1.6406249487772584
modern,2,a_N100_V3+3D,1.969125005416572
modern,2,a_N100_V3+3D,1.289666979573667
modern,2,a_N100_V3+3D,1.2655840255320072
modern,2,a_N100_V3+3D,1.2680420186370611
modern,2,a_N100_V3+3D,1.2557499576359987
modern,2,a_N100_V3+3D,1.2526250211521983
modern,2,a_N100_V3+3D,1.2415839591994882
modern,2,a_N100_V3+3D,1.2416669633239508
modern,2,a_N100_V3+3D,1.2232919689267874
modern,2,a_N100_V3+3D,1.2344999704509974
modern,2,a_N100_V3+3D,1.495665987022221
modern,2,a_N100_V3+3D,1.8905409378930926
modern,2,a_N100_V3+3D,1.734166988171637
modern,2,a_N100_V3+3D,1.8066250486299396
modern,2,a_N100_V3+3D,1.6887499950826168
modern,2,a_N100_V3+3D,1.8807080341503024
modern,2,a_N100_V3+3D,1.7376670148223639
modern,2,a_N100_V3+3D,1.796125085093081
modern,2,a_N100_V3+3D,1.6633340856060386
modern,2,a_N100_V3+3D,1.7634580144658685
modern,2,a_N100_V3+3D,1.7161250580102205
modern,2,a_N100_V3+3D,1.7539169639348984
modern,2,a_N100_V3+3D,1.7155830282717943
modern,2,a_N100_V3+3D,1.7757919849827886
modern,2,a_N100_V3+3D,1.6510839341208339
modern,2,a_N100_V3+3D,1.7715409630909562
modern,2,a_N100_V3+3D,1.6480840276926756
modern,2,a_N100_V3+3D,1.8105419585481286
modern,2,a_N100_V3+3D,1.6510830027982593
modern,2,a_N100_V3+3D,1.7361249774694443
modern,2,a_N100_V3+3D,1.6397499712184072
modern,2,a_N100_V3+3D,1.692082965746522
modern,2,a_N100_V3+3D,1.6479170881211758
modern,2,a_N100_V3+3D,1.7221670132130384
modern,2,a_N100_V3+3D,1.6944999806582928
modern,2,a_N100_V3+3D,1.6836249269545078
modern,2,a_N100_V3+3D,1.6155419871211052
modern,2,a_N100_V3+3D,1.7824580427259207
modern,2,a_N100_V3+3D,1.731166965328157
modern,2,a_N100_V3+3D,1.6880829352885485
modern,2,a_N100_V3+3D,1.6188329318538308
modern,2,a_N100_V3+3D,1.6443339409306645
modern,2,a_N100_V3+3D,1.6977919731289148
modern,2,a_N100_V3+3D,1.7025000415742397
modern,2,a_N100_V3+3D,1.718583982437849
modern,2,a_N100_V3+3D,1.7218750435858965
modern,2,a_N100_V3+3D,1.7230829689651728
modern,2,a_N100_V3+3D,1.7368750413879752
modern,2,a_N100_V3+3D,1.63929199334234
modern,2,a_N100_V3+3D,1.7095410730689764
modern,2,a_N100_V3+3D,1.7882499378174543
modern,2,a_N100_V3+3D,1.7274580895900726
modern,2,a_N100_V3+3D,1.6332499217242002
modern,2,a_N100_V3+3D,1.7331669805571437
modern,2,a_N100_V3+3D,1.8494999967515469
modern,2,a_N100_V3+3D,1.6871659317985177
modern,2,a_N100_V3+3D,1.660665962845087
modern,2,a_N100_V3+3D,1.7318750033155084
modern,2,a_N100_V3+3D,1.7255829880014062
modern,2,a_N100_V3+3D,1.748915994539857
modern,2,a_N100_V3+3D,1.6366250347346067
modern,2,a_N100_V3+3D,1.7365830717608333
modern,2,a_N100_V3+3D,1.6547080595046282
modern,2,a_N100_V3+3D,1.7324170330539346
modern,2,a_N100_V3+3D,1.6758330166339874
modern,2,a_N100_V3+3D,1.7316669691354036
modern,2,a_N100_V3+3D,1.7241250025108457
modern,2,a_N100_V3+3D,1.66020798496902
modern,2,a_N100_V3+3D,1.6294169472530484
modern,2,a_N100_V3+3D,1.6617910005152225
modern,2,a_N100_V3+3D,1.6246249433606863
modern,2,a_N100_V3+3D,2.015833044424653
modern,2,a_N100_V3+3D,2.0825410028919578
modern,2,a_N100_V3+3D,1.9447499653324485
modern,2,a_N100_V3+3D,2.0098340464755893
modern,2,a_N100_V3+3D,2.0238750148564577
modern,2,a_N100_V3+3D,1.926708035171032
modern,2,a_N100_V3+3D,1.278792042285204
modern,2,a_N100_V3+3D,1.4896250795572996
modern,2,a_N100_V3+3D,1.4675420243293047
modern,2,a_N100_V3+3D,1.499583013355732
modern,2,a_N100_V3+3D,1.3417090522125363
modern,2,a_N100_V3+3D,1.57429208047688
modern,2,a_N100_V3+3D,1.5576248988509178
modern,2,a_N100_V3+3D,1.5434589004144073
modern,2,a_N100_V3+3D,1.444541965611279
modern,2,a_N100_V3+3D,1.3167919823899865
modern,2,a_N100_V3+3D,1.5531249810010195
modern,2,a_N100_V3+3D,1.5406670281663537
modern,2,a_N100_V3+3D,1.5398749383166432
modern,2,a_N100_V3+3D,1.3230829499661922
modern,2,a_N100_V3+3D,1.3357920106500387
modern,2,a_N100_V3+3D,1.6206250293180346
modern,2,a_N100_V3+3D,1.2399170082062483
modern,2,a_N100_V3+3D,1.2264170218259096
modern,2,a_N100_V3+3D,1.2201250065118074
modern,2,a_N100_V3+3D,1.3082500081509352
modern,2,a_N100_V3+3D,1.5386249870061874
modern,2,a_N100_V3+3D,1.5178750036284328
modern,2,a_N100_V3+3D,1.252249930985272
modern,2,a_N100_V3+3D,1.537624979391694
modern,2,a_N100_V3+3D,1.5497499844059348
modern,2,a_N100_V3+3D,1.3227090239524841
modern,2,a_N100_V3+3D,1.244999933987856
modern,2,a_N100_V3+3D,1.5482089947909117
modern,2,a_N100_V3+3D,1.3407079968601465
modern,2,a_N100_V3+3D,1.3371249660849571
modern,2,a_N100_V3+3D,1.3220420805737376
modern,2,a_N100_V3+3D,1.5484170289710164
modern,2,a_N100_V3+3D,1.4647080097347498
modern,2,a_N100_V3+3D,1.6717080725356936
modern,2,a_N100_V3+3D,1.5332500915974379
modern,2,a_N100_V3+3D,1.8329580780118704
modern,2,a_N100_V3+3D,0.8662919281050563
modern,2,a_N100_V3+3D,0.8498750394210219
modern,2,a_N100_V3+3D,1.0648330207914114
modern,2,a_N100_V3+3D,1.0656669037416577
modern,2,a_N100_V3+3D,1.0564590338617563
modern,2,a_N100_V3+3D,1.0565828997641802
modern,2,a_N100_V3+3D,1.0512500302866101
modern,2,a_N100_V3+3D,1.038416987285018
modern,2,a_N100_V3+3D,0.8218330331146717
modern,2,a_N100_V3+3D,0.8200419833883643
modern,2,a_N100_V3+3D,1.0384160559624434
modern,2,a_N100_V3+3D,1.0378340957686305
modern,2,a_N100_V3+3D,0.8185830665752292
modern,2,a_N100_V3+3D,0.8159590652212501
modern,2,a_N100_V3+3D,0.8342920336872339
modern,2,a_N100_V3+3D,1.043833908624947
modern,2,a_N100_V3+3D,1.0310830548405647
modern,2,a_N100_V3+3D,1.049957936629653
modern,2,a_N100_V3+3D,1.8209998961538076
modern,2,a_N100_V3+3D,1.7352919094264507
modern,2,a_N100_V3+3D,1.7042920226231217
modern,2,a_N100_V3+3D,1.7260829918086529
modern,2,a_N100_V3+3D,1.685666968114674
modern,2,a_N100_V3+3D,1.6812089597806334
modern,2,a_N100_V3+3D,1.7001660307869315
modern,2,a_N100_V3+3D,1.6767909983173013
modern,2,a_N100_V3+3D,1.7811249708756804
modern,2,a_N100_V3+3D,1.6828749794512987
modern,2,a_N100_V3+3D,1.7282910412177444
modern,2,a_N100_V3+3D,2.3943750420585275
modern,2,a_N100_V3+3D,1.7767080571502447
modern,2,a_N100_V3+3D,1.7043330008164048
modern,2,a_N100_V3+3D,1.688083983026445
modern,2,a_N100_V3+3D,1.6669579781591892
modern,2,a_N100_V3+3D,1.7452500760555267
modern,2,a_N100_V3+3D,1.6434579156339169
modern,2,a_N100_V3+3D,1.676832907833159
modern,2,a_N100_V3+3D,1.6937499167397618
modern,2,a_N100_V3+3D,1.6299999551847577
modern,2,a_N100_V3+3D,1.6499999910593033
modern,2,a_N100_V3+3D,1.6382079338654876
modern,2,a_N100_V3+3D,1.6308340709656477
modern,2,a_N100_V3+3D,1.6452500130981207
modern,2,a_N100_V3+3D,1.6337500419467688
modern,2,a_N100_V3+3D,1.635792083106935
modern,2,a_N100_V3+3D,1.6388329677283764
modern,2,a_N100_V3+3D,1.6561670927330852
modern,2,a_N100_V3+3D,1.6257910756394267
modern,2,a_N100_V3+3D,1.6394580015912652
modern,2,a_N100_V3+3D,1.6604999545961618
modern,2,a_N100_V3+3D,1.6367919743061066
modern,2,a_N100_V3+3D,1.6314579406753182
modern,2,a_N100_V3+3D,1.64899998344481
modern,2,a_N100_V3+3D,1.6275419620797038
modern,2,a_N100_V3+3D,1.640707952901721
modern,2,a_N100_V3+3D,1.6614999622106552
modern,2,a_N100_V3+3D,1.6362089663743973
modern,2,a_N100_V3+3D,1.6285419696941972
modern,2,a_N100_V3+3D,1.746084075421095
modern,2,a_N100_V3+3D,1.6318330308422446
modern,2,a_N100_V3+3D,1.624083030037582
modern,2,a_N100_V3+3D,1.634333049878478
modern,2,a_N100_V3+3D,1.657708897255361
modern,2,a_N100_V3+3D,1.6377919819206
modern,2,a_N100_V3+3D,1.6449169488623738
modern,2,a_N100_V3+3D,1.6218749806284904
modern,2,a_N100_V3+3D,1.626332988962531
modern,2,a_N100_V3+3D,1.6166670247912407
modern,2,a_N100_V3+3D,1.6097089974209666
modern,2,a_N100_V3+3D,1.690582954324782
modern,2,a_N100_V3+3D,1.6402079490944743
modern,2,a_N100_V3+3D,1.612541964277625
modern,2,a_N100_V3+3D,1.6079590423032641
modern,2,a_N100_V3+3D,1.6222910489887
modern,2,a_N100_V3+3D,1.628750003874302
modern,2,a_N100_V3+3D,1.6365000046789646
modern,2,a_N100_V3+3D,1.6769160283729434
modern,2,a_N100_V3+3D,1.626499928534031
modern,2,a_N100_V3+3D,1.8043750897049904
modern,2,a_N100_V3+3D,1.754834083840251
modern,2,a_N100_V3+3D,1.703083049505949
modern,2,a_N100_V3+3D,1.707166898995638
modern,2,a_N100_V3+3D,1.8011248903349042
modern,2,a_N100_V3+3D,1.7330829286947846
modern,2,a_N100_V3+3D,1.6954999882727861
modern,2,a_N100_V3+3D,1.667124917730689
modern,2,a_N100_V3+3D,1.6561249503865838
modern,2,a_N100_V3+3D,1.6778339631855488
modern,2,a_N100_V3+3D,1.7234169645234942
modern,2,a_N100_V3+3D,1.6725830500945449
modern,2,a_N100_V3+3D,1.7800419591367245
modern,2,a_N100_V3+3D,1.7838330240920186
modern,2,a_N100_V3+3D,1.674792030826211
modern,2,a_N100_V3+3D,1.6519579803571105
modern,2,a_N100_V3+3D,1.6801250167191029
modern,2,a_N100_V3+3D,1.7253339756280184
modern,2,a_N100_V3+3D,1.6404589405283332
modern,2,a_N100_V3+3D,1.6746660694479942
modern,2,a_N100_V3+3D,1.646749908104539
modern,2,a_N100_V3+3D,1.6618339577689767
modern,2,a_N100_V3+3D,1.6689170151948929
modern,2,a_N100_V3+3D,1.672582933679223
modern,2,a_N100_V3+3D,1.6526669496670365
modern,2,a_N100_V3+3D,1.6436249716207385
modern,2,a_N100_V3+3D,1.651583006605506
modern,2,a_N100_V3+3D,1.641834038309753
modern,2,a_N100_V3+3D,1.6408750088885427
modern,2,a_N100_V3+3D,1.659583067521453
modern,2,a_N100_V3+3D,1.649916055612266
modern,2,a_N100_V3+3D,1.639750087633729
modern,2,a_N100_V3+3D,1.6892080893740058
modern,2,a_N100_V3+3D,1.6611249884590507
modern,2,a_N100_V3+3D,1.6391250537708402
modern,2,a_N100_V3+3D,1.6257499810308218
modern,2,a_N100_V3+3D,1.656958949752152
modern,2,a_N100_V3+3D,1.6970409778878093
modern,2,a_N100_V3+3D,1.6445829533040524
modern,2,a_N100_V3+3D,1.6542919911444187
modern,2,a_N100_V3+3D,1.6579999355599284
modern,2,a_N100_V3+3D,1.6411669785156846
modern,2,a_N100_V3+3D,1.6507910331711173
modern,2,a_N100_V3+3D,1.6566250706091523
modern,2,a_N100_V3+3D,1.973833073861897
modern,2,a_N100_V3+3D,1.6633330378681421
modern,2,a_N100_V3+3D,1.6500840429216623
modern,2,a_N100_V3+3D,1.6409580130130053
modern,2,a_N100_V3+3D,1.648374949581921
modern,2,a_N100_V3+3D,1.654457999393344
modern,2,a_N100_V3+3D,1.6295419773086905
modern,2,a_N100_V3+3D,1.6515000024810433
modern,2,a_N100_V3+3D,1.815957948565483
modern,2,a_N100_V3+3D,1.8360839458182454
modern,2,a_N100_V3+3D,1.6891669947654009
modern,2,a_N100_V3+3D,1.6567090060561895
modern,2,a_N100_V3+3D,1.6274579102173448
modern,2,a_N100_V3+3D,1.6440419713035226
modern,2,a_N100_V3+3D,1.6597079811617732
modern,2,a_N100_V3+3D,1.6481250058859587
modern,2,a_N100_V3+3D,1.7670830711722374
modern,2,a_N100_V3+3D,1.7196249682456255
modern,2,a_N100_V3+3D,1.7415409674867988
modern,2,a_N100_V3+3D,1.697584055364132
modern,2,a_N100_V3+3D,1.671500038355589
modern,2,a_N100_V3+3D,1.6576250782236457
modern,2,a_N100_V3+3D,1.6612919280305505
modern,2,a_N100_V3+3D,1.6551660373806953
modern,2,a_N100_V3+3D,1.6440829494968057
modern,2,a_N100_V3+3D,1.6337089473381639
modern,2,a_N100_V3+3D,1.6729169292375445
modern,2,a_N100_V3+3D,1.6699159750714898
modern,2,a_N100_V3+3D,1.6472919378429651
modern,2,a_N100_V3+3D,1.6322089359164238
modern,2,a_N100_V3+3D,1.6578750219196081
modern,2,a_N100_V3+3D,1.6416669823229313
modern,2,a_N100_V3+3D,1.639708993025124
modern,2,a_N100_V3+3D,1.9277080427855253
modern,2,a_N100_V3+3D,1.6409590607509017
modern,2,a_N100_V3+3D,1.6519170021638274
modern,2,a_N100_V3+3D,1.626332988962531
modern,2,a_N100_V3+3D,1.6406249487772584
modern,2,a_N100_V3+3D,1.6292500076815486
modern,2,a_N100_V3+3D,1.6355830011889338
modern,2,a_N100_V3+3D,1.6453329008072615
modern,2,a_N100_V3+3D,1.6206669388338923
modern,2,a_N100_V3+3D,1.7274579731747508
modern,2,a_N100_V3+3D,1.641124952584505
modern,2,a_N100_V3+3D,1.6244170255959034
modern,2,a_N100_V3+3D,1.6274580266326666
modern,2,a_N100_V3+3D,1.6240839613601565
modern,2,a_N100_V3+3D,1.6884580254554749
modern,2,a_N100_V3+3D,1.6353330574929714
modern,2,a_N100_V3+3D,1.6393749974668026
modern,2,a_N100_V3+3D,1.6182920662686229
modern,2,a_N100_V3+3D,1.6220830148085952
modern,2,a_N100_V3+3D,1.6216249205172062
modern,2,a_N100_V3+3D,1.6162089304998517
modern,2,a_N100_V3+3D,1.6217919765040278
modern,2,a_N100_V3+3D,1.6311249928548932
modern,2,a_N100_V3+3D,1.6278330003842711
modern,2,a_N100_V3+3D,1.9701659912243485
modern,2,a_N100_V3+3D,1.2633330188691616
modern,2,a_N100_V3+3D,1.232833950780332
modern,2,a_N100_V3+3D,1.2190829729661345
modern,2,a_N100_V3+3D,1.2181249912828207
modern,2,a_N100_V3+3D,1.2482920428737998
modern,2,a_N100_V3+3D,1.214458025060594
modern,2,a_N100_V3+3D,1.2123750057071447
modern,2,a_N100_V3+3D,1.2038340792059898
modern,2,a_N100_V3+3D,1.211875001899898
modern,2,a_N100_V3+3D,1.2080410961061716
modern,2,a_N100_V3+3D,1.1985839810222387
modern,2,a_N100_V3+3D,1.202249899506569
modern,2,a_N100_V3+3D,1.20599998626858
modern,2,a_N100_V3+3D,1.20245898142457
modern,2,a_N100_V3+3D,1.2054999824613333
modern,2,a_N100_V3+3D,1.2137499870732427
modern,2,a_N100_V3+3D,1.2177909957244992
modern,2,a_N100_V3+3D,1.2160829501226544
modern,2,a_N100_V3+3D,1.773292082361877
modern,2,a_N100_V3+3D,1.7374999588355422
modern,2,a_N100_V3+3D,1.7090420005843043
modern,2,a_N100_V3+3D,1.7081659752875566
modern,2,a_N100_V3+3D,1.6830840613692999
modern,2,a_N100_V3+3D,1.6702919965609908
modern,2,a_N100_V3+3D,1.6637090593576431
modern,2,a_N100_V3+3D,1.6532920999452472
modern,2,a_N100_V3+3D,1.6630830941721797
modern,2,a_N100_V3+3D,1.6726249596104026
modern,2,a_N100_V3+3D,1.6720419516786933
modern,2,a_N100_V3+3D,1.7354169394820929
modern,2,a_N100_V3+3D,1.6646669246256351
modern,2,a_N100_V3+3D,1.6600419767200947
modern,2,a_N100_V3+3D,1.653083018027246
modern,2,a_N100_V3+3D,1.6647500451654196
modern,2,a_N100_V3+3D,1.6405839705839753
modern,2,a_N100_V3+3D,1.7028329893946648
modern,2,a_N100_V3+3D,1.6625409480184317
modern,2,a_N100_V3+3D,1.6604589764028788
modern,2,a_N100_V3+3D,1.64229201618582
modern,2,a_N100_V3+3D,2.1557919681072235
modern,2,a_N100_V3+3D,1.8159589963033795
modern,2,a_N100_V3+3D,1.7775420565158129
modern,2,a_N100_V3+3D,1.724999980069697
modern,2,a_N100_V3+3D,1.7135419184342027
modern,2,a_N100_V3+3D,1.7117499373853207
modern,2,a_N100_V3+3D,1.7114169895648956
modern,2,a_N100_V3+3D,1.7152499640360475
modern,2,a_N100_V3+3D,1.7202079761773348
modern,2,a_N100_V3+3D,1.7444590339437127
modern,2,a_N100_V3+3D,1.744000008329749
modern,2,a_N100_V3+3D,1.6983749810606241
modern,2,a_N100_V3+3D,1.6984170069918036
modern,2,a_N100_V3+3D,1.6775840194895864
modern,2,a_N100_V3+3D,1.6901670023798943
modern,2,a_N100_V3+3D,1.6809579683467746
modern,2,a_N100_V3+3D,1.67591602075845
modern,2,a_N100_V3+3D,1.6713750082999468
modern,2,a_N100_V3+3D,1.6662919661030173
modern,2,a_N100_V3+3D,1.996167004108429
modern,2,a_N100_V3+3D,1.342457951977849
modern,2,a_N100_V3+3D,1.2838339898735285
modern,2,a_N100_V3+3D,1.2688339920714498
modern,2,a_N100_V3+3D,1.2613330036401749
modern,2,a_N100_V3+3D,1.2612499995157123
modern,2,a_N100_V3+3D,1.2792079942300916
modern,2,a_N100_V3+3D,1.266542007215321
modern,2,a_N100_V3+3D,1.2437909608706832
modern,2,a_N100_V3+3D,1.2475419789552689
modern,2,a_N100_V3+3D,1.2652500299736857
modern,2,a_N100_V3+3D,1.2713749893009663
modern,2,a_N100_V3+3D,1.260375021956861
modern,2,a_N100_V3+3D,1.2590830447152257
modern,2,a_N100_V3+3D,1.2873339001089334
modern,2,a_N100_V3+3D,1.2521249009296298
modern,2,a_N100_V3+3D,1.2462919112294912
modern,2,a_N100_V3+3D,1.9975840114057064
modern,2,a_N100_V3+3D,1.357667031697929
modern,2,a_N100_V3+3D,1.3249169569462538
modern,2,a_N100_V3+3D,1.8387080635875463
modern,2,a_N100_V3+3D,1.8078749999403954
modern,2,a_N100_V3+3D,1.7933340277522802
modern,2,a_N100_V3+3D,1.6952920705080032
modern,2,a_N100_V3+3D,1.7390419961884618
modern,2,a_N100_V3+3D,1.7313340213149786
modern,2,a_N100_V3+3D,1.7325420631095767
modern,2,a_N100_V3+3D,1.6744170570746064
modern,2,a_N100_V3+3D,1.7137089744210243
modern,2,a_N100_V3+3D,1.659457921050489
modern,2,a_N100_V3+3D,1.7056670039892197
modern,2,a_N100_V3+3D,1.7232499085366726
modern,2,a_N100_V3+3D,1.6453330172225833
modern,2,a_N100_V3+3D,1.6574999317526817
modern,2,a_N100_V3+3D,1.6657079104334116
modern,2,a_N100_V3+3D,1.6536250477656722
modern,2,a_N100_V3+3D,1.6598750371485949
modern,2,a_N100_V3+3D,1.7265420174226165
modern,2,a_N100_V3+3D,1.6670830082148314
modern,2,a_N100_V3+3D,1.643249997869134
modern,2,a_N100_V3+3D,1.7044170526787639
modern,2,a_N100_V3+3D,1.687167095951736
modern,2,a_N100_V3+3D,1.6960420180112123
modern,2,a_N100_V3+3D,1.7351669957861304
modern,2,a_N100_V3+3D,1.7045410349965096
modern,2,a_N100_V3+3D,1.6437919111922383
modern,2,a_N100_V3+3D,1.7408339772373438
modern,2,a_N100_V3+3D,1.7027499852702022
modern,2,a_N100_V3+3D,1.701583038084209
modern,2,a_N100_V3+3D,1.6752500087022781
modern,2,a_N100_V3+3D,1.6750000650063157
modern,2,a_N100_V3+3D,1.6845830250531435
modern,2,a_N100_V3+3D,1.7047920264303684
modern,2,a_N100_V3+3D,1.6739170532673597
modern,2,a_N100_V3+3D,1.747832982800901
modern,2,a_N100_V3+3D,1.6374170081689954
modern,2,a_N100_V3+3D,1.6870420658960938
modern,2,a_N100_V3+3D,1.678583095781505
modern,2,a_N100_V3+3D,1.68374995701015
modern,2,a_N100_V3+3D,1.6447079833596945
modern,2,a_N100_V3+3D,1.7073749331757426
modern,2,a_N100_V3+3D,1.6975420294329524
modern,2,a_N100_V3+3D,1.7470410093665123
modern,2,a_N100_V3+3D,1.6594160115346313
modern,2,a_N100_V3+3D,1.6685840673744678
modern,2,a_N100_V3+3D,1.9070419948548079
modern,2,a_N100_V3+3D,1.7200419679284096
modern,2,a_N100_V3+3D,1.6820419114083052
modern,2,a_N100_V3+3D,1.6912079881876707
modern,2,a_N100_V3+3D,1.6695000231266022
modern,2,a_N100_V3+3D,1.7380000790581107
modern,2,a_N100_V3+3D,1.6507500549778342
modern,2,a_N100_V3+3D,1.7025420675054193
modern,2,a_N100_V3+3D,1.669334014877677
modern,2,a_N100_V3+3D,1.6776249976828694
modern,2,a_N100_V3+3D,1.6443339409306645
modern,2,a_N100_V3+3D,1.7042499966919422
modern,2,a_N100_V3+3D,1.70112494379282
modern,2,a_N100_V3+3D,1.749916933476925
modern,2,a_N100_V3+3D,1.6580839874222875
modern,2,a_N100_V3+3D,1.785457949154079
modern,2,a_N100_V3+3D,1.798165962100029
modern,2,a_N100_V3+3D,1.7117500538006425
modern,2,a_N100_V3+3D,1.689957920461893
modern,2,a_N100_V3+3D,1.691458048298955
modern,2,a_N100_V3+3D,1.7000420484691858
modern,2,a_N100_V3+3D,1.6680830158293247
modern,2,a_N100_V3+3D,1.6651670448482037
modern,2,a_N100_V3+3D,1.6595420893281698
modern,2,a_N100_V3+3D,1.6648750752210617
modern,2,a_N100_V3+3D,1.6586669953539968
modern,2,a_N100_V3+3D,1.6412920085713267
modern,2,a_N100_V3+3D,1.69112510047853
modern,2,a_N100_V3+3D,1.650832942686975
modern,2,a_N100_V3+3D,1.6492079012095928
modern,2,a_N100_V3+3D,1.6415829304605722
modern,2,a_N100_V3+3D,1.6555829206481576
modern,2,a_N100_V3+3D,1.696125022135675
modern,2,a_N100_V3+3D,1.640375005081296
modern,2,a_N100_V3+3D,1.6530000139027834
modern,2,a_N100_V3+3D,1.6369590302929282
modern,2,a_N100_V3+3D,1.6440829494968057
modern,2,a_N100_V3+3D,1.6531250439584255
modern,2,a_N100_V3+3D,1.6446250956505537
modern,2,a_N100_V3+3D,1.6833749832585454
modern,2,a_N100_V3+3D,1.6341250156983733
modern,2,a_N100_V3+3D,1.6321660950779915
modern,2,a_N100_V3+3D,1.6377910505980253
modern,2,a_N100_V3+3D,1.649332931265235
modern,2,a_N100_V3+3D,1.626292010769248
modern,2,a_N100_V3+3D,1.6409578965976834
modern,2,a_N100_V3+3D,1.668166951276362
modern,2,a_N100_V3+3D,1.6253750072792172
modern,2,a_N100_V3+3D,1.6219159588217735
modern,2,a_N100_V3+3D,1.9832500256597996
modern,2,a_N100_V3+3D,1.2640419881790876
modern,2,a_N100_V3+3D,1.5305000124499202
modern,2,a_N100_V3+3D,0.8332079742103815
modern,2,a_N100_V3+3D,0.8129170164465904
modern,2,a_N100_V3+3D,0.8165000472217798
modern,2,a_N100_V3+3D,0.8026250870898366
modern,2,a_N100_V3+3D,0.8014580234885216
modern,2,a_N100_V3+3D,0.8192500099539757
modern,2,a_N100_V3+3D,0.8086669258773327
modern,2,a_N100_V3+3D,0.7938749622553587
modern,2,a_N100_V3+3D,0.800624955445528
modern,2,a_N100_V3+3D,0.7989580044522882
modern,2,a_N100_V3+3D,0.7985420525074005
modern,2,a_N100_V3+3D,0.8029160089790821
modern,2,a_N100_V3+3D,0.8329580305144191
modern,2,a_N100_V3+3D,1.0848750825971365
modern,2,a_N100_V3+3D,0.9060410084202886
modern,2,a_N100_V3+3D,0.8645419729873538
modern,2,a_N100_V3+3D,0.8523340802639723
modern,2,a_N100_V3+3D,0.8390410803258419
modern,2,a_N100_V3+3D,0.8744159713387489
modern,2,a_N100_V3+3D,0.8343339432030916
modern,2,a_N100_V3+3D,0.8269581012427807
modern,2,a_N100_V3+3D,0.8271669503301382
modern,2,a_N100_V3+3D,0.8192909881472588
modern,2,a_N100_V3+3D,1.8002080032601953
modern,2,a_N100_V3+3D,1.762084080837667
modern,2,a_N100_V3+3D,1.7308330861851573
modern,2,a_N100_V3+3D,1.7109160544350743
modern,2,a_N100_V3+3D,1.7198339337483048
modern,2,a_N100_V3+3D,1.684957998804748
modern,2,a_N100_V3+3D,1.6987909330055118
modern,2,a_N100_V3+3D,1.656999927945435
modern,2,a_N100_V3+3D,1.690667006187141
modern,2,a_N100_V3+3D,1.6885000513866544
modern,2,a_N100_V3+3D,1.6775419935584068
modern,2,a_N100_V3+3D,1.662124996073544
modern,2,a_N100_V3+3D,1.6870000399649143
modern,2,a_N100_V3+3D,1.671917038038373
modern,2,a_N100_V3+3D,1.6772079980000854
modern,2,a_N100_V3+3D,1.6529170097783208
modern,2,a_N100_V3+3D,1.7056670039892197
modern,2,a_N100_V3+3D,1.6582919051870704
modern,2,a_N100_V3+3D,1.655291998758912
modern,2,a_N100_V3+3D,1.6544999089092016
modern,2,a_N100_V3+3D,1.6687499592080712
modern,2,a_N100_V3+3D,1.6514590242877603
modern,2,a_N100_V3+3D,2.1892499644309282
modern,2,a_N100_V3+3D,1.7534579383209348
modern,2,a_N100_V3+3D,1.7259999876841903
modern,2,a_N100_V3+3D,1.636834000237286
modern,2,a_N100_V3+3D,1.6818749718368053
modern,2,a_N100_V3+3D,1.6400410095229745
modern,2,a_N100_V3+3D,1.6414590645581484
modern,2,a_N100_V3+3D,2.062375075183809
modern,2,a_N100_V3+3D,1.8450000789016485
modern,2,a_N100_V3+3D,1.79387500975281
modern,2,a_N100_V3+3D,1.759250066243112
modern,2,a_N100_V3+3D,1.7429169965907931
modern,2,a_N100_V3+3D,1.771042007021606
modern,2,a_N100_V3+3D,1.7620829166844487
modern,2,a_N100_V3+3D,1.7169589409604669
modern,2,a_N100_V3+3D,1.6802919562906027
modern,2,a_N100_V3+3D,1.689957920461893
modern,2,a_N100_V3+3D,1.7272079130634665
modern,2,a_N100_V3+3D,1.7277499428018928
modern,2,a_N100_V3+3D,1.700707944110036
modern,2,a_N100_V3+3D,1.7488340381532907
modern,2,a_N100_V3+3D,1.6820000018924475
modern,2,a_N100_V3+3D,1.7070829635486007
modern,2,a_N100_V3+3D,1.7390419961884618
modern,2,a_N100_V3+3D,1.7115840455517173
modern,2,a_N100_V3+3D,1.7029170412570238
modern,2,a_N100_V3+3D,1.6774999676272273
modern,2,a_N100_V3+3D,1.6962089575827122
modern,2,a_N100_V3+3D,1.6962919617071748
modern,2,a_N100_V3+3D,1.6935840249061584
modern,2,a_N100_V3+3D,1.704083988443017
modern,2,a_N100_V3+3D,1.6992919845506549
modern,2,a_N100_V3+3D,1.6913750441744924
modern,2,a_N100_V3+3D,1.6672499477863312
modern,2,a_N100_V3+3D,1.6734579112380743
modern,2,a_N100_V3+3D,1.685334020294249
modern,2,a_N100_V3+3D,1.6827499493956566
modern,2,a_N100_V3+3D,1.6931249992921948
modern,2,a_N100_V3+3D,1.8191250273957849
modern,2,a_N100_V3+3D,1.883166958577931
modern,2,a_N100_V3+3D,1.7491249600425363
modern,2,a_N100_V3+3D,1.736624981276691
modern,2,a_N100_V3+3D,1.7260829918086529
modern,2,a_N100_V3+3D,1.726167043671012
modern,2,a_N100_V3+3D,2.014167024753988
modern,2,a_N100_V3+3D,1.7943750135600567
modern,2,a_N100_V3+3D,1.7712080152705312
modern,2,a_N100_V3+3D,1.7272090772166848
modern,2,a_N100_V3+3D,1.72737508546561
modern,2,a_N100_V3+3D,1.7302080523222685
modern,2,a_N100_V3+3D,1.6982080414891243
modern,2,a_N100_V3+3D,1.718207960948348
modern,2,a_N100_V3+3D,1.7129579791799188
modern,2,a_N100_V3+3D,1.6854159766808152
modern,2,a_N100_V3+3D,1.693999976851046
modern,2,a_N100_V3+3D,1.6958749620243907
modern,2,a_N100_V3+3D,1.6785829793661833
modern,2,a_N100_V3+3D,1.9477909663692117
modern,2,a_N100_V3+3D,1.7114590154960752
modern,2,a_N100_V3+3D,1.6840000171214342
modern,2,a_N100_V3+3D,1.677792053669691
modern,2,a_N100_V3+3D,1.6878750175237656
modern,2,a_N100_V3+3D,1.6714580124244094
modern,2,a_N100_V3+3D,1.6703330911695957
modern,2,a_N100_V3+3D,1.6691250493749976
modern,2,a_N100_V3+3D,1.6751250950619578
modern,2,a_N100_V3+3D,1.6691660275682807
modern,2,a_N100_V3+3D,1.6650839243084192
modern,2,a_N100_V3+3D,1.6628749435767531
modern,2,a_N100_V3+3D,1.6697499668225646
modern,2,a_N100_V3+3D,1.6740839928388596
modern,2,a_N100_V3+3D,1.6922090435400605
modern,2,a_N100_V3+3D,1.6857499722391367
modern,2,a_N100_V3+3D,1.691875047981739
modern,2,a_N100_V3+3D,1.6833329573273659
modern,2,a_N100_V3+3D,1.6605830751359463
modern,2,a_N100_V3+3D,1.6572090098634362
modern,2,a_N100_V3+3D,1.667542033828795
modern,2,a_N100_V3+3D,1.6558750066906214
modern,2,a_N100_V3+3D,1.65516696870327
modern,2,a_N100_V3+3D,1.6630410682410002
modern,2,a_N100_V3+3D,2.310417010448873
modern,2,a_N100_V3+3D,1.7652090173214674
modern,2,a_N100_V3+3D,1.7194579122588038
modern,2,a_N100_V3+3D,1.6983329551294446
modern,2,a_N100_V3+3D,1.7460419330745935
modern,2,a_N100_V3+3D,1.6805409686639905
modern,2,a_N100_V3+3D,1.6703750006854534
modern,2,a_N100_V3+3D,1.6825420316308737
modern,2,a_N100_V3+3D,1.6726250760257244
modern,2,a_N100_V3+3D,1.6613330226391554
modern,2,a_N100_V3+3D,1.6752079827710986
modern,2,a_N100_V3+3D,1.664291019551456
modern,2,a_N100_V3+3D,1.6729580238461494
modern,2,a_N100_V3+3D,1.6629170859232545
modern,2,a_N100_V3+3D,1.651249942369759
modern,2,a_N100_V3+3D,1.6635829815641046
modern,2,a_N100_V3+3D,1.6530839493498206
modern,2,a_N100_V3+3D,1.7666250932961702
modern,2,a_N100_V3+3D,1.7262910259887576
modern,2,a_N100_V3+3D,1.6780829755589366
modern,2,a_N100_V3+3D,1.6630829777568579
modern,2,a_N100_V3+3D,1.6600420931354165
modern,2,a_N100_V3+3D,1.654291059821844
modern,2,a_N100_V3+3D,1.639916910789907
modern,2,a_N100_V3+3D,1.6557089984416962
modern,2,a_N100_V3+3D,1.645082957111299
modern,2,a_N100_V3+3D,1.6814590198919177
modern,2,a_N100_V3+3D,1.6566249541938305
modern,2,a_N100_V3+3D,1.6437920276075602
modern,2,a_N100_V3+3D,1.6502919606864452
modern,2,a_N100_V3+3D,1.6830000095069408
modern,2,a_N100_V3+3D,1.6323329182341695
modern,2,a_N100_V3+3D,1.6278750263154507
modern,2,a_N100_V3+3D,1.6326250042766333
modern,2,a_N100_V3+3D,1.7012909520417452
modern,2,a_N100_V3+3D,1.6384590417146683
modern,2,a_N100_V3+3D,1.6297920374199748
modern,2,a_N100_V3+3D,1.6290830681100488
modern,2,a_N100_V3+3D,1.6211249167099595
modern,2,a_N100_V3+3D,1.6205839347094297
modern,2,a_N100_V3+3D,1.6307919286191463
modern,2,a_N100_V3+3D,1.636000000871718
modern,2,a_N100_V3+3D,1.6405419446527958
modern,2,a_N100_V3+3D,1.6481250058859587
modern,2,a_N100_V3+3D,1.6482080100104213
modern,2,a_N100_V3+3D,1.6415419522672892
modern,2,a_N100_V3+3D,1.6274170484393835
modern,2,a_N100_V3+3D,1.625875011086464
modern,2,a_N100_V3+3D,1.6646250151097775
modern,2,a_N100_V3+3D,1.6405830392614007
modern,2,a_N100_V3+3D,1.6363330651074648
modern,2,a_N100_V3+3D,1.6346670454367995
modern,2,a_N100_V3+3D,1.6587499994784594
modern,2,a_N100_V3+3D,1.6283749137073755
modern,2,a_N100_V3+3D,1.63162499666214
modern,2,a_N100_V3+3D,1.6201249090954661
modern,2,a_N100_V3+3D,1.615040935575962
modern,2,a_N100_V3+3D,1.6289589693769813
modern,2,a_N100_V3+3D,1.6202079132199287
modern,2,a_N100_V3+3D,1.639332971535623
modern,2,a_N100_V3+3D,1.648374949581921
modern,2,a_N100_V3+3D,1.624707947485149
modern,2,a_N100_V3+3D,1.6484999796375632
modern,2,a_N100_V3+3D,1.6335840336978436
modern,2,a_N100_V3+3D,1.6436249716207385
modern,2,a_N100_V3+3D,1.6275839880108833
modern,2,a_N100_V3+3D,1.6240000259131193
modern,2,a_N100_V3+3D,1.6185829881578684
modern,2,a_N100_V3+3D,1.6177920624613762
modern,2,a_N100_V3+3D,1.6247499734163284
modern,2,a_N100_V3+3D,1.61137490067631
modern,2,a_N100_V3+3D,1.6189999878406525
modern,2,a_N100_V3+3D,1.619374961592257
modern,2,a_N100_V3+3D,1.6108329873532057
modern,2,a_N100_V3+3D,1.6141670057550073
modern,2,a_N100_V3+3D,1.6444589709863067
modern,2,a_N100_V3+3D,1.6250830376520753
modern,2,a_N100_V3+3D,1.7951249610632658
modern,2,a_N100_V3+3D,1.7885830020532012
modern,2,a_N100_V3+3D,1.744000008329749
modern,2,a_N100_V3+3D,1.7106248997151852
modern,2,a_N100_V3+3D,1.7008750000968575
modern,2,a_N100_V3+3D,1.6960840439423919
modern,2,a_N100_V3+3D,1.7209999496117234
modern,2,a_N100_V3+3D,1.6622080001980066
modern,2,a_N100_V3+3D,1.691875047981739
modern,2,a_N100_V3+3D,1.688124961219728
modern,2,a_N100_V3+3D,1.6921249916777015
modern,2,a_N100_V3+3D,1.6941670328378677
modern,2,a_N100_V3+3D,1.693165977485478
modern,2,a_N100_V3+3D,1.642958028241992
modern,2,a_N100_V3+3D,1.7380419885739684
modern,2,a_N100_V3+3D,1.6790830995887518
modern,2,a_N100_V3+3D,1.6645410796627402
modern,2,a_N100_V3+3D,1.7093339702114463
modern,2,a_N100_V3+3D,1.647832919843495
modern,2,a_N100_V3+3D,1.7024169210344553
modern,2,a_N100_V3+3D,1.670708996243775
modern,2,a_N100_V3+3D,1.692082965746522
modern,2,a_N100_V3+3D,1.669290941208601
modern,2,a_N100_V3+3D,1.6359169967472553
modern,2,a_N100_V3+3D,1.6764170723035932
modern,2,a_N100_V3+3D,1.6673749778419733
modern,2,a_N100_V3+3D,1.6727090114727616
modern,2,a_N100_V3+3D,1.640375005081296
modern,2,a_N100_V3+3D,1.6323750605806708
modern,2,a_N100_V3+3D,1.6645839205011725
modern,2,a_N100_V3+3D,1.7025410197675228
modern,2,a_N100_V3+3D,1.6634160419926047
modern,2,a_N100_V3+3D,1.6780419973656535
modern,2,a_N100_V3+3D,1.6408748924732208
modern,2,a_N100_V3+3D,1.6582499956712127
modern,2,a_N100_V3+3D,1.6997909406200051
modern,2,a_N100_V3+3D,1.6757090343162417
modern,2,a_N100_V3+3D,1.6677080420777202
modern,2,a_N100_V3+3D,1.654959050938487
modern,2,a_N100_V3+3D,1.6767090419307351
modern,2,a_N100_V3+3D,1.64733303245157
modern,2,a_N100_V3+3D,1.6651250189170241
modern,2,a_N100_V3+3D,1.658833003602922
modern,2,a_N100_V3+3D,1.6280000563710928
modern,2,a_N100_V3+3D,1.723624998703599
modern,2,a_N100_V3+3D,1.9534160383045673
modern,2,a_N100_V3+3D,1.6874579014256597
modern,2,a_N100_V3+3D,1.696874969638884
modern,2,a_N100_V3+3D,1.6786659834906459
modern,2,a_N100_V3+3D,1.6606670105829835
modern,2,a_N100_V3+3D,1.68674997985363
modern,2,a_N100_V3+3D,1.6699159750714898
modern,2,a_N100_V3+3D,1.6705830348655581
modern,2,a_N100_V3+3D,1.690375036559999
modern,2,a_N100_V3+3D,1.9209999591112137
modern,2,a_N100_V3+3D,1.2977090664207935
modern,2,a_N100_V3+3D,1.2579580070450902
modern,2,a_N100_V3+3D,1.2605839874595404
modern,2,a_N100_V3+3D,1.2311660684645176
modern,2,a_N100_V3+3D,1.2459999416023493
modern,2,a_N100_V3+3D,1.820000004954636
modern,2,a_N100_V3+3D,1.762000028975308
modern,2,a_N100_V3+3D,1.7247919458895922
modern,2,a_N100_V3+3D,1.7317919991910458
modern,2,a_N100_V3+3D,1.7314590513706207
modern,2,a_N100_V3+3D,1.6844579949975014
modern,2,a_N100_V3+3D,1.7064590938389301
modern,2,a_N100_V3+3D,1.6747500048950315
modern,2,a_N100_V3+3D,1.675875042565167
modern,2,a_N100_V3+3D,1.643999945372343
modern,2,a_N100_V3+3D,1.6892910934984684
modern,2,a_N100_V3+3D,1.647208002395928
modern,2,a_N100_V3+3D,1.6894589643925428
modern,2,a_N100_V3+3D,1.6673339996486902
modern,2,a_N100_V3+3D,1.7157499678432941
modern,2,a_N100_V3+3D,1.6496250173076987
modern,2,a_N100_V3+3D,1.6962089575827122
modern,2,a_N100_V3+3D,1.6419580206274986
modern,2,a_N100_V3+3D,1.6380830202251673
modern,2,a_N100_V3+3D,1.621625036932528
modern,2,a_N100_V3+3D,1.6476670280098915
modern,2,a_N100_V3+3D,1.641959068365395
modern,2,a_N100_V3+3D,1.6229170141741633
modern,2,a_N100_V3+3D,1.6537500778213143
modern,2,a_N100_V3+3D,1.6722080763429403
modern,2,a_N100_V3+3D,1.6514580929651856
modern,2,a_N100_V3+3D,1.6525828978046775
modern,2,a_N100_V3+3D,1.6516669420525432
modern,2,a_N100_V3+3D,1.6692919889464974
modern,2,a_N100_V3+3D,1.6337080160155892
modern,2,a_N100_V3+3D,1.6676249215379357
modern,2,a_N100_V3+3D,1.7180410213768482
modern,2,a_N100_V3+3D,1.6699170228093863
modern,2,a_N100_V3+3D,1.6380000161007047
modern,2,a_N100_V3+3D,1.6900419723242521
modern,2,a_N100_V3+3D,1.6199579695239663
modern,2,a_N100_V3+3D,1.6956250183284283
modern,2,a_N100_V3+3D,1.6370840603485703
modern,2,a_N100_V3+3D,1.6569170402362943
modern,2,a_N100_V3+3D,1.6514169983565807
modern,2,a_N100_V3+3D,1.6541669610887766
modern,2,a_N100_V3+3D,1.655499916523695
modern,2,a_N100_V3+3D,1.64079200476408
modern,2,a_N100_V3+3D,1.6789169749245048
modern,2,a_N100_V3+3D,1.711374963633716
modern,2,a_N100_V3+3D,1.673417049460113
modern,2,a_N100_V3+3D,1.67404196690768
modern,2,a_N100_V3+3D,2.141915960237384
modern,2,a_N100_V3+3D,1.7359170597046614
modern,2,a_N100_V3+3D,1.6620419919490814
modern,2,a_N100_V3+3D,1.6590000595897436
modern,2,a_N100_V3+3D,1.643375027924776
modern,2,a_N100_V3+3D,1.6982500674203038
modern,2,a_N100_V3+3D,1.66620803065598
modern,2,a_N100_V3+3D,1.650000107474625
modern,2,a_N100_V3+3D,1.6384999034926295
modern,2,a_N100_V3+3D,1.6557079507037997
modern,2,a_N100_V3+3D,1.6594169428572059
modern,2,a_N100_V3+3D,1.6651249025017023
modern,2,a_N100_V3+3D,1.624041935428977
modern,2,a_N100_V3+3D,1.7804589588195086
modern,2,a_N100_V3+3D,1.7734169960021973
modern,2,a_N100_V3+3D,1.7707919469103217
modern,2,a_N100_V3+3D,1.6907498938962817
modern,2,a_N100_V3+3D,1.7154160887002945
modern,2,a_N100_V3+3D,1.6883339267224073
modern,2,a_N100_V3+3D,1.6688749892637134
modern,2,a_N100_V3+3D,1.6632919432595372
modern,2,a_N100_V3+3D,1.6897500026971102
modern,2,a_N100_V3+3D,1.6763749299570918
modern,2,a_N100_V3+3D,1.6606670105829835
modern,2,a_N100_V3+3D,1.661375048570335
modern,2,a_N100_V3+3D,1.666042022407055
modern,2,a_N100_V3+3D,1.6685409937053919
modern,2,a_N100_V3+3D,1.6652080230414867
modern,2,a_N100_V3+3D,1.7078330274671316
modern,2,a_N100_V3+3D,1.6585420817136765
modern,2,a_N100_V3+3D,1.7228330252692103
modern,2,a_N100_V3+3D,1.6504169907420874
modern,2,a_N100_V3+3D,1.6470829723402858
modern,2,a_N100_V3+3D,1.6527499537914991
modern,2,a_N100_V3+3D,1.6441670013591647
modern,2,a_N100_V3+3D,1.634208019822836
modern,2,a_N100_V3+3D,1.6495420131832361
modern,2,a_N100_V3+3D,1.6598330112174153
modern,2,a_N100_V3+3D,1.6591669991612434
modern,2,a_N100_V3+3D,1.654959050938487
modern,2,a_N100_V3+3D,1.6475419979542494
modern,2,a_N100_V3+3D,1.6508749686181545
modern,2,a_N100_V3+3D,2.12058296892792
modern,2,a_N100_V3+3D,1.766667002812028
modern,2,a_N100_V3+3D,1.77333306055516
modern,2,a_N100_V3+3D,1.7269999952986836
modern,2,a_N100_V3+3D,1.7062079859897494
modern,2,a_N100_V3+3D,1.7186249606311321
modern,2,a_N100_V3+3D,1.6937090549618006
modern,2,a_N100_V3+3D,1.6886669909581542
modern,2,a_N100_V3+3D,1.700208056718111
modern,2,a_N100_V3+3D,1.6897920286282897
modern,2,a_N100_V3+3D,1.6807919600978494
modern,2,a_N100_V3+3D,1.6853749984875321
modern,2,a_N100_V3+3D,1.671166974119842
modern,2,a_N100_V3+3D,1.6670420300215483
modern,2,a_N100_V3+3D,1.6632500337436795
modern,2,a_N100_V3+3D,1.667250064201653
modern,2,a_N100_V3+3D,1.7365830717608333
modern,2,a_N100_V3+3D,1.6676660161465406
modern,2,a_N100_V3+3D,1.6657919622957706
modern,2,a_N100_V3+3D,1.6635829815641046
modern,2,a_N100_V3+3D,1.6526669496670365
modern,2,a_N100_V3+3D,1.6499999910593033
modern,2,a_N100_V3+3D,1.6535419272258878
modern,2,a_N100_V3+3D,1.6549999127164483
modern,2,a_N100_V3+3D,1.6532089794054627
modern,2,a_N100_V3+3D,1.6578750219196081
modern,2,a_N100_V3+3D,1.6692919889464974
modern,2,a_N100_V3+3D,1.667250064201653
modern,2,a_N100_V3+3D,1.673749997280538
modern,2,a_N100_V3+3D,1.679833047091961
modern,2,a_N100_V3+3D,1.6712920041754842
modern,2,a_N100_V3+3D,1.8509590299800038
modern,2,a_N100_V3+3D,1.7876250203698874
modern,2,a_N100_V3+3D,1.759166014380753
modern,2,a_N100_V3+3D,1.7423329409211874
modern,2,a_N100_V3+3D,1.7196249682456255
modern,2,a_N100_V3+3D,1.7090829787775874
modern,2,a_N100_V3+3D,1.7433329485356808
modern,2,a_N100_V3+3D,1.7028750153258443
modern,2,a_N100_V3+3D,1.6699170228093863
modern,2,a_N100_V3+3D,1.677708001807332
modern,2,a_N100_V3+3D,1.6750830691307783
modern,2,a_N100_V3+3D,1.687458949163556
modern,2,a_N100_V3+3D,1.6894580330699682
modern,2,a_N100_V3+3D,1.6550419386476278
modern,2,a_N100_V3+3D,1.6758749261498451
modern,2,a_N100_V3+3D,1.706667011603713
modern,2,a_N100_V3+3D,1.6989579889923334
modern,2,a_N100_V3+3D,1.6665419097989798
modern,2,a_N100_V3+3D,1.7122079152613878
modern,2,a_N100_V3+3D,1.6549580032005906
modern,2,a_N100_V3+3D,1.6501659993082285
modern,2,a_N100_V3+3D,1.6532079316675663
modern,2,a_N100_V3+3D,1.6580830560997128
modern,2,a_N100_V3+3D,1.6513749724254012
modern,2,a_N100_V3+3D,1.6650829929858446
modern,2,a_N100_V3+3D,1.6470419941470027
modern,2,a_N100_V3+3D,1.6609160229563713
modern,2,a_N100_V3+3D,1.6393749974668026
modern,2,a_N100_V3+3D,1.6761249862611294
modern,2,a_N100_V3+3D,1.6668339958414435
modern,2,a_N100_V3+3D,1.6659159446135163
modern,2,a_N100_V3+3D,1.628416939638555
modern,2,a_N100_V3+3D,1.6969169955700636
modern,2,a_N100_V3+3D,1.6445409273728728
modern,2,a_N100_V3+3D,1.6405419446527958
modern,2,a_N100_V3+3D,1.625959062948823
modern,2,a_N100_V3+3D,1.6551249427720904
modern,2,a_N100_V3+3D,1.6501250211149454
modern,2,a_N100_V3+3D,1.6276249662041664
modern,2,a_N100_V3+3D,1.6351670492440462
modern,2,a_N100_V3+3D,1.6337920678779483
modern,2,a_N100_V3+3D,1.6273329965770245
modern,2,a_N100_V3+3D,1.6446660738438368
modern,2,a_N100_V3+3D,1.639333087950945
modern,2,a_N100_V3+3D,1.6245419392362237
modern,2,a_N100_V3+3D,1.6702909488230944
modern,2,a_N100_V3+3D,1.6699580010026693
modern,2,a_N100_V3+3D,1.6247089952230453
modern,2,a_N100_V3+3D,1.6561659285798669
modern,2,a_N100_V3+3D,1.6409580130130053
modern,2,a_N100_V3+3D,1.6269170446321368
modern,2,a_N100_V3+3D,1.6394170233979821
modern,2,a_N100_V3+3D,1.6599170630797744
modern,2,a_N100_V3+3D,1.643249997869134
modern,2,a_N100_V3+3D,1.6412499826401472
modern,2,a_N100_V3+3D,1.6436250880360603
modern,2,a_N100_V3+3D,1.632333965972066
modern,2,a_N100_V3+3D,1.6529160784557462
modern,2,a_N100_V3+3D,1.657291897572577
modern,2,a_N100_V3+3D,1.6620419919490814
modern,2,a_N100_V3+3D,1.7857920611277223
modern,2,a_N100_V3+3D,1.776917022652924
modern,2,a_N100_V3+3D,1.7075840150937438
modern,2,a_N100_V3+3D,1.7301670741289854
modern,2,a_N100_V3+3D,1.7092080088332295
modern,2,a_N100_V3+3D,1.7435419140383601
modern,2,a_N100_V3+3D,1.709250034764409
modern,2,a_N100_V3+3D,1.7007500864565372
modern,2,a_N100_V3+3D,1.7028750153258443
modern,2,a_N100_V3+3D,1.7000000225380063
modern,2,a_N100_V3+3D,1.6687499592080712
modern,2,a_N100_V3+3D,1.727583003230393
modern,2,a_N100_V3+3D,1.6929999692365527
modern,2,a_N100_V3+3D,1.6771249938756227
modern,2,a_N100_V3+3D,1.6569590661674738
modern,2,a_N100_V3+3D,1.7632499802857637
modern,2,a_N100_V3+3D,1.6749580390751362
modern,2,a_N100_V3+3D,1.733749988488853
modern,2,a_N100_V3+3D,1.6786250052973628
modern,2,a_N100_V3+3D,1.6752080991864204
modern,2,a_N100_V3+3D,1.6515000024810433
modern,2,a_N100_V3+3D,1.6775830881670117
modern,2,a_N100_V3+3D,1.6552080633118749
modern,2,a_N100_V3+3D,1.6757919220253825
modern,2,a_N100_V3+3D,1.6494999872520566
modern,2,a_N100_V3+3D,1.6528749838471413
modern,2,a_N100_V3+3D,1.6443750355392694
modern,2,a_N100_V3+3D,1.6853329725563526
modern,2,a_N100_V3+3D,1.6562079545110464
modern,2,a_N100_V3+3D,1.6558750066906214
modern,2,a_N100_V3+3D,1.8902500160038471
modern,2,a_N100_V3+3D,2.865209011361003
modern,2,a_N100_V3+3D,2.1314590703696012
modern,2,a_N100_V3+3D,1.9917500903829932
modern,2,a_N100_V3+3D,2.10116698872298
modern,2,a_N100_V3+3D,1.8513330724090338
modern,2,a_N100_V3+3D,1.76229199860245
modern,2,a_N100_V3+3D,1.7133329529315233
modern,2,a_N100_V3+3D,1.7118329415097833
modern,2,a_N100_V3+3D,1.714874990284443
modern,2,a_N100_V3+3D,1.716792001388967
modern,2,a_N100_V3+3D,1.6829590313136578
modern,2,a_N100_V3+3D,1.677375053986907
modern,2,a_N100_V3+3D,1.6995830228552222
modern,2,a_N100_V3+3D,1.7155840760096908
modern,2,a_N100_V3+3D,1.7025000415742397
modern,2,a_N100_V3+3D,1.7396670300513506
modern,2,a_N100_V3+3D,1.6881250776350498
modern,2,a_N100_V3+3D,1.656833104789257
modern,2,a_N100_V3+3D,1.6731669893488288
modern,2,a_N100_V3+3D,1.661041984334588
modern,2,a_N100_V3+3D,1.6542919911444187
modern,2,a_N100_V3+3D,1.6697919927537441
modern,2,a_N100_V3+3D,1.6557920025661588
modern,2,a_N100_V3+3D,1.6587079735472798
modern,2,a_N100_V3+3D,1.657709013670683
modern,2,a_N100_V3+3D,1.63929199334234
modern,2,a_N100_V3+3D,1.6807919600978494
modern,2,a_N100_V3+3D,1.682791975326836
modern,2,a_N100_V3+3D,1.7161660362035036
modern,2,a_N100_V3+3D,1.795290969312191
modern,2,a_N100_V3+3D,1.7397080082446337
modern,2,a_N100_V3+3D,1.7089169705286622
modern,2,a_N100_V3+3D,1.6914579318836331
modern,2,a_N100_V3+3D,2.139542018994689
modern,2,a_N100_V3+3D,1.6769160283729434
modern,2,a_N100_V3+3D,1.6668749740347266
modern,2,a_N100_V3+3D,1.6811670502647758
modern,2,a_N100_V3+3D,1.6770419897511601
modern,2,a_N100_V3+3D,1.6659590182825923
modern,2,a_N100_V3+3D,1.6671670600771904
modern,2,a_N100_V3+3D,1.6521660145372152
modern,2,a_N100_V3+3D,1.653833081945777
modern,2,a_N100_V3+3D,1.6831249231472611
modern,2,a_N100_V3+3D,1.662416965700686
modern,2,a_N100_V3+3D,1.6553750028833747
modern,2,a_N100_V3+3D,1.6886249650269747
modern,2,a_N100_V3+3D,1.7117919633165002
modern,2,a_N100_V3+3D,1.6507499385625124
modern,2,a_N100_V3+3D,1.6615829663351178
modern,2,a_N100_V3+3D,1.6570419538766146
modern,2,a_N100_V3+3D,1.6542079392820597
modern,2,a_N100_V3+3D,1.6464999644085765
modern,2,a_N100_V3+3D,1.646209042519331
modern,2,a_N100_V3+3D,1.6367500647902489
modern,2,a_N100_V3+3D,1.6474580625072122
modern,2,a_N100_V3+3D,1.6319999704137444
modern,2,a_N100_V3+3D,1.638874993659556
modern,2,a_N100_V3+3D,1.6362919704988599
modern,2,a_N100_V3+3D,1.6325829783454537
modern,2,a_N100_V3+3D,1.6286249738186598
modern,2,a_N100_V3+3D,1.904916949570179
modern,2,a_N100_V3+3D,1.6593330074101686
modern,2,a_N100_V3+3D,1.6467079985886812
modern,2,a_N100_V3+3D,1.6623749397695065
modern,2,a_N100_V3+3D,1.6652080230414867
modern,2,a_N100_V3+3D,1.6442909836769104
modern,2,a_N100_V3+3D,1.9690829794853926
modern,2,a_N100_V3+3D,2.031334093771875
modern,2,a_N100_V3+3D,1.368124969303608
modern,2,a_N100_V3+3D,1.2666250113397837
modern,2,a_N100_V3+3D,1.259916927665472
modern,2,a_N100_V3+3D,1.249833032488823
modern,2,a_N100_V3+3D,1.2422500876709819
modern,2,a_N100_V3+3D,1.2494169641286135
modern,2,a_N100_V3+3D,1.2467079795897007
modern,2,a_N100_V3+3D,1.2743748957291245
modern,2,a_N100_V3+3D,1.296458998695016
modern,2,a_N100_V3+3D,1.2477500131353736
modern,2,a_N100_V3+3D,1.2384579749777913
modern,2,a_N100_V3+3D,1.2396670645102859
modern,2,a_N100_V3+3D,1.2387080350890756
modern,2,a_N100_V3+3D,1.2311669997870922
modern,2,a_N100_V3+3D,1.235834090039134
modern,2,a_N100_V3+3D,1.241500023752451
modern,2,a_N100_V3+3D,1.2319170637056231
modern,2,a_N100_V3+3D,1.2256249319761992
modern,2,a_N100_V3+3D,1.2204580707475543
modern,2,a_N100_V3+3D,1.2234169989824295
modern,2,a_N100_V3+3D,1.2246669502928853
modern,2,a_N100_V3+3D,1.8006250029429793
modern,2,a_N100_V3+3D,1.7896660137921572
modern,2,a_N100_V3+3D,1.762000028975308
modern,2,a_N100_V3+3D,1.7535409424453974
modern,2,a_N100_V3+3D,1.7240409506484866
modern,2,a_N100_V3+3D,1.735958969220519
modern,2,a_N100_V3+3D,1.7129159532487392
modern,2,a_N100_V3+3D,1.7202920280396938
modern,2,a_N100_V3+3D,2.104584011249244
modern,2,a_N100_V3+3D,2.0899170776829123
modern,2,a_N100_V3+3D,1.858250005170703
modern,2,a_N100_V3+3D,1.7342919018119574
modern,2,a_N100_V3+3D,1.6889580292627215
modern,2,a_N100_V3+3D,1.7059160163626075
modern,2,a_N100_V3+3D,1.6995409969240427
modern,2,a_N100_V3+3D,1.688124961219728
modern,2,a_N100_V3+3D,2.646417007781565
modern,2,a_N100_V3+3D,2.3726249346509576
modern,2,a_N100_V3+3D,1.8107909709215164
modern,2,a_N100_V3+3D,1.7338329926133156
modern,2,a_N100_V3+3D,1.7198340501636267
modern,2,a_N100_V3+3D,1.7227079952135682
modern,2,a_N100_V3+3D,1.7065830761566758
modern,2,a_N100_V3+3D,1.7282500630244613
modern,2,a_N100_V3+3D,1.6847910592332482
modern,2,a_N100_V3+3D,1.7029170412570238
modern,2,a_N100_V3+3D,1.6953750746324658
modern,2,a_N100_V3+3D,1.679208013229072
modern,2,a_N100_V3+3D,1.656249980442226
modern,2,a_N100_V3+3D,1.6684170113876462
modern,2,a_N100_V3+3D,1.678791013546288
modern,2,a_N100_V3+3D,1.6984579851850867
modern,2,a_N100_V3+3D,1.6818339936435223
modern,2,a_N100_V3+3D,1.684625050984323
modern,2,a_N100_V3+3D,1.6692919889464974
modern,2,a_N100_V3+3D,1.6594170592725277
modern,2,a_N100_V3+3D,1.6740000573918223
modern,2,a_N100_V3+3D,1.6856660367920995
modern,2,a_N100_V3+3D,1.6915000742301345
modern,2,a_N100_V3+3D,1.7439579823985696
modern,2,a_N100_V3+3D,1.6675409860908985
modern,2,a_N100_V3+3D,1.7104169819504023
modern,2,a_N100_V3+3D,1.6756249824538827
modern,2,a_N100_V3+3D,1.6712499782443047
modern,2,a_N100_V3+3D,1.6746249748393893
modern,2,a_N100_V3+3D,1.7211249796673656
modern,2,a_N100_V3+3D,1.689958036877215
modern,2,a_N100_V3+3D,1.6770419897511601
modern,2,a_N100_V3+3D,1.680457964539528
modern,2,a_N100_V3+3D,1.6635420033708215
modern,2,a_N100_V3+3D,1.6619170783087611
modern,2,a_N100_V3+3D,1.6647500451654196
modern,2,a_N100_V3+3D,1.7190000507980585
modern,2,a_N100_V3+3D,1.6662920825183392
modern,2,a_N100_V3+3D,1.9917910685762763
modern,2,a_N100_V3+3D,1.2820829870179296
modern,2,a_N100_V3+3D,1.2462919112294912
modern,2,a_N100_V3+3D,1.5626250533387065
modern,2,a_N100_V3+3D,1.4019999653100967
modern,2,a_N100_V3+3D,1.3632919872179627
modern,2,a_N100_V3+3D,1.804291969165206
modern,2,a_N100_V3+3D,1.744957990013063
modern,2,a_N100_V3+3D,1.7089589964598417
modern,2,a_N100_V3+3D,1.7155829118564725
modern,2,a_N100_V3+3D,1.6969999996945262
modern,2,a_N100_V3+3D,1.697917003184557
modern,2,a_N100_V3+3D,1.6664579743519425
modern,2,a_N100_V3+3D,1.665291958488524
modern,2,a_N100_V3+3D,1.6826670616865158
modern,2,a_N100_V3+3D,1.6768330242484808
modern,2,a_N100_V3+3D,1.6667080344632268
modern,2,a_N100_V3+3D,1.6925000818446279
modern,2,a_N100_V3+3D,1.659583067521453
modern,2,a_N100_V3+3D,1.6540000215172768
modern,2,a_N100_V3+3D,1.654833904467523
modern,2,a_N100_V3+3D,1.6549580032005906
modern,2,a_N100_V3+3D,1.6527079278603196
modern,2,a_N100_V3+3D,1.750333933159709
modern,2,a_N100_V3+3D,1.6499159391969442
modern,2,a_N100_V3+3D,1.6547499690204859
modern,2,a_N100_V3+3D,1.6662499401718378
modern,2,a_N100_V3+3D,1.6640420071780682
modern,2,a_N100_V3+3D,1.6584160039201379
modern,2,a_N100_V3+3D,1.6812090761959553
modern,2,a_N100_V3+3D,1.6628749435767531
modern,2,a_N100_V3+3D,1.6796670388430357
modern,2,a_N100_V3+3D,1.6553340246900916
modern,2,a_N100_V3+3D,1.6560840886086226
modern,2,a_N100_V3+3D,1.657749991863966
modern,2,a_N100_V3+3D,1.6503330552950501
modern,2,a_N100_V3+3D,1.7075829673558474
modern,2,a_N100_V3+3D,1.6793329268693924
modern,2,a_N100_V3+3D,1.6438330058008432
modern,2,a_N100_V3+3D,1.651874976232648
modern,2,a_N100_V3+3D,1.6384579939767718
modern,2,a_N100_V3+3D,1.6937910113483667
modern,2,a_N100_V3+3D,1.6275830566883087
modern,2,a_N100_V3+3D,1.6289580380544066
modern,2,a_N100_V3+3D,1.6300419811159372
modern,2,a_N100_V3+3D,1.6379159642383456
modern,2,a_N100_V3+3D,1.6227919841185212
modern,2,a_N100_V3+3D,1.6265840968117118
modern,2,a_N100_V3+3D,1.6222500707954168
modern,2,a_N100_V3+3D,1.6623750561848283
modern,2,a_N100_V3+3D,1.6392499674111605
modern,2,a_N100_V3+3D,1.676957937888801
modern,2,a_N100_V3+3D,1.6198329394683242
modern,2,a_N100_V3+3D,1.6575419576838613
modern,2,a_N100_V3+3D,1.6139158979058266
modern,2,a_N100_V3+3D,1.6159159131348133
modern,2,a_N100_V3+3D,1.625416916795075
modern,2,a_N100_V3+3D,1.6128330025821924
modern,2,a_N100_V3+3D,1.6157079953700304
modern,2,a_N100_V3+3D,1.610749983228743
modern,2,a_N100_V3+3D,1.614375039935112
modern,2,a_N100_V3+3D,1.6184160485863686
modern,2,a_N100_V3+3D,1.6219160752370954
modern,2,a_N100_V3+3D,1.6163340769708157
modern,2,a_N100_V3+3D,1.90250005107373
modern,2,a_N100_V3+3D,1.6553339082747698
modern,2,a_N100_V3+3D,1.7874169861897826
modern,2,a_N100_V3+3D,1.7648329958319664
modern,2,a_N100_V3+3D,1.7376249888911843
modern,2,a_N100_V3+3D,1.708458992652595
modern,2,a_N100_V3+3D,1.699749962426722
modern,2,a_N100_V3+3D,1.6894589643925428
modern,2,a_N100_V3+3D,1.68224994558841
modern,2,a_N100_V3+3D,1.6782080056145787
modern,2,a_N100_V3+3D,1.6626249998807907
modern,2,a_N100_V3+3D,1.6755829565227032
modern,2,a_N100_V3+3D,1.674833009019494
modern,2,a_N100_V3+3D,1.9410420209169388
modern,2,a_N100_V3+3D,1.2861250434070826
modern,2,a_N100_V3+3D,1.2556660221889615
modern,2,a_N100_V3+3D,1.2442910810932517
modern,2,a_N100_V3+3D,1.258291071280837
modern,2,a_N100_V3+3D,1.2468330096453428
modern,2,a_N100_V3+3D,1.252374961040914
modern,2,a_N100_V3+3D,1.302666962146759
modern,2,a_N100_V3+3D,1.2481670128181577
modern,2,a_N100_V3+3D,1.2474170653149486
modern,2,a_N100_V3+3D,1.247874926775694
modern,2,a_N100_V3+3D,1.2481670128181577
modern,2,a_N100_V3+3D,1.230417052283883
modern,2,a_N100_V3+3D,1.245542080141604
modern,2,a_N100_V3+3D,1.2486249906942248
modern,2,a_N100_V3+3D,1.2410000199452043
modern,2,a_N100_V3+3D,1.230666064657271
modern,2,a_N100_V3+3D,1.2475000694394112
modern,2,a_N100_V3+3D,1.2317500077188015
modern,2,a_N100_V3+3D,1.2345830909907818
modern,2,a_N100_V3+3D,1.2262089876458049
modern,2,a_N100_V3+3D,1.2264159740880132
modern,2,a_N100_V3+3D,1.2221659999340773
modern,2,a_N100_V3+3D,1.2257499620318413
modern,2,a_N100_V3+3D,1.2270830338820815
modern,2,a_N100_V3+3D,1.2304999399930239
modern,2,a_N100_V3+3D,1.223167055286467
modern,2,a_N100_V3+3D,1.257374999113381
modern,2,a_N100_V3+3D,1.2418749975040555
modern,2,a_N100_V3+3D,1.2261660303920507
modern,2,a_N100_V3+3D,1.2203340884298086
modern,2,a_N100_V3+3D,1.2213330483064055
modern,2,a_N100_V3+3D,1.2234579771757126
modern,2,a_N100_V3+3D,1.2206669198349118
modern,2,a_N100_V3+3D,1.2253329623490572
modern,2,a_N100_V3+3D,1.3044169172644615
modern,2,a_N100_V3+3D,1.2728750007227063
modern,2,a_N100_V3+3D,1.2277079513296485
modern,2,a_N100_V3+3D,1.22187496162951
modern,2,a_N100_V3+3D,1.2237089686095715
modern,2,a_N100_V3+3D,1.2178749311715364
modern,2,a_N100_V3+3D,1.2226250255480409
modern,2,a_N100_V3+3D,1.2267089914530516
modern,2,a_N100_V3+3D,1.2191659770905972
modern,2,a_N100_V3+3D,1.2121670879423618
modern,2,a_N100_V3+3D,1.248750020749867
modern,2,a_N100_V3+3D,1.2213330483064055
modern,2,a_N100_V3+3D,1.228208071552217
modern,2,a_N100_V3+3D,1.223791972734034
modern,2,a_N100_V3+3D,1.8120829481631517
modern,2,a_N100_V3+3D,1.7799170454964042
modern,2,a_N100_V3+3D,1.698249951004982
modern,2,a_N100_V3+3D,1.7394589958712459
modern,2,a_N100_V3+3D,1.7673340626060963
modern,2,a_N100_V3+3D,1.7184170428663492
modern,2,a_N100_V3+3D,1.705625094473362
modern,2,a_N100_V3+3D,1.691875047981739
modern,2,a_N100_V3+3D,1.6750000650063157
modern,2,a_N100_V3+3D,1.6901660710573196
modern,2,a_N100_V3+3D,1.7269589006900787
modern,2,a_N100_V3+3D,1.6784589970484376
modern,2,a_N100_V3+3D,1.6643339768052101
modern,2,a_N100_V3+3D,1.6804999904707074
modern,2,a_N100_V3+3D,1.6615829663351178
modern,2,a_N100_V3+3D,1.6618339577689767
modern,2,a_N100_V3+3D,1.7480839742347598
modern,2,a_N100_V3+3D,1.6830000095069408
modern,2,a_N100_V3+3D,1.6910000704228878
modern,2,a_N100_V3+3D,1.697625033557415
modern,2,a_N100_V3+3D,1.6992080491036177
modern,2,a_N100_V3+3D,1.68608408421278
modern,2,a_N100_V3+3D,1.6803750768303871
modern,2,a_N100_V3+3D,1.6739170532673597
modern,2,a_N100_V3+3D,1.6499999910593033
modern,2,a_N100_V3+3D,1.6490420093759894
modern,2,a_N100_V3+3D,1.651874976232648
modern,2,a_N100_V3+3D,1.6682499554008245
modern,2,a_N100_V3+3D,1.6115419566631317
modern,2,a_N100_V3+3D,1.6618749359622598
modern,2,a_N100_V3+3D,1.6680420376360416
modern,2,a_N100_V3+3D,1.691124984063208
modern,2,a_N100_V3+3D,1.6307920450344682
modern,2,a_N100_V3+3D,1.6619589878246188
modern,2,a_N100_V3+3D,1.6667910385876894
modern,2,a_N100_V3+3D,1.6727499896660447
modern,2,a_N100_V3+3D,1.6723750159144402
modern,2,a_N100_V3+3D,1.6426669899374247
modern,2,a_N100_V3+3D,1.666833064518869
modern,2,a_N100_V3+3D,1.646874938160181
modern,2,a_N100_V3+3D,1.6680419212207198
modern,2,a_N100_V3+3D,1.669666962698102
modern,2,a_N100_V3+3D,1.6558750066906214
modern,2,a_N100_V3+3D,1.6600840026512742
modern,2,a_N100_V3+3D,1.6700000269338489
modern,2,a_N100_V3+3D,1.687500043772161
modern,2,a_N100_V3+3D,1.6179169761016965
modern,2,a_N100_V3+3D,1.6505420207977295
modern,2,a_N100_V3+3D,1.6908330144360662
modern,2,a_N100_V3+3D,1.6240000259131193
modern,2,a_N100_V3+3D,2.0567079773172736
modern,2,a_N100_V3+3D,1.7753330757841468
modern,2,a_N100_V3+3D,1.722250017337501
modern,2,a_N100_V3+3D,1.744666020385921
modern,2,a_N100_V3+3D,1.7374999588355422
modern,2,a_N100_V3+3D,1.7269589006900787
modern,2,a_N100_V3+3D,1.7205419717356563
modern,2,a_N100_V3+3D,1.692458987236023
modern,2,a_N100_V3+3D,1.7708749510347843
modern,2,a_N100_V3+3D,1.757957972586155
modern,2,a_N100_V3+3D,1.8128330120816827
modern,2,a_N100_V3+3D,1.760166953317821
modern,2,a_N100_V3+3D,2.379292040131986
modern,2,a_N100_V3+3D,1.7983330180868506
modern,2,a_N100_V3+3D,1.7394169699400663
modern,2,a_N100_V3+3D,1.7239999724552035
modern,2,a_N100_V3+3D,1.7317919991910458
modern,2,a_N100_V3+3D,1.7249580705538392
modern,2,a_N100_V3+3D,1.7016669735312462
modern,2,a_N100_V3+3D,1.707458053715527
modern,2,a_N100_V3+3D,1.6904169460758567
modern,2,a_N100_V3+3D,1.685334020294249
modern,2,a_N100_V3+3D,1.6839579911902547
modern,2,a_N100_V3+3D,1.677999971434474
modern,2,a_N100_V3+3D,1.683166017755866
modern,2,a_N100_V3+3D,1.671958016231656
modern,2,a_N100_V3+3D,1.6726249596104026
modern,2,a_N100_V3+3D,1.7350839916616678
modern,2,a_N100_V3+3D,1.7622909508645535
modern,2,a_N100_V3+3D,1.683250069618225
modern,2,a_N100_V3+3D,1.6702499706298113
modern,2,a_N100_V3+3D,1.6826660139486194
modern,2,a_N100_V3+3D,1.6937500331550837
modern,2,a_N100_V3+3D,1.6582089010626078
modern,2,a_N100_V3+3D,1.6642080154269934
modern,2,a_N100_V3+3D,1.6677499515935779
modern,2,a_N100_V3+3D,1.6856659203767776
modern,2,a_N100_V3+3D,1.684499904513359
modern,2,a_N100_V3+3D,1.673332997597754
modern,2,a_N100_V3+3D,1.6776249976828694
modern,2,a_N100_V3+3D,2.0500830141827464
modern,2,a_N100_V3+3D,2.1199999609962106
modern,2,a_N100_V3+3D,1.7481660470366478
modern,2,a_N100_V3+3D,1.6958749620243907
modern,2,a_N100_V3+3D,1.689333003014326
modern,2,a_N100_V3+3D,1.6959580825641751
modern,2,a_N100_V3+3D,1.6865420620888472
modern,2,a_N100_V3+3D,1.6793750692158937
modern,2,a_N100_V3+3D,1.7025419510900974
modern,2,a_N100_V3+3D,1.6702080611139536
modern,2,a_N100_V3+3D,1.6750419745221734
modern,2,a_N100_V3+3D,1.660292036831379
modern,2,a_N100_V3+3D,1.6623749397695065
modern,2,a_N100_V3+3D,1.6623749397695065
modern,2,a_N100_V3+3D,1.6680839471518993
modern,2,a_N100_V3+3D,1.6836249269545078
modern,2,a_N100_V3+3D,1.6806250205263495
modern,2,a_N100_V3+3D,1.654959050938487
modern,2,a_N100_V3+3D,1.6895830631256104
modern,2,a_N100_V3+3D,1.6519579803571105
modern,2,a_N100_V3+3D,1.6505829989910126
modern,2,a_N100_V3+3D,1.6673749778419733
modern,2,a_N100_V3+3D,1.6752920346334577
modern,2,a_N100_V3+3D,1.6531250439584255
modern,2,a_N100_V3+3D,1.6982500674203038
modern,2,a_N100_V3+3D,1.6584579134359956
modern,2,a_N100_V3+3D,1.663832925260067
modern,2,a_N100_V3+3D,1.6451249830424786
modern,2,a_N100_V3+3D,1.681291963905096
modern,2,a_N100_V3+3D,1.6706669703125954
modern,2,a_N100_V3+3D,1.8099159933626652
modern,2,a_N100_V3+3D,1.7477080691605806
modern,2,a_N100_V3+3D,1.7147089820355177
modern,2,a_N100_V3+3D,1.6936250030994415
modern,2,a_N100_V3+3D,1.6880829352885485
modern,2,a_N100_V3+3D,1.675416948273778
modern,2,a_N100_V3+3D,1.672874903306365
modern,2,a_N100_V3+3D,1.6720829298719764
modern,2,a_N100_V3+3D,1.6644169809296727
modern,2,a_N100_V3+3D,1.6589169390499592
modern,2,a_N100_V3+3D,1.6638749511912465
modern,2,a_N100_V3+3D,1.6527919797226787
modern,2,a_N100_V3+3D,1.6590419691056013
modern,2,a_N100_V3+3D,1.6547499690204859
modern,2,a_N100_V3+3D,1.6530000139027834
modern,2,a_N100_V3+3D,1.6560000367462635
modern,2,a_N100_V3+3D,1.6453750431537628
modern,2,a_N100_V3+3D,1.6849169041961432
modern,2,a_N100_V3+3D,1.6880000475794077
modern,2,a_N100_V3+3D,1.6401249449700117
modern,2,a_N100_V3+3D,1.6512909205630422
modern,2,a_N100_V3+3D,1.6599579248577356
modern,2,a_N100_V3+3D,1.6462081111967564
modern,2,a_N100_V3+3D,1.6495840391144156
modern,2,a_N100_V3+3D,1.6442920314148068
modern,2,a_N100_V3+3D,1.6513749724254012
modern,2,a_N100_V3+3D,1.6542499652132392
modern,2,a_N100_V3+3D,1.6358339926227927
modern,2,a_N100_V3+3D,1.662875059992075
modern,2,a_N100_V3+3D,1.6438340535387397
modern,2,a_N100_V3+3D,1.63162499666214
modern,2,a_N100_V3+3D,1.6365000046789646
modern,2,a_N100_V3+3D,1.682833069935441
modern,2,a_N100_V3+3D,1.649084035307169
modern,2,a_N100_V3+3D,1.6601249808445573
modern,2,a_N100_V3+3D,1.6385409981012344
modern,2,a_N100_V3+3D,1.659124973230064
modern,2,a_N100_V3+3D,1.6313750529661775
modern,2,a_N100_V3+3D,2.0252499962225556
modern,2,a_N100_V3+3D,1.2541249161586165
modern,2,a_N100_V3+3D,1.2332500191405416
modern,2,a_N100_V3+3D,1.2324170675128698
modern,2,a_N100_V3+3D,1.2222089571878314
modern,2,a_N100_V3+3D,1.2225420214235783
modern,2,a_N100_V3+3D,1.231459085829556
modern,2,a_N100_V3+3D,1.21870799921453
modern,2,a_N100_V3+3D,1.2348750606179237
modern,2,a_N100_V3+3D,1.248750020749867
modern,2,a_N100_V3+3D,1.262207981199026
modern,2,a_N100_V3+3D,1.2598750181496143
modern,2,a_N100_V3+3D,1.2203749502077699
modern,2,a_N100_V3+3D,1.2104999041184783
modern,2,a_N100_V3+3D,1.2138750171288848
modern,2,a_N100_V3+3D,1.2063339818269014
modern,2,a_N100_V3+3D,1.2199589982628822
modern,2,a_N100_V3+3D,1.2131249532103539
modern,2,a_N100_V3+3D,1.2135420693084598
modern,2,a_N100_V3+3D,1.2098749866709113
modern,2,a_N100_V3+3D,1.2230840511620045
modern,2,a_N100_V3+3D,1.2210829881951213
modern,2,b_N100_V4,2.4665839737281203
modern,2,b_N100_V4,2.3046249989420176
modern,2,b_N100_V4,2.246082993224263
modern,2,b_N100_V4,2.216332941316068
modern,2,b_N100_V4,2.1949579240754247
modern,2,b_N100_V4,2.2020830074325204
modern,2,b_N100_V4,2.1793749183416367
modern,2,b_N100_V4,2.1650829585269094
modern,2,b_N100_V4,2.163624973036349
modern,2,b_N100_V4,2.1721250377595425
modern,2,b_N100_V4,2.1498340647667646
modern,2,b_N100_V4,2.1584590431302786
modern,2,b_N100_V4,2.156500006094575
modern,2,b_N100_V4,2.1779590751975775
modern,2,b_N100_V4,2.1764590637758374
modern,2,b_N100_V4,2.1855829982087016
modern,2,b_N100_V4,2.1567080402746797
modern,2,b_N100_V4,2.1527919452637434
modern,2,b_N100_V4,2.1747080609202385
modern,2,b_N100_V4,2.1688329288735986
modern,2,b_N100_V4,2.1960840094834566
modern,2,b_N100_V4,2.176957903429866
modern,2,b_N100_V4,2.1585829090327024
modern,2,b_N100_V4,2.1538749570026994
modern,2,b_N100_V4,2.163458033464849
modern,2,b_N100_V4,2.149582956917584
modern,2,b_N100_V4,2.2064170334488153
modern,2,b_N100_V4,2.1487909834831953
modern,2,b_N100_V4,2.20812507905066
modern,2,b_N100_V4,2.1786250872537494
modern,2,b_N100_V4,2.15366599150002
modern,2,b_N100_V4,2.132458030246198
modern,2,b_N100_V4,2.122459001839161
modern,2,b_N100_V4,2.148833009414375
modern,2,b_N100_V4,2.1320419618859887
modern,2,b_N100_V4,2.1307090064510703
modern,2,b_N100_V4,2.1136669674888253
modern,2,b_N100_V4,2.1515419939532876
modern,2,b_N100_V4,2.116709016263485
modern,2,b_N100_V4,2.1248329430818558
modern,2,b_N100_V4,2.122957957908511
modern,2,b_N100_V4,2.1455000387504697
modern,2,b_N100_V4,2.098708995617926
modern,2,b_N100_V4,2.0944171119481325
modern,2,b_N100_V4,2.110125031322241
modern,2,b_N100_V4,2.128583029843867
modern,2,b_N100_V4,2.118125092238188
modern,2,b_N100_V4,2.1141249453648925
modern,2,b_N100_V4,2.108333050273359
modern,2,b_N100_V4,2.1097499411553144
modern,2,b_N100_V4,2.1459999261423945
modern,2,b_N100_V4,2.108416985720396
modern,2,b_N100_V4,2.1052079973742366
modern,2,b_N100_V4,2.1487500052899122
modern,2,b_N100_V4,2.112500020302832
modern,2,b_N100_V4,2.114207949489355
modern,2,b_N100_V4,2.1120000164955854
modern,2,b_N100_V4,2.1384169813245535
modern,2,b_N100_V4,2.1224580705165863
modern,2,b_N100_V4,2.1385829895734787
modern,2,b_N100_V4,2.213040948845446
modern,2,b_N100_V4,2.2596250055357814
modern,2,b_N100_V4,2.1779999369755387
modern,2,b_N100_V4,2.1831250051036477
modern,2,b_N100_V4,2.14712496381253
modern,2,b_N100_V4,2.1437499672174454
modern,2,b_N100_V4,2.1475839894264936
modern,2,b_N100_V4,2.131666988134384
modern,2,b_N100_V4,2.122292062267661
modern,2,b_N100_V4,2.155125024728477
modern,2,b_N100_V4,2.1248749690130353
modern,2,b_N100_V4,2.112917019985616
modern,2,b_N100_V4,2.1257500629872084
modern,2,b_N100_V4,2.137625007890165
modern,2,b_N100_V4,2.1192500134930015
modern,2,b_N100_V4,2.1169999381527305
modern,2,b_N100_V4,2.1422080462798476
modern,2,b_N100_V4,2.146082930266857
modern,2,b_N100_V4,2.1070840302854776
modern,2,b_N100_V4,2.112666959874332
modern,2,b_N100_V4,2.1029580384492874
modern,2,b_N100_V4,2.149833948351443
modern,2,b_N100_V4,2.1045829635113478
modern,2,b_N100_V4,2.128374995663762
modern,2,b_N100_V4,2.098207944072783
modern,2,b_N100_V4,2.130625071004033
modern,2,b_N100_V4,2.0964579889550805
modern,2,b_N100_V4,2.1040000719949603
modern,2,b_N100_V4,2.097542048431933
modern,2,b_N100_V4,2.130083041265607
modern,2,b_N100_V4,2.442000084556639
modern,2,b_N100_V4,2.110749948769808
modern,2,b_N100_V4,2.1102079190313816
modern,2,b_N100_V4,2.237166976556182
modern,2,b_N100_V4,2.1077499259263277
modern,2,b_N100_V4,2.0991249475628138
modern,2,b_N100_V4,2.1074169781059027
modern,2,b_N100_V4,2.1162499906495214
modern,2,b_N100_V4,2.114500035531819
modern,2,b_N100_V4,2.1407080348581076
modern,2,b_N100_V4,2.114459057338536
modern,2,b_N100_V4,2.128583029843867
modern,2,b_N100_V4,2.1441250573843718
modern,2,b_N100_V4,2.106417086906731
modern,2,b_N100_V4,2.0944580901414156
modern,2,b_N100_V4,2.089542103931308
modern,2,b_N100_V4,2.0922499243170023
modern,2,b_N100_V4,2.0973329665139318
modern,2,b_N100_V4,2.100833924487233
modern,2,b_N100_V4,2.0861249649897218
modern,2,b_N100_V4,2.0893749315291643
modern,2,b_N100_V4,2.1322499960660934
modern,2,b_N100_V4,2.128500025719404
modern,2,b_N100_V4,2.100000041536987
modern,2,b_N100_V4,2.1012499928474426
modern,2,b_N100_V4,2.0930840400978923
modern,2,b_N100_V4,2.078915946185589
modern,2,b_N100_V4,2.105165971443057
modern,2,b_N100_V4,2.07912502810359
modern,2,b_N100_V4,2.09704099688679
modern,2,b_N100_V4,2.197291934862733
modern,2,b_N100_V4,2.208417048677802
modern,2,b_N100_V4,2.2134589962661266
modern,2,b_N100_V4,2.199792070314288
modern,2,b_N100_V4,2.1642500068992376
modern,2,b_N100_V4,2.1947500063106418
modern,2,b_N100_V4,2.1511249942705035
modern,2,b_N100_V4,2.185292076319456
modern,2,b_N100_V4,2.153458073735237
modern,2,b_N100_V4,2.179416944272816
modern,2,b_N100_V4,2.1237919572740793
modern,2,b_N100_V4,2.186542027629912
modern,2,b_N100_V4,2.1929999347776175
modern,2,b_N100_V4,2.1820419933646917
modern,2,b_N100_V4,2.1525840274989605
modern,2,b_N100_V4,2.159290947020054
modern,2,b_N100_V4,2.165375044569373
modern,2,b_N100_V4,2.1571250399574637
modern,2,b_N100_V4,2.130042063072324
modern,2,b_N100_V4,2.1500419825315475
modern,2,b_N100_V4,2.1458750125020742
modern,2,b_N100_V4,2.157833077944815
modern,2,b_N100_V4,2.1665419917553663
modern,2,b_N100_V4,2.2031249245628715
modern,2,b_N100_V4,2.1650000708177686
modern,2,b_N100_V4,2.1629579132422805
modern,2,b_N100_V4,2.145916922017932
modern,2,b_N100_V4,2.163665951229632
modern,2,b_N100_V4,2.146249986253679
modern,2,b_N100_V4,2.1617920137941837
modern,2,b_N100_V4,2.1478330017998815
modern,2,b_N100_V4,2.1458750125020742
modern,2,b_N100_V4,2.159459050744772
modern,2,b_N100_V4,2.190291997976601
modern,2,b_N100_V4,2.1190830739215016
modern,2,b_N100_V4,2.184834098443389
modern,2,b_N100_V4,2.1416250383481383
modern,2,b_N100_V4,2.1966249914839864
modern,2,b_N100_V4,2.187125035561621
modern,2,b_N100_V4,2.1782079711556435
modern,2,b_N100_V4,2.150749904103577
modern,2,b_N100_V4,2.167041995562613
modern,2,b_N100_V4,2.147457911632955
modern,2,b_N100_V4,2.145499922335148
modern,2,b_N100_V4,2.218708978034556
modern,2,b_N100_V4,2.1518750581890345
modern,2,b_N100_V4,2.1549169905483723
modern,2,b_N100_V4,2.1590000251308084
modern,2,b_N100_V4,2.177500049583614
modern,2,b_N100_V4,2.162707969546318
modern,2,b_N100_V4,2.1497500129044056
modern,2,b_N100_V4,2.1507920464500785
modern,2,b_N100_V4,2.168250037357211
modern,2,b_N100_V4,2.1520419977605343
modern,2,b_N100_V4,2.183249918743968
modern,2,b_N100_V4,2.143374993465841
modern,2,b_N100_V4,2.151374937966466
modern,2,b_N100_V4,2.1637079771608114
modern,2,b_N100_V4,2.147541963495314
modern,2,b_N100_V4,2.1607500966638327
modern,2,b_N100_V4,2.2011250257492065
modern,2,b_N100_V4,2.177500049583614
modern,2,b_N100_V4,2.1554159466177225
modern,2,b_N100_V4,2.1457920083776116
modern,2,b_N100_V4,2.171625033952296
modern,2,b_N100_V4,2.128791995346546
modern,2,b_N100_V4,2.1126250503584743
modern,2,b_N100_V4,2.416249946691096
modern,2,b_N100_V4,2.5750419590622187
modern,2,b_N100_V4,2.772709005512297
modern,2,b_N100_V4,2.6154170045629144
modern,2,b_N100_V4,2.836999949067831
modern,2,b_N100_V4,3.2378329196944833
modern,2,b_N100_V4,2.4913749657571316
modern,2,b_N100_V4,2.2462090710178018
modern,2,b_N100_V4,2.241958980448544
modern,2,b_N100_V4,2.185042016208172
modern,2,b_N100_V4,2.1602080669254065
modern,2,b_N100_V4,2.1550420206040144
modern,2,b_N100_V4,2.145084086805582
modern,2,b_N100_V4,2.14695802424103
modern,2,b_N100_V4,2.14879191480577
modern,2,b_N100_V4,2.137916977517307
modern,2,b_N100_V4,2.1386250155046582
modern,2,b_N100_V4,2.1389169851318
modern,2,b_N100_V4,2.16504093259573
modern,2,b_N100_V4,2.1314999321475625
modern,2,b_N100_V4,2.119624987244606
modern,2,b_N100_V4,2.116000046953559
modern,2,b_N100_V4,2.107792068272829
modern,2,b_N100_V4,2.1100000012665987
modern,2,b_N100_V4,2.108457963913679
modern,2,b_N100_V4,2.0996250677853823
modern,2,b_N100_V4,2.1134159760549664
modern,2,b_N100_V4,2.1187090314924717
modern,2,b_N100_V4,2.111292094923556
modern,2,b_N100_V4,2.2507919929921627
modern,2,b_N100_V4,2.143458928912878
modern,2,b_N100_V4,2.1051669027656317
modern,2,b_N100_V4,2.1027090260758996
modern,2,b_N100_V4,2.108749933540821
modern,2,b_N100_V4,2.1019160049036145
modern,2,b_N100_V4,2.1035829558968544
modern,2,b_N100_V4,2.13425001129508
modern,2,b_N100_V4,2.1212920546531677
modern,2,b_N100_V4,2.1250840509310365
modern,2,b_N100_V4,2.1462920121848583
modern,2,b_N100_V4,2.119624987244606
modern,2,b_N100_V4,2.112917019985616
modern,2,b_N100_V4,2.121791010722518
modern,2,b_N100_V4,2.4292500456795096
modern,2,b_N100_V4,2.1640410413965583
modern,2,b_N100_V4,2.142874989658594
modern,2,b_N100_V4,2.1542080212384462
modern,2,b_N100_V4,2.113417023792863
modern,2,b_N100_V4,2.11254192981869
modern,2,b_N100_V4,2.1188330138102174
modern,2,b_N100_V4,2.144666970707476
modern,2,b_N100_V4,2.1102919708937407
modern,2,b_N100_V4,2.103292034007609
modern,2,b_N100_V4,2.2104589734226465
modern,2,b_N100_V4,2.1758750081062317
modern,2,b_N100_V4,2.1366250002756715
modern,2,b_N100_V4,2.12808302603662
modern,2,b_N100_V4,2.1354580530896783
modern,2,b_N100_V4,2.1328750299289823
modern,2,b_N100_V4,2.1208750549703836
modern,2,b_N100_V4,2.1651670103892684
modern,2,b_N100_V4,2.1132919937372208
modern,2,b_N100_V4,2.1061250008642673
modern,2,b_N100_V4,2.1151669789105654
modern,2,b_N100_V4,2.1512500243261456
modern,2,b_N100_V4,2.123125013895333
modern,2,b_N100_V4,2.1165000507608056
modern,2,b_N100_V4,2.1063339663669467
modern,2,b_N100_V4,2.129458007402718
modern,2,b_N100_V4,2.1117080468684435
modern,2,b_N100_V4,2.1325000561773777
modern,2,b_N100_V4,2.1059580612927675
modern,2,b_N100_V4,2.1084999898448586
modern,2,b_N100_V4,2.1120839519426227
modern,2,b_N100_V4,2.09666695445776
modern,2,b_N100_V4,2.110417000949383
modern,2,b_N100_V4,2.117583993822336
modern,2,b_N100_V4,2.1290830336511135
modern,2,b_N100_V4,2.0979580003768206
modern,2,b_N100_V4,2.0998340332880616
modern,2,b_N100_V4,2.112249960191548
modern,2,b_N100_V4,2.1600830368697643
modern,2,b_N100_V4,2.1127089858055115
modern,2,b_N100_V4,2.103458042256534
modern,2,b_N100_V4,2.0947910379618406
modern,2,b_N100_V4,2.089959103614092
modern,2,b_N100_V4,2.093625022098422
modern,2,b_N100_V4,2.0869580330327153
modern,2,b_N100_V4,2.0932089537382126
modern,2,b_N100_V4,2.103790990076959
modern,2,b_N100_V4,2.091208938509226
modern,2,b_N100_V4,2.1171249682083726
modern,2,b_N100_V4,2.0800000056624413
modern,2,b_N100_V4,2.092833979986608
modern,2,b_N100_V4,2.096917014569044
modern,2,b_N100_V4,2.1008329931646585
modern,2,b_N100_V4,2.1373749477788806
modern,2,b_N100_V4,2.100458019413054
modern,2,b_N100_V4,2.1061250008642673
modern,2,b_N100_V4,2.103333012200892
modern,2,b_N100_V4,2.1093750838190317
modern,2,b_N100_V4,2.1140420576557517
modern,2,b_N100_V4,2.1495420951396227
modern,2,b_N100_V4,2.113208989612758
modern,2,b_N100_V4,2.1012919023633003
modern,2,b_N100_V4,2.104791929014027
modern,2,b_N100_V4,2.1027500042691827
modern,2,b_N100_V4,2.1377908997237682
modern,2,b_N100_V4,2.112249960191548
modern,2,b_N100_V4,2.103916951455176
modern,2,b_N100_V4,2.1102919708937407
modern,2,b_N100_V4,2.1150839747861028
modern,2,b_N100_V4,2.1429579937830567
modern,2,b_N100_V4,2.226125099696219
modern,2,b_N100_V4,2.1861670538783073
modern,2,b_N100_V4,2.192083979025483
modern,2,b_N100_V4,2.1620000479742885
modern,2,b_N100_V4,2.1287500858306885
modern,2,b_N100_V4,2.1445839665830135
modern,2,b_N100_V4,2.137750037945807
modern,2,b_N100_V4,2.135207992978394
modern,2,b_N100_V4,2.124625025317073
modern,2,b_N100_V4,2.1836250089108944
modern,2,b_N100_V4,2.103166072629392
modern,2,b_N100_V4,2.1273749880492687
modern,2,b_N100_V4,2.1047500194981694
modern,2,b_N100_V4,2.1299580112099648
modern,2,b_N100_V4,2.1100000012665987
modern,2,b_N100_V4,2.1968750515952706
modern,2,b_N100_V4,2.817917033098638
modern,2,b_N100_V4,3.2173750223591924
modern,2,b_N100_V4,2.3860420333221555
modern,2,b_N100_V4,2.3241250310093164
modern,2,b_N100_V4,2.2215419448912144
modern,2,b_N100_V4,2.2079580230638385
modern,2,b_N100_V4,2.2055000299587846
modern,2,b_N100_V4,2.206166973337531
modern,2,b_N100_V4,2.1852079080417752
modern,2,b_N100_V4,2.2655829088762403
modern,2,b_N100_V4,2.2680419497191906
modern,2,b_N100_V4,2.171790925785899
modern,2,b_N100_V4,2.1491670049726963
modern,2,b_N100_V4,2.1539999870583415
modern,2,b_N100_V4,2.2519159829244018
modern,2,b_N100_V4,2.157249953597784
modern,2,b_N100_V4,2.164292032830417
modern,2,b_N100_V4,2.1576250437647104
modern,2,b_N100_V4,2.1728749852627516
modern,2,b_N100_V4,2.1381669212132692
modern,2,b_N100_V4,2.1322910906746984
modern,2,b_N100_V4,2.1401660051196814
modern,2,b_N100_V4,2.1406669402495027
modern,2,b_N100_V4,2.1451659267768264
modern,2,b_N100_V4,2.4226249661296606
modern,2,b_N100_V4,2.156832953915
modern,2,b_N100_V4,2.161709009669721
modern,2,b_N100_V4,2.1349999587982893
modern,2,b_N100_V4,2.138459007255733
modern,2,b_N100_V4,2.132041030563414
modern,2,b_N100_V4,2.1392919588834047
modern,2,b_N100_V4,2.1317920181900263
modern,2,b_N100_V4,2.119207987561822
modern,2,b_N100_V4,2.1437080577015877
modern,2,b_N100_V4,2.11854197550565
modern,2,b_N100_V4,2.172333071939647
modern,2,b_N100_V4,2.1251249127089977
modern,2,b_N100_V4,2.125541912391782
modern,2,b_N100_V4,2.1159169264137745
modern,2,b_N100_V4,2.1600000327453017
modern,2,b_N100_V4,2.4919999996200204
modern,2,b_N100_V4,2.1236659958958626
modern,2,b_N100_V4,2.1448329789564013
modern,2,b_N100_V4,2.1459589479491115
modern,2,b_N100_V4,2.2460409672930837
modern,2,b_N100_V4,2.269832999445498
modern,2,b_N100_V4,2.1895839599892497
modern,2,b_N100_V4,2.193958032876253
modern,2,b_N100_V4,2.1852500503882766
modern,2,b_N100_V4,2.1964170737192035
modern,2,b_N100_V4,2.171750064007938
modern,2,b_N100_V4,2.148000057786703
modern,2,b_N100_V4,2.1559579763561487
modern,2,b_N100_V4,2.164000063203275
modern,2,b_N100_V4,2.2352919913828373
modern,2,b_N100_V4,2.1834999788552523
modern,2,b_N100_V4,2.16587504837662
modern,2,b_N100_V4,2.17241607606411
modern,2,b_N100_V4,2.1533749531954527
modern,2,b_N100_V4,2.1527920616790652
modern,2,b_N100_V4,2.1450829226523638
modern,2,b_N100_V4,2.1899580024182796
modern,2,b_N100_V4,2.1548749646171927
modern,2,b_N100_V4,2.1579579915851355
modern,2,b_N100_V4,2.1550829987972975
modern,2,b_N100_V4,2.1575409919023514
modern,2,b_N100_V4,2.1788330050185323
modern,2,b_N100_V4,2.1629590773954988
modern,2,b_N100_V4,2.15162499807775
modern,2,b_N100_V4,2.1529580699279904
modern,2,b_N100_V4,2.1814589854329824
modern,2,b_N100_V4,2.168749924749136
modern,2,b_N100_V4,2.138042007572949
modern,2,b_N100_V4,2.1346249850466847
modern,2,b_N100_V4,2.169957966543734
modern,2,b_N100_V4,2.141791977919638
modern,2,b_N100_V4,2.165084006264806
modern,2,b_N100_V4,2.1405830048024654
modern,2,b_N100_V4,2.1455410169437528
modern,2,b_N100_V4,2.168416976928711
modern,2,b_N100_V4,2.146249986253679
modern,2,b_N100_V4,2.181458054110408
modern,2,b_N100_V4,2.137209055945277
modern,2,b_N100_V4,2.1423749858513474
modern,2,b_N100_V4,2.153499983251095
modern,2,b_N100_V4,2.2310829954221845
modern,2,b_N100_V4,2.1473329979926348
modern,2,b_N100_V4,2.16149992775172
modern,2,b_N100_V4,2.1360829705372453
modern,2,b_N100_V4,2.346124965697527
modern,2,b_N100_V4,2.139332937076688
modern,2,b_N100_V4,2.2331669460982084
modern,2,b_N100_V4,2.1563329501077533
modern,2,b_N100_V4,2.1869170013815165
modern,2,b_N100_V4,2.1317090140655637
modern,2,b_N100_V4,2.1202920470386744
modern,2,b_N100_V4,2.122833044268191
modern,2,b_N100_V4,2.1540840389207006
modern,2,b_N100_V4,2.1472909720614552
modern,2,b_N100_V4,2.135958056896925
modern,2,b_N100_V4,2.159333904273808
modern,2,b_N100_V4,2.1207499084994197
modern,2,b_N100_V4,2.1071250084787607
modern,2,b_N100_V4,2.634958946146071
modern,2,b_N100_V4,2.2653340129181743
modern,2,b_N100_V4,2.247332944534719
modern,2,b_N100_V4,2.2324169985949993
modern,2,b_N100_V4,2.246333984658122
modern,2,b_N100_V4,2.184457960538566
modern,2,b_N100_V4,2.1742499666288495
modern,2,b_N100_V4,2.202417002990842
modern,2,b_N100_V4,2.1706250263378024
modern,2,b_N100_V4,2.175249974243343
modern,2,b_N100_V4,2.175832982175052
modern,2,b_N100_V4,2.156500006094575
modern,2,b_N100_V4,2.148041967302561
modern,2,b_N100_V4,2.154958085156977
modern,2,b_N100_V4,2.5211669271811843
modern,2,b_N100_V4,2.2315409732982516
modern,2,b_N100_V4,2.1787919104099274
modern,2,b_N100_V4,2.1430000197142363
modern,2,b_N100_V4,2.1506670163944364
modern,2,b_N100_V4,2.4495419347658753
modern,2,b_N100_V4,2.2820000303909183
modern,2,b_N100_V4,2.2488749818876386
modern,2,b_N100_V4,2.60533404070884
modern,2,b_N100_V4,2.1900830324739218
modern,2,b_N100_V4,2.216084045358002
modern,2,b_N100_V4,2.2612500470131636
modern,2,b_N100_V4,2.19608296174556
modern,2,b_N100_V4,2.1784589625895023
modern,2,b_N100_V4,2.1958749275654554
modern,2,b_N100_V4,2.1391669288277626
modern,2,b_N100_V4,2.1597089944407344
modern,2,b_N100_V4,2.1828749449923635
modern,2,b_N100_V4,2.151832915842533
modern,2,b_N100_V4,2.165874931961298
modern,2,b_N100_V4,2.148833009414375
modern,2,b_N100_V4,2.14562495239079
modern,2,b_N100_V4,2.200209069997072
modern,2,b_N100_V4,2.174332970753312
modern,2,b_N100_V4,2.1546250209212303
modern,2,b_N100_V4,2.168165985494852
modern,2,b_N100_V4,2.1461660508066416
modern,2,b_N100_V4,2.1139170276001096
modern,2,b_N100_V4,2.148541039787233
modern,2,b_N100_V4,2.178582944907248
modern,2,b_N100_V4,2.1422499557957053
modern,2,b_N100_V4,2.168833976611495
modern,2,b_N100_V4,2.280583023093641
modern,2,b_N100_V4,2.125833067111671
modern,2,b_N100_V4,2.1524999756366014
modern,2,b_N100_V4,2.173583023250103
modern,2,b_N100_V4,2.1611659321933985
modern,2,b_N100_V4,2.1767090074718
modern,2,b_N100_V4,2.1572080440819263
modern,2,b_N100_V4,2.144542057067156
modern,2,b_N100_V4,2.171874977648258
modern,2,b_N100_V4,2.120290999300778
modern,2,b_N100_V4,2.148208091966808
modern,2,b_N100_V4,2.169916988350451
modern,2,b_N100_V4,2.1967499051243067
modern,2,b_N100_V4,2.142124925740063
modern,2,b_N100_V4,2.1402089623734355
modern,2,b_N100_V4,2.26545799523592
modern,2,b_N100_V4,2.253082930110395
modern,2,b_N100_V4,2.224791911430657
modern,2,b_N100_V4,2.5921670021489263
modern,2,b_N100_V4,2.2492080461233854
modern,2,b_N100_V4,2.1940419683232903
modern,2,b_N100_V4,2.2406659554690123
modern,2,b_N100_V4,2.225582953542471
modern,2,b_N100_V4,2.1750000305473804
modern,2,b_N100_V4,2.1927920170128345
modern,2,b_N100_V4,2.2156250197440386
modern,2,b_N100_V4,2.1796670043841004
modern,2,b_N100_V4,2.181290998123586
modern,2,b_N100_V4,2.1680830977857113
modern,2,b_N100_V4,2.162208082154393
modern,2,b_N100_V4,2.1726660197600722
modern,2,b_N100_V4,2.2035419242456555
modern,2,b_N100_V4,2.199666923843324
modern,2,b_N100_V4,2.1785409189760685
modern,2,b_N100_V4,2.157124923542142
modern,2,b_N100_V4,2.1777499932795763
modern,2,b_N100_V4,2.1626249654218554
modern,2,b_N100_V4,2.180167008191347
modern,2,b_N100_V4,2.1759590599685907
modern,2,b_N100_V4,2.161000040359795
modern,2,b_N100_V4,2.2902910131961107
modern,2,b_N100_V4,2.168250037357211
modern,2,b_N100_V4,2.2124589886516333
modern,2,b_N100_V4,2.219625050202012
modern,2,b_N100_V4,2.1639589685946703
modern,2,b_N100_V4,2.159374998882413
modern,2,b_N100_V4,2.164167002774775
modern,2,b_N100_V4,2.175334026105702
modern,2,b_N100_V4,2.1431249333545566
modern,2,b_N100_V4,2.1742499666288495
modern,2,b_N100_V4,2.15833296533674
modern,2,b_N100_V4,2.170708030462265
modern,2,b_N100_V4,2.1947079803794622
modern,2,b_N100_V4,2.1389169851318
modern,2,b_N100_V4,2.1720840595662594
modern,2,b_N100_V4,2.1624580258503556
modern,2,b_N100_V4,2.1607500966638327
modern,2,b_N100_V4,2.175708068534732
modern,2,b_N100_V4,2.1417500684037805
modern,2,b_N100_V4,2.151000080630183
modern,2,b_N100_V4,2.1662910003215075
modern,2,b_N100_V4,2.153957961127162
modern,2,b_N100_V4,2.1834169747307897
modern,2,b_N100_V4,2.200624905526638
modern,2,b_N100_V4,2.1274579921737313
modern,2,b_N100_V4,2.14712496381253
modern,2,b_N100_V4,2.1621249616146088
modern,2,b_N100_V4,2.152999979443848
modern,2,b_N100_V4,2.1785000571981072
modern,2,b_N100_V4,2.1606669761240482
modern,2,b_N100_V4,2.144166035577655
modern,2,b_N100_V4,2.139999996870756
modern,2,b_N100_V4,2.177917049266398
modern,2,b_N100_V4,2.217374974861741
modern,2,b_N100_V4,2.1567499497905374
modern,2,b_N100_V4,2.231542021036148
modern,2,b_N100_V4,2.1867089672014117
modern,2,b_N100_V4,2.162083052098751
modern,2,b_N100_V4,2.1515419939532876
modern,2,b_N100_V4,2.1388749592006207
modern,2,b_N100_V4,2.1321249660104513
modern,2,b_N100_V4,2.160249976441264
modern,2,b_N100_V4,2.1445000311359763
modern,2,b_N100_V4,2.177832997404039
modern,2,b_N100_V4,2.1325829438865185
modern,2,b_N100_V4,2.144208992831409
modern,2,b_N100_V4,2.121124998666346
modern,2,b_N100_V4,2.1252919686958194
modern,2,b_N100_V4,2.115875016897917
modern,2,b_N100_V4,2.107667038217187
modern,2,b_N100_V4,2.199208945967257
modern,2,b_N100_V4,2.1024999441578984
modern,2,b_N100_V4,2.100791083648801
modern,2,b_N100_V4,2.143041929230094
modern,2,b_N100_V4,2.1284589311107993
modern,2,b_N100_V4,2.1184158977121115
modern,2,b_N100_V4,2.1139999153092504
modern,2,b_N100_V4,2.112666959874332
modern,2,b_N100_V4,2.122833044268191
modern,2,b_N100_V4,2.1152920089662075
modern,2,b_N100_V4,2.122709061950445
modern,2,b_N100_V4,2.1117909345775843
modern,2,b_N100_V4,2.1139580057933927
modern,2,b_N100_V4,2.1201249910518527
modern,2,b_N100_V4,2.155791036784649
modern,2,b_N100_V4,2.127583953551948
modern,2,b_N100_V4,2.1314589539542794
modern,2,b_N100_V4,2.1171249682083726
modern,2,b_N100_V4,2.1233749575912952
modern,2,b_N100_V4,2.1018749102950096
modern,2,b_N100_V4,2.100624958984554
modern,2,b_N100_V4,2.105999970808625
modern,2,b_N100_V4,2.0986669696867466
modern,2,b_N100_V4,2.1124579943716526
modern,2,b_N100_V4,2.1622079657390714
modern,2,b_N100_V4,2.1113340044394135
modern,2,b_N100_V4,2.1010420750826597
modern,2,b_N100_V4,2.104667015373707
modern,2,b_N100_V4,2.0902910036966205
modern,2,b_N100_V4,2.1110830130055547
modern,2,b_N100_V4,2.121583092957735
modern,2,b_N100_V4,2.0975839579477906
modern,2,b_N100_V4,2.0888750441372395
modern,2,b_N100_V4,2.0929169841110706
modern,2,b_N100_V4,2.1033749217167497
modern,2,b_N100_V4,2.224207972176373
modern,2,b_N100_V4,2.121416968293488
modern,2,b_N100_V4,2.119624987244606
modern,2,b_N100_V4,2.098749973811209
modern,2,b_N100_V4,2.115582930855453
modern,2,b_N100_V4,2.1080420119687915
modern,2,b_N100_V4,2.114500035531819
modern,2,b_N100_V4,2.1189170656725764
modern,2,b_N100_V4,2.1154170390218496
modern,2,b_N100_V4,2.131583052687347
modern,2,b_N100_V4,2.259083092212677
modern,2,b_N100_V4,2.309083938598633
modern,2,b_N100_V4,2.2965000243857503
modern,2,b_N100_V4,2.2802919847890735
modern,2,b_N100_V4,2.2004999918863177
modern,2,b_N100_V4,2.2854999406263232
modern,2,b_N100_V4,2.176084090024233
modern,2,b_N100_V4,2.2734589874744415
modern,2,b_N100_V4,2.2457920713350177
modern,2,b_N100_V4,2.310000010766089
modern,2,b_N100_V4,2.1915840916335583
modern,2,b_N100_V4,2.3139999248087406
modern,2,b_N100_V4,2.2756661055609584
modern,2,b_N100_V4,2.2686250740662217
modern,2,b_N100_V4,2.213791012763977
modern,2,b_N100_V4,2.3034169571474195
modern,2,b_N100_V4,2.2647089790552855
modern,2,b_N100_V4,2.687708009034395
modern,2,b_N100_V4,2.369374968111515
modern,2,b_N100_V4,2.3617499973624945
modern,2,b_N100_V4,2.3032500175759196
modern,2,b_N100_V4,2.3805840173736215
modern,2,b_N100_V4,2.220250084064901
modern,2,b_N100_V4,2.2057919995859265
modern,2,b_N100_V4,2.2970420541241765
modern,2,b_N100_V4,2.318000071682036
modern,2,b_N100_V4,2.1987080108374357
modern,2,b_N100_V4,2.170083927921951
modern,2,b_N100_V4,2.172334003262222
modern,2,b_N100_V4,2.3040829692035913
modern,2,b_N100_V4,2.3517919471487403
modern,2,b_N100_V4,2.335999975912273
modern,2,b_N100_V4,2.488332916982472
modern,2,b_N100_V4,2.2860419703647494
modern,2,b_N100_V4,2.2097920300439
modern,2,b_N100_V4,2.3293750127777457
modern,2,b_N100_V4,2.331875031813979
modern,2,b_N100_V4,2.279500011354685
modern,2,b_N100_V4,2.1836659871041775
modern,2,b_N100_V4,2.293792087584734
modern,2,b_N100_V4,2.2788330679759383
modern,2,b_N100_V4,2.3207080084830523
modern,2,b_N100_V4,2.205250086262822
modern,2,b_N100_V4,2.2837501019239426
modern,2,b_N100_V4,2.1969169611111283
modern,2,b_N100_V4,2.2739169653505087
modern,2,b_N100_V4,2.2630420280620456
modern,2,b_N100_V4,2.1774580236524343
modern,2,b_N100_V4,3.6331670125946403
modern,2,b_N100_V4,2.406582934781909
modern,2,b_N100_V4,2.360749989748001
modern,2,b_N100_V4,2.3289170349016786
modern,2,b_N100_V4,2.231125021353364
modern,2,b_N100_V4,2.3326249793171883
modern,2,b_N100_V4,2.1807090379297733
modern,2,b_N100_V4,2.277459017932415
modern,2,b_N100_V4,2.291542012244463
modern,2,b_N100_V4,2.290916978381574
modern,2,b_N100_V4,2.1518339635804296
modern,2,b_N100_V4,2.282207948155701
modern,2,b_N100_V4,2.3473749170079827
modern,2,b_N100_V4,2.2510000271722674
modern,2,b_N100_V4,2.195791923440993
modern,2,b_N100_V4,2.137332921847701
modern,2,b_N100_V4,2.1236250177025795
modern,2,b_N100_V4,2.114917035214603
modern,2,b_N100_V4,2.572458004578948
modern,2,b_N100_V4,2.127957995980978
modern,2,b_N100_V4,2.1269579883664846
modern,2,b_N100_V4,2.1357910009101033
modern,2,b_N100_V4,2.123708021827042
modern,2,b_N100_V4,2.117459080182016
modern,2,b_N100_V4,2.1349999587982893
modern,2,b_N100_V4,2.1730830194428563
modern,2,b_N100_V4,2.1105839405208826
modern,2,b_N100_V4,2.118166070431471
modern,2,b_N100_V4,2.1078329300507903
modern,2,b_N100_V4,2.0989999175071716
modern,2,b_N100_V4,2.104791929014027
modern,2,b_N100_V4,2.1047500194981694
modern,2,b_N100_V4,2.112917019985616
modern,2,b_N100_V4,2.2994999308139086
modern,2,b_N100_V4,2.528207958675921
modern,2,b_N100_V4,2.2799590369686484
modern,2,b_N100_V4,2.2002910263836384
modern,2,b_N100_V4,2.190624945797026
modern,2,b_N100_V4,2.1589590469375253
modern,2,b_N100_V4,2.1701670484617352
modern,2,b_N100_V4,2.192666055634618
modern,2,b_N100_V4,2.1472088992595673
modern,2,b_N100_V4,2.1229999838396907
modern,2,b_N100_V4,2.248540986329317
modern,2,b_N100_V4,2.1233749575912952
modern,2,b_N100_V4,2.1191659616306424
modern,2,b_N100_V4,2.141374978236854
modern,2,b_N100_V4,2.0961250411346555
modern,2,b_N100_V4,2.1030419738963246
modern,2,b_N100_V4,2.382833044975996
modern,2,b_N100_V4,2.1654170705005527
modern,2,b_N100_V4,2.1355829667299986
modern,2,b_N100_V4,2.090750029310584
modern,2,b_N100_V4,2.0984590519219637
modern,2,b_N100_V4,2.083541010506451
modern,2,b_N100_V4,2.0909170852974057
modern,2,b_N100_V4,2.14712496381253
modern,2,b_N100_V4,2.10620800498873
modern,2,b_N100_V4,2.099999925121665
modern,2,b_N100_V4,2.1087919594720006
modern,2,b_N100_V4,2.0893330220133066
modern,2,b_N100_V4,2.0964579889550805
modern,2,b_N100_V4,2.1012499928474426
modern,2,b_N100_V4,2.103750011883676
modern,2,b_N100_V4,2.1143750054761767
modern,2,b_N100_V4,2.0929999882355332
modern,2,b_N100_V4,2.112540998496115
modern,2,b_N100_V4,2.202457981184125
modern,2,b_N100_V4,2.1317920181900263
modern,2,b_N100_V4,2.116709016263485
modern,2,b_N100_V4,2.1000420674681664
modern,2,b_N100_V4,2.0979169057682157
modern,2,b_N100_V4,2.245167037472129
modern,2,b_N100_V4,2.325874986127019
modern,2,b_N100_V4,2.2110840072855353
modern,2,b_N100_V4,2.185208024457097
modern,2,b_N100_V4,2.225833013653755
modern,2,b_N100_V4,2.2401660680770874
modern,2,b_N100_V4,2.17720796354115
modern,2,b_N100_V4,2.192000043578446
modern,2,b_N100_V4,2.1855420200154185
modern,2,b_N100_V4,2.1599160972982645
modern,2,b_N100_V4,2.1441669669002295
modern,2,b_N100_V4,2.208207966759801
modern,2,b_N100_V4,2.183582982979715
modern,2,b_N100_V4,2.1609169198200107
modern,2,b_N100_V4,2.150833955965936
modern,2,b_N100_V4,2.201374969445169
modern,2,b_N100_V4,2.1354579366743565
modern,2,b_N100_V4,2.1446250611916184
modern,2,b_N100_V4,2.176124951802194
modern,2,b_N100_V4,2.151499968022108
modern,2,b_N100_V4,2.1499590948224068
modern,2,b_N100_V4,2.163624973036349
modern,2,b_N100_V4,2.1496249828487635
modern,2,b_N100_V4,2.1550419041886926
modern,2,b_N100_V4,2.1476250840350986
modern,2,b_N100_V4,2.1493330132216215
modern,2,b_N100_V4,2.3207919439300895
modern,2,b_N100_V4,2.16133298818022
modern,2,b_N100_V4,2.1485829493030906
modern,2,b_N100_V4,2.1176249720156193
modern,2,b_N100_V4,2.1754580084234476
modern,2,b_N100_V4,2.2072079591453075
modern,2,b_N100_V4,2.1519999718293548
modern,2,b_N100_V4,2.163875033147633
modern,2,b_N100_V4,2.185374964028597
modern,2,b_N100_V4,2.159374998882413
modern,2,b_N100_V4,2.1912080701440573
modern,2,b_N100_V4,2.1351249888539314
modern,2,b_N100_V4,2.742416923865676
modern,2,b_N100_V4,2.2446661023423076
modern,2,b_N100_V4,2.1899580024182796
modern,2,b_N100_V4,2.1735000191256404
modern,2,b_N100_V4,2.24508298560977
modern,2,b_N100_V4,2.1832078928127885
modern,2,b_N100_V4,2.1677090553566813
modern,2,b_N100_V4,2.1458750125020742
modern,2,b_N100_V4,2.1646670065820217
modern,2,b_N100_V4,2.2035420406609774
modern,2,b_N100_V4,2.141291042789817
modern,2,b_N100_V4,2.138292067684233
modern,2,b_N100_V4,2.1144580096006393
modern,2,b_N100_V4,2.1595420548692346
modern,2,b_N100_V4,2.158333081752062
modern,2,b_N100_V4,2.161749987863004
modern,2,b_N100_V4,2.134458045475185
modern,2,b_N100_V4,2.1467499900609255
modern,2,b_N100_V4,2.1796670043841004
modern,2,b_N100_V4,2.1813749335706234
modern,2,b_N100_V4,2.36466689966619
modern,2,b_N100_V4,2.1547500509768724
modern,2,b_N100_V4,2.2736251121386886
modern,2,b_N100_V4,2.208499936386943
modern,2,b_N100_V4,2.2128750570118427
modern,2,b_N100_V4,2.180499956011772
modern,2,b_N100_V4,2.186457975767553
modern,2,b_N100_V4,2.211584011092782
modern,2,b_N100_V4,2.1745000267401338
modern,2,b_N100_V4,2.1865000016987324
modern,2,b_N100_V4,2.182291937060654
modern,2,b_N100_V4,2.147875027731061
modern,2,b_N100_V4,2.1599169122055173
modern,2,b_N100_V4,2.1672500297427177
modern,2,b_N100_V4,2.1685409592464566
modern,2,b_N100_V4,2.1299159852787852
modern,2,b_N100_V4,2.1834579529240727
modern,2,b_N100_V4,2.1847919560968876
modern,2,b_N100_V4,2.1940000588074327
modern,2,b_N100_V4,2.21145898103714
modern,2,b_N100_V4,2.1657500183209777
modern,2,b_N100_V4,2.136833034455776
modern,2,b_N100_V4,2.1288340212777257
modern,2,b_N100_V4,2.150166081264615
modern,2,b_N100_V4,2.1785420831292868
modern,2,b_N100_V4,2.1760419476777315
modern,2,b_N100_V4,2.1600830368697643
modern,2,b_N100_V4,2.144707948900759
modern,2,b_N100_V4,2.1646670065820217
modern,2,b_N100_V4,2.159582916647196
modern,2,b_N100_V4,2.140832948498428
modern,2,b_N100_V4,2.168416976928711
modern,2,b_N100_V4,2.112083020620048
modern,2,b_N100_V4,2.1382919512689114
modern,2,b_N100_V4,2.19558400567621
modern,2,b_N100_V4,2.1637920290231705
modern,2,b_N100_V4,2.1580420434474945
modern,2,b_N100_V4,2.1230840357020497
modern,2,b_N100_V4,2.1473329979926348
modern,2,b_N100_V4,2.1310830488801003
modern,2,b_N100_V4,2.1733749890699983
modern,2,b_N100_V4,2.1473750239238143
modern,2,b_N100_V4,2.154999994672835
modern,2,b_N100_V4,2.1407909225672483
modern,2,b_N100_V4,2.1464999299496412
modern,2,b_N100_V4,2.1347079891711473
modern,2,b_N100_V4,2.1635839948430657
modern,2,b_N100_V4,2.142666024155915
modern,2,b_N100_V4,2.1428329637274146
modern,2,b_N100_V4,2.1795419743284583
modern,2,b_N100_V4,2.1422910504043102
modern,2,b_N100_V4,2.1472920197993517
modern,2,b_N100_V4,2.140917000360787
modern,2,b_N100_V4,2.140500000678003
modern,2,b_N100_V4,2.1596670849248767
modern,2,b_N100_V4,2.134084003046155
modern,2,b_N100_V4,2.138208015821874
modern,2,b_N100_V4,2.1275830222293735
modern,2,b_N100_V4,2.16083403211087
modern,2,b_N100_V4,2.1367910085245967
modern,2,b_N100_V4,2.1386250155046582
modern,2,b_N100_V4,2.7619999600574374
modern,2,b_N100_V4,2.181875053793192
modern,2,b_N100_V4,2.1858749678358436
modern,2,b_N100_V4,2.17366695869714
modern,2,b_N100_V4,2.182208001613617
modern,2,b_N100_V4,2.1616669837385416
modern,2,b_N100_V4,2.148917061276734
modern,2,b_N100_V4,2.138833049684763
modern,2,b_N100_V4,2.153208013623953
modern,2,b_N100_V4,2.14545801281929
modern,2,b_N100_V4,2.183042000979185
modern,2,b_N100_V4,2.1503750467672944
modern,2,b_N100_V4,2.130666980519891
modern,2,b_N100_V4,2.128374995663762
modern,2,b_N100_V4,2.1203329088166356
modern,2,b_N100_V4,2.1207500249147415
modern,2,b_N100_V4,2.127957995980978
modern,2,b_N100_V4,2.125791972503066
modern,2,b_N100_V4,2.1244590170681477
modern,2,b_N100_V4,2.1269579883664846
modern,2,b_N100_V4,2.127332962118089
modern,2,b_N100_V4,2.155125024728477
modern,2,b_N100_V4,2.136541996151209
modern,2,b_N100_V4,2.1363330306485295
modern,2,b_N100_V4,2.12191604077816
modern,2,b_N100_V4,2.116499934345484
modern,2,b_N100_V4,2.1335419733077288
modern,2,b_N100_V4,2.1195830777287483
modern,2,b_N100_V4,2.122957957908511
modern,2,b_N100_V4,2.118708100169897
modern,2,b_N100_V4,2.117999945767224
modern,2,b_N100_V4,2.143791993148625
modern,2,b_N100_V4,2.114166971296072
modern,2,b_N100_V4,2.119584009051323
modern,2,b_N100_V4,2.1470419596880674
modern,2,b_N100_V4,2.131541958078742
modern,2,b_N100_V4,2.117459080182016
modern,2,b_N100_V4,2.7065409813076258
modern,2,b_N100_V4,2.260708948597312
modern,2,b_N100_V4,2.2241249680519104
modern,2,b_N100_V4,2.1889579948037863
modern,2,b_N100_V4,2.1994999842718244
modern,2,b_N100_V4,2.225375035777688
modern,2,b_N100_V4,2.1808749297633767
modern,2,b_N100_V4,2.1740830270573497
modern,2,b_N100_V4,2.1667919354513288
modern,2,b_N100_V4,2.175582922063768
modern,2,b_N100_V4,2.168582985177636
modern,2,b_N100_V4,2.17504205647856
modern,2,b_N100_V4,2.161958022043109
modern,2,b_N100_V4,2.1544579649344087
modern,2,b_N100_V4,2.156625036150217
modern,2,b_N100_V4,2.1825000876560807
modern,2,b_N100_V4,2.158957999199629
modern,2,b_N100_V4,2.147583058103919
modern,2,b_N100_V4,2.1484579192474484
modern,2,b_N100_V4,2.139582997187972
modern,2,b_N100_V4,2.133999951183796
modern,2,b_N100_V4,2.171457977965474
modern,2,b_N100_V4,2.127624931745231
modern,2,b_N100_V4,2.1531250094994903
modern,2,b_N100_V4,2.2323329467326403
modern,2,b_N100_V4,2.3137080715969205
modern,2,b_N100_V4,2.2648749873042107
modern,2,b_N100_V4,2.251375000923872
modern,2,b_N100_V4,2.1950419759377837
modern,2,b_N100_V4,2.2324169985949993
modern,2,b_N100_V4,2.183042000979185
modern,2,b_N100_V4,2.2281670244410634
modern,2,b_N100_V4,2.2366669727489352
modern,2,b_N100_V4,2.2126249969005585
modern,2,b_N100_V4,2.143500023521483
modern,2,b_N100_V4,2.2124999668449163
modern,2,b_N100_V4,2.251334022730589
modern,2,b_N100_V4,2.1962079918012023
modern,2,b_N100_V4,2.155416994355619
modern,2,b_N100_V4,2.2802500752732158
modern,2,b_N100_V4,2.1367500303313136
modern,2,b_N100_V4,2.218624926172197
modern,2,b_N100_V4,2.215165994130075
modern,2,b_N100_V4,2.1956668933853507
modern,2,b_N100_V4,2.134750015102327
modern,2,b_N100_V4,2.1977080032229424
modern,2,b_N100_V4,2.231165999546647
modern,2,b_N100_V4,2.2757089463993907
modern,2,b_N100_V4,2.8536670142784715
modern,2,b_N100_V4,2.4325420381501317
modern,2,b_N100_V4,2.248666947707534
modern,2,b_N100_V4,2.2925829980522394
modern,2,b_N100_V4,2.289124997332692
modern,2,b_N100_V4,2.2575840121135116
modern,2,b_N100_V4,2.1683750674128532
modern,2,b_N100_V4,2.214167034253478
modern,2,b_N100_V4,2.1953749237582088
modern,2,b_N100_V4,2.3267079377546906
modern,2,b_N100_V4,2.1976669086143374
modern,2,b_N100_V4,2.28095892816782
modern,2,b_N100_V4,2.189665916375816
modern,2,b_N100_V4,2.2633749758824706
modern,2,b_N100_V4,2.2645839489996433
modern,2,b_N100_V4,2.2357089910656214
modern,2,b_N100_V4,2.1299159852787852
modern,2,b_N100_V4,2.2490830160677433
modern,2,b_N100_V4,2.249334007501602
modern,2,b_N100_V4,2.254541963338852
modern,2,b_N100_V4,2.142750076018274
modern,2,b_N100_V4,2.2193329641595483
modern,2,b_N100_V4,2.152583096176386
modern,2,b_N100_V4,2.2138749482110143
modern,2,b_N100_V4,2.24491604603827
modern,2,b_N100_V4,2.1809169556945562
modern,2,b_N100_V4,2.1390420151874423
modern,2,b_N100_V4,2.1548749646171927
modern,2,b_N100_V4,2.1259579807519913
modern,2,b_N100_V4,2.1364589920267463
modern,2,b_N100_V4,2.2154999896883965
modern,2,b_N100_V4,2.209166996181011
modern,2,b_N100_V4,2.138333977200091
modern,2,b_N100_V4,2.1876670653000474
modern,2,b_N100_V4,2.215457963757217
modern,2,b_N100_V4,2.2127500269562006
modern,2,b_N100_V4,2.2227499866858125
modern,2,b_N100_V4,2.2166669368743896
modern,2,b_N100_V4,2.1990409586578608
modern,2,b_N100_V4,2.295999904163182
modern,2,b_N100_V4,2.177166985347867
modern,2,b_N100_V4,2.2270409390330315
modern,2,b_N100_V4,2.168749924749136
modern,2,b_N100_V4,2.1897079423069954
modern,2,b_N100_V4,2.16737505979836
modern,2,b_N100_V4,2.1587919909507036
modern,2,b_N100_V4,2.140208031050861
modern,2,b_N100_V4,2.147875027731061
modern,2,b_N100_V4,2.1272910526022315
modern,2,b_N100_V4,2.368750050663948
modern,2,b_N100_V4,2.17066693585366
modern,2,b_N100_V4,2.171625033952296
modern,2,b_N100_V4,2.1410410990938544
modern,2,b_N100_V4,2.134833950549364
modern,2,b_N100_V4,2.1285410039126873
modern,2,b_N100_V4,2.139542018994689
modern,2,b_N100_V4,2.1471669897437096
modern,2,b_N100_V4,2.1420420380309224
modern,2,b_N100_V4,2.1375420037657022
modern,2,b_N100_V4,2.1272910526022315
modern,2,b_N100_V4,2.1554590202867985
modern,2,b_N100_V4,2.1579170133918524
modern,2,b_N100_V4,2.1448329789564013
modern,2,b_N100_V4,2.1382910199463367
modern,2,b_N100_V4,2.1390829933807254
modern,2,b_N100_V4,2.41983390878886
modern,2,b_N100_V4,2.126708044670522
modern,2,b_N100_V4,2.1372499177232385
modern,2,b_N100_V4,2.1354169584810734
modern,2,b_N100_V4,2.132958034053445
modern,2,b_N100_V4,2.1201249910518527
modern,2,b_N100_V4,2.2242499981075525
modern,2,b_N100_V4,2.1364999702200294
modern,2,b_N100_V4,2.126542036421597
modern,2,b_N100_V4,2.128791995346546
modern,2,b_N100_V4,2.126874984242022
modern,2,b_N100_V4,2.1422910504043102
modern,2,b_N100_V4,2.1364589920267463
modern,2,b_N100_V4,2.1175830624997616
modern,2,b_N100_V4,2.1300000371411443
modern,2,b_N100_V4,2.134333015419543
modern,2,b_N100_V4,2.1588329691439867
modern,2,b_N100_V4,2.1464579040184617
modern,2,b_N100_V4,2.1431249333545566
modern,2,b_N100_V4,2.149874926544726
modern,2,b_N100_V4,2.1311669843271375
modern,2,b_N100_V4,2.134084003046155
modern,2,b_N100_V4,2.1302499808371067
modern,2,b_N100_V4,2.133582951501012
modern,2,b_N100_V4,2.125459024682641
modern,2,b_N100_V4,2.1438340190798044
modern,2,b_N100_V4,2.1254579769447446
modern,2,b_N100_V4,2.1600000327453017
modern,2,b_N100_V4,2.139375079423189
modern,2,b_N100_V4,2.154999994672835
modern,2,b_N100_V4,2.1475410321727395
modern,2,b_N100_V4,2.244250033982098
modern,2,b_N100_V4,2.1721249213442206
modern,2,b_N100_V4,2.1769999293610454
modern,2,b_N100_V4,2.155084046535194
modern,2,b_N100_V4,2.149124979041517
modern,2,b_N100_V4,2.145749982446432
modern,2,b_N100_V4,2.236583037301898
modern,2,b_N100_V4,2.4398750392720103
modern,2,b_N100_V4,2.1817079978063703
modern,2,b_N100_V4,2.1514580585062504
modern,2,b_N100_V4,2.1611670963466167
modern,2,b_N100_V4,2.138249925337732
modern,2,b_N100_V4,2.161458949558437
modern,2,b_N100_V4,2.1267500706017017
modern,2,b_N100_V4,2.1109170047566295
modern,2,b_N100_V4,2.1234590094536543
modern,2,b_N100_V4,2.1497500129044056
modern,2,b_N100_V4,2.1410000044852495
modern,2,b_N100_V4,2.471207990311086
modern,2,b_N100_V4,2.1111660171300173
modern,2,b_N100_V4,2.120792050845921
modern,2,b_N100_V4,2.1307499846443534
modern,2,b_N100_V4,2.118875039741397
modern,2,b_N100_V4,2.133625093847513
modern,2,b_N100_V4,2.1375000942498446
modern,2,b_N100_V4,2.1371670300140977
modern,2,b_N100_V4,2.1349579328671098
modern,2,b_N100_V4,2.1639169426634908
modern,2,b_N100_V4,2.1186249796301126
modern,2,b_N100_V4,2.420166041702032
modern,2,b_N100_V4,2.1322499960660934
modern,2,b_N100_V4,2.1246669348329306
modern,2,b_N100_V4,2.111625042743981
modern,2,b_N100_V4,2.116749994456768
modern,2,b_N100_V4,2.1080829901620746
modern,2,b_N100_V4,2.1185000659897923
modern,2,b_N100_V4,2.1291670855134726
modern,2,b_N100_V4,2.156750066205859
modern,2,b_N100_V4,2.12154199834913
modern,2,b_N100_V4,2.1220410708338022
modern,2,b_N100_V4,2.1112910471856594
modern,2,b_N100_V4,2.116207964718342
modern,2,b_N100_V4,2.1179169416427612
modern,2,b_N100_V4,2.1290420554578304
modern,2,b_N100_V4,2.1230829879641533
modern,2,b_N100_V4,2.1395840449258685
modern,2,b_N100_V4,2.1380409598350525
modern,2,b_N100_V4,2.1162499906495214
modern,2,b_N100_V4,2.1540409652516246
modern,2,b_N100_V4,2.1439590491354465
modern,2,b_N100_V4,2.1388749592006207
modern,2,b_N100_V4,2.1232920698821545
modern,2,b_N100_V4,2.135041053406894
modern,2,b_N100_V4,2.1240829955786467
modern,2,b_N100_V4,2.1154580172151327
modern,2,b_N100_V4,2.1093750838190317
modern,2,b_N100_V4,2.1357079967856407
modern,2,b_N100_V4,2.1240839269012213
modern,2,b_N100_V4,2.147583058103919
modern,2,b_N100_V4,2.119666081853211
modern,2,b_N100_V4,2.2508749971166253
modern,2,b_N100_V4,2.2217920050024986
modern,2,b_N100_V4,2.248042030259967
modern,2,b_N100_V4,2.1900420542806387
modern,2,b_N100_V4,2.2071250714361668
modern,2,b_N100_V4,2.209250000305474
modern,2,b_N100_V4,2.1766250720247626
modern,2,b_N100_V4,2.217291039414704
modern,2,b_N100_V4,2.349291928112507
modern,2,b_N100_V4,2.185957971960306
modern,2,b_N100_V4,2.1831670310348272
modern,2,b_N100_V4,2.1577919833362103
modern,2,b_N100_V4,2.144875004887581
modern,2,b_N100_V4,2.14545801281929
modern,2,b_N100_V4,2.1590410033240914
modern,2,b_N100_V4,2.18020798638463
modern,2,b_N100_V4,2.1632079733535647
modern,2,b_N100_V4,2.1365840220823884
modern,2,b_N100_V4,2.15000007301569
modern,2,b_N100_V4,2.2062910720705986
modern,2,b_N100_V4,2.20045808237046
modern,2,b_N100_V4,2.1629580296576023
modern,2,b_N100_V4,2.175208064727485
modern,2,b_N100_V4,2.1712089655920863
modern,2,b_N100_V4,3.3153329277411103
modern,2,b_N100_V4,2.322582993656397
modern,2,b_N100_V4,2.2951250430196524
modern,2,b_N100_V4,2.26229103282094
modern,2,b_N100_V4,2.295625046826899
modern,2,b_N100_V4,2.231542021036148
modern,2,b_N100_V4,2.2206250578165054
modern,2,b_N100_V4,2.1855420200154185
modern,2,b_N100_V4,2.2462090710178018
modern,2,b_N100_V4,2.213875064626336
modern,2,b_N100_V4,2.2014169953763485
modern,2,b_N100_V4,2.9371660202741623
modern,2,b_N100_V4,2.3256250424310565
modern,2,b_N100_V4,2.2613750770688057
modern,2,b_N100_V4,2.2586670238524675
modern,2,b_N100_V4,2.425874932669103
modern,2,b_N100_V4,2.299416926689446
modern,2,b_N100_V4,2.1892919903621078
modern,2,b_N100_V4,2.200457965955138
modern,2,b_N100_V4,2.177958027459681
modern,2,b_N100_V4,2.2213340271264315
modern,2,b_N100_V4,2.1809160243719816
modern,2,b_N100_V4,2.202791045419872
modern,2,b_N100_V4,2.189667080529034
modern,2,b_N100_V4,2.2233750205487013
modern,2,b_N100_V4,2.191833104006946
modern,2,b_N100_V4,2.2357089910656214
modern,2,b_N100_V4,2.1976249990984797
modern,2,b_N100_V4,2.208000048995018
modern,2,b_N100_V4,2.184542012400925
modern,2,b_N100_V4,2.1827499149367213
modern,2,b_N100_V4,2.1913329837843776
modern,2,b_N100_V4,2.195624983869493
modern,2,b_N100_V4,2.1812079939991236
modern,2,b_N100_V4,2.2190420422703028
modern,2,b_N100_V4,2.174625056795776
modern,2,b_N100_V4,2.2927080281078815
modern,2,b_N100_V4,2.2117500193417072
modern,2,b_N100_V4,2.176834037527442
modern,2,b_N100_V4,2.1813330240547657
modern,2,b_N100_V4,2.171291969716549
modern,2,b_N100_V4,2.204959047958255
modern,2,b_N100_V4,2.157874987460673
modern,2,b_N100_V4,2.168582985177636
modern,2,b_N100_V4,2.188208978623152
modern,2,b_N100_V4,2.1582080516964197
modern,2,b_N100_V4,2.1565420320257545
modern,2,b_N100_V4,2.18270905315876
modern,2,b_N100_V4,2.158624934963882
modern,2,b_N100_V4,2.145750098861754
modern,2,b_N100_V4,2.1391669288277626
modern,2,b_N100_V4,2.1492919186130166
modern,2,b_N100_V4,2.1445410093292594
modern,2,b_N100_V4,2.1387089509516954
modern,2,b_N100_V4,2.148333005607128
modern,2,b_N100_V4,2.1325419656932354
modern,2,b_N100_V4,2.121750032529235
modern,2,b_N100_V4,2.159958006814122
modern,2,b_N100_V4,2.1275420440360904
modern,2,b_N100_V4,2.107042004354298
modern,2,b_N100_V4,2.1413329523056746
modern,2,b_N100_V4,2.1380409598350525
modern,2,b_N100_V4,2.133459085598588
modern,2,b_N100_V4,2.1295829210430384
modern,2,b_N100_V4,2.1341670071706176
modern,2,b_N100_V4,2.121833967976272
modern,2,b_N100_V4,2.1507079945877194
modern,2,b_N100_V4,2.1325830603018403
modern,2,b_N100_V4,2.156917005777359
modern,2,b_N100_V4,2.1194579312577844
modern,2,b_N100_V4,2.124666003510356
modern,2,b_N100_V4,2.124125021509826
modern,2,b_N100_V4,2.194124972447753
modern,2,b_N100_V4,2.127832965925336
modern,2,b_N100_V4,2.139250049367547
modern,2,b_N100_V4,2.120707998983562
modern,2,b_N100_V4,2.107165986672044
modern,2,b_N100_V4,2.107959007844329
modern,2,b_N100_V4,2.1433329675346613
modern,2,b_N100_V4,2.118250005878508
modern,2,b_N100_V4,2.118250005878508
modern,2,b_N100_V4,2.1178749157115817
modern,2,b_N100_V4,2.1219999762251973
modern,2,b_N100_V4,2.124166931025684
modern,2,b_N100_V4,2.1327920258045197
modern,2,b_N100_V4,2.1094579715281725
modern,2,b_N100_V4,2.1114579867571592
modern,2,b_N100_V4,2.120375051163137
modern,2,b_N100_V4,2.1176249720156193
modern,2,b_N100_V4,2.1459590643644333
modern,2,b_N100_V4,2.1282080560922623
modern,2,b_N100_V4,2.1283330861479044
modern,2,b_N100_V4,2.1136250579729676
modern,2,b_N100_V4,2.120541990734637
modern,2,b_N100_V4,2.109500113874674
modern,2,b_N100_V4,2.105208928696811
modern,2,b_N100_V4,2.465666038915515
modern,2,b_N100_V4,2.2241249680519104
modern,2,b_N100_V4,2.22633290104568
modern,2,b_N100_V4,2.1953749237582088
modern,2,b_N100_V4,2.171583939343691
modern,2,b_N100_V4,2.188707934692502
modern,2,b_N100_V4,2.1622920176014304
modern,2,b_N100_V4,2.1863749716430902
modern,2,b_N100_V4,2.193499938584864
modern,2,b_N100_V4,2.2877079900354147
modern,2,b_N100_V4,2.188042039051652
modern,2,b_N100_V4,2.189708058722317
modern,2,b_N100_V4,2.149416017346084
modern,2,b_N100_V4,2.2888750536367297
modern,2,b_N100_V4,2.150790998712182
modern,2,b_N100_V4,2.1789169404655695
modern,2,b_N100_V4,2.15795892290771
modern,2,b_N100_V4,2.1709169959649444
modern,2,b_N100_V4,2.142583951354027
modern,2,b_N100_V4,2.1810419857501984
modern,2,b_N100_V4,2.1654999582096934
modern,2,b_N100_V4,2.1678749471902847
modern,2,b_N100_V4,2.165209036320448
modern,2,b_N100_V4,2.2762080188840628
modern,2,b_N100_V4,2.1526250056922436
modern,2,b_N100_V4,2.1503340685740113
modern,2,b_N100_V4,2.154167043045163
modern,2,b_N100_V4,2.1574159618467093
modern,2,b_N100_V4,2.1452090004459023
modern,2,b_N100_V4,2.1645830711349845
modern,2,b_N100_V4,2.127916901372373
modern,2,b_N100_V4,2.1517499117180705
modern,2,b_N100_V4,2.141041914001107
modern,2,b_N100_V4,2.1422499557957053
modern,2,b_N100_V4,2.1591249387711287
modern,2,b_N100_V4,2.1676250034943223
modern,2,b_N100_V4,2.1296669729053974
modern,2,b_N100_V4,2.1266669500619173
modern,2,b_N100_V4,2.1574579877778888
modern,2,b_N100_V4,2.1572080440819263
modern,2,b_N100_V4,2.6682079769670963
modern,2,b_N100_V4,2.1594170248135924
modern,2,b_N100_V4,2.1387500455603004
modern,2,b_N100_V4,2.136541996151209
modern,2,b_N100_V4,2.188292099162936
modern,2,b_N100_V4,2.1577919833362103
modern,2,b_N100_V4,2.1317919017747045
modern,2,b_N100_V4,2.1660419879481196
modern,2,b_N100_V4,2.1422499557957053
modern,2,b_N100_V4,2.1609999239444733
modern,2,b_N100_V4,2.1562499459832907
modern,2,b_N100_V4,2.1580830216407776
modern,2,b_N100_V4,2.132333000190556
modern,2,b_N100_V4,2.1876669488847256
modern,2,b_N100_V4,2.167208003811538
modern,2,b_N100_V4,2.1922499872744083
modern,2,b_N100_V4,2.1748750004917383
modern,2,b_N100_V4,2.1514169638976455
modern,2,b_N100_V4,2.1940830629318953
modern,2,b_N100_V4,2.221125061623752
modern,2,b_N100_V4,2.233166014775634
modern,2,b_N100_V4,2.2076250752434134
modern,2,b_N100_V4,2.1755420602858067
modern,2,b_N100_V4,2.15466704685241
modern,2,b_N100_V4,2.1452090004459023
modern,2,b_N100_V4,2.1789580350741744
modern,2,b_N100_V4,2.143374993465841
modern,2,b_N100_V4,2.1359589882194996
modern,2,b_N100_V4,2.145332982763648
modern,2,b_N100_V4,2.1314169280231
modern,2,b_N100_V4,2.12991691660136
modern,2,b_N100_V4,2.139749936759472
modern,2,b_N100_V4,2.1165419602766633
modern,2,b_N100_V4,2.193792024627328
modern,2,b_N100_V4,2.107165986672044
modern,2,b_N100_V4,2.151916967704892
modern,2,b_N100_V4,2.114792005158961
modern,2,b_N100_V4,2.117375028319657
modern,2,b_N100_V4,2.116749994456768
modern,2,b_N100_V4,2.125792088918388
modern,2,b_N100_V4,2.1100830053910613
modern,2,b_N100_V4,2.10787495598197
modern,2,b_N100_V4,3.085833042860031
modern,2,b_N100_V4,2.348582958802581
modern,2,b_N100_V4,2.230042009614408
modern,2,b_N100_V4,2.2127499105408788
modern,2,b_N100_V4,2.2348329657688737
modern,2,b_N100_V4,2.165833953768015
modern,2,b_N100_V4,2.154208952561021
modern,2,b_N100_V4,2.161041949875653
modern,2,b_N100_V4,2.149250009097159
modern,2,b_N100_V4,2.1472079679369926
modern,2,b_N100_V4,2.1427919855341315
modern,2,b_N100_V4,2.170459018088877
modern,2,b_N100_V4,2.136124996468425
modern,2,b_N100_V4,2.1490000654011965
modern,2,b_N100_V4,2.1608331007882953
modern,2,b_N100_V4,2.138708019629121
modern,2,b_N100_V4,2.1341670071706176
modern,2,b_N100_V4,2.126000006683171
modern,2,b_N100_V4,2.171749947592616
modern,2,b_N100_V4,2.136541996151209
modern,2,b_N100_V4,2.1172090200707316
modern,2,b_N100_V4,2.1343339467421174
modern,2,b_N100_V4,2.272041980177164
modern,2,b_N100_V4,2.129083964973688
modern,2,b_N100_V4,2.114583970978856
modern,2,b_N100_V4,2.159500028938055
modern,2,b_N100_V4,2.126417006365955
modern,2,b_N100_V4,2.128459047526121
modern,2,b_N100_V4,2.1250409772619605
modern,2,b_N100_V4,2.1231669234111905
modern,2,b_N100_V4,2.110208966769278
modern,2,b_N100_V4,2.1148750092834234
modern,2,b_N100_V4,2.1178339375182986
modern,2,b_N100_V4,2.108542015776038
modern,2,b_N100_V4,2.1249999990686774
modern,2,b_N100_V4,2.150709042325616
modern,2,b_N100_V4,2.11237499024719
modern,2,b_N100_V4,2.11087497882545
modern,2,b_N100_V4,2.2155409678816795
modern,2,b_N100_V4,2.2352089872583747
modern,2,b_N100_V4,2.1805829601362348
modern,2,b_N100_V4,2.1547089563682675
modern,2,b_N100_V4,2.24904203787446
modern,2,b_N100_V4,2.138791955076158
modern,2,b_N100_V4,2.1308340365067124
modern,2,b_N100_V4,2.1860840497538447
modern,2,b_N100_V4,2.1687080152332783
modern,2,b_N100_V4,2.1659170743077993
modern,2,b_N100_V4,2.1504999604076147
modern,2,b_N100_V4,2.1945000626146793
modern,2,b_N100_V4,2.7471669018268585
modern,2,b_N100_V4,2.3144169244915247
modern,2,b_N100_V4,2.2448330419138074
modern,2,b_N100_V4,2.229499979875982
modern,2,b_N100_V4,2.2014169953763485
modern,2,b_N100_V4,2.2320420248433948
modern,2,b_N100_V4,2.320874948054552
modern,2,b_N100_V4,2.2022919729351997
modern,2,b_N100_V4,2.1987910149618983
modern,2,b_N100_V4,2.1920419530943036
modern,2,b_N100_V4,2.169791958294809
modern,2,b_N100_V4,2.1611249540001154
modern,2,b_N100_V4,2.15983297675848
modern,2,b_N100_V4,2.1512500243261456
modern,2,b_N100_V4,2.1527500357478857
modern,2,b_N100_V4,2.168624894693494
modern,2,b_N100_V4,2.188791986554861
modern,2,b_N100_V4,2.1558329463005066
modern,2,b_N100_V4,2.147874911315739
modern,2,b_N100_V4,2.15933402068913
modern,2,b_N100_V4,2.1509999642148614
modern,2,b_N100_V4,2.1799589740112424
modern,2,b_N100_V4,2.1687919506803155
modern,2,b_N100_V4,2.1528329234570265
modern,2,b_N100_V4,2.146375016309321
modern,2,b_N100_V4,2.1488750353455544
modern,2,b_N100_V4,2.1422909339889884
modern,2,b_N100_V4,2.1759580122306943
modern,2,b_N100_V4,2.1535420091822743
modern,2,b_N100_V4,2.220458001829684
modern,2,b_N100_V4,2.524374984204769
modern,2,b_N100_V4,2.254541963338852
modern,2,b_N100_V4,2.2187079302966595
modern,2,b_N100_V4,2.212041988968849
modern,2,b_N100_V4,2.2205839632079005
modern,2,b_N100_V4,2.1906669717282057
modern,2,b_N100_V4,2.1931249648332596
modern,2,b_N100_V4,2.2454169811680913
modern,2,b_N100_V4,2.2014169953763485
modern,2,b_N100_V4,2.1712500602006912
modern,2,b_N100_V4,2.1947090281173587
modern,2,b_N100_V4,2.257458050735295
modern,2,b_N100_V4,2.2088750265538692
modern,2,b_N100_V4,2.1698339842259884
modern,2,b_N100_V4,2.204374992288649
modern,2,b_N100_V4,2.1531250094994903
modern,2,b_N100_V4,2.5502920616418123
modern,2,b_N100_V4,2.1779999369755387
modern,2,b_N100_V4,2.274958067573607
modern,2,b_N100_V4,2.233541919849813
modern,2,b_N100_V4,2.234624931588769
modern,2,b_N100_V4,2.2003749618306756
modern,2,b_N100_V4,2.198791946284473
modern,2,b_N100_V4,2.143500023521483
modern,2,b_N100_V4,2.1845840383321047
modern,2,b_N100_V4,2.180667011998594
modern,2,b_N100_V4,2.1676250034943223
modern,2,b_N100_V4,2.1775829372927547
modern,2,b_N100_V4,2.19258398283273
modern,2,b_N100_V4,2.166875055991113
modern,2,b_N100_V4,2.234542043879628
modern,2,b_N100_V4,2.177500049583614
modern,2,b_N100_V4,2.1681670332327485
modern,2,b_N100_V4,2.165958983823657
modern,2,b_N100_V4,2.1515419939532876
modern,2,b_N100_V4,2.148374915122986
modern,2,b_N100_V4,2.152542001567781
modern,2,b_N100_V4,2.1591249387711287
modern,2,b_N100_V4,2.1904580062255263
modern,2,b_N100_V4,2.176332985982299
modern,2,b_N100_V4,2.155250054784119
modern,2,b_N100_V4,2.138082985766232
modern,2,b_N100_V4,2.167041995562613
modern,2,b_N100_V4,2.1669999696314335
modern,2,b_N100_V4,2.1858749678358436
modern,2,b_N100_V4,2.144583035260439
modern,2,b_N100_V4,2.128208987414837
modern,2,b_N100_V4,2.162375021725893
modern,2,b_N100_V4,2.1728751016780734
modern,2,b_N100_V4,2.1907499758526683
modern,2,b_N100_V4,2.1600830368697643
modern,2,b_N100_V4,2.1730829030275345
modern,2,b_N100_V4,2.178124967031181
modern,2,b_N100_V4,2.139124902896583
modern,2,b_N100_V4,2.1479999413713813
modern,2,b_N100_V4,2.144208992831409
modern,2,b_N100_V4,2.1663750521838665
modern,2,b_N100_V4,2.1661670180037618
modern,2,b_N100_V4,2.195624983869493
modern,2,b_N100_V4,2.1702080266550183
modern,2,b_N100_V4,2.2100419737398624
modern,2,b_N100_V4,2.164459088817239
modern,2,b_N100_V4,2.132417052052915
modern,2,b_N100_V4,2.1991669200360775
modern,2,b_N100_V4,2.1474999375641346
modern,2,b_N100_V4,2.141374978236854
modern,2,b_N100_V4,2.153084031306207
modern,2,b_N100_V4,2.1552499383687973
modern,2,b_N100_V4,2.179916948080063
modern,2,b_N100_V4,2.172957989387214
modern,2,b_N100_V4,2.197209047153592
modern,2,b_N100_V4,2.168582985177636
modern,2,b_N100_V4,2.1645829547196627
modern,2,b_N100_V4,2.145709004253149
modern,2,b_N100_V4,2.18020798638463
modern,2,b_N100_V4,2.1620410261675715
modern,2,b_N100_V4,2.164792036637664
modern,2,b_N100_V4,2.1575000137090683
modern,2,b_N100_V4,2.2292910143733025
modern,2,b_N100_V4,2.249125041998923
modern,2,b_N100_V4,2.1849999902769923
modern,2,b_N100_V4,2.1789580350741744
modern,2,b_N100_V4,2.1612910786643624
modern,2,b_N100_V4,2.1748340222984552
modern,2,b_N100_V4,2.1517500281333923
modern,2,b_N100_V4,2.157249953597784
modern,2,b_N100_V4,2.163209021091461
modern,2,b_N100_V4,2.1559579763561487
modern,2,b_N100_V4,2.154167043045163
modern,2,b_N100_V4,2.156584057956934
modern,2,b_N100_V4,2.267208998091519
modern,2,b_N100_V4,2.1789170568808913
modern,2,b_N100_V4,2.149833017028868
modern,2,b_N100_V4,2.158000017516315
modern,2,b_N100_V4,2.1555409766733646
modern,2,b_N100_V4,2.154249930754304
modern,2,b_N100_V4,2.1701250225305557
modern,2,b_N100_V4,2.1353329066187143
modern,2,b_N100_V4,2.14508397039026
modern,2,b_N100_V4,2.1497500129044056
modern,2,b_N100_V4,2.2508749971166253
modern,2,b_N100_V4,2.146500046364963
modern,2,b_N100_V4,2.1705409744754434
modern,2,b_N100_V4,2.2252920316532254
modern,2,b_N100_V4,2.180792042054236
modern,2,b_N100_V4,2.1446660393849015
modern,2,b_N100_V4,2.1339580416679382
modern,2,b_N100_V4,2.1328750299289823
modern,2,b_N100_V4,2.1560420282185078
modern,2,b_N100_V4,2.134875045157969
modern,2,b_N100_V4,2.147125080227852
modern,2,b_N100_V4,2.1843339782208204
modern,2,b_N100_V4,2.1452910732477903
modern,2,b_N100_V4,2.1959999576210976
modern,2,b_N100_V4,2.130958018824458
modern,2,b_N100_V4,2.1182920318096876
modern,2,b_N100_V4,2.1222910145297647
modern,2,b_N100_V4,2.1212910069152713
modern,2,b_N100_V4,2.1230829879641533
modern,2,b_N100_V4,2.120334072969854
modern,2,b_N100_V4,2.111540990881622
modern,2,b_N100_V4,2.1935420809313655
modern,2,b_N100_V4,2.134834066964686
modern,2,b_N100_V4,2.1278330823406577
modern,2,b_N100_V4,2.1245420211926103
modern,2,b_N100_V4,2.1260411012917757
modern,2,b_N100_V4,2.116749994456768
modern,2,b_N100_V4,2.1362919360399246
modern,2,b_N100_V4,2.1321249660104513
modern,2,b_N100_V4,2.136999974027276
modern,2,b_N100_V4,2.1197079913690686
modern,2,b_N100_V4,2.121040946803987
modern,2,b_N100_V4,2.143666031770408
modern,2,b_N100_V4,2.1252500591799617
modern,2,b_N100_V4,2.1167920203879476
modern,2,b_N100_V4,2.1219999762251973
modern,2,b_N100_V4,2.1152920089662075
modern,2,b_N100_V4,2.128915977664292
modern,2,b_N100_V4,2.201415947638452
modern,2,b_N100_V4,2.1612910786643624
modern,2,b_N100_V4,2.139249932952225
modern,2,b_N100_V4,2.1403749706223607
modern,2,b_N100_V4,2.169832936488092
modern,2,b_N100_V4,2.1237919572740793
modern,2,b_N100_V4,2.129875007085502
modern,2,b_N100_V4,2.1096670534461737
modern,2,b_N100_V4,2.106499974615872
modern,2,b_N100_V4,2.1159170428290963
modern,2,b_N100_V4,2.106082974933088
modern,2,b_N100_V4,2.1051670191809535
modern,2,b_N100_V4,2.128415973857045
modern,2,b_N100_V4,2.1632499992847443
modern,2,b_N100_V4,2.1357089281082153
modern,2,b_N100_V4,2.1160830510780215
modern,2,b_N100_V4,2.1148750092834234
modern,2,b_N100_V4,2.099792007356882
modern,2,b_N100_V4,2.0962499547749758
modern,2,b_N100_V4,2.117666997946799
modern,2,b_N100_V4,2.096625044941902
modern,2,b_N100_V4,2.1053749369457364
modern,2,b_N100_V4,2.095624920912087
modern,2,b_N100_V4,2.0939999958500266
modern,2,b_N100_V4,2.09950003772974
modern,2,b_N100_V4,2.1232920698821545
modern,2,b_N100_V4,2.097834018059075
modern,2,b_N100_V4,2.098332974128425
modern,2,b_N100_V4,2.0932500483468175
modern,2,b_N100_V4,2.443542005494237
modern,2,b_N100_V4,2.119499957188964
modern,2,b_N100_V4,2.1225420059636235
modern,2,b_N100_V4,2.0923339761793613
modern,2,b_N100_V4,2.100040903314948
modern,2,b_N100_V4,2.0964579889550805
modern,2,b_N100_V4,2.1354169584810734
modern,2,b_N100_V4,2.105040941387415
modern,2,b_N100_V4,2.0991249475628138
modern,2,b_N100_V4,2.094042021781206
modern,2,b_N100_V4,2.10100004915148
modern,2,b_N100_V4,2.208417048677802
modern,2,b_N100_V4,2.089250017888844
modern,2,b_N100_V4,2.098749973811209
modern,2,b_N100_V4,2.1972920512780547
modern,2,b_N100_V4,2.139208954758942
modern,2,b_N100_V4,2.0939160604029894
modern,2,b_N100_V4,2.1327080903574824
modern,2,b_N100_V4,2.1255420288071036
modern,2,b_N100_V4,2.102916012518108
modern,2,b_N100_V4,2.096832962706685
modern,2,b_N100_V4,2.0927919540554285
modern,2,b_N100_V4,2.0897090435028076
modern,2,b_N100_V4,2.1228749537840486
modern,2,b_N100_V4,2.0888750441372395
modern,2,b_N100_V4,2.0837089978158474
modern,2,b_N100_V4,2.1074999822303653
modern,2,b_N100_V4,2.116583054885268
modern,2,b_N100_V4,2.10604106541723
modern,2,b_N100_V4,2.092582988552749
modern,2,b_N100_V4,2.094333991408348
modern,2,b_N100_V4,2.208166057243943
modern,2,b_N100_V4,2.958333003334701
modern,2,b_N100_V4,2.388542052358389
modern,2,b_N100_V4,2.2202080581337214
modern,2,b_N100_V4,2.2314590169116855
modern,2,b_N100_V4,2.184125012718141
modern,2,b_N100_V4,2.2339170100167394
modern,2,b_N100_V4,2.1797079825773835
modern,2,b_N100_V4,2.183542004786432
modern,2,b_N100_V4,2.180458977818489
modern,2,b_N100_V4,2.231208956800401
modern,2,b_N100_V4,2.569124917499721
modern,2,b_N100_V4,2.3512919433414936
modern,2,b_N100_V4,2.22566700540483
modern,2,b_N100_V4,2.247957978397608
modern,2,b_N100_V4,2.1685409592464566
modern,2,b_N100_V4,2.1972920512780547
modern,2,b_N100_V4,2.1875420352444053
modern,2,b_N100_V4,2.159249968826771
modern,2,b_N100_V4,2.133667003363371
modern,2,b_N100_V4,2.1572919795289636
modern,2,b_N100_V4,2.1597500890493393
modern,2,b_N100_V4,2.155875088647008
modern,2,b_N100_V4,2.18775006942451
modern,2,b_N100_V4,2.148499945178628
modern,2,b_N100_V4,2.1229999838396907
modern,2,b_N100_V4,2.185916993767023
modern,2,b_N100_V4,2.2734999656677246
modern,2,b_N100_V4,2.1530420053750277
modern,2,b_N100_V4,2.4953329702839255
modern,2,b_N100_V4,2.148417057469487
modern,2,b_N100_V4,2.1084999898448586
modern,2,b_N100_V4,2.115290961228311
modern,2,b_N100_V4,2.6548330206424
modern,2,b_N100_V4,2.123708021827042
modern,2,b_N100_V4,2.1422910504043102
modern,2,b_N100_V4,2.1415420342236757
modern,2,b_N100_V4,2.149667008779943
modern,2,b_N100_V4,2.158417017199099
modern,2,b_N100_V4,2.1282919915392995
modern,2,b_N100_V4,2.1614580182358623
modern,2,b_N100_V4,2.133874921128154
modern,2,b_N100_V4,2.157666953280568
modern,2,b_N100_V4,2.1501670125871897
modern,2,b_N100_V4,2.1935829427093267
modern,2,b_N100_V4,2.4579159216955304
modern,2,b_N100_V4,2.140208031050861
modern,2,b_N100_V4,2.1320419618859887
modern,2,b_N100_V4,2.1844590082764626
modern,2,b_N100_V4,2.158084069378674
modern,2,b_N100_V4,2.1263749804347754
modern,2,b_N100_V4,2.1321671083569527
modern,2,b_N100_V4,2.1378330420702696
modern,2,b_N100_V4,2.144250087440014
modern,2,b_N100_V4,2.135499962605536
modern,2,b_N100_V4,2.1417089737951756
modern,2,b_N100_V4,2.1514579420909286
modern,2,b_N100_V4,2.1404590224847198
modern,2,b_N100_V4,2.1152920089662075
modern,2,b_N100_V4,2.1804579300805926
modern,2,b_N100_V4,2.2192909382283688
modern,2,b_N100_V4,2.1637079771608114
modern,2,b_N100_V4,2.144707948900759
modern,2,b_N100_V4,2.124457969330251
modern,2,b_N100_V4,2.128374995663762
modern,2,b_N100_V4,2.126417006365955
modern,2,b_N100_V4,2.139040967449546
modern,2,b_N100_V4,2.1278330823406577
modern,2,b_N100_V4,2.1149590611457825
modern,2,b_N100_V4,2.1342909894883633
modern,2,b_N100_V4,2.1127910586073995
modern,2,b_N100_V4,2.1200840128585696
modern,2,b_N100_V4,2.1069999784231186
modern,2,b_N100_V4,2.097582910209894
modern,2,b_N100_V4,2.102874917909503
modern,2,b_N100_V4,2.1183749195188284
modern,2,b_N100_V4,2.108125016093254
modern,2,b_N100_V4,2.0926250144839287
modern,2,b_N100_V4,2.096791984513402
modern,2,b_N100_V4,2.139125019311905
modern,2,b_N100_V4,2.114166971296072
modern,2,b_N100_V4,2.1035830723121762
modern,2,b_N100_V4,2.0912080071866512
modern,2,b_N100_V4,2.0932500483468175
modern,2,b_N100_V4,2.100583049468696
modern,2,b_N100_V4,2.0976250525563955
modern,2,b_N100_V4,2.091958071105182
modern,2,b_N100_V4,2.0897500216960907
modern,2,b_N100_V4,2.100332989357412
modern,2,b_N100_V4,2.1032090298831463
modern,2,b_N100_V4,2.1411669440567493
modern,2,b_N100_V4,2.0988750038668513
modern,2,b_N100_V4,2.101207966916263
modern,2,b_N100_V4,2.0909999730065465
modern,2,b_N100_V4,2.086833002977073
modern,2,b_N100_V4,2.1099590230733156
modern,2,b_N100_V4,2.1015830570831895
modern,2,b_N100_V4,2.092334092594683
modern,2,b_N100_V4,2.1077090641483665
modern,2,b_N100_V4,2.0854580216109753
modern,2,b_N100_V4,2.1416660165414214
modern,2,b_N100_V4,2.0887089194729924
modern,2,b_N100_V4,2.1014169324189425
modern,2,b_N100_V4,2.0944580901414156
modern,2,b_N100_V4,2.0917089423164725
modern,2,b_N100_V4,2.1245829993858933
modern,2,b_N100_V4,2.1101669408380985
modern,2,b_N100_V4,2.1100420271977782
modern,2,b_N100_V4,2.1184160141274333
modern,2,b_N100_V4,2.1015830570831895
modern,2,b_N100_V4,2.091792062856257
modern,2,b_N100_V4,2.1310000447556376
modern,2,b_N100_V4,2.1230829879641533
modern,2,b_N100_V4,2.103834063746035
modern,2,b_N100_V4,2.0865839906036854
modern,2,b_N100_V4,2.1092500537633896
modern,2,b_N100_V4,2.1081248996779323
modern,2,b_N100_V4,2.09349999204278
modern,2,b_N100_V4,2.098958007991314
modern,2,b_N100_V4,2.1034589735791087
modern,2,b_N100_V4,2.753124921582639
modern,2,b_N100_V4,2.641374943777919
modern,2,b_N100_V4,2.648875000886619
modern,2,b_N100_V4,2.6440840447321534
modern,2,b_N100_V4,2.6447500567883253
modern,2,b_N100_V4,2.8037080774083734
modern,2,b_N100_V4,2.610459108836949
modern,2,b_N100_V4,3.0500839930027723
modern,2,b_N100_V4,2.612958080135286
modern,2,b_N100_V4,2.4012919748201966
modern,2,b_N100_V4,2.4170000106096268
modern,2,b_N100_V4,2.6516669895499945
modern,2,b_N100_V4,2.834875020198524
modern,2,b_N100_V4,2.833290956914425
modern,2,b_N100_V4,2.3957500234246254
modern,2,b_N100_V4,2.1405420266091824
modern,2,b_N100_V4,2.2045839577913284
modern,2,b_N100_V4,2.1646659588441253
modern,2,b_N100_V4,2.624084008857608
modern,2,b_N100_V4,2.4258330231532454
modern,2,b_N100_V4,3.0427920864894986
modern,2,b_N100_V4,2.8338750125840306
modern,2,b_N100_V4,2.3930839961394668
modern,2,b_N100_V4,2.6110410690307617
modern,2,b_N100_V4,2.3986250162124634
modern,2,b_N100_V4,3.019999945536256
modern,2,b_N100_V4,2.821791102178395
modern,2,b_N100_V4,2.5922919157892466
modern,2,b_N100_V4,3.0831670155748725
modern,2,b_N100_V4,2.829457982443273
modern,2,b_N100_V4,2.6493340265005827
modern,2,b_N100_V4,2.344332984648645
modern,2,b_N100_V4,2.692874986678362
modern,2,b_N100_V4,2.599917002953589
modern,2,b_N100_V4,2.3803330259397626
modern,2,b_N100_V4,3.0254999874159694
modern,2,b_N100_V4,3.0354170594364405
modern,2,b_N100_V4,2.796042012050748
modern,2,b_N100_V4,2.588125062175095
modern,2,b_N100_V4,2.7900830609723926
modern,2,b_N100_V4,2.3895419435575604
modern,2,b_N100_V4,2.5732910726219416
modern,2,b_N100_V4,2.4328749859705567
modern,2,b_N100_V4,2.586458926089108
modern,2,b_N100_V4,2.590749994851649
modern,2,b_N100_V4,2.8118339832872152
modern,2,b_N100_V4,2.4076669942587614
modern,2,b_N100_V4,2.6269169757142663
modern,2,b_N100_V4,2.8095419984310865
modern,2,b_N100_V4,2.5979169877246022
modern,2,b_N100_V4,2.785040996968746
modern,2,b_N100_V4,2.5610000593587756
modern,2,b_N100_V4,3.0437500681728125
modern,2,b_N100_V4,2.748208004049957
modern,2,b_N100_V4,2.9386249370872974
modern,2,b_N100_V4,2.8731669299304485
modern,2,b_N100_V4,2.7897919062525034
modern,2,b_N100_V4,2.7991250390186906
modern,2,b_N100_V4,2.6126669254153967
modern,2,b_N100_V4,2.5729170301929116
modern,2,b_N100_V4,2.183582982979715
modern,2,b_N100_V4,2.275708015076816
modern,2,b_N100_V4,2.2439169697463512
modern,2,b_N100_V4,2.1725830156356096
modern,2,b_N100_V4,2.156208036467433
modern,2,b_N100_V4,2.1454590605571866
modern,2,b_N100_V4,2.122540958225727
modern,2,b_N100_V4,2.1147079532966018
modern,2,b_N100_V4,2.139040967449546
modern,2,b_N100_V4,2.129875007085502
modern,2,b_N100_V4,2.11537501309067
modern,2,b_N100_V4,2.1085001062601805
modern,2,b_N100_V4,2.1132080582901835
modern,2,b_N100_V4,2.1392920752987266
modern,2,b_N100_V4,2.135958056896925
modern,2,b_N100_V4,2.1363749401643872
modern,2,b_N100_V4,2.144666970707476
modern,2,b_N100_V4,2.146792015992105
modern,2,b_N100_V4,2.1247919648885727
modern,2,b_N100_V4,2.117792028002441
modern,2,b_N100_V4,2.1214999724179506
modern,2,b_N100_V4,2.134457929059863
modern,2,b_N100_V4,2.1144170314073563
modern,2,b_N100_V4,2.1416660165414214
modern,2,b_N100_V4,2.134875045157969
modern,2,b_N100_V4,2.1268330747261643
modern,2,b_N100_V4,2.0967500749975443
modern,2,b_N100_V4,2.132541034370661
modern,2,b_N100_V4,2.1296250633895397
modern,2,b_N100_V4,2.1373339695855975
modern,2,b_N100_V4,2.117207972332835
modern,2,b_N100_V4,2.1207910031080246
modern,2,b_N100_V4,2.1328339353203773
modern,2,b_N100_V4,2.1369579480960965
modern,2,b_N100_V4,2.187291975133121
modern,2,b_N100_V4,2.1367919398471713
modern,2,b_N100_V4,2.119750017300248
modern,2,b_N100_V4,2.1340419771149755
modern,2,b_N100_V4,2.1167079685255885
modern,2,b_N100_V4,2.1378749515861273
modern,2,b_N100_V4,2.1337500074878335
modern,2,b_N100_V4,2.113417023792863
modern,2,b_N100_V4,2.121458062902093
modern,2,b_N100_V4,2.114750095643103
modern,2,b_N100_V4,2.0909589948132634
modern,2,b_N100_V4,2.163916011340916
modern,2,b_N100_V4,2.1219169721007347
modern,2,b_N100_V4,2.124416991136968
modern,2,b_N100_V4,2.626249915920198
modern,2,b_N100_V4,2.262874972075224
modern,2,b_N100_V4,2.1932920208200812
modern,2,b_N100_V4,2.2316250251606107
modern,2,b_N100_V4,2.1675829775631428
modern,2,b_N100_V4,2.190167084336281
modern,2,b_N100_V4,2.1398330572992563
modern,2,b_N100_V4,2.1997910225763917
modern,2,b_N100_V4,2.1695001050829887
modern,2,b_N100_V4,2.182458061724901
modern,2,b_N100_V4,2.1663750521838665
modern,2,b_N100_V4,2.1541669266298413
modern,2,b_N100_V4,2.2372090024873614
modern,2,b_N100_V4,2.24191602319479
modern,2,b_N100_V4,2.2084590746089816
modern,2,b_N100_V4,2.1983750630170107
modern,2,b_N100_V4,2.1798330126330256
modern,2,b_N100_V4,2.2071669809520245
modern,2,b_N100_V4,2.169625018723309
modern,2,b_N100_V4,2.1712500602006912
modern,2,b_N100_V4,2.175249974243343
modern,2,b_N100_V4,2.1739579970017076
modern,2,b_N100_V4,2.157542039640248
modern,2,b_N100_V4,2.150209038518369
modern,2,b_N100_V4,2.1765420679003
modern,2,b_N100_V4,2.1550420206040144
modern,2,b_N100_V4,2.162792021408677
modern,2,b_N100_V4,2.167208003811538
modern,2,b_N100_V4,2.1900830324739218
modern,2,b_N100_V4,2.1557090803980827
modern,2,b_N100_V4,2.1892079384997487
modern,2,b_N100_V4,2.161958022043109
modern,2,b_N100_V4,2.1633339347317815
modern,2,b_N100_V4,2.158875111490488
modern,2,b_N100_V4,2.1526250056922436
modern,2,b_N100_V4,2.144875004887581
modern,2,b_N100_V4,2.1618750179186463
modern,2,b_N100_V4,2.1632079733535647
modern,2,b_N100_V4,2.183042000979185
modern,2,b_N100_V4,2.1736249327659607
modern,2,b_N100_V4,2.1503750467672944
modern,2,b_N100_V4,2.1457920083776116
modern,2,b_N100_V4,2.4139999877661467
modern,2,b_N100_V4,2.189457998611033
modern,2,b_N100_V4,2.1592500852420926
modern,2,b_N100_V4,2.160833915695548
modern,2,b_N100_V4,2.15162499807775
modern,2,b_N100_V4,2.180791925638914
modern,2,b_N100_V4,2.1521669114008546
modern,2,b_N100_V4,2.254708088003099
modern,2,b_N100_V4,2.1458329865708947
modern,2,b_N100_V4,2.161832991987467
modern,2,b_N100_V4,2.1544169867411256
modern,2,b_N100_V4,2.1475000539794564
modern,2,b_N100_V4,2.154167043045163
modern,2,b_N100_V4,2.1385829895734787
modern,2,b_N100_V4,2.138375071808696
modern,2,b_N100_V4,2.135041984729469
modern,2,b_N100_V4,2.1791670005768538
modern,2,b_N100_V4,2.166000078432262
modern,2,b_N100_V4,2.168416976928711
modern,2,b_N100_V4,2.141374978236854
modern,2,b_N100_V4,2.1422089776024222
modern,2,b_N100_V4,2.1282919915392995
modern,2,b_N100_V4,2.1662910003215075
modern,2,b_N100_V4,2.1504999604076147
modern,2,b_N100_V4,2.156625036150217
modern,2,b_N100_V4,2.145332982763648
modern,2,b_N100_V4,2.139084041118622
modern,2,b_N100_V4,2.1497500129044056
modern,2,b_N100_V4,2.178249997086823
modern,2,b_N100_V4,2.138167037628591
modern,2,b_N100_V4,2.3493749322369695
modern,2,b_N100_V4,2.327083027921617
modern,2,b_N100_V4,2.2980000358074903
modern,2,b_N100_V4,2.1602080669254065
modern,2,b_N100_V4,2.169750048778951
modern,2,b_N100_V4,2.154499990865588
modern,2,b_N100_V4,2.580458065494895
modern,2,b_N100_V4,2.3117499658837914
modern,2,b_N100_V4,2.2724169539287686
modern,2,b_N100_V4,2.1942079765722156
modern,2,b_N100_V4,2.31141597032547
modern,2,b_N100_V4,2.2907089442014694
modern,2,b_N100_V4,2.3018749197945
modern,2,b_N100_V4,2.168457955121994
modern,2,b_N100_V4,2.2892499109730124
modern,2,b_N100_V4,2.144915983080864
modern,2,b_N100_V4,2.2725419839844108
modern,2,b_N100_V4,2.2830410161986947
modern,2,b_N100_V4,2.300709020346403
modern,2,b_N100_V4,2.285042079165578
modern,2,b_N100_V4,2.216041903011501
modern,2,b_N100_V4,2.132541034370661
modern,2,b_N100_V4,2.2889580577611923
modern,2,b_N100_V4,2.3107919842004776
modern,2,b_N100_V4,2.2719159023836255
modern,2,b_N100_V4,2.1653749281540513
modern,2,b_N100_V4,2.28079198859632
modern,2,b_N100_V4,2.1644579246640205
modern,2,b_N100_V4,2.2599579533562064
modern,2,b_N100_V4,2.295957994647324
modern,2,b_N100_V4,2.2374580148607492
modern,2,b_N100_V4,2.1414579823613167
modern,2,b_N100_V4,2.2762080188840628
modern,2,b_N100_V4,2.249874989502132
modern,2,b_N100_V4,2.267583040520549
modern,2,b_N100_V4,2.19595804810524
modern,2,b_N100_V4,2.2682499838992953
modern,2,b_N100_V4,2.1520829759538174
modern,2,b_N100_V4,2.287791925482452
modern,2,b_N100_V4,2.287374925799668
modern,2,b_N100_V4,2.2756250109523535
modern,2,b_N100_V4,2.130375010892749
modern,2,b_N100_V4,2.2380410227924585
modern,2,b_N100_V4,2.130166976712644
modern,2,b_N100_V4,2.2839580196887255
modern,2,b_N100_V4,2.2061660420149565
modern,2,b_N100_V4,2.2654999047517776
modern,2,b_N100_V4,2.1349170710891485
modern,2,b_N100_V4,2.2271659690886736
modern,2,b_N100_V4,2.202417002990842
modern,2,b_N100_V4,2.309166011400521
modern,2,b_N100_V4,2.2631249157711864
modern,2,b_N100_V4,2.2185419220477343
modern,2,b_N100_V4,2.129875007085502
modern,2,b_N100_V4,2.646332955919206
modern,2,b_N100_V4,2.182791940867901
modern,2,b_N100_V4,2.225209027528763
modern,2,b_N100_V4,2.147249993868172
modern,2,b_N100_V4,2.2143330425024033
modern,2,b_N100_V4,2.140540978871286
modern,2,b_N100_V4,2.2793749812990427
modern,2,b_N100_V4,2.243792056106031
modern,2,b_N100_V4,2.21129204146564
modern,2,b_N100_V4,2.2097909823060036
modern,2,b_N100_V4,2.190415980294347
modern,2,b_N100_V4,2.1892919903621078
modern,2,b_N100_V4,2.17708304990083
modern,2,b_N100_V4,2.167249913327396
modern,2,b_N100_V4,2.1639999467879534
modern,2,b_N100_V4,2.1779160015285015
modern,2,b_N100_V4,2.505415934138
modern,2,b_N100_V4,2.1554999984800816
modern,2,b_N100_V4,2.1512500243261456
modern,2,b_N100_V4,2.15466704685241
modern,2,b_N100_V4,2.17054202221334
modern,2,b_N100_V4,2.1635839948430657
modern,2,b_N100_V4,2.161207958124578
modern,2,b_N100_V4,2.148041967302561
modern,2,b_N100_V4,2.1512910025194287
modern,2,b_N100_V4,2.1255830070003867
modern,2,b_N100_V4,2.2202080581337214
modern,2,b_N100_V4,2.202124916948378
modern,2,b_N100_V4,2.1865000016987324
modern,2,b_N100_V4,2.1410839399322867
modern,2,b_N100_V4,2.1575000137090683
modern,2,b_N100_V4,2.1454578964039683
modern,2,b_N100_V4,2.1634589647874236
modern,2,b_N100_V4,2.19308293890208
modern,2,b_N100_V4,2.1635829471051693
modern,2,b_N100_V4,2.1643750369548798
modern,2,b_N100_V4,2.1657500183209777
modern,2,b_N100_V4,2.177332993596792
modern,2,b_N100_V4,2.1617920137941837
modern,2,b_N100_V4,2.1548750810325146
modern,2,b_N100_V4,2.1535000996664166
modern,2,b_N100_V4,2.1482089068740606
modern,2,b_N100_V4,2.1510410588234663
modern,2,b_N100_V4,2.1363749401643872
modern,2,b_N100_V4,2.1606249501928687
modern,2,b_N100_V4,2.165165962651372
modern,2,b_N100_V4,2.162249991670251
modern,2,b_N100_V4,2.2617500508204103
modern,2,b_N100_V4,2.1423749858513474
modern,2,b_N100_V4,2.139416988939047
modern,2,b_N100_V4,2.12908408138901
modern,2,b_N100_V4,2.1487079793587327
modern,2,b_N100_V4,2.1506670163944364
modern,2,b_N100_V4,2.1498750429600477
modern,2,b_N100_V4,2.153750043362379
modern,2,b_N100_V4,2.1296250633895397
modern,2,b_N100_V4,2.2023330675438046
modern,2,b_N100_V4,2.1579160820692778
modern,2,b_N100_V4,2.184416982345283
modern,2,b_N100_V4,2.149874926544726
modern,2,b_N100_V4,2.1587079390883446
modern,2,b_N100_V4,2.138791955076158
modern,2,b_N100_V4,2.1574579877778888
modern,2,b_N100_V4,2.154249930754304
modern,2,b_N100_V4,2.14712496381253
modern,2,b_N100_V4,2.166875055991113
modern,2,b_N100_V4,2.2837499855086207
modern,2,b_N100_V4,2.211041981354356
modern,2,b_N100_V4,2.1874160738661885
modern,2,b_N100_V4,2.127625048160553
modern,2,b_N100_V4,2.1335420897230506
modern,2,b_N100_V4,2.1500419825315475
modern,2,b_N100_V4,2.124583930708468
modern,2,b_N100_V4,2.125500002875924
modern,2,b_N100_V4,2.151374937966466
modern,2,b_N100_V4,2.1633749129250646
modern,2,b_N100_V4,2.130707958713174
modern,2,b_N100_V4,2.147083985619247
modern,2,b_N100_V4,2.181040938012302
modern,2,b_N100_V4,2.1517500281333923
modern,2,b_N100_V4,2.1502500167116523
modern,2,b_N100_V4,2.1400830009952188
modern,2,b_N100_V4,2.115290961228311
modern,2,b_N100_V4,2.1277080522850156
modern,2,b_N100_V4,2.1424160804599524
modern,2,b_N100_V4,2.137833973392844
modern,2,b_N100_V4,2.1054589888080955
modern,2,b_N100_V4,2.2038751048967242
modern,2,b_N100_V4,2.1463329903781414
modern,2,b_N100_V4,2.1792500047013164
modern,2,b_N100_V4,2.1531659876927733
modern,2,b_N100_V4,2.1474999375641346
modern,2,b_N100_V4,2.141583012416959
modern,2,b_N100_V4,2.109415945596993
modern,2,b_N100_V4,2.1242500515654683
modern,2,b_N100_V4,2.1356670185923576
modern,2,b_N100_V4,2.144915983080864
modern,2,b_N100_V4,2.4416670203208923
modern,2,b_N100_V4,3.9557500276714563
modern,2,b_N100_V4,2.897458034567535
modern,2,b_N100_V4,2.463958109728992
modern,2,b_N100_V4,2.9495410853996873
modern,2,b_N100_V4,3.7576250033453107
modern,2,b_N100_V4,3.2211249927058816
modern,2,b_N100_V4,2.3572089849039912
modern,2,b_N100_V4,2.2455829894170165
modern,2,b_N100_V4,2.25929100997746
modern,2,b_N100_V4,2.2132080048322678
modern,2,b_N100_V4,2.207124955020845
modern,2,b_N100_V4,2.1724170073866844
modern,2,b_N100_V4,2.2209170274436474
modern,2,b_N100_V4,2.165375044569373
modern,2,b_N100_V4,2.1969580557197332
modern,2,b_N100_V4,2.5331670185551047
modern,2,b_N100_V4,2.325708046555519
modern,2,b_N100_V4,2.2253330098465085
modern,2,b_N100_V4,2.2502500796690583
modern,2,b_N100_V4,2.2744160378351808
modern,2,b_N100_V4,2.2185419220477343
modern,2,b_N100_V4,2.2088750265538692
modern,2,b_N100_V4,2.231624908745289
modern,2,b_N100_V4,2.1842499263584614
modern,2,b_N100_V4,2.1857500541955233
modern,2,b_N100_V4,2.1756249479949474
modern,2,b_N100_V4,2.1464580204337835
modern,2,b_N100_V4,2.1678749471902847
modern,2,b_N100_V4,2.2474160650745034
modern,2,b_N100_V4,2.258665976114571
modern,2,b_N100_V4,2.1967500215396285
modern,2,b_N100_V4,2.1817079978063703
modern,2,b_N100_V4,2.332707983441651
modern,2,b_N100_V4,2.2177089704200625
modern,2,b_N100_V4,2.1727910498157144
modern,2,b_N100_V4,2.1790830651298165
modern,2,b_N100_V4,2.1979589946568012
modern,2,b_N100_V4,2.187666017562151
modern,2,b_N100_V4,2.1785000571981072
modern,2,b_N100_V4,2.181999967433512
modern,2,b_N100_V4,2.176416921429336
modern,2,b_N100_V4,2.170166000723839
modern,2,b_N100_V4,2.211041981354356
modern,2,b_N100_V4,2.253082930110395
modern,2,b_N100_V4,2.195957931689918
modern,2,b_N100_V4,2.179916948080063
modern,2,b_N100_V4,2.1671659778803587
modern,2,b_N100_V4,2.1885420428588986
modern,2,b_N100_V4,2.2045840742066503
modern,2,b_N100_V4,2.2251249756664038
modern,2,b_N100_V4,2.2623329423367977
modern,2,b_N100_V4,2.191708073951304
modern,2,b_N100_V4,2.1582910558208823
modern,2,b_N100_V4,2.2023330675438046
modern,2,b_N100_V4,2.1892919903621078
modern,2,b_N100_V4,2.2141669178381562
modern,2,b_N100_V4,2.195291919633746
modern,2,b_N100_V4,2.1885839523747563
modern,2,b_N100_V4,2.15983297675848
modern,2,b_N100_V4,2.1913329837843776
modern,2,b_N100_V4,2.2026660153642297
modern,2,b_N100_V4,2.1859999978914857
modern,2,b_N100_V4,2.207458019256592
modern,2,b_N100_V4,2.1852090721949935
modern,2,b_N100_V4,2.547833020798862
modern,2,b_N100_V4,2.2771660005673766
modern,2,b_N100_V4,2.2571670124307275
modern,2,b_N100_V4,2.2553750313818455
modern,2,b_N100_V4,2.2091249702498317
modern,2,b_N100_V4,2.2429999662563205
modern,2,b_N100_V4,2.195082954131067
modern,2,b_N100_V4,2.174291992560029
modern,2,b_N100_V4,2.2084169322624803
modern,2,b_N100_V4,2.209999947808683
modern,2,b_N100_V4,2.3303329944610596
modern,2,b_N100_V4,2.2249999456107616
modern,2,b_N100_V4,2.182292053475976
modern,2,b_N100_V4,2.1661670180037618
modern,2,b_N100_V4,2.194250002503395
modern,2,b_N100_V4,2.192583051510155
modern,2,b_N100_V4,2.265667077153921
modern,2,b_N100_V4,2.2292090579867363
modern,2,b_N100_V4,2.1670000860467553
modern,2,b_N100_V4,2.191833104006946
modern,2,b_N100_V4,2.2127910051494837
modern,2,b_N100_V4,2.2337500704452395
modern,2,b_N100_V4,2.1865000016987324
modern,2,b_N100_V4,2.205834025517106
modern,2,b_N100_V4,2.2452500415965915
modern,2,b_N100_V4,2.20074993558228
modern,2,b_N100_V4,2.164792036637664
modern,2,b_N100_V4,2.1448329789564013
modern,2,b_N100_V4,2.138791955076158
modern,2,b_N100_V4,2.141374978236854
modern,2,b_N100_V4,2.1363330306485295
modern,2,b_N100_V4,2.191583043895662
modern,2,b_N100_V4,2.14795907959342
modern,2,b_N100_V4,2.147166058421135
modern,2,b_N100_V4,2.1302090026438236
modern,2,b_N100_V4,2.1346249850466847
modern,2,b_N100_V4,2.127957995980978
modern,2,b_N100_V4,2.4387919111177325
modern,2,b_N100_V4,2.244124887511134
modern,2,b_N100_V4,2.141290926374495
modern,2,b_N100_V4,2.1255830070003867
modern,2,b_N100_V4,2.1773340413346887
modern,2,b_N100_V4,2.1373749477788806
modern,2,b_N100_V4,2.1245829993858933
modern,2,b_N100_V4,2.12524994276464
modern,2,b_N100_V4,2.1103330655023456
modern,2,b_N100_V4,2.111625042743981
modern,2,b_N100_V4,2.2187090944498777
modern,2,b_N100_V4,2.1149159874767065
modern,2,b_N100_V4,2.126125036738813
modern,2,b_N100_V4,2.119333017617464
modern,2,b_N100_V4,2.1020829444751143
modern,2,b_N100_V4,2.1286660339683294
modern,2,b_N100_V4,2.111458918079734
modern,2,b_N100_V4,2.1222499199211597
modern,2,b_N100_V4,2.1039999555796385
modern,2,b_N100_V4,2.1016669925302267
modern,2,b_N100_V4,2.097542048431933
modern,2,b_N100_V4,2.0898330258205533
modern,2,b_N100_V4,2.1098749712109566
modern,2,b_N100_V4,2.1153329871594906
modern,2,b_N100_V4,2.1192500134930015
modern,2,b_N100_V4,2.1471669897437096
modern,2,b_N100_V4,2.0998750114813447
modern,2,b_N100_V4,2.1285420516505837
modern,2,b_N100_V4,2.1140420576557517
modern,2,b_N100_V4,2.1088329376652837
modern,2,b_N100_V4,2.5146660627797246
modern,2,b_N100_V4,2.5955840246751904
modern,2,b_N100_V4,2.1750829182565212
modern,2,b_N100_V4,2.1289170254021883
modern,2,b_N100_V4,2.1002499852329493
modern,2,b_N100_V4,2.109042019583285
modern,2,b_N100_V4,2.1497909910976887
modern,2,b_N100_V4,2.104458981193602
modern,2,b_N100_V4,2.1109579829499125
modern,2,b_N100_V4,2.1597080631181598
modern,2,b_N100_V4,2.1223340881988406
modern,2,b_N100_V4,2.115083043463528
modern,2,b_N100_V4,2.1042500156909227
modern,2,b_N100_V4,2.095083938911557
modern,2,b_N100_V4,2.11254192981869
modern,2,b_N100_V4,2.1293748868629336
modern,2,b_N100_V4,2.1191249834373593
modern,2,b_N100_V4,2.2620840463787317
modern,2,b_N100_V4,2.287833020091057
modern,2,b_N100_V4,2.218583016656339
modern,2,b_N100_V4,2.2157090716063976
modern,2,b_N100_V4,2.192542073316872
modern,2,b_N100_V4,2.143791993148625
modern,2,b_N100_V4,2.204667078331113
modern,2,b_N100_V4,2.192000043578446
modern,2,b_N100_V4,2.201375085860491
modern,2,b_N100_V4,2.196999965235591
modern,2,b_N100_V4,2.173541928641498
modern,2,b_N100_V4,2.166791004128754
modern,2,b_N100_V4,2.185791963711381
modern,2,b_N100_V4,2.1307090064510703
modern,2,b_N100_V4,2.197124995291233
modern,2,b_N100_V4,2.162290969863534
modern,2,b_N100_V4,2.177458954975009
modern,2,b_N100_V4,2.194541972130537
modern,2,b_N100_V4,2.1644999505952
modern,2,b_N100_V4,2.1499169524759054
modern,2,b_N100_V4,2.238249988295138
modern,2,b_N100_V4,2.153458073735237
modern,2,b_N100_V4,2.1820840192958713
modern,2,b_N100_V4,2.131583052687347
modern,2,b_N100_V4,2.1708750864490867
modern,2,b_N100_V4,2.153625013306737
modern,2,b_N100_V4,2.1700419019907713
modern,2,b_N100_V4,2.1757499780505896
modern,2,b_N100_V4,2.173834014683962
modern,2,b_N100_V4,2.2443749476224184
modern,2,b_N100_V4,2.235500025562942
modern,2,b_N100_V4,2.116624964401126
modern,2,b_N100_V4,2.1740420488640666
modern,2,b_N100_V4,2.1507920464500785
modern,2,b_N100_V4,2.1964580519124866
modern,2,b_N100_V4,2.165667014196515
modern,2,b_N100_V4,2.1667080000042915
modern,2,b_N100_V4,2.1316660568118095
modern,2,b_N100_V4,2.1670839050784707
modern,2,b_N100_V4,2.177166985347867
modern,2,b_N100_V4,2.2012919653207064
modern,2,b_N100_V4,2.221207949332893
modern,2,b_N100_V4,2.221957896836102
modern,2,b_N100_V4,2.1282919915392995
modern,2,b_N100_V4,2.165250014513731
modern,2,b_N100_V4,2.1732919849455357
modern,2,b_N100_V4,2.177624963223934
modern,2,b_N100_V4,2.1455419482663274
modern,2,b_N100_V4,2.1410840563476086
modern,2,b_N100_V4,2.103166072629392
modern,2,b_N100_V4,2.1071250084787607
modern,2,b_N100_V4,2.2659579990431666
modern,2,b_N100_V4,2.1636669989675283
modern,2,b_N100_V4,2.187292091548443
modern,2,b_N100_V4,2.192084095440805
modern,2,b_N100_V4,2.1343749249354005
modern,2,b_N100_V4,2.1839579567313194
modern,2,b_N100_V4,2.1757499780505896
modern,2,b_N100_V4,2.192124957218766
modern,2,b_N100_V4,2.1356670185923576
modern,2,b_N100_V4,2.2106249816715717
modern,2,b_N100_V4,2.2072918945923448
modern,2,b_N100_V4,2.1514169638976455
modern,2,b_N100_V4,2.160416916012764
modern,2,b_N100_V4,2.143374993465841
modern,2,b_N100_V4,2.1260419161990285
modern,2,b_N100_V4,2.1289580035954714
modern,2,b_N100_V4,2.108250046148896
modern,2,b_N100_V4,2.1230840357020497
modern,2,b_N100_V4,2.1080829901620746
modern,2,b_N100_V4,2.1081670420244336
modern,2,b_N100_V4,2.1362080005928874
modern,2,b_N100_V4,2.141167060472071
modern,2,b_N100_V4,2.1092919632792473
modern,2,b_N100_V4,2.12770898360759
modern,2,b_N100_V4,2.0973749924451113
modern,2,b_N100_V4,2.093791961669922
modern,2,b_N100_V4,2.116083982400596
modern,2,b_N100_V4,2.2767919581383467
modern,2,b_N100_V4,2.099541947245598
modern,2,b_N100_V4,2.096957992762327
modern,2,b_N100_V4,2.0965830190107226
modern,2,b_N100_V4,2.12524994276464
modern,2,b_N100_V4,2.0998340332880616
modern,2,b_N100_V4,2.1065420005470514
modern,2,b_N100_V4,3.335291985422373
modern,2,b_N100_V4,2.3367920657619834
modern,2,b_N100_V4,2.2389160003513098
modern,2,b_N100_V4,2.248957986012101
modern,2,b_N100_V4,2.1872500656172633
modern,2,b_N100_V4,2.1917910780757666
modern,2,b_N100_V4,2.224624971859157
modern,2,b_N100_V4,2.1869170013815165
modern,2,b_N100_V4,2.1611249540001154
modern,2,b_N100_V4,2.1774579072371125
modern,2,b_N100_V4,2.1519589936360717
modern,2,b_N100_V4,2.158417017199099
modern,2,b_N100_V4,2.143791993148625
modern,2,b_N100_V4,2.1425000159069896
modern,2,b_N100_V4,2.1363330306485295
modern,2,b_N100_V4,2.1307499846443534
modern,2,b_N100_V4,2.132417052052915
modern,2,b_N100_V4,2.149707986973226
modern,2,b_N100_V4,2.1799580426886678
modern,2,b_N100_V4,2.1503339521586895
modern,2,b_N100_V4,2.135791932232678
modern,2,b_N100_V4,2.2497500758618116
modern,2,b_N100_V4,2.1424589212983847
modern,2,b_N100_V4,2.1364169660955667
modern,2,b_N100_V4,2.156166941858828
modern,2,b_N100_V4,2.137084025889635
modern,2,b_N100_V4,2.1375829819589853
modern,2,b_N100_V4,2.1596659207716584
modern,2,b_N100_V4,2.161917043849826
modern,2,b_N100_V4,2.1310410229489207
modern,2,b_N100_V4,2.2812909446656704
modern,2,b_N100_V4,2.135292044840753
modern,2,b_N100_V4,2.138499985449016
modern,2,b_N100_V4,2.1327079739421606
modern,2,b_N100_V4,2.138958894647658
modern,2,b_N100_V4,2.2455829894170165
modern,2,b_N100_V4,2.248042030259967
modern,2,b_N100_V4,2.213834086433053
modern,2,b_N100_V4,2.2267079912126064
modern,2,b_N100_V4,2.1867500618100166
modern,2,b_N100_V4,2.1780419629067183
modern,2,b_N100_V4,2.172791981138289
modern,2,b_N100_V4,2.1877919789403677
modern,2,b_N100_V4,2.1587919909507036
modern,2,b_N100_V4,2.154249930754304
modern,2,b_N100_V4,2.165165962651372
modern,2,b_N100_V4,2.1570419194176793
modern,2,b_N100_V4,2.1535829873755574
modern,2,b_N100_V4,2.161125070415437
modern,2,b_N100_V4,2.211624989286065
modern,2,b_N100_V4,2.1789170568808913
modern,2,b_N100_V4,2.1734159672632813
modern,2,b_N100_V4,2.1762920077890158
modern,2,b_N100_V4,2.2005420178174973
modern,2,b_N100_V4,2.1740830270573497
modern,2,b_N100_V4,2.189708990044892
modern,2,b_N100_V4,2.1660829661414027
modern,2,b_N100_V4,2.1638328908011317
modern,2,b_N100_V4,2.5139169301837683
modern,2,b_N100_V4,2.3137079551815987
modern,2,b_N100_V4,2.3185829631984234
modern,2,b_N100_V4,2.25741695612669
modern,2,b_N100_V4,2.1884579909965396
modern,2,b_N100_V4,2.2034170106053352
modern,2,b_N100_V4,2.2021670592948794
modern,2,b_N100_V4,2.174332970753312
modern,2,b_N100_V4,2.2085000528022647
modern,2,b_N100_V4,2.173250075429678
modern,2,b_N100_V4,2.199916052632034
modern,2,b_N100_V4,2.1851250203326344
modern,2,b_N100_V4,2.2067910758778453
modern,2,b_N100_V4,2.2201669635251164
modern,2,b_N100_V4,2.193207968957722
modern,2,b_N100_V4,2.173834014683962
modern,2,b_N100_V4,2.1742499666288495
modern,2,b_N100_V4,2.187332953326404
modern,2,b_N100_V4,2.18120904173702
modern,2,b_N100_V4,2.1464580204337835
modern,2,b_N100_V4,2.1458750125020742
modern,2,b_N100_V4,2.1602920023724437
modern,2,b_N100_V4,2.2034579887986183
modern,2,b_N100_V4,2.1766669815406203
modern,2,b_N100_V4,2.1773340413346887
modern,2,b_N100_V4,2.1587919909507036
modern,2,b_N100_V4,2.1704579703509808
modern,2,b_N100_V4,2.169291954487562
modern,2,b_N100_V4,2.167708007618785
modern,2,b_N100_V4,2.1839160472154617
modern,2,b_N100_V4,2.172374981455505
modern,2,b_N100_V4,2.155583002604544
modern,2,b_N100_V4,2.14712496381253
modern,2,b_N100_V4,2.4011669447645545
modern,2,b_N100_V4,2.1645419765263796
modern,2,b_N100_V4,2.1981250029057264
modern,2,b_N100_V4,2.18120904173702
modern,2,b_N100_V4,2.2875830763950944
modern,2,b_N100_V4,2.2910829866304994
modern,2,b_N100_V4,2.2278340766206384
modern,2,b_N100_V4,2.231332939118147
modern,2,b_N100_V4,2.351542003452778
modern,2,b_N100_V4,2.199209062382579
modern,2,b_N100_V4,2.210124977864325
modern,2,b_N100_V4,2.2021670592948794
modern,2,b_N100_V4,2.1572080440819263
modern,2,b_N100_V4,2.154082991182804
modern,2,b_N100_V4,2.1281669614836574
modern,2,b_N100_V4,2.1551669342443347
modern,2,b_N100_V4,2.1709169959649444
modern,2,b_N100_V4,2.188791986554861
modern,2,b_N100_V4,2.132000052370131
modern,2,b_N100_V4,2.1585409995168447
modern,2,b_N100_V4,2.1560420282185078
modern,2,b_N100_V4,2.1488340571522713
modern,2,b_N100_V4,2.1180410403758287
modern,2,b_N100_V4,2.1531250094994903
modern,2,b_N100_V4,2.133166999556124
modern,2,b_N100_V4,2.159584080800414
modern,2,b_N100_V4,2.149667008779943
modern,2,b_N100_V4,2.160749980248511
modern,2,b_N100_V4,2.1413330687209964
modern,2,b_N100_V4,2.162041957490146
modern,2,b_N100_V4,2.18941702041775
modern,2,b_N100_V4,2.2130419965833426
modern,2,b_N100_V4,2.358917030505836
modern,2,b_N100_V4,2.1654999582096934
modern,2,b_N100_V4,2.17570795211941
modern,2,b_N100_V4,2.5349579518660903
modern,2,b_N100_V4,2.197750029154122
modern,2,b_N100_V4,2.145207952708006
modern,2,b_N100_V4,2.148917061276734
modern,2,b_N100_V4,2.139833988621831
modern,2,b_N100_V4,2.1496660774573684
modern,2,b_N100_V4,2.2126249969005585
modern,2,b_N100_V4,2.1522920578718185
modern,2,b_N100_V4,2.159791998565197
modern,2,b_N100_V4,2.1062500309199095
modern,2,b_N100_V4,2.1327079739421606
modern,2,b_N100_V4,2.155207912437618
modern,2,b_N100_V4,2.15233291964978
modern,2,b_N100_V4,2.5839590234681964
modern,2,b_N100_V4,2.3300000466406345
modern,2,b_N100_V4,2.2646660218015313
modern,2,b_N100_V4,2.2367089986801147
modern,2,b_N100_V4,2.283124951645732
modern,2,b_N100_V4,2.2650420432910323
modern,2,b_N100_V4,2.223959076218307
modern,2,b_N100_V4,2.3793330183252692
modern,2,b_N100_V4,2.3972910130396485
modern,2,b_N100_V4,2.209333935752511
modern,2,b_N100_V4,2.2111660800874233
modern,2,b_N100_V4,2.24154198076576
modern,2,b_N100_V4,2.306791953742504
modern,2,b_N100_V4,2.2462079068645835
modern,2,b_N100_V4,2.220582915470004
modern,2,b_N100_V4,2.1931659430265427
modern,2,b_N100_V4,2.265541930682957
modern,2,b_N100_V4,2.2764999885112047
modern,2,b_N100_V4,2.2201669635251164
modern,2,b_N100_V4,2.2067090030759573
modern,2,b_N100_V4,2.184125012718141
modern,2,b_N100_V4,2.1912920055910945
modern,2,b_N100_V4,2.185499994084239
modern,2,b_N100_V4,2.1834999788552523
modern,2,b_N100_V4,2.2336250403895974
modern,2,b_N100_V4,2.174125052988529
modern,2,b_N100_V4,2.1775830537080765
modern,2,b_N100_V4,2.16283299960196
modern,2,b_N100_V4,2.1567080402746797
modern,2,b_N100_V4,2.16587504837662
modern,2,b_N100_V4,2.17954209074378
modern,2,b_N100_V4,2.1670839050784707
modern,2,b_N100_V4,2.151292050257325
modern,2,b_N100_V4,2.1689580753445625
modern,2,b_N100_V4,2.203500014729798
modern,2,b_N100_V4,2.158624934963882
modern,2,b_N100_V4,2.1677500335499644
modern,2,b_N100_V4,2.1583340130746365
modern,2,b_N100_V4,2.1505840122699738
modern,2,b_N100_V4,2.164707984775305
modern,2,b_N100_V4,2.1552080288529396
modern,2,b_N100_V4,2.1467499900609255
modern,2,b_N100_V4,2.1622079657390714
modern,2,b_N100_V4,2.2114580497145653
modern,2,b_N100_V4,2.1644170628860593
modern,2,b_N100_V4,2.196999965235591
modern,2,b_N100_V4,2.1705839317291975
modern,2,b_N100_V4,2.151541062630713
modern,2,b_N100_V4,2.2494170116260648
modern,2,b_N100_V4,2.166291931644082
modern,2,b_N100_V4,2.151584019884467
modern,2,b_N100_V4,2.1457079565152526
modern,2,b_N100_V4,2.144834026694298
modern,2,b_N100_V4,2.150209038518369
modern,2,b_N100_V4,2.1359999664127827
modern,2,b_N100_V4,2.1768329897895455
modern,2,b_N100_V4,2.1577919833362103
modern,2,b_N100_V4,2.1542920731008053
modern,2,b_N100_V4,2.137665986083448
modern,2,b_N100_V4,2.17037508264184
modern,2,b_N100_V4,2.142250072211027
modern,2,b_N100_V4,2.152874949388206
modern,2,b_N100_V4,2.162208897061646
modern,2,b_N100_V4,2.158957999199629
modern,2,b_N100_V4,2.1419170079752803
modern,2,b_N100_V4,2.142124925740063
modern,2,b_N100_V4,2.177624963223934
modern,2,b_N100_V4,2.156584057956934
modern,2,b_N100_V4,2.152874949388206
modern,2,b_N100_V4,2.150084008462727
modern,2,b_N100_V4,2.1433329675346613
modern,2,b_N100_V4,2.1468750201165676
modern,2,b_N100_V4,2.151000080630183
modern,2,b_N100_V4,2.1834999788552523
modern,2,b_N100_V4,2.187625039368868
modern,2,b_N100_V4,2.197041059844196
modern,2,b_N100_V4,2.3703749757260084
modern,2,b_N100_V4,2.2019590251147747
modern,2,b_N100_V4,2.182166907005012
modern,2,b_N100_V4,2.154208952561021
modern,2,b_N100_V4,2.1649999544024467
modern,2,b_N100_V4,2.1508749341592193
modern,2,b_N100_V4,2.1406669402495027
modern,2,b_N100_V4,2.1462920121848583
modern,2,b_N100_V4,2.130707958713174
modern,2,b_N100_V4,2.1217919420450926
modern,2,b_N100_V4,2.1678339689970016
modern,2,b_N100_V4,2.1286250557750463
modern,2,b_N100_V4,2.1333330078050494
modern,2,b_N100_V4,2.1237090695649385
modern,2,b_N100_V4,3.3099589636549354
modern,2,b_N100_V4,2.2503749933093786
modern,2,b_N100_V4,2.1949170622974634
modern,2,b_N100_V4,2.179332892410457
modern,2,b_N100_V4,2.162792021408677
modern,2,b_N100_V4,2.157541923224926
modern,2,b_N100_V4,2.152749919332564
modern,2,b_N100_V4,2.4824580177664757
modern,2,b_N100_V4,2.140791970305145
modern,2,b_N100_V4,2.149541978724301
modern,2,b_N100_V4,2.1687919506803155
modern,2,b_N100_V4,2.1330839954316616
modern,2,b_N100_V4,2.13629100471735
modern,2,b_N100_V4,2.109167049638927
modern,2,b_N100_V4,2.2391669917851686
modern,2,b_N100_V4,2.125792088918388
modern,2,b_N100_V4,2.123249927535653
modern,2,b_N100_V4,2.2511250572279096
modern,2,b_N100_V4,2.130832988768816
modern,2,b_N100_V4,2.1309589501470327
modern,2,b_N100_V4,2.1220410708338022
modern,2,b_N100_V4,2.1080829901620746
modern,2,b_N100_V4,2.1393749630078673
modern,2,b_N100_V4,2.4331669555976987
modern,2,b_N100_V4,2.1560420282185078
modern,2,b_N100_V4,2.1416249219328165
modern,2,b_N100_V4,2.1521670278161764
modern,2,b_N100_V4,2.1272499579936266
modern,2,b_N100_V4,2.182625001296401
modern,2,b_N100_V4,2.131541958078742
modern,2,b_N100_V4,2.139999996870756
modern,2,b_N100_V4,2.1135000279173255
modern,2,b_N100_V4,2.1245001116767526
modern,2,b_N100_V4,2.124749938957393
modern,2,b_N100_V4,2.13729206006974
modern,2,b_N100_V4,2.1390839247033
modern,2,b_N100_V4,2.1238330518826842
modern,2,b_N100_V4,2.1155839785933495
modern,2,b_N100_V4,2.1520419977605343
modern,2,b_N100_V4,2.118124975822866
modern,2,b_N100_V4,2.1144580096006393
modern,2,b_N100_V4,2.1026249742135406
modern,2,b_N100_V4,2.1170000545680523
modern,2,b_N100_V4,2.109082997776568
modern,2,b_N100_V4,2.21333303488791
modern,2,b_N100_V4,2.124666003510356
modern,2,b_N100_V4,2.2257500095292926
modern,2,b_N100_V4,2.2207500878721476
modern,2,b_N100_V4,2.2289579501375556
modern,2,b_N100_V4,2.2310420172289014
modern,2,b_N100_V4,2.1605408983305097
modern,2,b_N100_V4,2.148499945178628
modern,2,b_N100_V4,2.1568749798461795
modern,2,b_N100_V4,2.156415954232216
modern,2,b_N100_V4,2.147249993868172
modern,2,b_N100_V4,2.136708004400134
modern,2,b_N100_V4,2.1368750603869557
modern,2,b_N100_V4,2.1593329729512334
modern,2,b_N100_V4,2.1327920258045197
modern,2,b_N100_V4,2.17804207932204
modern,2,b_N100_V4,2.143917023204267
modern,2,b_N100_V4,2.13779101613909
modern,2,b_N100_V4,2.141334000043571
modern,2,b_N100_V4,2.1314159967005253
modern,2,b_N100_V4,2.128541935235262
modern,2,b_N100_V4,2.1402499405667186
modern,2,b_N100_V4,2.1617079619318247
modern,2,b_N100_V4,2.141791977919638
modern,2,b_N100_V4,2.140291966497898
modern,2,b_N100_V4,2.1670409478247166
modern,2,b_N100_V4,2.1436669630929828
modern,2,b_N100_V4,2.1383330458775163
modern,2,b_N100_V4,2.479083021171391
modern,2,b_N100_V4,2.1304170368239284
modern,2,b_N100_V4,2.134582959115505
modern,2,b_N100_V4,2.2154999896883965
modern,2,b_N100_V4,2.1529169753193855
modern,2,b_N100_V4,2.1415839437395334
modern,2,b_N100_V4,2.1396669326350093
modern,2,b_N100_V4,2.1441669669002295
modern,2,b_N100_V4,2.1605839719995856
modern,2,b_N100_V4,2.1947919158264995
modern,2,b_N100_V4,2.123999991454184
modern,2,b_N100_V4,2.1173340501263738
modern,2,b_N100_V4,2.136915922164917
modern,2,b_N100_V4,2.128042047843337
modern,2,b_N100_V4,2.1290420554578304
modern,2,b_N100_V4,2.1290830336511135
modern,2,b_N100_V4,2.13274999987334
modern,2,b_N100_V4,2.1301250671967864
modern,2,b_N100_V4,2.1780000533908606
modern,2,b_N100_V4,2.1460839780047536
modern,2,b_N100_V4,2.1344589767977595
modern,2,b_N100_V4,2.1304169204086065
modern,2,b_N100_V4,2.14112491812557
modern,2,b_N100_V4,2.126874984242022
modern,2,b_N100_V4,2.128500025719404
modern,2,b_N100_V4,2.1365840220823884
modern,2,b_N100_V4,2.122666919603944
modern,2,b_N100_V4,2.1209579426795244
modern,2,b_N100_V4,2.1302090026438236
modern,2,b_N100_V4,2.144666970707476
modern,2,b_N100_V4,2.1260830108076334
modern,2,b_N100_V4,2.120792050845921
modern,2,b_N100_V4,2.1265840623527765
modern,2,b_N100_V4,2.20362504478544
modern,2,b_N100_V4,2.2145420080050826
modern,2,b_N100_V4,2.194124972447753
modern,2,b_N100_V4,2.1676250034943223
modern,2,b_N100_V4,2.168291946873069
modern,2,b_N100_V4,2.1488750353455544
modern,2,b_N100_V4,2.263624919578433
modern,2,b_N100_V4,2.1517500281333923
modern,2,b_N100_V4,2.152749919332564
modern,2,b_N100_V4,2.127625048160553
modern,2,b_N100_V4,2.1548749646171927
modern,2,b_N100_V4,2.1372500341385603
modern,2,b_N100_V4,2.137125004082918
modern,2,b_N100_V4,2.1351249888539314
modern,2,b_N100_V4,2.1284170215949416
modern,2,b_N100_V4,2.1170000545680523
modern,2,b_N100_V4,2.4394580395892262
modern,2,b_N100_V4,2.147708088159561
modern,2,b_N100_V4,2.133958972990513
modern,2,b_N100_V4,2.135541057214141
modern,2,b_N100_V4,2.120707998983562
modern,2,b_N100_V4,2.114332979544997
modern,2,b_N100_V4,2.133999951183796
modern,2,b_N100_V4,2.1637079771608114
modern,2,b_N100_V4,2.1280000219121575
modern,2,b_N100_V4,2.1333330078050494
modern,2,b_N100_V4,2.130207954905927
modern,2,b_N100_V4,2.152125001884997
modern,2,b_N100_V4,2.131458022631705
modern,2,b_N100_V4,2.1254579769447446
modern,2,b_N100_V4,2.134209033101797
modern,2,b_N100_V4,2.1911250660195947
modern,2,b_N100_V4,2.139582997187972
modern,2,b_N100_V4,2.109333989210427
modern,2,b_N100_V4,2.127041923813522
modern,2,b_N100_V4,2.129124943166971
modern,2,b_N100_V4,2.2334170062094927
modern,2,b_N100_V4,2.1564170019701123
modern,2,b_N100_V4,2.1204579388722777
modern,2,b_N100_V4,2.1747919963672757
modern,2,b_N100_V4,2.1666670218110085
modern,2,b_N100_V4,2.130707958713174
modern,2,b_N100_V4,2.1195419831201434
modern,2,b_N100_V4,2.1280000219121575
modern,2,b_N100_V4,2.103417064063251
modern,2,b_N100_V4,2.1063750609755516
modern,2,b_N100_V4,2.129458007402718
modern,2,b_N100_V4,2.097667078487575
modern,2,b_N100_V4,2.540999907068908
modern,2,b_N100_V4,2.1180000621825457
modern,2,b_N100_V4,2.408916945569217
modern,2,b_N100_V4,2.231542021036148
modern,2,b_N100_V4,2.138666925020516
modern,2,b_N100_V4,2.10787495598197
modern,2,b_N100_V4,2.111708978191018
modern,2,b_N100_V4,2.1605000365525484
modern,2,b_N100_V4,2.113915979862213
modern,2,b_N100_V4,2.126542036421597
modern,2,b_N100_V4,2.1256670588627458
modern,2,b_N100_V4,2.100875019095838
modern,2,b_N100_V4,2.0952920895069838
modern,2,b_N100_V4,2.205834025517106
modern,2,b_N100_V4,2.274833037517965
modern,2,b_N100_V4,2.1885830210521817
modern,2,b_N100_V4,2.1656249882653356
modern,2,b_N100_V4,2.2150829900056124
modern,2,b_N100_V4,2.163624973036349
modern,2,b_N100_V4,2.1772090112790465
modern,2,b_N100_V4,2.199165988713503
modern,2,b_N100_V4,2.1576660219579935
modern,2,b_N100_V4,2.1612499840557575
modern,2,b_N100_V4,2.143584075383842
modern,2,b_N100_V4,2.1345000714063644
modern,2,b_N100_V4,2.191708073951304
modern,2,b_N100_V4,2.1867910400032997
modern,2,b_N100_V4,2.167917089536786
modern,2,b_N100_V4,2.1568749798461795
modern,2,b_N100_V4,2.158125047571957
modern,2,b_N100_V4,2.2085419623181224
modern,2,b_N100_V4,2.188791986554861
modern,2,b_N100_V4,2.185666002333164
modern,2,b_N100_V4,2.1710420260205865
modern,2,b_N100_V4,2.1697080228477716
modern,2,b_N100_V4,2.164916950277984
modern,2,b_N100_V4,2.1566669456660748
modern,2,b_N100_V4,2.166791004128754
modern,2,b_N100_V4,2.1673330338671803
modern,2,b_N100_V4,2.1497500129044056
modern,2,b_N100_V4,2.170291030779481
modern,2,b_N100_V4,2.1597080631181598
modern,2,b_N100_V4,2.1697080228477716
modern,2,b_N100_V4,2.162666991353035
modern,2,b_N100_V4,2.156957983970642
modern,2,b_N100_V4,2.1535418927669525
modern,2,b_N100_V4,2.157416893169284
modern,2,b_N100_V4,2.1831669146195054
modern,2,b_N100_V4,2.153499983251095
modern,2,b_N100_V4,2.1811670158058405
modern,2,b_N100_V4,2.1588329691439867
modern,2,b_N100_V4,2.1809169556945562
modern,2,b_N100_V4,2.1602920023724437
modern,2,b_N100_V4,2.1674169693142176
modern,2,b_N100_V4,2.1572919795289636
modern,2,b_N100_V4,2.1389579633250833
modern,2,b_N100_V4,2.186542027629912
modern,2,b_N100_V4,2.1340000675991178
modern,2,b_N100_V4,2.1704579703509808
modern,2,b_N100_V4,2.1515830885618925
modern,2,b_N100_V4,2.1319580264389515
modern,2,b_N100_V4,2.161791082471609
modern,2,b_N100_V4,2.1832078928127885
modern,2,b_N100_V4,2.144958940334618
modern,2,b_N100_V4,2.159249968826771
modern,2,b_N100_V4,2.160749980248511
modern,2,b_N100_V4,2.155542024411261
modern,2,b_N100_V4,2.1360409446060658
modern,2,b_N100_V4,2.1455000387504697
modern,2,b_N100_V4,2.1240420173853636
modern,2,b_N100_V4,2.1550420206040144
modern,2,b_N100_V4,2.1602920023724437
modern,2,b_N100_V4,2.1986670326441526
modern,2,b_N100_V4,2.216167049482465
modern,2,b_N100_V4,2.1640839986503124
modern,2,b_N100_V4,3.3094160025939345
modern,2,b_N100_V4,2.318499959073961
modern,2,b_N100_V4,2.264500013552606
modern,2,b_N100_V4,2.249542041681707
modern,2,b_N100_V4,2.2297919495031238
modern,2,b_N100_V4,2.208000048995018
modern,2,b_N100_V4,2.198832924477756
modern,2,b_N100_V4,2.274832921102643
modern,2,b_N100_V4,2.1851250203326344
modern,2,b_N100_V4,2.1730000153183937
modern,2,b_N100_V4,2.16299993917346
modern,2,b_N100_V4,2.150624990463257
modern,2,b_N100_V4,2.1417500684037805
modern,2,b_N100_V4,2.1537919528782368
modern,2,b_N100_V4,2.2050419356673956
modern,2,b_N100_V4,2.1456669783219695
modern,2,b_N100_V4,2.15066596865654
modern,2,b_N100_V4,2.134958980605006
modern,2,b_N100_V4,2.1509999642148614
modern,2,b_N100_V4,2.1156249567866325
modern,2,b_N100_V4,2.1446249447762966
modern,2,b_N100_V4,2.1327920258045197
modern,2,b_N100_V4,2.1225829841569066
modern,2,b_N100_V4,2.1338750375434756
modern,2,b_N100_V4,2.1259579807519913
modern,2,b_N100_V4,2.116332994773984
modern,2,b_N100_V4,2.127957995980978
modern,2,b_N100_V4,2.1195830777287483
modern,2,b_N100_V4,2.1365839056670666
modern,2,b_N100_V4,2.133667003363371
modern,2,b_N100_V4,2.1751249441877007
modern,2,b_N100_V4,2.1139589371159673
modern,2,b_N100_V4,2.1101669408380985
modern,2,b_N100_V4,2.1462079603224993
modern,2,b_N100_V4,2.111917012371123
modern,2,b_N100_V4,2.113749971613288
modern,2,b_N100_V4,2.102582948282361
modern,2,b_N100_V4,2.1008329931646585
modern,2,b_N100_V4,2.148082945495844
modern,2,b_N100_V4,2.2117079934105277
modern,2,b_N100_V4,2.1115420386195183
modern,2,b_N100_V4,2.1187500096857548
modern,2,b_N100_V4,2.1118330769240856
modern,2,b_N100_V4,2.116499934345484
modern,2,b_N100_V4,2.125374972820282
modern,2,b_N100_V4,2.7083749882876873
modern,2,b_N100_V4,2.1491670049726963
modern,2,b_N100_V4,2.1103749750182033
modern,2,b_N100_V4,2.1160829346626997
modern,2,b_N100_V4,2.138540963642299
modern,2,b_N100_V4,2.118209027685225
modern,2,b_N100_V4,2.0985830342397094
modern,2,b_N100_V4,2.111291978508234
modern,2,b_N100_V4,2.131334040313959
modern,2,b_N100_V4,2.1002080757170916
modern,2,b_N100_V4,2.1025839960202575
modern,2,b_N100_V4,2.0990000339224935
modern,2,b_N100_V4,2.108000102452934
modern,2,b_N100_V4,2.2446250077337027
modern,2,b_N100_V4,2.2765829926356673
modern,2,b_N100_V4,2.1922090090811253
modern,2,b_N100_V4,2.2340830182656646
modern,2,b_N100_V4,2.178375027142465
modern,2,b_N100_V4,2.180917072109878
modern,2,b_N100_V4,2.164624980650842
modern,2,b_N100_V4,2.1699999924749136
modern,2,b_N100_V4,2.1827910095453262
modern,2,b_N100_V4,2.164666075259447
modern,2,b_N100_V4,2.136249910108745
modern,2,b_N100_V4,2.1607920061796904
modern,2,b_N100_V4,2.20745790284127
modern,2,b_N100_V4,2.1649999544024467
modern,2,b_N100_V4,2.5812089443206787
modern,2,b_N100_V4,2.280249958857894
modern,2,b_N100_V4,2.2200000239536166
modern,2,b_N100_V4,2.2117500193417072
modern,2,b_N100_V4,2.2015830036252737
modern,2,b_N100_V4,2.2620409727096558
modern,2,b_N100_V4,2.176125068217516
modern,2,b_N100_V4,2.194875036366284
modern,2,b_N100_V4,2.2123330272734165
modern,2,b_N100_V4,2.1768748993054032
modern,2,b_N100_V4,2.195750013925135
modern,2,b_N100_V4,2.1964169573038816
modern,2,b_N100_V4,2.1792090265080333
modern,2,b_N100_V4,2.159958006814122
modern,2,b_N100_V4,2.1600829204544425
modern,2,b_N100_V4,2.1637920290231705
modern,2,b_N100_V4,2.173125045374036
modern,2,b_N100_V4,2.165250014513731
modern,2,b_N100_V4,2.157334005460143
modern,2,b_N100_V4,2.2215000353753567
modern,2,b_N100_V4,2.1511659724637866
modern,2,b_N100_V4,2.1429579937830567
modern,2,b_N100_V4,2.143208053894341
modern,2,b_N100_V4,2.147458028048277
modern,2,b_N100_V4,2.1551669342443347
modern,2,b_N100_V4,2.153875073418021
modern,2,b_N100_V4,2.1504999604076147
modern,2,b_N100_V4,2.1415420342236757
modern,2,b_N100_V4,2.132207970134914
modern,2,b_N100_V4,2.1739579970017076
modern,2,b_N100_V4,2.148166997358203
modern,2,b_N100_V4,2.139332937076688
modern,2,b_N100_V4,2.1407499443739653
modern,2,b_N100_V4,2.126708975993097
modern,2,b_N100_V4,2.1186249796301126
modern,2,b_N100_V4,2.149041974917054
modern,2,b_N100_V4,2.1383330458775163
modern,2,b_N100_V4,2.143374993465841
modern,2,b_N100_V4,2.140958094969392
modern,2,b_N100_V4,2.145166974514723
modern,2,b_N100_V4,2.1688750712201
modern,2,b_N100_V4,2.14862497523427
modern,2,b_N100_V4,2.1452499786391854
modern,2,b_N100_V4,2.1395409712567925
modern,2,b_N100_V4,2.133999951183796
modern,2,b_N100_V4,2.133958972990513
modern,2,b_N100_V4,2.296083956025541
modern,2,b_N100_V4,2.2559999488294125
modern,2,b_N100_V4,2.604417037218809
modern,2,b_N100_V4,2.231874968856573
modern,2,b_N100_V4,2.2600829834118485
modern,2,b_N100_V4,2.2406659554690123
modern,2,b_N100_V4,2.235166961327195
modern,2,b_N100_V4,2.226540935225785
modern,2,b_N100_V4,2.156917005777359
modern,2,b_N100_V4,2.2241660626605153
modern,2,b_N100_V4,2.14245798997581
modern,2,b_N100_V4,2.2066249512135983
modern,2,b_N100_V4,2.1352499024942517
modern,2,b_N100_V4,2.188208047300577
modern,2,b_N100_V4,2.246124902740121
modern,2,b_N100_V4,2.1848329342901707
modern,2,b_N100_V4,2.1682908991351724
modern,2,b_N100_V4,2.193458960391581
modern,2,b_N100_V4,2.1471669897437096
modern,2,b_N100_V4,2.2080419585108757
modern,2,b_N100_V4,2.1358749363571405
modern,2,b_N100_V4,2.197250025346875
modern,2,b_N100_V4,2.158166957087815
modern,2,b_N100_V4,2.1880000131204724
modern,2,b_N100_V4,2.188500016927719
modern,2,b_N100_V4,2.1938750287517905
modern,2,b_N100_V4,2.129291999153793
modern,2,b_N100_V4,2.2194579942151904
modern,2,b_N100_V4,2.185832941904664
modern,2,b_N100_V4,2.212041988968849
modern,2,b_N100_V4,2.1262499503791332
modern,2,b_N100_V4,2.1990829845890403
modern,2,b_N100_V4,2.137916977517307
modern,2,b_N100_V4,2.213416970334947
modern,2,b_N100_V4,2.2260829573497176
modern,2,b_N100_V4,2.2767919581383467
modern,2,b_N100_V4,2.151167020201683
modern,2,b_N100_V4,2.18979106284678
modern,2,b_N100_V4,2.1309590665623546
modern,2,b_N100_V4,2.1877919789403677
modern,2,b_N100_V4,2.1917499834671617
modern,2,b_N100_V4,2.130499924533069
modern,2,b_N100_V4,2.138707903213799
modern,2,b_N100_V4,2.182625001296401
modern,2,b_N100_V4,2.193207968957722
modern,2,b_N100_V4,2.216625027358532
modern,2,b_N100_V4,2.15479196049273
modern,2,b_N100_V4,2.190916915424168
modern,2,b_N100_V4,2.1849999902769923
modern,2,b_N100_V4,2.181541989557445
modern,2,b_N100_V4,2.2384170442819595
modern,2,b_N100_V4,2.1919580176472664
modern,2,b_N100_V4,2.151540946215391
modern,2,b_N100_V4,2.1792090265080333
modern,2,b_N100_V4,2.18979106284678
modern,2,b_N100_V4,2.1968750515952706
modern,2,b_N100_V4,2.23070802167058
modern,2,b_N100_V4,2.17241607606411
modern,2,b_N100_V4,2.175415982492268
modern,2,b_N100_V4,2.191416104324162
modern,2,b_N100_V4,2.235999912954867
modern,2,b_N100_V4,2.196083078160882
modern,2,b_N100_V4,2.175792003981769
modern,2,b_N100_V4,2.1620829356834292
modern,2,b_N100_V4,2.161917043849826
modern,2,b_N100_V4,2.2285410668700933
modern,2,b_N100_V4,2.2011669352650642
modern,2,b_N100_V4,2.515333006158471
modern,2,b_N100_V4,2.2772089578211308
modern,2,b_N100_V4,2.214042004197836
modern,2,b_N100_V4,2.1870420314371586
modern,2,b_N100_V4,2.2162500536069274
modern,2,b_N100_V4,2.190500032156706
modern,2,b_N100_V4,2.188249956816435
modern,2,b_N100_V4,2.1889590425416827
modern,2,b_N100_V4,2.1866250317543745
modern,2,b_N100_V4,2.183833043090999
modern,2,b_N100_V4,2.1845001028850675
modern,2,b_N100_V4,2.1553749684244394
modern,2,b_N100_V4,2.168250037357211
modern,2,b_N100_V4,2.1660419879481196
modern,2,b_N100_V4,2.1519999718293548
modern,2,b_N100_V4,2.1745419362559915
modern,2,b_N100_V4,2.546875039115548
modern,2,b_N100_V4,2.164207980968058
modern,2,b_N100_V4,2.1606249501928687
modern,2,b_N100_V4,2.1743340184912086
modern,2,b_N100_V4,2.183833043090999
modern,2,b_N100_V4,2.153333043679595
modern,2,b_N100_V4,2.1535420091822743
modern,2,b_N100_V4,2.145625068806112
modern,2,b_N100_V4,2.1406670566648245
modern,2,b_N100_V4,2.145084086805582
modern,2,b_N100_V4,2.1572919795289636
modern,2,b_N100_V4,2.1547499345615506
modern,2,b_N100_V4,2.179708913899958
modern,2,b_N100_V4,2.1447499748319387
modern,2,b_N100_V4,2.162874909117818
modern,2,b_N100_V4,2.1647500107064843
modern,2,b_N100_V4,2.1349579328671098
modern,2,b_N100_V4,2.131334040313959
modern,2,b_N100_V4,2.135624992661178
modern,2,b_N100_V4,2.1205409429967403
modern,2,b_N100_V4,2.1403749706223607
modern,2,b_N100_V4,2.218874986283481
modern,2,b_N100_V4,2.1663750521838665
modern,2,b_N100_V4,2.1334170596674085
modern,2,b_N100_V4,2.149500069208443
modern,2,b_N100_V4,2.167083090171218
modern,2,b_N100_V4,3.2601250568404794
modern,2,b_N100_V4,2.2949589183554053
modern,2,b_N100_V4,2.2324169985949993
modern,2,b_N100_V4,2.2297499235719442
modern,2,b_N100_V4,2.2092090221121907
modern,2,b_N100_V4,2.195957931689918
modern,2,b_N100_V4,2.3208330385386944
modern,2,b_N100_V4,2.1860830020159483
modern,2,b_N100_V4,2.205041004344821
modern,2,b_N100_V4,2.2879999596625566
modern,2,b_N100_V4,2.196334069594741
modern,2,b_N100_V4,2.2982499795034528
modern,2,b_N100_V4,2.240958041511476
modern,2,b_N100_V4,2.2048749960958958
modern,2,b_N100_V4,2.245208015665412
modern,2,b_N100_V4,2.2227080771699548
modern,2,b_N100_V4,2.190041937865317
modern,2,b_N100_V4,2.3907909635454416
modern,2,b_N100_V4,2.222958952188492
modern,2,b_N100_V4,2.2068750113248825
modern,2,b_N100_V4,2.2415840066969395
modern,2,b_N100_V4,2.2085000528022647
modern,2,b_N100_V4,2.1873340010643005
modern,2,b_N100_V4,2.2149999858811498
modern,2,b_N100_V4,2.1698750788345933
modern,2,b_N100_V4,2.1838750690221786
modern,2,b_N100_V4,2.2105410462245345
modern,2,b_N100_V4,2.1908330963924527
modern,2,b_N100_V4,2.1387499291449785
modern,2,b_N100_V4,2.1550829987972975
modern,2,b_N100_V4,2.253332990221679
modern,2,b_N100_V4,2.133874921128154
modern,2,b_N100_V4,2.1857499377802014
modern,2,b_N100_V4,2.173417015001178
modern,2,b_N100_V4,2.147334045730531
modern,2,b_N100_V4,2.189125050790608
modern,2,b_N100_V4,2.156832953915
modern,2,b_N100_V4,2.1304170368239284
modern,2,b_N100_V4,2.1181670017540455
modern,2,b_N100_V4,2.5436250725761056
modern,2,b_N100_V4,2.199500100687146
modern,2,b_N100_V4,2.220458001829684
modern,2,b_N100_V4,2.153958077542484
modern,2,b_N100_V4,2.163833938539028
modern,2,b_N100_V4,2.172833075746894
modern,2,b_N100_V4,2.1411669440567493
modern,2,b_N100_V4,2.1693339804187417
modern,2,b_N100_V4,2.330916002392769
modern,2,b_N100_V4,2.1631669951602817
modern,2,b_N100_V4,2.1249590208753943
modern,2,b_N100_V4,2.146958955563605
modern,2,b_N100_V4,2.1979999728500843
modern,2,b_N100_V4,2.14712496381253
modern,2,b_N100_V4,2.1417089737951756
modern,2,b_N100_V4,2.1706250263378024
modern,2,b_N100_V4,2.1307090064510703
modern,2,b_N100_V4,2.1805830765515566
modern,2,b_N100_V4,2.2042919881641865
modern,2,b_N100_V4,2.1399589022621512
modern,2,b_N100_V4,2.12645810097456
modern,2,b_N100_V4,2.150457934476435
modern,2,b_N100_V4,2.148166997358203
modern,2,b_N100_V4,2.158749965019524
modern,2,b_N100_V4,2.2150829900056124
modern,2,b_N100_V4,2.1415839437395334
modern,2,b_N100_V4,2.1366250002756715
modern,2,b_N100_V4,2.153957961127162
modern,2,b_N100_V4,2.133792033419013
modern,2,b_N100_V4,2.147334045730531
modern,2,b_N100_V4,2.1887499606236815
modern,2,b_N100_V4,2.142125042155385
