tool,replicate,config,sub_ms
modern,0,a_N100_V3+3D,1.8102499889209867
modern,0,a_N100_V3+3D,1.7930000321939588
modern,0,a_N100_V3+3D,1.7480839742347598
modern,0,a_N100_V3+3D,1.736624981276691
modern,0,a_N100_V3+3D,1.700083026662469
modern,0,a_N100_V3+3D,1.7047079745680094
modern,0,a_N100_V3+3D,1.6906250966712832
modern,0,a_N100_V3+3D,1.7035830533131957
modern,0,a_N100_V3+3D,1.7226249910891056
modern,0,a_N100_V3+3D,1.738749910145998
modern,0,a_N100_V3+3D,1.6982919769361615
modern,0,a_N100_V3+3D,1.7275420250371099
modern,0,a_N100_V3+3D,1.7014170298352838
modern,0,a_N100_V3+3D,1.7157919937744737
modern,0,a_N100_V3+3D,1.7242919420823455
modern,0,a_N100_V3+3D,1.7101670382544398
modern,0,a_N100_V3+3D,1.694750040769577
modern,0,a_N100_V3+3D,1.7053750343620777
modern,0,a_N100_V3+3D,1.6725000459700823
modern,0,a_N100_V3+3D,1.6717499820515513
modern,0,a_N100_V3+3D,1.7307919915765524
modern,0,a_N100_V3+3D,1.7109580803662539
modern,0,a_N100_V3+3D,1.6547500854358077
modern,0,a_N100_V3+3D,1.6856249421834946
modern,0,a_N100_V3+3D,1.6607498982921243
modern,0,a_N100_V3+3D,1.682374975644052
modern,0,a_N100_V3+3D,1.7031249590218067
modern,0,a_N100_V3+3D,1.648374949581921
modern,0,a_N100_V3+3D,1.676916959695518
modern,0,a_N100_V3+3D,1.6794169787317514
modern,0,a_N100_V3+3D,1.6630829777568579
modern,0,a_N100_V3+3D,1.6959169879555702
modern,0,a_N100_V3+3D,1.7161250580102205
modern,0,a_N100_V3+3D,1.663499977439642
modern,0,a_N100_V3+3D,1.6571671003475785
modern,0,a_N100_V3+3D,1.6784589970484376
modern,0,a_N100_V3+3D,1.6651670448482037
modern,0,a_N100_V3+3D,1.6980830114334822
modern,0,a_N100_V3+3D,1.6752919182181358
modern,0,a_N100_V3+3D,1.6701249405741692
modern,0,a_N100_V3+3D,1.6647499287500978
modern,0,a_N100_V3+3D,1.6867920057848096
modern,0,a_N100_V3+3D,1.664249924942851
modern,0,a_N100_V3+3D,1.6814169939607382
modern,0,a_N100_V3+3D,1.6782500315457582
modern,0,a_N100_V3+3D,1.6713329823687673
modern,0,a_N100_V3+3D,1.6533329617232084
modern,0,a_N100_V3+3D,1.6656250227242708
modern,0,a_N100_V3+3D,1.6442079795524478
modern,0,a_N100_V3+3D,1.6608750447630882
modern,0,a_N100_V3+3D,1.6895000590011477
modern,0,a_N100_V3+3D,1.6453750431537628
modern,0,a_N100_V3+3D,1.6920000780373812
modern,0,a_N100_V3+3D,1.6710000345483422
modern,0,a_N100_V3+3D,1.6541669610887766
modern,0,a_N100_V3+3D,1.6734589589759707
modern,0,a_N100_V3+3D,1.657709013670683
modern,0,a_N100_V3+3D,1.6644999850541353
modern,0,a_N100_V3+3D,1.6527499537914991
modern,0,a_N100_V3+3D,1.693582977168262
modern,0,a_N100_V3+3D,1.7519999528303742
modern,0,a_N100_V3+3D,1.7216249834746122
modern,0,a_N100_V3+3D,1.6836670693010092
modern,0,a_N100_V3+3D,1.66937499307096
modern,0,a_N100_V3+3D,1.6586669953539968
modern,0,a_N100_V3+3D,1.6602090327069163
modern,0,a_N100_V3+3D,1.6459160251542926
modern,0,a_N100_V3+3D,1.6670420300215483
modern,0,a_N100_V3+3D,1.6410419484600425
modern,0,a_N100_V3+3D,1.6492500435560942
modern,0,a_N100_V3+3D,1.6924579394981265
modern,0,a_N100_V3+3D,1.6376249259337783
modern,0,a_N100_V3+3D,1.6412909608334303
modern,0,a_N100_V3+3D,1.6345829935744405
modern,0,a_N100_V3+3D,1.6657919622957706
modern,0,a_N100_V3+3D,1.64899998344481
modern,0,a_N100_V3+3D,1.6452500130981207
modern,0,a_N100_V3+3D,1.6351250233128667
modern,0,a_N100_V3+3D,1.647417084313929
modern,0,a_N100_V3+3D,1.62845803424716
modern,0,a_N100_V3+3D,1.6297079855576158
modern,0,a_N100_V3+3D,1.664999988861382
modern,0,a_N100_V3+3D,1.6891249688342214
modern,0,a_N100_V3+3D,1.6231669578701258
modern,0,a_N100_V3+3D,1.6356660053133965
modern,0,a_N100_V3+3D,1.6259169206023216
modern,0,a_N100_V3+3D,1.6205839347094297
modern,0,a_N100_V3+3D,2.1168329985812306
modern,0,a_N100_V3+3D,1.71383295673877
modern,0,a_N100_V3+3D,1.6695420490577817
modern,0,a_N100_V3+3D,1.6552499728277326
modern,0,a_N100_V3+3D,1.6535830218344927
modern,0,a_N100_V3+3D,1.7072500195354223
modern,0,a_N100_V3+3D,1.631665974855423
modern,0,a_N100_V3+3D,1.6354999970644712
modern,0,a_N100_V3+3D,1.6228340100497007
modern,0,a_N100_V3+3D,1.6231670742854476
modern,0,a_N100_V3+3D,1.6222910489887
modern,0,a_N100_V3+3D,1.9592499593272805
modern,0,a_N100_V3+3D,1.2562500778585672
modern,0,a_N100_V3+3D,1.225082902237773
modern,0,a_N100_V3+3D,1.2202089419588447
modern,0,a_N100_V3+3D,1.2158749159425497
modern,0,a_N100_V3+3D,1.2307920260354877
modern,0,a_N100_V3+3D,1.2317090295255184
modern,0,a_N100_V3+3D,1.519166980870068
modern,0,a_N100_V3+3D,1.2604580260813236
modern,0,a_N100_V3+3D,1.254500006325543
modern,0,a_N100_V3+3D,1.2276250636205077
modern,0,a_N100_V3+3D,1.5957920113578439
modern,0,a_N100_V3+3D,1.3510420685634017
modern,0,a_N100_V3+3D,1.3322080485522747
modern,0,a_N100_V3+3D,1.279250020161271
modern,0,a_N100_V3+3D,1.2832919601351023
modern,0,a_N100_V3+3D,1.284166006371379
modern,0,a_N100_V3+3D,1.2669169809669256
modern,0,a_N100_V3+3D,1.9188749138265848
modern,0,a_N100_V3+3D,1.3319579884409904
modern,0,a_N100_V3+3D,1.2800829717889428
modern,0,a_N100_V3+3D,1.2664590030908585
modern,0,a_N100_V3+3D,1.7632910748943686
modern,0,a_N100_V3+3D,1.7579589039087296
modern,0,a_N100_V3+3D,1.7131249187514186
modern,0,a_N100_V3+3D,1.7050410388037562
modern,0,a_N100_V3+3D,1.709125004708767
modern,0,a_N100_V3+3D,1.6879589529708028
modern,0,a_N100_V3+3D,1.6770829679444432
modern,0,a_N100_V3+3D,1.6919999616220593
modern,0,a_N100_V3+3D,1.6765000764280558
modern,0,a_N100_V3+3D,1.6659590182825923
modern,0,a_N100_V3+3D,1.6661250265315175
modern,0,a_N100_V3+3D,1.6703750006854534
modern,0,a_N100_V3+3D,1.6553329769521952
modern,0,a_N100_V3+3D,1.6460419865325093
modern,0,a_N100_V3+3D,1.6472500283271074
modern,0,a_N100_V3+3D,1.6575830522924662
modern,0,a_N100_V3+3D,1.6355839325115085
modern,0,a_N100_V3+3D,1.7206249758601189
modern,0,a_N100_V3+3D,1.6934579471126199
modern,0,a_N100_V3+3D,1.6438339371234179
modern,0,a_N100_V3+3D,1.7446669517084956
modern,0,a_N100_V3+3D,1.8910409417003393
modern,0,a_N100_V3+3D,1.680874964222312
modern,0,a_N100_V3+3D,1.6625409480184317
modern,0,a_N100_V3+3D,1.6488749533891678
modern,0,a_N100_V3+3D,1.6416669823229313
modern,0,a_N100_V3+3D,1.644750009290874
modern,0,a_N100_V3+3D,1.6355830011889338
modern,0,a_N100_V3+3D,1.628875033929944
modern,0,a_N100_V3+3D,1.652750070206821
modern,0,a_N100_V3+3D,1.6354999970644712
modern,0,a_N100_V3+3D,1.6644999850541353
modern,0,a_N100_V3+3D,1.64416607003659
modern,0,a_N100_V3+3D,1.6389160882681608
modern,0,a_N100_V3+3D,1.6406249487772584
modern,0,a_N100_V3+3D,1.6503339866176248
modern,0,a_N100_V3+3D,1.6383749898523092
modern,0,a_N100_V3+3D,1.649332931265235
modern,0,a_N100_V3+3D,1.6731249634176493
modern,0,a_N100_V3+3D,1.6489169793203473
modern,0,a_N100_V3+3D,1.6487919492647052
modern,0,a_N100_V3+3D,1.6474999720230699
modern,0,a_N100_V3+3D,1.6368749784305692
modern,0,a_N100_V3+3D,1.63929199334234
modern,0,a_N100_V3+3D,1.649875077418983
modern,0,a_N100_V3+3D,1.6608330188319087
modern,0,a_N100_V3+3D,1.6298330156132579
modern,0,a_N100_V3+3D,1.6387919895350933
modern,0,a_N100_V3+3D,1.6310829669237137
modern,0,a_N100_V3+3D,1.6367919743061066
modern,0,a_N100_V3+3D,1.6562090022489429
modern,0,a_N100_V3+3D,1.6814999980852008
modern,0,a_N100_V3+3D,1.6289579216390848
modern,0,a_N100_V3+3D,1.6232089838013053
modern,0,a_N100_V3+3D,1.6162500251084566
modern,0,a_N100_V3+3D,1.6196670476347208
modern,0,a_N100_V3+3D,1.6182090621441603
modern,0,a_N100_V3+3D,1.6246250597760081
modern,0,a_N100_V3+3D,1.646541990339756
modern,0,a_N100_V3+3D,1.6310419887304306
modern,0,a_N100_V3+3D,1.7779580084607005
modern,0,a_N100_V3+3D,1.7353339353576303
modern,0,a_N100_V3+3D,1.7472499748691916
modern,0,a_N100_V3+3D,1.6906249802559614
modern,0,a_N100_V3+3D,1.7227500211447477
modern,0,a_N100_V3+3D,1.689709024503827
modern,0,a_N100_V3+3D,1.6763330204412341
modern,0,a_N100_V3+3D,1.6859580064192414
modern,0,a_N100_V3+3D,1.6774159157648683
modern,0,a_N100_V3+3D,1.6573750181123614
modern,0,a_N100_V3+3D,1.6810420202091336
modern,0,a_N100_V3+3D,1.6633749473839998
modern,0,a_N100_V3+3D,1.6767920460551977
modern,0,a_N100_V3+3D,1.661833026446402
modern,0,a_N100_V3+3D,1.669042045250535
modern,0,a_N100_V3+3D,1.6533340094611049
modern,0,a_N100_V3+3D,1.6850410029292107
modern,0,a_N100_V3+3D,1.7183339223265648
modern,0,a_N100_V3+3D,1.6630829777568579
modern,0,a_N100_V3+3D,1.6373329563066363
modern,0,a_N100_V3+3D,1.6152089228853583
modern,0,a_N100_V3+3D,1.632415922358632
modern,0,a_N100_V3+3D,1.6959999920800328
modern,0,a_N100_V3+3D,1.6479589976370335
modern,0,a_N100_V3+3D,1.6225409926846623
modern,0,a_N100_V3+3D,1.649125013500452
modern,0,a_N100_V3+3D,1.6555000329390168
modern,0,a_N100_V3+3D,1.6235839575529099
modern,0,a_N100_V3+3D,1.64899998344481
modern,0,a_N100_V3+3D,1.6515840543434024
modern,0,a_N100_V3+3D,1.6632080078125
modern,0,a_N100_V3+3D,1.7025420675054193
modern,0,a_N100_V3+3D,1.6720830462872982
modern,0,a_N100_V3+3D,1.6401249449700117
modern,0,a_N100_V3+3D,1.6523330705240369
modern,0,a_N100_V3+3D,1.6337919514626265
modern,0,a_N100_V3+3D,1.6324579482898116
modern,0,a_N100_V3+3D,1.6223749844357371
modern,0,a_N100_V3+3D,1.6472919378429651
modern,0,a_N100_V3+3D,2.0541659323498607
modern,0,a_N100_V3+3D,1.832874957472086
modern,0,a_N100_V3+3D,1.7617499688640237
modern,0,a_N100_V3+3D,1.739499974064529
modern,0,a_N100_V3+3D,1.7927089938893914
modern,0,a_N100_V3+3D,1.7129170009866357
modern,0,a_N100_V3+3D,1.7330830451101065
modern,0,a_N100_V3+3D,1.7169580096378922
modern,0,a_N100_V3+3D,1.687083044089377
modern,0,a_N100_V3+3D,1.7037080833688378
modern,0,a_N100_V3+3D,1.6929999692365527
modern,0,a_N100_V3+3D,1.6834998968988657
modern,0,a_N100_V3+3D,1.685165916569531
modern,0,a_N100_V3+3D,1.7595419194549322
modern,0,a_N100_V3+3D,1.6908339457586408
modern,0,a_N100_V3+3D,2.0388750126585364
modern,0,a_N100_V3+3D,1.2970829848200083
modern,0,a_N100_V3+3D,1.2712499592453241
modern,0,a_N100_V3+3D,1.2654999736696482
modern,0,a_N100_V3+3D,1.262917066924274
modern,0,a_N100_V3+3D,1.3156660133972764
modern,0,a_N100_V3+3D,1.7860839143395424
modern,0,a_N100_V3+3D,1.7299168976023793
modern,0,a_N100_V3+3D,1.7010000301524997
modern,0,a_N100_V3+3D,1.7103339778259397
modern,0,a_N100_V3+3D,1.6814579721540213
modern,0,a_N100_V3+3D,1.6688749892637134
modern,0,a_N100_V3+3D,1.661416026763618
modern,0,a_N100_V3+3D,1.6667909221723676
modern,0,a_N100_V3+3D,1.6499579651281238
modern,0,a_N100_V3+3D,1.6744170570746064
modern,0,a_N100_V3+3D,1.6535830218344927
modern,0,a_N100_V3+3D,1.7298751045018435
modern,0,a_N100_V3+3D,1.6670409822836518
modern,0,a_N100_V3+3D,1.6482500359416008
modern,0,a_N100_V3+3D,1.6399999149143696
modern,0,a_N100_V3+3D,1.6532500740140676
modern,0,a_N100_V3+3D,1.6680000117048621
modern,0,a_N100_V3+3D,1.721374923363328
modern,0,a_N100_V3+3D,1.6616659704595804
modern,0,a_N100_V3+3D,1.676957937888801
modern,0,a_N100_V3+3D,1.6651670448482037
modern,0,a_N100_V3+3D,1.6557499766349792
modern,0,a_N100_V3+3D,1.6986250411719084
modern,0,a_N100_V3+3D,1.677792053669691
modern,0,a_N100_V3+3D,1.6322910087183118
modern,0,a_N100_V3+3D,1.631417078897357
modern,0,a_N100_V3+3D,1.6329589998349547
modern,0,a_N100_V3+3D,1.6291249776259065
modern,0,a_N100_V3+3D,1.6532920999452472
modern,0,a_N100_V3+3D,1.630208920687437
modern,0,a_N100_V3+3D,1.9512081053107977
modern,0,a_N100_V3+3D,1.2390830088406801
modern,0,a_N100_V3+3D,1.2586249504238367
modern,0,a_N100_V3+3D,1.2289999285712838
modern,0,a_N100_V3+3D,1.2347500305622816
modern,0,a_N100_V3+3D,1.2506250059232116
modern,0,a_N100_V3+3D,1.21870799921453
modern,0,a_N100_V3+3D,1.2368749594315886
modern,0,a_N100_V3+3D,1.234375056810677
modern,0,a_N100_V3+3D,1.2310839956626296
modern,0,a_N100_V3+3D,1.2231250293552876
modern,0,a_N100_V3+3D,1.2150420807301998
modern,0,a_N100_V3+3D,1.2190829729661345
modern,0,a_N100_V3+3D,1.2165840016677976
modern,0,a_N100_V3+3D,1.2320419773459435
modern,0,a_N100_V3+3D,1.2161660706624389
modern,0,a_N100_V3+3D,1.2254579924046993
modern,0,a_N100_V3+3D,1.2324159033596516
modern,0,a_N100_V3+3D,1.2177499011158943
modern,0,a_N100_V3+3D,1.2137079611420631
modern,0,a_N100_V3+3D,1.2439589481800795
modern,0,a_N100_V3+3D,1.2105000205338001
modern,0,a_N100_V3+3D,1.234999974258244
modern,0,a_N100_V3+3D,1.1985000455752015
modern,0,a_N100_V3+3D,1.1946670711040497
modern,0,a_N100_V3+3D,1.2127499794587493
modern,0,a_N100_V3+3D,1.2050840305164456
modern,0,a_N100_V3+3D,1.2157079763710499
modern,0,a_N100_V3+3D,1.210042042657733
modern,0,a_N100_V3+3D,1.2113339034840465
modern,0,a_N100_V3+3D,1.7756250454112887
modern,0,a_N100_V3+3D,1.7362500075250864
modern,0,a_N100_V3+3D,1.686332980170846
modern,0,a_N100_V3+3D,1.6864590579643846
modern,0,a_N100_V3+3D,1.6716249519959092
modern,0,a_N100_V3+3D,1.762000028975308
modern,0,a_N100_V3+3D,1.6706669703125954
modern,0,a_N100_V3+3D,1.659250003285706
modern,0,a_N100_V3+3D,1.6573750181123614
modern,0,a_N100_V3+3D,1.6541670775040984
modern,0,a_N100_V3+3D,1.6460421029478312
modern,0,a_N100_V3+3D,1.6527080442756414
modern,0,a_N100_V3+3D,1.6636669170111418
modern,0,a_N100_V3+3D,1.6499169869348407
modern,0,a_N100_V3+3D,1.651124912314117
modern,0,a_N100_V3+3D,1.9156669732183218
modern,0,a_N100_V3+3D,1.9152089953422546
modern,0,a_N100_V3+3D,1.7554169753566384
modern,0,a_N100_V3+3D,1.7156250542029738
modern,0,a_N100_V3+3D,1.6977499471977353
modern,0,a_N100_V3+3D,1.6934589948505163
modern,0,a_N100_V3+3D,1.7026250716298819
modern,0,a_N100_V3+3D,1.7869590083137155
modern,0,a_N100_V3+3D,1.6880000475794077
modern,0,a_N100_V3+3D,1.6680000117048621
modern,0,a_N100_V3+3D,1.6610421007499099
modern,0,a_N100_V3+3D,1.664416049607098
modern,0,a_N100_V3+3D,1.702916924841702
modern,0,a_N100_V3+3D,1.663166913203895
modern,0,a_N100_V3+3D,1.6644579591229558
modern,0,a_N100_V3+3D,1.6650420147925615
modern,0,a_N100_V3+3D,1.6669590258970857
modern,0,a_N100_V3+3D,1.6538329655304551
modern,0,a_N100_V3+3D,1.6484169755131006
modern,0,a_N100_V3+3D,1.6542919911444187
modern,0,a_N100_V3+3D,1.671917038038373
modern,0,a_N100_V3+3D,1.6972500598058105
modern,0,a_N100_V3+3D,1.673709019087255
modern,0,a_N100_V3+3D,1.729167066514492
modern,0,a_N100_V3+3D,1.6614170745015144
modern,0,a_N100_V3+3D,1.6430000541731715
modern,0,a_N100_V3+3D,1.6356249107047915
modern,0,a_N100_V3+3D,1.6349999932572246
modern,0,a_N100_V3+3D,2.1604589419439435
modern,0,a_N100_V3+3D,1.7368328990414739
modern,0,a_N100_V3+3D,1.6972499433904886
modern,0,a_N100_V3+3D,1.6775840194895864
modern,0,a_N100_V3+3D,1.6647909069433808
modern,0,a_N100_V3+3D,1.6549170250073075
modern,0,a_N100_V3+3D,1.680833986029029
modern,0,a_N100_V3+3D,1.6431669937446713
modern,0,a_N100_V3+3D,1.7088340828195214
modern,0,a_N100_V3+3D,2.007707953453064
modern,0,a_N100_V3+3D,1.6803330508992076
modern,0,a_N100_V3+3D,1.643375027924776
modern,0,a_N100_V3+3D,1.6384590417146683
modern,0,a_N100_V3+3D,1.6318330308422446
modern,0,a_N100_V3+3D,1.6351249068975449
modern,0,a_N100_V3+3D,1.6531249275431037
modern,0,a_N100_V3+3D,1.646541990339756
modern,0,a_N100_V3+3D,1.7874999903142452
modern,0,a_N100_V3+3D,1.763415988534689
modern,0,a_N100_V3+3D,1.7238749423995614
modern,0,a_N100_V3+3D,1.7115420196205378
modern,0,a_N100_V3+3D,1.7417500494048
modern,0,a_N100_V3+3D,1.6948330448940396
modern,0,a_N100_V3+3D,1.6810420202091336
modern,0,a_N100_V3+3D,1.704916008748114
modern,0,a_N100_V3+3D,1.6601249808445573
modern,0,a_N100_V3+3D,1.690792036242783
modern,0,a_N100_V3+3D,1.6812090761959553
modern,0,a_N100_V3+3D,1.67591602075845
modern,0,a_N100_V3+3D,1.671541016548872
modern,0,a_N100_V3+3D,1.6843338962644339
modern,0,a_N100_V3+3D,1.6622919356450438
modern,0,a_N100_V3+3D,1.6927499091252685
modern,0,a_N100_V3+3D,1.7190829385071993
modern,0,a_N100_V3+3D,1.684166956692934
modern,0,a_N100_V3+3D,1.670458004809916
modern,0,a_N100_V3+3D,1.6556249465793371
modern,0,a_N100_V3+3D,1.68374995701015
modern,0,a_N100_V3+3D,1.6894580330699682
modern,0,a_N100_V3+3D,1.6554170288145542
modern,0,a_N100_V3+3D,1.6940829809755087
modern,0,a_N100_V3+3D,1.6583329997956753
modern,0,a_N100_V3+3D,1.6652500489726663
modern,0,a_N100_V3+3D,1.6414170386269689
modern,0,a_N100_V3+3D,1.6380830202251673
modern,0,a_N100_V3+3D,1.6419580206274986
modern,0,a_N100_V3+3D,1.6263748984783888
modern,0,a_N100_V3+3D,1.9929578993469477
modern,0,a_N100_V3+3D,1.579292002134025
modern,0,a_N100_V3+3D,1.277624978683889
modern,0,a_N100_V3+3D,1.260792021639645
modern,0,a_N100_V3+3D,1.234999974258244
modern,0,a_N100_V3+3D,1.2288750149309635
modern,0,a_N100_V3+3D,1.2396670645102859
modern,0,a_N100_V3+3D,1.2559579918161035
modern,0,a_N100_V3+3D,1.2408749898895621
modern,0,a_N100_V3+3D,1.2492079986259341
modern,0,a_N100_V3+3D,1.2396250385791063
modern,0,a_N100_V3+3D,1.2529580853879452
modern,0,a_N100_V3+3D,1.2275000335648656
modern,0,a_N100_V3+3D,1.2499589938670397
modern,0,a_N100_V3+3D,1.2444579042494297
modern,0,a_N100_V3+3D,1.2583750067278743
modern,0,a_N100_V3+3D,1.2729170266538858
modern,0,a_N100_V3+3D,1.2302499962970614
modern,0,a_N100_V3+3D,1.2480419827625155
modern,0,a_N100_V3+3D,1.2620409252122045
modern,0,a_N100_V3+3D,1.2634999584406614
modern,0,a_N100_V3+3D,1.2454160023480654
modern,0,a_N100_V3+3D,1.2354999780654907
modern,0,a_N100_V3+3D,1.2680420186370611
modern,0,a_N100_V3+3D,1.233624992892146
modern,0,a_N100_V3+3D,1.2363330461084843
modern,0,a_N100_V3+3D,1.2222500517964363
modern,0,a_N100_V3+3D,1.2295000487938523
modern,0,a_N100_V3+3D,1.2410839553922415
modern,0,a_N100_V3+3D,1.2448749039322138
modern,0,a_N100_V3+3D,1.7599579878151417
modern,0,a_N100_V3+3D,1.7404580721631646
modern,0,a_N100_V3+3D,1.7935000360012054
modern,0,a_N100_V3+3D,1.6951669240370393
modern,0,a_N100_V3+3D,1.654667081311345
modern,0,a_N100_V3+3D,1.6507089603692293
modern,0,a_N100_V3+3D,1.6402499750256538
modern,0,a_N100_V3+3D,1.6440829494968057
modern,0,a_N100_V3+3D,2.006665919907391
modern,0,a_N100_V3+3D,1.7729999963194132
modern,0,a_N100_V3+3D,1.7324580112472177
modern,0,a_N100_V3+3D,1.6919589834287763
modern,0,a_N100_V3+3D,1.6916249878704548
modern,0,a_N100_V3+3D,1.69141695369035
modern,0,a_N100_V3+3D,1.6797920688986778
modern,0,a_N100_V3+3D,1.6695420490577817
modern,0,a_N100_V3+3D,1.6561249503865838
modern,0,a_N100_V3+3D,1.8934999825432897
modern,0,a_N100_V3+3D,1.6499169869348407
modern,0,a_N100_V3+3D,1.6553750028833747
modern,0,a_N100_V3+3D,1.6537909395992756
modern,0,a_N100_V3+3D,1.6502919606864452
modern,0,a_N100_V3+3D,1.6538749914616346
modern,0,a_N100_V3+3D,1.6614999622106552
modern,0,a_N100_V3+3D,1.6447920352220535
modern,0,a_N100_V3+3D,1.6435409197583795
modern,0,a_N100_V3+3D,1.6385839553549886
modern,0,a_N100_V3+3D,1.6303330194205046
modern,0,a_N100_V3+3D,1.6449999529868364
modern,0,a_N100_V3+3D,1.635042019188404
modern,0,a_N100_V3+3D,1.6492089489474893
modern,0,a_N100_V3+3D,1.6742500010877848
modern,0,a_N100_V3+3D,1.6352920792996883
modern,0,a_N100_V3+3D,1.6330418875440955
modern,0,a_N100_V3+3D,1.657125074416399
modern,0,a_N100_V3+3D,1.6216249205172062
modern,0,a_N100_V3+3D,1.6411669785156846
modern,0,a_N100_V3+3D,1.6226250445470214
modern,0,a_N100_V3+3D,1.633749925531447
modern,0,a_N100_V3+3D,1.623834017664194
modern,0,a_N100_V3+3D,1.633250038139522
modern,0,a_N100_V3+3D,1.626709010452032
modern,0,a_N100_V3+3D,1.653083018027246
modern,0,a_N100_V3+3D,1.6344579635187984
modern,0,a_N100_V3+3D,1.6225420404225588
modern,0,a_N100_V3+3D,1.6661250265315175
modern,0,a_N100_V3+3D,1.6720000421628356
modern,0,a_N100_V3+3D,1.6193750780075788
modern,0,a_N100_V3+3D,1.628291909582913
modern,0,a_N100_V3+3D,1.6340420115739107
modern,0,a_N100_V3+3D,1.6188339795917273
modern,0,a_N100_V3+3D,1.6061669448390603
modern,0,a_N100_V3+3D,1.6217079246416688
modern,0,a_N100_V3+3D,1.6423750203102827
modern,0,a_N100_V3+3D,1.6188749577850103
modern,0,a_N100_V3+3D,1.634957967326045
modern,0,a_N100_V3+3D,1.6097089974209666
modern,0,a_N100_V3+3D,1.6130420845001936
modern,0,a_N100_V3+3D,1.6624999698251486
modern,0,a_N100_V3+3D,1.6220000106841326
modern,0,a_N100_V3+3D,1.7720410833135247
modern,0,a_N100_V3+3D,1.7579169943928719
modern,0,a_N100_V3+3D,1.713083009235561
modern,0,a_N100_V3+3D,1.6962920781224966
modern,0,a_N100_V3+3D,1.6891669947654009
modern,0,a_N100_V3+3D,1.6876249574124813
modern,0,a_N100_V3+3D,1.7034999327734113
modern,0,a_N100_V3+3D,1.6691249329596758
modern,0,a_N100_V3+3D,1.6543329693377018
modern,0,a_N100_V3+3D,1.6617919318377972
modern,0,a_N100_V3+3D,1.656999927945435
modern,0,a_N100_V3+3D,1.6527079278603196
modern,0,a_N100_V3+3D,1.6489169793203473
modern,0,a_N100_V3+3D,1.6576249618083239
modern,0,a_N100_V3+3D,1.6514579765498638
modern,0,a_N100_V3+3D,1.6495420131832361
modern,0,a_N100_V3+3D,1.7167499754577875
modern,0,a_N100_V3+3D,1.638874993659556
modern,0,a_N100_V3+3D,1.6337500419467688
modern,0,a_N100_V3+3D,1.6634170897305012
modern,0,a_N100_V3+3D,1.6386250499635935
modern,0,a_N100_V3+3D,1.6628330340608954
modern,0,a_N100_V3+3D,1.6499999910593033
modern,0,a_N100_V3+3D,1.6410830430686474
modern,0,a_N100_V3+3D,1.6547089908272028
modern,0,a_N100_V3+3D,1.6310419887304306
modern,0,a_N100_V3+3D,1.6202080296352506
modern,0,a_N100_V3+3D,1.9750000210478902
modern,0,a_N100_V3+3D,1.2736249482259154
modern,0,a_N100_V3+3D,1.25495798420161
modern,0,a_N100_V3+3D,1.2469170615077019
modern,0,a_N100_V3+3D,1.2252919841557741
modern,0,a_N100_V3+3D,1.293333014473319
modern,0,a_N100_V3+3D,1.2407080503180623
modern,0,a_N100_V3+3D,1.2494170805439353
modern,0,a_N100_V3+3D,1.2297501089051366
modern,0,a_N100_V3+3D,1.2238749768584967
modern,0,a_N100_V3+3D,1.2686250265687704
modern,0,a_N100_V3+3D,1.2305829441174865
modern,0,a_N100_V3+3D,1.218249904923141
modern,0,a_N100_V3+3D,1.231999951414764
modern,0,a_N100_V3+3D,1.552750007249415
modern,0,a_N100_V3+3D,0.838291016407311
modern,0,a_N100_V3+3D,0.8214999688789248
modern,0,a_N100_V3+3D,0.8113340009003878
modern,0,a_N100_V3+3D,0.8022090187296271
modern,0,a_N100_V3+3D,0.8055840153247118
modern,0,a_N100_V3+3D,0.80362509470433
modern,0,a_N100_V3+3D,0.8119160775095224
modern,0,a_N100_V3+3D,0.794125022366643
modern,0,a_N100_V3+3D,0.8050830801948905
modern,0,a_N100_V3+3D,0.8030000608414412
modern,0,a_N100_V3+3D,0.7997089996933937
modern,0,a_N100_V3+3D,0.8010419551283121
modern,0,a_N100_V3+3D,0.8501659613102674
modern,0,a_N100_V3+3D,0.8089999901130795
modern,0,a_N100_V3+3D,0.7937919581308961
modern,0,a_N100_V3+3D,0.7943329401314259
modern,0,a_N100_V3+3D,0.7887090323492885
modern,0,a_N100_V3+3D,0.7877920288592577
modern,0,a_N100_V3+3D,1.8084999173879623
modern,0,a_N100_V3+3D,1.7630000365898013
modern,0,a_N100_V3+3D,1.695833052508533
modern,0,a_N100_V3+3D,1.7011669697239995
modern,0,a_N100_V3+3D,1.691458048298955
modern,0,a_N100_V3+3D,1.6861660405993462
modern,0,a_N100_V3+3D,1.6858750022947788
modern,0,a_N100_V3+3D,1.6818749718368053
modern,0,a_N100_V3+3D,1.6467079985886812
modern,0,a_N100_V3+3D,1.68224994558841
modern,0,a_N100_V3+3D,1.667834003455937
modern,0,a_N100_V3+3D,1.6577920177951455
modern,0,a_N100_V3+3D,1.6738750273361802
modern,0,a_N100_V3+3D,1.6596670029684901
modern,0,a_N100_V3+3D,1.661999966017902
modern,0,a_N100_V3+3D,1.6635829815641046
modern,0,a_N100_V3+3D,1.6630419995635748
modern,0,a_N100_V3+3D,1.7169580096378922
modern,0,a_N100_V3+3D,1.6566249541938305
modern,0,a_N100_V3+3D,1.6565410187467933
modern,0,a_N100_V3+3D,1.630582963116467
modern,0,a_N100_V3+3D,1.6467079985886812
modern,0,a_N100_V3+3D,1.6405829228460789
modern,0,a_N100_V3+3D,1.6384579939767718
modern,0,a_N100_V3+3D,1.693165977485478
modern,0,a_N100_V3+3D,1.6759170684963465
modern,0,a_N100_V3+3D,1.6541669610887766
modern,0,a_N100_V3+3D,1.6407499788329005
modern,0,a_N100_V3+3D,1.6462909989058971
modern,0,a_N100_V3+3D,2.6369160041213036
modern,0,a_N100_V3+3D,1.8184169894084334
modern,0,a_N100_V3+3D,1.7255840357393026
modern,0,a_N100_V3+3D,1.7436250345781446
modern,0,a_N100_V3+3D,1.6931249992921948
modern,0,a_N100_V3+3D,1.6993749886751175
modern,0,a_N100_V3+3D,1.671832986176014
modern,0,a_N100_V3+3D,1.6702499706298113
modern,0,a_N100_V3+3D,1.670708996243775
modern,0,a_N100_V3+3D,1.6869999235495925
modern,0,a_N100_V3+3D,1.6756249824538827
modern,0,a_N100_V3+3D,1.7028329893946648
modern,0,a_N100_V3+3D,1.66020798496902
modern,0,a_N100_V3+3D,1.669459044933319
modern,0,a_N100_V3+3D,1.6609999584034085
modern,0,a_N100_V3+3D,1.677792053669691
modern,0,a_N100_V3+3D,2.042667008936405
modern,0,a_N100_V3+3D,1.293000066652894
modern,0,a_N100_V3+3D,1.2593329884111881
modern,0,a_N100_V3+3D,1.2555839493870735
modern,0,a_N100_V3+3D,1.2514169793576002
modern,0,a_N100_V3+3D,1.2431669747456908
modern,0,a_N100_V3+3D,1.2426669709384441
modern,0,a_N100_V3+3D,1.253416994586587
modern,0,a_N100_V3+3D,1.238625030964613
modern,0,a_N100_V3+3D,1.3425840297713876
modern,0,a_N100_V3+3D,1.2598340399563313
modern,0,a_N100_V3+3D,1.2433750089257956
modern,0,a_N100_V3+3D,1.243000035174191
modern,0,a_N100_V3+3D,1.2371670454740524
modern,0,a_N100_V3+3D,1.2348750606179237
modern,0,a_N100_V3+3D,1.778499921783805
modern,0,a_N100_V3+3D,1.7517500091344118
modern,0,a_N100_V3+3D,1.711333985440433
modern,0,a_N100_V3+3D,1.7157919937744737
modern,0,a_N100_V3+3D,1.6992919845506549
modern,0,a_N100_V3+3D,1.731625059619546
modern,0,a_N100_V3+3D,1.6831669490784407
modern,0,a_N100_V3+3D,1.6822500620037317
modern,0,a_N100_V3+3D,1.6695840749889612
modern,0,a_N100_V3+3D,1.6649169847369194
modern,0,a_N100_V3+3D,1.6648330492898822
modern,0,a_N100_V3+3D,1.6616670181974769
modern,0,a_N100_V3+3D,1.928584068082273
modern,0,a_N100_V3+3D,1.6575830522924662
modern,0,a_N100_V3+3D,1.661041984334588
modern,0,a_N100_V3+3D,1.687208074145019
modern,0,a_N100_V3+3D,1.6552500892430544
modern,0,a_N100_V3+3D,1.7365419771522284
modern,0,a_N100_V3+3D,1.6423749038949609
modern,0,a_N100_V3+3D,1.6433330019935966
modern,0,a_N100_V3+3D,1.658500055782497
modern,0,a_N100_V3+3D,1.8598330207169056
modern,0,a_N100_V3+3D,1.641959068365395
modern,0,a_N100_V3+3D,1.6509999986737967
modern,0,a_N100_V3+3D,1.6375420382246375
modern,0,a_N100_V3+3D,2.011542092077434
modern,0,a_N100_V3+3D,1.6714170342311263
modern,0,a_N100_V3+3D,1.6475829761475325
modern,0,a_N100_V3+3D,1.6514169983565807
modern,0,a_N100_V3+3D,1.6732080839574337
modern,0,a_N100_V3+3D,1.6372499521821737
modern,0,a_N100_V3+3D,1.690375036559999
modern,0,a_N100_V3+3D,1.6464999644085765
modern,0,a_N100_V3+3D,1.652583945542574
modern,0,a_N100_V3+3D,1.6565000405535102
modern,0,a_N100_V3+3D,1.6480409540235996
modern,0,a_N100_V3+3D,1.632082974538207
modern,0,a_N100_V3+3D,2.052875002846122
modern,0,a_N100_V3+3D,1.6489169793203473
modern,0,a_N100_V3+3D,1.633582985959947
modern,0,a_N100_V3+3D,1.6470830887556076
modern,0,a_N100_V3+3D,1.6410830430686474
modern,0,a_N100_V3+3D,1.6317080007866025
modern,0,a_N100_V3+3D,1.630250015296042
modern,0,a_N100_V3+3D,1.719874911941588
modern,0,a_N100_V3+3D,2.1797919180244207
modern,0,a_N100_V3+3D,0.8402499370276928
modern,0,a_N100_V3+3D,0.8214169647544622
modern,0,a_N100_V3+3D,0.8076659869402647
modern,0,a_N100_V3+3D,0.8021669927984476
modern,0,a_N100_V3+3D,0.8077920647338033
modern,0,a_N100_V3+3D,0.8084579603746533
modern,0,a_N100_V3+3D,0.8084169821813703
modern,0,a_N100_V3+3D,0.9365000296384096
modern,0,a_N100_V3+3D,0.8030000608414412
modern,0,a_N100_V3+3D,0.8477920200675726
modern,0,a_N100_V3+3D,0.7960830116644502
modern,0,a_N100_V3+3D,0.795917003415525
modern,0,a_N100_V3+3D,0.7935839239507914
modern,0,a_N100_V3+3D,0.78820891212672
modern,0,a_N100_V3+3D,1.7672079848125577
modern,0,a_N100_V3+3D,1.715709106065333
modern,0,a_N100_V3+3D,1.6756249824538827
modern,0,a_N100_V3+3D,1.6559589421376586
modern,0,a_N100_V3+3D,1.6731660580262542
modern,0,a_N100_V3+3D,1.6419999301433563
modern,0,a_N100_V3+3D,1.6456670127809048
modern,0,a_N100_V3+3D,1.6442079795524478
modern,0,a_N100_V3+3D,1.6304579330608249
modern,0,a_N100_V3+3D,1.6294579254463315
modern,0,a_N100_V3+3D,1.6303339507430792
modern,0,a_N100_V3+3D,1.6275830566883087
modern,0,a_N100_V3+3D,1.620166003704071
modern,0,a_N100_V3+3D,1.6174589982256293
modern,0,a_N100_V3+3D,1.6126669943332672
modern,0,a_N100_V3+3D,1.619500108063221
modern,0,a_N100_V3+3D,1.64899998344481
modern,0,a_N100_V3+3D,1.6934580635279417
modern,0,a_N100_V3+3D,1.6372919781133533
modern,0,a_N100_V3+3D,1.6395410057157278
modern,0,a_N100_V3+3D,1.6314999666064978
modern,0,a_N100_V3+3D,1.6204590210691094
modern,0,a_N100_V3+3D,1.6244170255959034
modern,0,a_N100_V3+3D,1.6336250118911266
modern,0,a_N100_V3+3D,1.6247499734163284
modern,0,a_N100_V3+3D,1.6513749724254012
modern,0,a_N100_V3+3D,1.611500047147274
modern,0,a_N100_V3+3D,1.6261669807136059
modern,0,a_N100_V3+3D,1.6211670590564609
modern,0,a_N100_V3+3D,1.6177080105990171
modern,0,a_N100_V3+3D,1.6043750802055001
modern,0,a_N100_V3+3D,1.8818750977516174
modern,0,a_N100_V3+3D,1.6269170446321368
modern,0,a_N100_V3+3D,1.610000035725534
modern,0,a_N100_V3+3D,1.6219589160755277
modern,0,a_N100_V3+3D,1.6179169761016965
modern,0,a_N100_V3+3D,1.6112499870359898
modern,0,a_N100_V3+3D,1.6064579831436276
modern,0,a_N100_V3+3D,1.604457967914641
modern,0,a_N100_V3+3D,1.6073749866336584
modern,0,a_N100_V3+3D,1.6152500174939632
modern,0,a_N100_V3+3D,1.6137500060722232
modern,0,a_N100_V3+3D,1.614290988072753
modern,0,a_N100_V3+3D,1.6076250467449427
modern,0,a_N100_V3+3D,1.6028330428525805
modern,0,a_N100_V3+3D,1.625667093321681
modern,0,a_N100_V3+3D,1.6023340867832303
modern,0,a_N100_V3+3D,1.5968329971656203
modern,0,a_N100_V3+3D,1.6128330025821924
modern,0,a_N100_V3+3D,1.6155419871211052
modern,0,a_N100_V3+3D,1.6003750497475266
modern,0,a_N100_V3+3D,1.6007089288905263
modern,0,a_N100_V3+3D,1.5935000265017152
modern,0,a_N100_V3+3D,1.5920409932732582
modern,0,a_N100_V3+3D,1.5889579663053155
modern,0,a_N100_V3+3D,1.6194999916478992
modern,0,a_N100_V3+3D,1.6012920532375574
modern,0,a_N100_V3+3D,1.6019579488784075
modern,0,a_N100_V3+3D,1.6389170195907354
modern,0,a_N100_V3+3D,1.6057080356404185
modern,0,a_N100_V3+3D,1.8014160450547934
modern,0,a_N100_V3+3D,1.7791249556466937
modern,0,a_N100_V3+3D,1.7047920264303684
modern,0,a_N100_V3+3D,1.7326249508187175
modern,0,a_N100_V3+3D,1.732083037495613
modern,0,a_N100_V3+3D,1.7154590459540486
modern,0,a_N100_V3+3D,1.7175000393763185
modern,0,a_N100_V3+3D,1.7208330100402236
modern,0,a_N100_V3+3D,1.688833930529654
modern,0,a_N100_V3+3D,1.7075410578399897
modern,0,a_N100_V3+3D,1.7010000301524997
modern,0,a_N100_V3+3D,1.6974169993773103
modern,0,a_N100_V3+3D,1.6729579074308276
modern,0,a_N100_V3+3D,1.6889999387785792
modern,0,a_N100_V3+3D,1.665416988544166
modern,0,a_N100_V3+3D,1.6915409360080957
modern,0,a_N100_V3+3D,1.6868329839780927
modern,0,a_N100_V3+3D,1.7712920671328902
modern,0,a_N100_V3+3D,1.6912500141188502
modern,0,a_N100_V3+3D,1.6843329649418592
modern,0,a_N100_V3+3D,1.665084040723741
modern,0,a_N100_V3+3D,1.6534579917788506
modern,0,a_N100_V3+3D,1.648708013817668
modern,0,a_N100_V3+3D,1.6509589040651917
modern,0,a_N100_V3+3D,1.6422910848632455
modern,0,a_N100_V3+3D,1.6647079028189182
modern,0,a_N100_V3+3D,1.6821250319480896
modern,0,a_N100_V3+3D,1.6879579052329063
modern,0,a_N100_V3+3D,1.668291981332004
modern,0,a_N100_V3+3D,1.6430419636890292
modern,0,a_N100_V3+3D,2.180707990191877
modern,0,a_N100_V3+3D,0.8556250249966979
modern,0,a_N100_V3+3D,0.8527500322088599
modern,0,a_N100_V3+3D,0.8339999476447701
modern,0,a_N100_V3+3D,0.81445905379951
modern,0,a_N100_V3+3D,0.8295840816572309
modern,0,a_N100_V3+3D,0.8165000472217798
modern,0,a_N100_V3+3D,0.961042009294033
modern,0,a_N100_V3+3D,1.1870419839397073
modern,0,a_N100_V3+3D,1.096041058190167
modern,0,a_N100_V3+3D,0.8674169657751918
modern,0,a_N100_V3+3D,0.8435409981757402
modern,0,a_N100_V3+3D,0.8247909136116505
modern,0,a_N100_V3+3D,0.8152499794960022
modern,0,a_N100_V3+3D,0.8018750231713057
modern,0,a_N100_V3+3D,0.8194579277187586
modern,0,a_N100_V3+3D,0.8374999742954969
modern,0,a_N100_V3+3D,0.8245420176535845
modern,0,a_N100_V3+3D,0.8167499909177423
modern,0,a_N100_V3+3D,0.8325000526383519
modern,0,a_N100_V3+3D,0.8024590788409114
modern,0,a_N100_V3+3D,0.8077080128714442
modern,0,a_N100_V3+3D,0.8397500496357679
modern,0,a_N100_V3+3D,0.8339169435203075
modern,0,a_N100_V3+3D,0.8168329950422049
modern,0,a_N100_V3+3D,0.827707932330668
modern,0,a_N100_V3+3D,0.8374999742954969
modern,0,a_N100_V3+3D,0.8124159649014473
modern,0,a_N100_V3+3D,0.7982919923961163
modern,0,a_N100_V3+3D,0.8408329449594021
modern,0,a_N100_V3+3D,1.7823330126702785
modern,0,a_N100_V3+3D,1.7337080789729953
modern,0,a_N100_V3+3D,1.986082992516458
modern,0,a_N100_V3+3D,1.6757920384407043
modern,0,a_N100_V3+3D,1.6969580901786685
modern,0,a_N100_V3+3D,1.675749896094203
modern,0,a_N100_V3+3D,1.6662910347804427
modern,0,a_N100_V3+3D,1.6589579172432423
modern,0,a_N100_V3+3D,1.6529589192941785
modern,0,a_N100_V3+3D,1.6434580320492387
modern,0,a_N100_V3+3D,1.6472500283271074
modern,0,a_N100_V3+3D,1.6325840260833502
modern,0,a_N100_V3+3D,1.6279580304399133
modern,0,a_N100_V3+3D,1.6362499445676804
modern,0,a_N100_V3+3D,1.6337080160155892
modern,0,a_N100_V3+3D,1.6379579901695251
modern,0,a_N100_V3+3D,2.394292037934065
modern,0,a_N100_V3+3D,1.8213751027360559
modern,0,a_N100_V3+3D,1.9810410449281335
modern,0,a_N100_V3+3D,1.7546670278534293
modern,0,a_N100_V3+3D,1.7155419336631894
modern,0,a_N100_V3+3D,1.6994160832837224
modern,0,a_N100_V3+3D,1.6871669795364141
modern,0,a_N100_V3+3D,1.66937499307096
modern,0,a_N100_V3+3D,1.759749953635037
modern,0,a_N100_V3+3D,1.6684170113876462
modern,0,a_N100_V3+3D,1.7732089618220925
modern,0,a_N100_V3+3D,1.6763330204412341
modern,0,a_N100_V3+3D,1.670332974754274
modern,0,a_N100_V3+3D,1.6564170364290476
modern,0,a_N100_V3+3D,1.666500000283122
modern,0,a_N100_V3+3D,1.6887090168893337
modern,0,a_N100_V3+3D,1.666042022407055
modern,0,a_N100_V3+3D,1.659250003285706
modern,0,a_N100_V3+3D,1.9812500104308128
modern,0,a_N100_V3+3D,1.8559169257059693
modern,0,a_N100_V3+3D,2.0971670746803284
modern,0,a_N100_V3+3D,1.3175419298931956
modern,0,a_N100_V3+3D,1.2964579509571195
modern,0,a_N100_V3+3D,1.2796659721061587
modern,0,a_N100_V3+3D,1.2809999752789736
modern,0,a_N100_V3+3D,1.2771249748766422
modern,0,a_N100_V3+3D,1.2681250227615237
modern,0,a_N100_V3+3D,1.260792021639645
modern,0,a_N100_V3+3D,1.2610000558197498
modern,0,a_N100_V3+3D,1.2666250113397837
modern,0,a_N100_V3+3D,1.2900420697405934
modern,0,a_N100_V3+3D,1.2617920292541385
modern,0,a_N100_V3+3D,1.284583006054163
modern,0,a_N100_V3+3D,1.2610830599442124
modern,0,a_N100_V3+3D,1.263290992937982
modern,0,a_N100_V3+3D,1.2565000215545297
modern,0,a_N100_V3+3D,1.2506669154390693
modern,0,a_N100_V3+3D,1.255334005691111
modern,0,a_N100_V3+3D,1.3087500119581819
modern,0,a_N100_V3+3D,1.2568749953061342
modern,0,a_N100_V3+3D,1.333917025476694
modern,0,a_N100_V3+3D,1.2507499195635319
modern,0,a_N100_V3+3D,1.2519999872893095
modern,0,a_N100_V3+3D,1.2414590455591679
modern,0,a_N100_V3+3D,1.8089159857481718
modern,0,a_N100_V3+3D,1.7738749738782644
modern,0,a_N100_V3+3D,1.7299590399488807
modern,0,a_N100_V3+3D,1.730291056446731
modern,0,a_N100_V3+3D,1.7183750169351697
modern,0,a_N100_V3+3D,1.710916985757649
modern,0,a_N100_V3+3D,1.7006250564008951
modern,0,a_N100_V3+3D,1.7395419999957085
modern,0,a_N100_V3+3D,1.7069169552996755
modern,0,a_N100_V3+3D,1.6964999958872795
modern,0,a_N100_V3+3D,1.684166956692934
modern,0,a_N100_V3+3D,1.6817499417811632
modern,0,a_N100_V3+3D,1.6848749946802855
modern,0,a_N100_V3+3D,1.6812500543892384
modern,0,a_N100_V3+3D,1.6852919943630695
modern,0,a_N100_V3+3D,1.6977080376818776
modern,0,a_N100_V3+3D,1.7011250602081418
modern,0,a_N100_V3+3D,1.740334089845419
modern,0,a_N100_V3+3D,1.6981660155579448
modern,0,a_N100_V3+3D,1.6865000361576676
modern,0,a_N100_V3+3D,1.6797499265521765
modern,0,a_N100_V3+3D,1.688583055511117
modern,0,a_N100_V3+3D,1.9039579201489687
modern,0,a_N100_V3+3D,1.7109999898821115
modern,0,a_N100_V3+3D,1.682582893408835
modern,0,a_N100_V3+3D,1.7752499552443624
modern,0,a_N100_V3+3D,1.8099589506164193
modern,0,a_N100_V3+3D,1.685290946625173
modern,0,a_N100_V3+3D,1.6697919927537441
modern,0,a_N100_V3+3D,1.6691660275682807
modern,0,a_N100_V3+3D,1.665666000917554
modern,0,a_N100_V3+3D,1.664999988861382
modern,0,a_N100_V3+3D,2.0779999904334545
modern,0,a_N100_V3+3D,1.2869159691035748
modern,0,a_N100_V3+3D,1.2565830256789923
modern,0,a_N100_V3+3D,1.2487499043345451
modern,0,a_N100_V3+3D,1.2476660776883364
modern,0,a_N100_V3+3D,1.2666669208556414
modern,0,a_N100_V3+3D,1.238917000591755
modern,0,a_N100_V3+3D,1.2412079377099872
modern,0,a_N100_V3+3D,1.2388749746605754
modern,0,a_N100_V3+3D,1.2681670486927032
modern,0,a_N100_V3+3D,1.4064159477129579
modern,0,a_N100_V3+3D,1.726208021864295
modern,0,a_N100_V3+3D,1.482916995882988
modern,0,a_N100_V3+3D,1.914624939672649
modern,0,a_N100_V3+3D,1.6258329851552844
modern,0,a_N100_V3+3D,2.3119590478017926
modern,0,a_N100_V3+3D,1.458292012102902
modern,0,a_N100_V3+3D,1.3651250628754497
modern,0,a_N100_V3+3D,1.380792004056275
modern,0,a_N100_V3+3D,1.2877079425379634
modern,0,a_N100_V3+3D,1.277333009056747
modern,0,a_N100_V3+3D,1.2651249999180436
modern,0,a_N100_V3+3D,1.278415904380381
modern,0,a_N100_V3+3D,1.2558329617604613
modern,0,a_N100_V3+3D,1.295084017328918
modern,0,a_N100_V3+3D,1.27987505402416
modern,0,a_N100_V3+3D,1.260999939404428
modern,0,a_N100_V3+3D,1.2522920733317733
modern,0,a_N100_V3+3D,1.8246660474687815
modern,0,a_N100_V3+3D,1.7287919763475657
modern,0,a_N100_V3+3D,1.7257080180570483
modern,0,a_N100_V3+3D,1.7247910145670176
modern,0,a_N100_V3+3D,1.7097080126404762
modern,0,a_N100_V3+3D,1.6961670480668545
modern,0,a_N100_V3+3D,1.6978749772533774
modern,0,a_N100_V3+3D,1.6597500070929527
modern,0,a_N100_V3+3D,1.6742089064791799
modern,0,a_N100_V3+3D,1.687500043772161
modern,0,a_N100_V3+3D,1.666500000283122
modern,0,a_N100_V3+3D,1.6742090228945017
modern,0,a_N100_V3+3D,1.661374932155013
modern,0,a_N100_V3+3D,1.6560829244554043
modern,0,a_N100_V3+3D,1.6740410355851054
modern,0,a_N100_V3+3D,1.663499977439642
modern,0,a_N100_V3+3D,1.6833749832585454
modern,0,a_N100_V3+3D,1.7376670148223639
modern,0,a_N100_V3+3D,1.670749974437058
modern,0,a_N100_V3+3D,1.6430000541731715
modern,0,a_N100_V3+3D,1.6525000100955367
modern,0,a_N100_V3+3D,1.6543749952688813
modern,0,a_N100_V3+3D,1.6573331085965037
modern,0,a_N100_V3+3D,1.677958993241191
modern,0,a_N100_V3+3D,1.6699580010026693
modern,0,a_N100_V3+3D,1.6716669779270887
modern,0,a_N100_V3+3D,1.6567909624427557
modern,0,a_N100_V3+3D,1.695374958217144
modern,0,a_N100_V3+3D,1.6631250036880374
modern,0,a_N100_V3+3D,1.6502089565619826
modern,0,a_N100_V3+3D,1.6746670007705688
modern,0,a_N100_V3+3D,1.6856250585988164
modern,0,a_N100_V3+3D,1.6569170402362943
modern,0,a_N100_V3+3D,1.6699159750714898
modern,0,a_N100_V3+3D,1.6565830446779728
modern,0,a_N100_V3+3D,1.6521250363439322
modern,0,a_N100_V3+3D,1.6549580032005906
modern,0,a_N100_V3+3D,1.6375420382246375
modern,0,a_N100_V3+3D,1.6396669670939445
modern,0,a_N100_V3+3D,1.6666250303387642
modern,0,a_N100_V3+3D,1.6548329731449485
modern,0,a_N100_V3+3D,1.6865419456735253
modern,0,a_N100_V3+3D,1.6286249738186598
modern,0,a_N100_V3+3D,1.649416983127594
modern,0,a_N100_V3+3D,1.6355420229956508
modern,0,a_N100_V3+3D,1.6802499303594232
modern,0,a_N100_V3+3D,1.6596249770373106
modern,0,a_N100_V3+3D,1.6685409937053919
modern,0,a_N100_V3+3D,1.6531250439584255
modern,0,a_N100_V3+3D,1.6336250118911266
modern,0,a_N100_V3+3D,1.6402089968323708
modern,0,a_N100_V3+3D,1.6575830522924662
modern,0,a_N100_V3+3D,1.6572920139878988
modern,0,a_N100_V3+3D,1.6507499385625124
modern,0,a_N100_V3+3D,1.6635830979794264
modern,0,a_N100_V3+3D,1.6719169216230512
modern,0,a_N100_V3+3D,1.9033750286325812
modern,0,a_N100_V3+3D,1.6949999844655395
modern,0,a_N100_V3+3D,1.6914999578148127
modern,0,a_N100_V3+3D,1.6448750393465161
modern,0,a_N100_V3+3D,1.7670829547569156
modern,0,a_N100_V3+3D,1.7433750908821821
modern,0,a_N100_V3+3D,1.7331249546259642
modern,0,a_N100_V3+3D,1.723750028759241
modern,0,a_N100_V3+3D,1.7202500021085143
modern,0,a_N100_V3+3D,1.706541981548071
modern,0,a_N100_V3+3D,1.6921659698709846
modern,0,a_N100_V3+3D,1.7257919535040855
modern,0,a_N100_V3+3D,1.6662089619785547
modern,0,a_N100_V3+3D,1.6657499363645911
modern,0,a_N100_V3+3D,1.659124973230064
modern,0,a_N100_V3+3D,1.6619169618934393
modern,0,a_N100_V3+3D,1.6521250363439322
modern,0,a_N100_V3+3D,1.6517919721081853
modern,0,a_N100_V3+3D,1.6446249792352319
modern,0,a_N100_V3+3D,1.6527080442756414
modern,0,a_N100_V3+3D,1.6562080709263682
modern,0,a_N100_V3+3D,1.704416936263442
modern,0,a_N100_V3+3D,1.647625002078712
modern,0,a_N100_V3+3D,1.6583329997956753
modern,0,a_N100_V3+3D,1.6467089299112558
modern,0,a_N100_V3+3D,1.6399580053985119
modern,0,a_N100_V3+3D,1.6549999127164483
modern,0,a_N100_V3+3D,1.6305409371852875
modern,0,a_N100_V3+3D,1.6333339735865593
modern,0,a_N100_V3+3D,1.6310419887304306
modern,0,a_N100_V3+3D,1.6355420229956508
modern,0,a_N100_V3+3D,1.6570000443607569
modern,0,a_N100_V3+3D,1.631000079214573
modern,0,a_N100_V3+3D,1.6286660684272647
modern,0,a_N100_V3+3D,1.616207999177277
modern,0,a_N100_V3+3D,1.869875006377697
modern,0,a_N100_V3+3D,1.6697919927537441
modern,0,a_N100_V3+3D,1.652040984481573
modern,0,a_N100_V3+3D,1.6467919340357184
modern,0,a_N100_V3+3D,1.6380000161007047
modern,0,a_N100_V3+3D,1.6327499179169536
modern,0,a_N100_V3+3D,1.627707970328629
modern,0,a_N100_V3+3D,1.6252079512923956
modern,0,a_N100_V3+3D,1.657417044043541
modern,0,a_N100_V3+3D,1.6397079452872276
modern,0,a_N100_V3+3D,1.6427079681307077
modern,0,a_N100_V3+3D,1.637208042666316
modern,0,a_N100_V3+3D,1.6407499788329005
modern,0,a_N100_V3+3D,2.120667020790279
modern,0,a_N100_V3+3D,1.8330829916521907
modern,0,a_N100_V3+3D,1.7258330481126904
modern,0,a_N100_V3+3D,1.702916924841702
modern,0,a_N100_V3+3D,1.70262495521456
modern,0,a_N100_V3+3D,2.0114999497309327
modern,0,a_N100_V3+3D,1.2774169445037842
modern,0,a_N100_V3+3D,1.2676659971475601
modern,0,a_N100_V3+3D,1.2518329313024879
modern,0,a_N100_V3+3D,1.2522089527919888
modern,0,a_N100_V3+3D,1.240125042386353
modern,0,a_N100_V3+3D,1.2946249917149544
modern,0,a_N100_V3+3D,1.2435000389814377
modern,0,a_N100_V3+3D,1.2625000672414899
modern,0,a_N100_V3+3D,1.2514999834820628
modern,0,a_N100_V3+3D,1.2491659726947546
modern,0,a_N100_V3+3D,1.786292064934969
modern,0,a_N100_V3+3D,1.733749988488853
modern,0,a_N100_V3+3D,1.6969999996945262
modern,0,a_N100_V3+3D,1.6717090038582683
modern,0,a_N100_V3+3D,1.699834014289081
modern,0,a_N100_V3+3D,1.6540000215172768
modern,0,a_N100_V3+3D,1.706874929368496
modern,0,a_N100_V3+3D,1.6839589225128293
modern,0,a_N100_V3+3D,1.6407499788329005
modern,0,a_N100_V3+3D,1.6494590090587735
modern,0,a_N100_V3+3D,1.6651250189170241
modern,0,a_N100_V3+3D,1.6722079599276185
modern,0,a_N100_V3+3D,1.6577079659327865
modern,0,a_N100_V3+3D,1.6397499712184072
modern,0,a_N100_V3+3D,1.6485420055687428
modern,0,a_N100_V3+3D,1.63929199334234
modern,0,a_N100_V3+3D,1.6487090615555644
modern,0,a_N100_V3+3D,1.709040952846408
modern,0,a_N100_V3+3D,1.6353330574929714
modern,0,a_N100_V3+3D,1.6278340481221676
modern,0,a_N100_V3+3D,1.657790970057249
modern,0,a_N100_V3+3D,1.6507499385625124
modern,0,a_N100_V3+3D,1.650041900575161
modern,0,a_N100_V3+3D,1.6252920031547546
modern,0,a_N100_V3+3D,1.62958400323987
modern,0,a_N100_V3+3D,1.632791943848133
modern,0,a_N100_V3+3D,1.6160419909283519
modern,0,a_N100_V3+3D,1.6532089794054627
modern,0,a_N100_V3+3D,1.674333936534822
modern,0,a_N100_V3+3D,1.6259999247267842
modern,0,a_N100_V3+3D,1.6304170712828636
modern,0,a_N100_V3+3D,1.6668749740347266
modern,0,a_N100_V3+3D,1.6153330216184258
modern,0,a_N100_V3+3D,1.6267920145764947
modern,0,a_N100_V3+3D,1.61575002130121
modern,0,a_N100_V3+3D,1.6139170620590448
modern,0,a_N100_V3+3D,1.6445419751107693
modern,0,a_N100_V3+3D,1.6550419386476278
modern,0,a_N100_V3+3D,1.646582968533039
modern,0,a_N100_V3+3D,1.6309169586747885
modern,0,a_N100_V3+3D,1.6342089511454105
modern,0,a_N100_V3+3D,1.614582957699895
modern,0,a_N100_V3+3D,1.6309169586747885
modern,0,a_N100_V3+3D,1.6487089451402426
modern,0,a_N100_V3+3D,1.637917011976242
modern,0,a_N100_V3+3D,1.685042050667107
modern,0,a_N100_V3+3D,1.6274170484393835
modern,0,a_N100_V3+3D,1.6159999649971724
modern,0,a_N100_V3+3D,1.6214590286836028
modern,0,a_N100_V3+3D,1.963666989468038
modern,0,a_N100_V3+3D,1.2558330781757832
modern,0,a_N100_V3+3D,1.2276669731363654
modern,0,a_N100_V3+3D,1.2559999013319612
modern,0,a_N100_V3+3D,1.2245409889146686
modern,0,a_N100_V3+3D,1.222957973368466
modern,0,a_N100_V3+3D,1.2048749485984445
modern,0,a_N100_V3+3D,1.2156669981777668
modern,0,a_N100_V3+3D,1.1957079404965043
modern,0,a_N100_V3+3D,1.2299999361857772
modern,0,a_N100_V3+3D,1.213249983265996
modern,0,a_N100_V3+3D,1.7777089960873127
modern,0,a_N100_V3+3D,1.7744170036166906
modern,0,a_N100_V3+3D,1.710625016130507
modern,0,a_N100_V3+3D,1.6963329399004579
modern,0,a_N100_V3+3D,1.6995420446619391
modern,0,a_N100_V3+3D,1.6964999958872795
modern,0,a_N100_V3+3D,1.6912500141188502
modern,0,a_N100_V3+3D,1.7031249590218067
modern,0,a_N100_V3+3D,1.6768750501796603
modern,0,a_N100_V3+3D,2.017750055529177
modern,0,a_N100_V3+3D,1.671500038355589
modern,0,a_N100_V3+3D,1.6677080420777202
modern,0,a_N100_V3+3D,1.6632499173283577
modern,0,a_N100_V3+3D,1.677999971434474
modern,0,a_N100_V3+3D,1.6587499994784594
modern,0,a_N100_V3+3D,1.6851669643074274
modern,0,a_N100_V3+3D,1.6706249443814158
modern,0,a_N100_V3+3D,1.7273749690502882
modern,0,a_N100_V3+3D,1.6616249922662973
modern,0,a_N100_V3+3D,1.683457987383008
modern,0,a_N100_V3+3D,1.6477920580655336
modern,0,a_N100_V3+3D,1.683250069618225
modern,0,a_N100_V3+3D,1.6638750676065683
modern,0,a_N100_V3+3D,1.6752079827710986
modern,0,a_N100_V3+3D,1.6699580010026693
modern,0,a_N100_V3+3D,1.6739580314606428
modern,0,a_N100_V3+3D,1.6517089679837227
modern,0,a_N100_V3+3D,1.6708329785615206
modern,0,a_N100_V3+3D,1.6933330334722996
modern,0,a_N100_V3+3D,1.647957949899137
modern,0,a_N100_V3+3D,1.664582989178598
modern,0,a_N100_V3+3D,1.6997919883579016
modern,0,a_N100_V3+3D,1.6385000199079514
modern,0,a_N100_V3+3D,1.6610840102657676
modern,0,a_N100_V3+3D,1.6597079811617732
modern,0,a_N100_V3+3D,1.6475829761475325
modern,0,a_N100_V3+3D,1.9696250092238188
modern,0,a_N100_V3+3D,1.282416982576251
modern,0,a_N100_V3+3D,1.2484589824452996
modern,0,a_N100_V3+3D,1.2494170805439353
modern,0,a_N100_V3+3D,1.2653330340981483
modern,0,a_N100_V3+3D,1.2655839091166854
modern,0,a_N100_V3+3D,1.2421669671311975
modern,0,a_N100_V3+3D,1.2656659819185734
modern,0,a_N100_V3+3D,1.2410839553922415
modern,0,a_N100_V3+3D,1.2502080062404275
modern,0,a_N100_V3+3D,1.2659579515457153
modern,0,a_N100_V3+3D,1.2413749936968088
modern,0,a_N100_V3+3D,1.2752499897032976
modern,0,a_N100_V3+3D,1.2847089674323797
modern,0,a_N100_V3+3D,1.2483340688049793
modern,0,a_N100_V3+3D,1.2551670661196113
modern,0,a_N100_V3+3D,1.2591249542310834
modern,0,a_N100_V3+3D,1.2402919819578528
modern,0,a_N100_V3+3D,1.2244170065969229
modern,0,a_N100_V3+3D,1.273375004529953
modern,0,a_N100_V3+3D,1.524000079371035
modern,0,a_N100_V3+3D,1.385166891850531
modern,0,a_N100_V3+3D,1.352666993625462
modern,0,a_N100_V3+3D,1.3267499161884189
modern,0,a_N100_V3+3D,1.7820830689743161
modern,0,a_N100_V3+3D,1.7415829934179783
modern,0,a_N100_V3+3D,1.7070419853553176
modern,0,a_N100_V3+3D,1.6872090054675937
modern,0,a_N100_V3+3D,1.6875839792191982
modern,0,a_N100_V3+3D,1.6632080078125
modern,0,a_N100_V3+3D,1.6650420147925615
modern,0,a_N100_V3+3D,1.6659590182825923
modern,0,a_N100_V3+3D,1.6502910293638706
modern,0,a_N100_V3+3D,1.6485410742461681
modern,0,a_N100_V3+3D,1.656249980442226
modern,0,a_N100_V3+3D,1.6440830659121275
modern,0,a_N100_V3+3D,1.6435839934274554
modern,0,a_N100_V3+3D,1.6685000155121088
modern,0,a_N100_V3+3D,1.6615829663351178
modern,0,a_N100_V3+3D,1.6504169907420874
modern,0,a_N100_V3+3D,1.6593750333413482
modern,0,a_N100_V3+3D,1.7076249932870269
modern,0,a_N100_V3+3D,1.6978749772533774
modern,0,a_N100_V3+3D,1.6519170021638274
modern,0,a_N100_V3+3D,1.6570000443607569
modern,0,a_N100_V3+3D,1.6438340535387397
modern,0,a_N100_V3+3D,1.6435000579804182
modern,0,a_N100_V3+3D,1.6461670165881515
modern,0,a_N100_V3+3D,1.6337089473381639
modern,0,a_N100_V3+3D,1.6334590036422014
modern,0,a_N100_V3+3D,1.648374949581921
modern,0,a_N100_V3+3D,1.6262499848380685
modern,0,a_N100_V3+3D,1.9111669389531016
modern,0,a_N100_V3+3D,1.874915906228125
modern,0,a_N100_V3+3D,1.6659590182825923
modern,0,a_N100_V3+3D,1.6951250145211816
modern,0,a_N100_V3+3D,1.6496250173076987
modern,0,a_N100_V3+3D,1.654250081628561
modern,0,a_N100_V3+3D,1.6437090234830976
modern,0,a_N100_V3+3D,1.642166986130178
modern,0,a_N100_V3+3D,1.6227090964093804
modern,0,a_N100_V3+3D,1.6278340481221676
modern,0,a_N100_V3+3D,1.6267080791294575
modern,0,a_N100_V3+3D,1.6441670013591647
modern,0,a_N100_V3+3D,1.6245419392362237
modern,0,a_N100_V3+3D,1.6172080067917705
modern,0,a_N100_V3+3D,1.6172919422388077
modern,0,a_N100_V3+3D,1.6197499353438616
modern,0,a_N100_V3+3D,1.8102920148521662
modern,0,a_N100_V3+3D,1.6668749740347266
modern,0,a_N100_V3+3D,1.6337919514626265
modern,0,a_N100_V3+3D,1.6224159626290202
modern,0,a_N100_V3+3D,1.623084070160985
modern,0,a_N100_V3+3D,1.6221660189330578
modern,0,a_N100_V3+3D,1.6131249722093344
modern,0,a_N100_V3+3D,1.6403340268880129
modern,0,a_N100_V3+3D,1.6472090501338243
modern,0,a_N100_V3+3D,1.6160830855369568
modern,0,a_N100_V3+3D,1.6189580783247948
modern,0,a_N100_V3+3D,1.6298339469358325
modern,0,a_N100_V3+3D,1.6168749425560236
modern,0,a_N100_V3+3D,1.6164169646799564
modern,0,a_N100_V3+3D,1.6515839379280806
modern,0,a_N100_V3+3D,1.6750419745221734
modern,0,a_N100_V3+3D,1.7775000305846334
modern,0,a_N100_V3+3D,1.7529590986669064
modern,0,a_N100_V3+3D,1.7138330731540918
modern,0,a_N100_V3+3D,1.7004169058054686
modern,0,a_N100_V3+3D,1.7036250792443752
modern,0,a_N100_V3+3D,1.6852079425007105
modern,0,a_N100_V3+3D,1.6812089597806334
modern,0,a_N100_V3+3D,1.6716249519959092
modern,0,a_N100_V3+3D,1.6602500109001994
modern,0,a_N100_V3+3D,1.6584170516580343
modern,0,a_N100_V3+3D,1.669249963015318
modern,0,a_N100_V3+3D,1.644790987484157
modern,0,a_N100_V3+3D,1.654834020882845
modern,0,a_N100_V3+3D,1.6513339942321181
modern,0,a_N100_V3+3D,1.6504169907420874
modern,0,a_N100_V3+3D,1.6637090593576431
modern,0,a_N100_V3+3D,1.6491670394316316
modern,0,a_N100_V3+3D,1.7351669957861304
modern,0,a_N100_V3+3D,1.6450840048491955
modern,0,a_N100_V3+3D,1.638416899368167
modern,0,a_N100_V3+3D,1.6406249487772584
modern,0,a_N100_V3+3D,1.6403329791501164
modern,0,a_N100_V3+3D,1.6459999606013298
modern,0,a_N100_V3+3D,1.6507909167557955
modern,0,a_N100_V3+3D,1.6560419462621212
modern,0,a_N100_V3+3D,1.6490420093759894
modern,0,a_N100_V3+3D,1.6527909319847822
modern,0,a_N100_V3+3D,1.650584046728909
modern,0,a_N100_V3+3D,1.647625002078712
modern,0,a_N100_V3+3D,1.6575830522924662
modern,0,a_N100_V3+3D,1.6608330188319087
modern,0,a_N100_V3+3D,2.691500005312264
modern,0,a_N100_V3+3D,1.7941670957952738
modern,0,a_N100_V3+3D,1.7222499009221792
modern,0,a_N100_V3+3D,2.0452089374884963
modern,0,a_N100_V3+3D,1.2812080094590783
modern,0,a_N100_V3+3D,1.2745419517159462
modern,0,a_N100_V3+3D,1.2533749686554074
modern,0,a_N100_V3+3D,1.2572919949889183
modern,0,a_N100_V3+3D,1.236167037859559
modern,0,a_N100_V3+3D,1.2403749860823154
modern,0,a_N100_V3+3D,1.260416000150144
modern,0,a_N100_V3+3D,1.2503339676186442
modern,0,a_N100_V3+3D,1.23141601216048
modern,0,a_N100_V3+3D,1.2399170082062483
modern,0,a_N100_V3+3D,1.2324590934440494
modern,0,a_N100_V3+3D,1.2310839956626296
modern,0,a_N100_V3+3D,1.228792010806501
modern,0,a_N100_V3+3D,1.4144580345600843
modern,0,a_N100_V3+3D,1.3320830184966326
modern,0,a_N100_V3+3D,1.2386669404804707
modern,0,a_N100_V3+3D,1.2311249738559127
modern,0,a_N100_V3+3D,1.2285839766263962
modern,0,a_N100_V3+3D,1.247958978638053
modern,0,a_N100_V3+3D,1.2253340100869536
modern,0,a_N100_V3+3D,1.2169169494882226
modern,0,a_N100_V3+3D,1.2220420176163316
modern,0,a_N100_V3+3D,1.2111669639125466
modern,0,a_N100_V3+3D,1.2196250027045608
modern,0,a_N100_V3+3D,1.2908329954370856
modern,0,a_N100_V3+3D,1.8000000854954123
modern,0,a_N100_V3+3D,1.7354580340906978
modern,0,a_N100_V3+3D,1.721958047710359
modern,0,a_N100_V3+3D,1.7021660460159183
modern,0,a_N100_V3+3D,1.692917081527412
modern,0,a_N100_V3+3D,1.7002919921651483
modern,0,a_N100_V3+3D,1.6867920057848096
modern,0,a_N100_V3+3D,1.6757500125095248
modern,0,a_N100_V3+3D,1.6594589687883854
modern,0,a_N100_V3+3D,1.6562090022489429
modern,0,a_N100_V3+3D,1.651249942369759
modern,0,a_N100_V3+3D,1.6413750126957893
modern,0,a_N100_V3+3D,1.6673749778419733
modern,0,a_N100_V3+3D,1.6457500169053674
modern,0,a_N100_V3+3D,1.6724590677767992
modern,0,a_N100_V3+3D,1.6752909868955612
modern,0,a_N100_V3+3D,1.6434170538559556
modern,0,a_N100_V3+3D,1.882250071503222
modern,0,a_N100_V3+3D,1.6911670099943876
modern,0,a_N100_V3+3D,1.6492080176249146
modern,0,a_N100_V3+3D,1.9367081113159657
modern,0,a_N100_V3+3D,1.6852500848472118
modern,0,a_N100_V3+3D,1.6631250036880374
modern,0,a_N100_V3+3D,1.64695899002254
modern,0,a_N100_V3+3D,1.6690000193193555
modern,0,a_N100_V3+3D,1.6577920177951455
modern,0,a_N100_V3+3D,1.6585839912295341
modern,0,a_N100_V3+3D,1.6339169815182686
modern,0,a_N100_V3+3D,1.6486250096932054
modern,0,a_N100_V3+3D,1.6269589541479945
modern,0,a_N100_V3+3D,1.7549160402268171
modern,0,a_N100_V3+3D,1.6812910325825214
modern,0,a_N100_V3+3D,1.7088340828195214
modern,0,a_N100_V3+3D,1.6532500740140676
modern,0,a_N100_V3+3D,1.6557080671191216
modern,0,a_N100_V3+3D,1.630250015296042
modern,0,a_N100_V3+3D,1.6620830865576863
modern,0,a_N100_V3+3D,1.6487919492647052
modern,0,a_N100_V3+3D,1.6868340317159891
modern,0,a_N100_V3+3D,1.6440419713035226
modern,0,a_N100_V3+3D,1.6629579477012157
modern,0,a_N100_V3+3D,1.6365000046789646
modern,0,a_N100_V3+3D,1.6498749610036612
modern,0,a_N100_V3+3D,1.643290976062417
modern,0,a_N100_V3+3D,1.657332992181182
modern,0,a_N100_V3+3D,1.6323330346494913
modern,0,a_N100_V3+3D,1.6916670138016343
modern,0,a_N100_V3+3D,1.6369170043617487
modern,0,a_N100_V3+3D,1.6662500565871596
modern,0,a_N100_V3+3D,1.644458039663732
modern,0,a_N100_V3+3D,1.6670419136062264
modern,0,a_N100_V3+3D,1.631750026717782
modern,0,a_N100_V3+3D,1.6192079056054354
modern,0,a_N100_V3+3D,1.6273749060928822
modern,0,a_N100_V3+3D,1.6479159239679575
modern,0,a_N100_V3+3D,1.6621670220047235
modern,0,a_N100_V3+3D,1.6679170075803995
modern,0,a_N100_V3+3D,1.6404580092057586
modern,0,a_N100_V3+3D,1.643375027924776
modern,0,a_N100_V3+3D,1.651250058785081
modern,0,a_N100_V3+3D,1.755499979481101
modern,0,a_N100_V3+3D,1.7505830619484186
modern,0,a_N100_V3+3D,1.70262495521456
modern,0,a_N100_V3+3D,1.7001669621095061
modern,0,a_N100_V3+3D,1.6796248964965343
modern,0,a_N100_V3+3D,1.676499960012734
modern,0,a_N100_V3+3D,1.668291981332004
modern,0,a_N100_V3+3D,1.6678329557180405
modern,0,a_N100_V3+3D,1.659250003285706
modern,0,a_N100_V3+3D,1.653707935474813
modern,0,a_N100_V3+3D,1.6485420055687428
modern,0,a_N100_V3+3D,1.6549170250073075
modern,0,a_N100_V3+3D,1.6537080518901348
modern,0,a_N100_V3+3D,1.666042022407055
modern,0,a_N100_V3+3D,1.6560000367462635
modern,0,a_N100_V3+3D,1.6571249580010772
modern,0,a_N100_V3+3D,1.7098750686272979
modern,0,a_N100_V3+3D,1.6648749588057399
modern,0,a_N100_V3+3D,1.6543749952688813
modern,0,a_N100_V3+3D,1.647041062824428
modern,0,a_N100_V3+3D,1.6516669420525432
modern,0,a_N100_V3+3D,1.6384579939767718
modern,0,a_N100_V3+3D,1.6405419446527958
modern,0,a_N100_V3+3D,1.6586249694228172
modern,0,a_N100_V3+3D,1.6487500397488475
modern,0,a_N100_V3+3D,1.6527499537914991
modern,0,a_N100_V3+3D,1.673624967224896
modern,0,a_N100_V3+3D,1.6752079827710986
modern,0,a_N100_V3+3D,1.6355420229956508
modern,0,a_N100_V3+3D,1.6373330727219582
modern,0,a_N100_V3+3D,2.040583058260381
modern,0,a_N100_V3+3D,1.2925839982926846
modern,0,a_N100_V3+3D,1.254458911716938
modern,0,a_N100_V3+3D,1.2473328970372677
modern,0,a_N100_V3+3D,1.2276669731363654
modern,0,a_N100_V3+3D,1.2340409448370337
modern,0,a_N100_V3+3D,1.227332977578044
modern,0,a_N100_V3+3D,1.2304999399930239
modern,0,a_N100_V3+3D,1.2287499848753214
modern,0,a_N100_V3+3D,1.2179999612271786
modern,0,a_N100_V3+3D,1.2174589792266488
modern,0,a_N100_V3+3D,1.2311249738559127
modern,0,a_N100_V3+3D,1.23308296315372
modern,0,a_N100_V3+3D,1.229249988682568
modern,0,a_N100_V3+3D,1.2380830012261868
modern,0,a_N100_V3+3D,1.5257500344887376
modern,0,a_N100_V3+3D,0.8450420573353767
modern,0,a_N100_V3+3D,0.8163749007508159
modern,0,a_N100_V3+3D,0.8094579679891467
modern,0,a_N100_V3+3D,0.8232919499278069
modern,0,a_N100_V3+3D,0.8056249935179949
modern,0,a_N100_V3+3D,0.7995419437065721
modern,0,a_N100_V3+3D,0.8377919439226389
modern,0,a_N100_V3+3D,0.7987919962033629
modern,0,a_N100_V3+3D,0.8125000167638063
modern,0,a_N100_V3+3D,0.8059579413384199
modern,0,a_N100_V3+3D,0.8486669976264238
modern,0,a_N100_V3+3D,0.8553749648854136
modern,0,a_N100_V3+3D,0.8241670439019799
modern,0,a_N100_V3+3D,0.818125088699162
modern,0,a_N100_V3+3D,1.841000048443675
modern,0,a_N100_V3+3D,1.7268750816583633
modern,0,a_N100_V3+3D,1.6987500712275505
modern,0,a_N100_V3+3D,1.6729170456528664
modern,0,a_N100_V3+3D,1.6629170859232545
modern,0,a_N100_V3+3D,1.6649169847369194
modern,0,a_N100_V3+3D,1.6583329997956753
modern,0,a_N100_V3+3D,1.6566250706091523
modern,0,a_N100_V3+3D,1.6649169847369194
modern,0,a_N100_V3+3D,1.6759999562054873
modern,0,a_N100_V3+3D,1.6723329899832606
modern,0,a_N100_V3+3D,1.6737920232117176
modern,0,a_N100_V3+3D,1.6405830392614007
modern,0,a_N100_V3+3D,1.6352500533685088
modern,0,a_N100_V3+3D,1.6405410133302212
modern,0,a_N100_V3+3D,1.68674997985363
modern,0,a_N100_V3+3D,1.6409580130130053
modern,0,a_N100_V3+3D,1.639709109440446
modern,0,a_N100_V3+3D,1.6317080007866025
modern,0,a_N100_V3+3D,1.6327080084010959
modern,0,a_N100_V3+3D,1.6441670013591647
modern,0,a_N100_V3+3D,1.640666974708438
modern,0,a_N100_V3+3D,1.634665997698903
modern,0,a_N100_V3+3D,1.640500035136938
modern,0,a_N100_V3+3D,1.6275409143418074
modern,0,a_N100_V3+3D,1.6238329699262977
modern,0,a_N100_V3+3D,1.621584058739245
modern,0,a_N100_V3+3D,1.6356660053133965
modern,0,a_N100_V3+3D,1.6370000084862113
modern,0,a_N100_V3+3D,1.6252920031547546
modern,0,a_N100_V3+3D,1.7238750588148832
modern,0,a_N100_V3+3D,1.6563329845666885
modern,0,a_N100_V3+3D,1.6207500593736768
modern,0,a_N100_V3+3D,1.6127080889418721
modern,0,a_N100_V3+3D,1.6319580608978868
modern,0,a_N100_V3+3D,1.7122919671237469
modern,0,a_N100_V3+3D,1.6321669099852443
modern,0,a_N100_V3+3D,1.625416916795075
modern,0,a_N100_V3+3D,1.6303329030051827
modern,0,a_N100_V3+3D,1.64229201618582
modern,0,a_N100_V3+3D,1.6216249205172062
modern,0,a_N100_V3+3D,1.6670840559527278
modern,0,a_N100_V3+3D,1.63462501950562
modern,0,a_N100_V3+3D,1.9516670145094395
modern,0,a_N100_V3+3D,1.2942090397700667
modern,0,a_N100_V3+3D,1.2289159931242466
modern,0,a_N100_V3+3D,1.2275830376893282
modern,0,a_N100_V3+3D,1.2167920358479023
modern,0,a_N100_V3+3D,1.2106250505894423
modern,0,a_N100_V3+3D,1.2105830246582627
modern,0,a_N100_V3+3D,1.2101250467821956
modern,0,a_N100_V3+3D,1.5779169043526053
modern,0,a_N100_V3+3D,1.2662080116569996
modern,0,a_N100_V3+3D,1.2401249259710312
modern,0,a_N100_V3+3D,1.2340419925749302
modern,0,a_N100_V3+3D,1.2238749768584967
modern,0,a_N100_V3+3D,1.2178750475868583
modern,0,a_N100_V3+3D,1.2162079801782966
modern,0,a_N100_V3+3D,1.2574580032378435
modern,0,a_N100_V3+3D,1.2130000395700336
modern,0,a_N100_V3+3D,1.7801669891923666
modern,0,a_N100_V3+3D,1.7987500177696347
modern,0,a_N100_V3+3D,1.70262495521456
modern,0,a_N100_V3+3D,1.7297080485150218
modern,0,a_N100_V3+3D,1.7394169699400663
modern,0,a_N100_V3+3D,1.7260420136153698
modern,0,a_N100_V3+3D,1.708458992652595
modern,0,a_N100_V3+3D,1.7002499662339687
modern,0,a_N100_V3+3D,1.6775419935584068
modern,0,a_N100_V3+3D,1.7016660422086716
modern,0,a_N100_V3+3D,1.6742920270189643
modern,0,a_N100_V3+3D,1.6774169635027647
modern,0,a_N100_V3+3D,1.6709169140085578
modern,0,a_N100_V3+3D,1.6773749375715852
modern,0,a_N100_V3+3D,1.6553339082747698
modern,0,a_N100_V3+3D,1.6962499357759953
modern,0,a_N100_V3+3D,1.6774580581113696
modern,0,a_N100_V3+3D,2.2218329831957817
modern,0,a_N100_V3+3D,1.7719590105116367
modern,0,a_N100_V3+3D,1.7535419901832938
modern,0,a_N100_V3+3D,1.689000055193901
modern,0,a_N100_V3+3D,1.7249580705538392
modern,0,a_N100_V3+3D,1.7088750610128045
modern,0,a_N100_V3+3D,1.7036249628290534
modern,0,a_N100_V3+3D,1.6997080529108644
modern,0,a_N100_V3+3D,1.7036250792443752
modern,0,a_N100_V3+3D,1.684208051301539
modern,0,a_N100_V3+3D,1.6992089804261923
modern,0,a_N100_V3+3D,1.6983749810606241
modern,0,a_N100_V3+3D,1.6397499712184072
modern,0,a_N100_V3+3D,1.7116250237450004
modern,0,a_N100_V3+3D,1.7700829776003957
modern,0,a_N100_V3+3D,1.7016249476000667
modern,0,a_N100_V3+3D,1.703375019133091
modern,0,a_N100_V3+3D,1.7062079859897494
modern,0,a_N100_V3+3D,1.699040993116796
modern,0,a_N100_V3+3D,1.6821250319480896
modern,0,a_N100_V3+3D,1.7201669979840517
modern,0,a_N100_V3+3D,1.6620419919490814
modern,0,a_N100_V3+3D,1.7083750572055578
modern,0,a_N100_V3+3D,1.6525830142199993
modern,0,a_N100_V3+3D,1.67554197832942
modern,0,a_N100_V3+3D,1.6729999333620071
modern,0,a_N100_V3+3D,1.6757919220253825
modern,0,a_N100_V3+3D,1.6564999241381884
modern,0,a_N100_V3+3D,2.0502499537542462
modern,0,a_N100_V3+3D,1.277750008739531
modern,0,a_N100_V3+3D,1.2584999203681946
modern,0,a_N100_V3+3D,1.255583018064499
modern,0,a_N100_V3+3D,1.2775000650435686
modern,0,a_N100_V3+3D,1.2410420458763838
modern,0,a_N100_V3+3D,1.4411250595003366
modern,0,a_N100_V3+3D,1.2749159941449761
modern,0,a_N100_V3+3D,1.2677500490099192
modern,0,a_N100_V3+3D,1.2424159795045853
modern,0,a_N100_V3+3D,1.276666997000575
modern,0,a_N100_V3+3D,1.2408749898895621
modern,0,a_N100_V3+3D,1.218041987158358
modern,0,a_N100_V3+3D,1.257041934877634
modern,0,a_N100_V3+3D,1.268249936401844
modern,0,a_N100_V3+3D,1.7677920404821634
modern,0,a_N100_V3+3D,1.7619580030441284
modern,0,a_N100_V3+3D,1.6980409855023026
modern,0,a_N100_V3+3D,1.6682499554008245
modern,0,a_N100_V3+3D,1.6928750555962324
modern,0,a_N100_V3+3D,1.6490420093759894
modern,0,a_N100_V3+3D,1.9432080443948507
modern,0,a_N100_V3+3D,1.747958012856543
modern,0,a_N100_V3+3D,1.7105418955907226
modern,0,a_N100_V3+3D,1.687083044089377
modern,0,a_N100_V3+3D,1.6839589225128293
modern,0,a_N100_V3+3D,1.7125839367508888
modern,0,a_N100_V3+3D,1.6983329551294446
modern,0,a_N100_V3+3D,1.66637497022748
modern,0,a_N100_V3+3D,1.6680000117048621
modern,0,a_N100_V3+3D,1.6540420474484563
modern,0,a_N100_V3+3D,1.647916971705854
modern,0,a_N100_V3+3D,1.7151660285890102
modern,0,a_N100_V3+3D,1.649040961638093
modern,0,a_N100_V3+3D,1.6424580244347453
modern,0,a_N100_V3+3D,1.6475410666316748
modern,0,a_N100_V3+3D,1.6514579765498638
modern,0,a_N100_V3+3D,1.931375009007752
modern,0,a_N100_V3+3D,1.643541967496276
modern,0,a_N100_V3+3D,1.6428329981863499
modern,0,a_N100_V3+3D,1.6346249030902982
modern,0,a_N100_V3+3D,1.6533340094611049
modern,0,a_N100_V3+3D,1.6732079675421119
modern,0,a_N100_V3+3D,1.6829579835757613
modern,0,a_N100_V3+3D,1.6852919943630695
modern,0,a_N100_V3+3D,1.6586659476161003
modern,0,a_N100_V3+3D,1.7293329583480954
modern,0,a_N100_V3+3D,1.655917032621801
modern,0,a_N100_V3+3D,1.875333022326231
modern,0,a_N100_V3+3D,1.6647500451654196
modern,0,a_N100_V3+3D,1.6517500625923276
modern,0,a_N100_V3+3D,1.9653750350698829
modern,0,a_N100_V3+3D,1.278500072658062
modern,0,a_N100_V3+3D,1.2424999149516225
modern,0,a_N100_V3+3D,1.2311249738559127
modern,0,a_N100_V3+3D,1.2429578928276896
modern,0,a_N100_V3+3D,1.2246249243617058
modern,0,a_N100_V3+3D,1.2421669671311975
modern,0,a_N100_V3+3D,1.220499980263412
modern,0,a_N100_V3+3D,1.2222499353811145
modern,0,a_N100_V3+3D,1.2113329721614718
modern,0,a_N100_V3+3D,1.21216697152704
modern,0,a_N100_V3+3D,1.2278750073164701
modern,0,a_N100_V3+3D,1.2547500664368272
modern,0,a_N100_V3+3D,1.2125000357627869
modern,0,a_N100_V3+3D,1.2153340503573418
modern,0,a_N100_V3+3D,1.2062080204486847
modern,0,a_N100_V3+3D,1.2075839331373572
modern,0,a_N100_V3+3D,1.2159999459981918
modern,0,a_N100_V3+3D,1.8353750929236412
modern,0,a_N100_V3+3D,1.3494578888639808
modern,0,a_N100_V3+3D,1.299333991482854
modern,0,a_N100_V3+3D,1.2665829854086041
modern,0,a_N100_V3+3D,1.2550420360639691
modern,0,a_N100_V3+3D,1.2554170098155737
modern,0,a_N100_V3+3D,1.7879579681903124
modern,0,a_N100_V3+3D,1.7469580052420497
modern,0,a_N100_V3+3D,1.7445420380681753
modern,0,a_N100_V3+3D,1.7182080773636699
modern,0,a_N100_V3+3D,1.688708085566759
modern,0,a_N100_V3+3D,1.8238750053569674
modern,0,a_N100_V3+3D,1.6977500636130571
modern,0,a_N100_V3+3D,1.6757081029936671
modern,0,a_N100_V3+3D,1.685208990238607
modern,0,a_N100_V3+3D,1.6847499646246433
modern,0,a_N100_V3+3D,1.6802919562906027
modern,0,a_N100_V3+3D,1.6738750273361802
modern,0,a_N100_V3+3D,1.6597909852862358
modern,0,a_N100_V3+3D,1.6474579460918903
modern,0,a_N100_V3+3D,1.6567920101806521
modern,0,a_N100_V3+3D,1.6532499575987458
modern,0,a_N100_V3+3D,1.6411659307777882
modern,0,a_N100_V3+3D,1.9467920064926147
modern,0,a_N100_V3+3D,1.6762500163167715
modern,0,a_N100_V3+3D,1.6532500740140676
modern,0,a_N100_V3+3D,1.6457090387120843
modern,0,a_N100_V3+3D,1.6570830484852195
modern,0,a_N100_V3+3D,1.6562080709263682
modern,0,a_N100_V3+3D,1.641875016503036
modern,0,a_N100_V3+3D,1.6444579232484102
modern,0,a_N100_V3+3D,1.6514169983565807
modern,0,a_N100_V3+3D,1.6588750295341015
modern,0,a_N100_V3+3D,2.036541933193803
modern,0,a_N100_V3+3D,1.8182499334216118
modern,0,a_N100_V3+3D,1.7500000540167093
modern,0,a_N100_V3+3D,1.737707993015647
modern,0,a_N100_V3+3D,1.7190830549225211
modern,0,a_N100_V3+3D,1.781917060725391
modern,0,a_N100_V3+3D,1.7147500766441226
modern,0,a_N100_V3+3D,1.7050420865416527
modern,0,a_N100_V3+3D,1.7190000507980585
modern,0,a_N100_V3+3D,1.6980830114334822
modern,0,a_N100_V3+3D,1.7207920318469405
modern,0,a_N100_V3+3D,1.6878750175237656
modern,0,a_N100_V3+3D,1.68841693084687
modern,0,a_N100_V3+3D,1.6865830402821302
modern,0,a_N100_V3+3D,1.6835839487612247
modern,0,a_N100_V3+3D,1.6837079310789704
modern,0,a_N100_V3+3D,1.68674997985363
modern,0,a_N100_V3+3D,1.680874964222312
modern,0,a_N100_V3+3D,1.7193329986184835
modern,0,a_N100_V3+3D,1.6847499646246433
modern,0,a_N100_V3+3D,1.6674170037731528
modern,0,a_N100_V3+3D,1.6681670676916838
modern,0,a_N100_V3+3D,1.962166978046298
modern,0,a_N100_V3+3D,1.293417066335678
modern,0,a_N100_V3+3D,1.278333947993815
modern,0,a_N100_V3+3D,1.2695830082520843
modern,0,a_N100_V3+3D,1.2541660107672215
modern,0,a_N100_V3+3D,1.2573329731822014
modern,0,a_N100_V3+3D,1.2414169032126665
modern,0,a_N100_V3+3D,1.2365829898044467
modern,0,a_N100_V3+3D,1.2435419484972954
modern,0,a_N100_V3+3D,1.2434590607881546
modern,0,a_N100_V3+3D,1.2844169978052378
modern,0,a_N100_V3+3D,1.8340409733355045
modern,0,a_N100_V3+3D,1.7474590567871928
modern,0,a_N100_V3+3D,1.7729579703882337
modern,0,a_N100_V3+3D,1.7307500820606947
modern,0,a_N100_V3+3D,1.7086250009015203
modern,0,a_N100_V3+3D,1.714874990284443
modern,0,a_N100_V3+3D,1.7036249628290534
modern,0,a_N100_V3+3D,1.6827500658109784
modern,0,a_N100_V3+3D,1.7003329703584313
modern,0,a_N100_V3+3D,1.6972499433904886
modern,0,a_N100_V3+3D,1.6858340241014957
modern,0,a_N100_V3+3D,1.681625028140843
modern,0,a_N100_V3+3D,1.6929999692365527
modern,0,a_N100_V3+3D,1.6557499766349792
modern,0,a_N100_V3+3D,1.7061249818652868
modern,0,a_N100_V3+3D,1.679167035035789
modern,0,a_N100_V3+3D,1.7448340076953173
modern,0,a_N100_V3+3D,1.6901670023798943
modern,0,a_N100_V3+3D,1.6882499912753701
modern,0,a_N100_V3+3D,1.6615840140730143
modern,0,a_N100_V3+3D,1.6746670007705688
modern,0,a_N100_V3+3D,1.6817499417811632
modern,0,a_N100_V3+3D,1.6687089810147882
modern,0,a_N100_V3+3D,1.6687499592080712
modern,0,a_N100_V3+3D,1.6863750061020255
modern,0,a_N100_V3+3D,1.6463339561596513
modern,0,a_N100_V3+3D,1.6272499924525619
modern,0,a_N100_V3+3D,1.636708970181644
modern,0,a_N100_V3+3D,1.6265419544652104
modern,0,a_N100_V3+3D,1.62191700655967
modern,0,a_N100_V3+3D,1.6263750148937106
modern,0,a_N100_V3+3D,1.6937500331550837
modern,0,a_N100_V3+3D,1.701708068139851
modern,0,a_N100_V3+3D,1.6758340643718839
modern,0,a_N100_V3+3D,1.6805840423330665
modern,0,a_N100_V3+3D,1.6613330226391554
modern,0,a_N100_V3+3D,1.661666901782155
modern,0,a_N100_V3+3D,1.6383338952437043
modern,0,a_N100_V3+3D,1.636458095163107
modern,0,a_N100_V3+3D,1.6694579971954226
modern,0,a_N100_V3+3D,1.6531669534742832
modern,0,a_N100_V3+3D,1.6303329030051827
modern,0,a_N100_V3+3D,1.6625840216875076
modern,0,a_N100_V3+3D,1.6487499233335257
modern,0,a_N100_V3+3D,1.6454169526696205
modern,0,a_N100_V3+3D,1.6827500658109784
modern,0,a_N100_V3+3D,1.651874976232648
modern,0,a_N100_V3+3D,1.6412920085713267
modern,0,a_N100_V3+3D,1.6817920841276646
modern,0,a_N100_V3+3D,1.6525409882888198
modern,0,a_N100_V3+3D,1.6568750143051147
modern,0,a_N100_V3+3D,1.6317080007866025
modern,0,a_N100_V3+3D,1.662124996073544
modern,0,a_N100_V3+3D,1.6314169624820352
modern,0,a_N100_V3+3D,1.675209030508995
modern,0,a_N100_V3+3D,1.6414999263361096
modern,0,a_N100_V3+3D,1.6646659933030605
modern,0,a_N100_V3+3D,1.6591669991612434
modern,0,a_N100_V3+3D,1.6822919715195894
modern,0,a_N100_V3+3D,1.6154999611899257
modern,0,a_N100_V3+3D,2.096957992762327
modern,0,a_N100_V3+3D,2.106917090713978
modern,0,a_N100_V3+3D,1.927417004480958
modern,0,a_N100_V3+3D,2.336916048079729
modern,0,a_N100_V3+3D,1.943291979841888
modern,0,a_N100_V3+3D,2.1219589980319142
modern,0,a_N100_V3+3D,1.4087909366935492
modern,0,a_N100_V3+3D,1.3767499476671219
modern,0,a_N100_V3+3D,1.6033339779824018
modern,0,a_N100_V3+3D,1.3615830102935433
modern,0,a_N100_V3+3D,1.2633330188691616
modern,0,a_N100_V3+3D,1.3434169813990593
modern,0,a_N100_V3+3D,1.4770840061828494
modern,0,a_N100_V3+3D,1.6141249798238277
modern,0,a_N100_V3+3D,1.3512090081349015
modern,0,a_N100_V3+3D,1.3431659899652004
modern,0,a_N100_V3+3D,1.4580420684069395
modern,0,a_N100_V3+3D,1.5531668905168772
modern,0,a_N100_V3+3D,1.4705000212416053
modern,0,a_N100_V3+3D,1.2571249390020967
modern,0,a_N100_V3+3D,1.3498340267688036
modern,0,a_N100_V3+3D,1.3692500069737434
modern,0,a_N100_V3+3D,1.3440829934552312
modern,0,a_N100_V3+3D,1.4184589963406324
modern,0,a_N100_V3+3D,1.57445902004838
modern,0,a_N100_V3+3D,1.2639169581234455
modern,0,a_N100_V3+3D,1.28354097250849
modern,0,a_N100_V3+3D,1.2660420034080744
modern,0,a_N100_V3+3D,1.5728749567642808
modern,0,a_N100_V3+3D,1.5350410249084234
modern,0,a_N100_V3+3D,1.4847080456092954
modern,0,a_N100_V3+3D,1.2462080921977758
modern,0,a_N100_V3+3D,1.4699589228257537
modern,0,a_N100_V3+3D,1.3902080245316029
modern,0,a_N100_V3+3D,1.3302499428391457
modern,0,a_N100_V3+3D,1.5357090160250664
modern,0,a_N100_V3+3D,1.5373749192804098
modern,0,a_N100_V3+3D,1.3342919992282987
modern,0,a_N100_V3+3D,1.4361670473590493
modern,0,a_N100_V3+3D,1.5416250098496675
modern,0,a_N100_V3+3D,1.455749967135489
modern,0,a_N100_V3+3D,1.8009589985013008
modern,0,a_N100_V3+3D,1.056667068041861
modern,0,a_N100_V3+3D,1.0291249491274357
modern,0,a_N100_V3+3D,0.9816250531002879
modern,0,a_N100_V3+3D,1.030583051033318
modern,0,a_N100_V3+3D,1.0564579861238599
modern,0,a_N100_V3+3D,0.9099169401451945
modern,0,a_N100_V3+3D,1.3549169525504112
modern,0,a_N100_V3+3D,0.9140420006588101
modern,0,a_N100_V3+3D,1.0965840192511678
modern,0,a_N100_V3+3D,1.2677499325945973
modern,0,a_N100_V3+3D,1.0769169311970472
modern,0,a_N100_V3+3D,1.13800005055964
modern,0,a_N100_V3+3D,1.087042037397623
modern,0,a_N100_V3+3D,0.8509170729666948
modern,0,a_N100_V3+3D,0.8327499963343143
modern,0,a_N100_V3+3D,1.073917024768889
modern,0,a_N100_V3+3D,1.0472920257598162
modern,0,a_N100_V3+3D,1.0397920850664377
modern,0,a_N100_V3+3D,1.7994589870795608
modern,0,a_N100_V3+3D,1.7123749712482095
modern,0,a_N100_V3+3D,1.7226670170202851
modern,0,a_N100_V3+3D,1.7508340533822775
modern,0,a_N100_V3+3D,1.696250052191317
modern,0,a_N100_V3+3D,1.6824170015752316
modern,0,a_N100_V3+3D,1.6820419114083052
modern,0,a_N100_V3+3D,1.6445830697193742
modern,0,a_N100_V3+3D,1.6743330052122474
modern,0,a_N100_V3+3D,1.6516660107299685
modern,0,a_N100_V3+3D,1.6684170113876462
modern,0,a_N100_V3+3D,1.675124978646636
modern,0,a_N100_V3+3D,1.647916971705854
modern,0,a_N100_V3+3D,1.6376250423491001
modern,0,a_N100_V3+3D,1.6598330112174153
modern,0,a_N100_V3+3D,1.6465840162709355
modern,0,a_N100_V3+3D,1.7225840128958225
modern,0,a_N100_V3+3D,1.6519579803571105
modern,0,a_N100_V3+3D,1.6385420458391309
modern,0,a_N100_V3+3D,1.6438340535387397
modern,0,a_N100_V3+3D,1.6388751100748777
modern,0,a_N100_V3+3D,1.6465000808238983
modern,0,a_N100_V3+3D,1.6519170021638274
modern,0,a_N100_V3+3D,1.6055000014603138
modern,0,a_N100_V3+3D,1.6532089794054627
modern,0,a_N100_V3+3D,1.6449589747935534
modern,0,a_N100_V3+3D,1.6340829897671938
modern,0,a_N100_V3+3D,1.6525000100955367
modern,0,a_N100_V3+3D,1.6441670013591647
modern,0,a_N100_V3+3D,1.6471249982714653
modern,0,a_N100_V3+3D,1.6427499940618873
modern,0,a_N100_V3+3D,1.6722920117899776
modern,0,a_N100_V3+3D,1.6342500457540154
modern,0,a_N100_V3+3D,1.6363339964300394
modern,0,a_N100_V3+3D,1.632167026400566
modern,0,a_N100_V3+3D,1.641458016820252
modern,0,a_N100_V3+3D,1.6454169526696205
modern,0,a_N100_V3+3D,1.6280419658869505
modern,0,a_N100_V3+3D,1.6282079741358757
modern,0,a_N100_V3+3D,1.6243749996647239
modern,0,a_N100_V3+3D,1.6232499619945884
modern,0,a_N100_V3+3D,1.6421249601989985
modern,0,a_N100_V3+3D,1.6351670492440462
modern,0,a_N100_V3+3D,1.6515840543434024
modern,0,a_N100_V3+3D,1.6774999676272273
modern,0,a_N100_V3+3D,1.6298750415444374
modern,0,a_N100_V3+3D,1.6494590090587735
modern,0,a_N100_V3+3D,1.628750003874302
modern,0,a_N100_V3+3D,1.6192910261452198
modern,0,a_N100_V3+3D,1.6143330140039325
modern,0,a_N100_V3+3D,1.6446670051664114
modern,0,a_N100_V3+3D,1.6290000639855862
modern,0,a_N100_V3+3D,1.789917005226016
modern,0,a_N100_V3+3D,1.625541946850717
modern,0,a_N100_V3+3D,1.6214170027524233
modern,0,a_N100_V3+3D,1.6093750018626451
modern,0,a_N100_V3+3D,1.6353329410776496
modern,0,a_N100_V3+3D,1.6428340459242463
modern,0,a_N100_V3+3D,1.6384170157834888
modern,0,a_N100_V3+3D,1.6353330574929714
modern,0,a_N100_V3+3D,1.7922919942066073
modern,0,a_N100_V3+3D,1.7419169889762998
modern,0,a_N100_V3+3D,1.6975828912109137
modern,0,a_N100_V3+3D,1.7106669256463647
modern,0,a_N100_V3+3D,1.7576669342815876
modern,0,a_N100_V3+3D,1.714124926365912
modern,0,a_N100_V3+3D,1.709125004708767
modern,0,a_N100_V3+3D,1.6956250183284283
modern,0,a_N100_V3+3D,1.6788330394774675
modern,0,a_N100_V3+3D,1.7126660095527768
modern,0,a_N100_V3+3D,1.6945840325206518
modern,0,a_N100_V3+3D,1.7258330481126904
modern,0,a_N100_V3+3D,1.6882499912753701
modern,0,a_N100_V3+3D,1.6976670594885945
modern,0,a_N100_V3+3D,1.6936659812927246
modern,0,a_N100_V3+3D,1.6834589187055826
modern,0,a_N100_V3+3D,1.6847089864313602
modern,0,a_N100_V3+3D,1.7288749804720283
modern,0,a_N100_V3+3D,1.6886249650269747
modern,0,a_N100_V3+3D,1.6975419130176306
modern,0,a_N100_V3+3D,1.7379999626427889
modern,0,a_N100_V3+3D,1.69758393894881
modern,0,a_N100_V3+3D,1.6772920498624444
modern,0,a_N100_V3+3D,1.641124952584505
modern,0,a_N100_V3+3D,1.662541995756328
modern,0,a_N100_V3+3D,1.6771659720689058
modern,0,a_N100_V3+3D,1.6755840042605996
modern,0,a_N100_V3+3D,1.6747500048950315
modern,0,a_N100_V3+3D,1.6714170342311263
modern,0,a_N100_V3+3D,1.668957993388176
modern,0,a_N100_V3+3D,1.6806669300422072
modern,0,a_N100_V3+3D,1.7476669745519757
modern,0,a_N100_V3+3D,1.7003749962896109
modern,0,a_N100_V3+3D,1.6502089565619826
modern,0,a_N100_V3+3D,1.7101250123232603
modern,0,a_N100_V3+3D,1.6599579248577356
modern,0,a_N100_V3+3D,1.6557089984416962
modern,0,a_N100_V3+3D,1.6804999904707074
modern,0,a_N100_V3+3D,1.6742500010877848
modern,0,a_N100_V3+3D,1.684957998804748
modern,0,a_N100_V3+3D,1.6509159468114376
modern,0,a_N100_V3+3D,1.6600830713286996
modern,0,a_N100_V3+3D,1.6512919683009386
modern,0,a_N100_V3+3D,1.6679170075803995
modern,0,a_N100_V3+3D,1.6750000650063157
modern,0,a_N100_V3+3D,1.676916959695518
modern,0,a_N100_V3+3D,1.6612919280305505
modern,0,a_N100_V3+3D,1.6559578943997622
modern,0,a_N100_V3+3D,1.6407909570261836
modern,0,a_N100_V3+3D,1.6570829320698977
modern,0,a_N100_V3+3D,1.6307919286191463
modern,0,a_N100_V3+3D,1.64899998344481
modern,0,a_N100_V3+3D,1.672124955803156
modern,0,a_N100_V3+3D,1.649457961320877
modern,0,a_N100_V3+3D,1.6433330019935966
modern,0,a_N100_V3+3D,1.626207958906889
modern,0,a_N100_V3+3D,1.649125013500452
modern,0,a_N100_V3+3D,1.64899998344481
modern,0,a_N100_V3+3D,1.6685840673744678
modern,0,a_N100_V3+3D,1.6689170151948929
modern,0,a_N100_V3+3D,1.755541074089706
modern,0,a_N100_V3+3D,1.7117500538006425
modern,0,a_N100_V3+3D,1.678583095781505
modern,0,a_N100_V3+3D,1.6652089543640614
modern,0,a_N100_V3+3D,1.7188339261338115
modern,0,a_N100_V3+3D,1.651375088840723
modern,0,a_N100_V3+3D,1.6565419500693679
modern,0,a_N100_V3+3D,1.644665957428515
modern,0,a_N100_V3+3D,1.6410829266533256
modern,0,a_N100_V3+3D,1.6377499559894204
modern,0,a_N100_V3+3D,1.6333749517798424
modern,0,a_N100_V3+3D,1.6727090114727616
modern,0,a_N100_V3+3D,1.6464589862152934
modern,0,a_N100_V3+3D,1.6505420207977295
modern,0,a_N100_V3+3D,1.689958036877215
modern,0,a_N100_V3+3D,1.6397919971495867
modern,0,a_N100_V3+3D,1.6264170408248901
modern,0,a_N100_V3+3D,2.298208069987595
modern,0,a_N100_V3+3D,1.7837499035522342
modern,0,a_N100_V3+3D,1.730208983644843
modern,0,a_N100_V3+3D,1.7154999077320099
modern,0,a_N100_V3+3D,1.7032499890774488
modern,0,a_N100_V3+3D,1.6930419951677322
modern,0,a_N100_V3+3D,1.6907919198274612
modern,0,a_N100_V3+3D,1.671458943746984
modern,0,a_N100_V3+3D,1.6648749588057399
modern,0,a_N100_V3+3D,1.6801250167191029
modern,0,a_N100_V3+3D,1.67291599791497
modern,0,a_N100_V3+3D,1.668291981332004
modern,0,a_N100_V3+3D,1.6687080496922135
modern,0,a_N100_V3+3D,1.6717500984668732
modern,0,a_N100_V3+3D,1.6946670366451144
modern,0,a_N100_V3+3D,1.66637497022748
modern,0,a_N100_V3+3D,1.6655829967930913
modern,0,a_N100_V3+3D,1.6978750936686993
modern,0,a_N100_V3+3D,1.6586249694228172
modern,0,a_N100_V3+3D,1.65366695728153
modern,0,a_N100_V3+3D,1.6460419865325093
modern,0,a_N100_V3+3D,1.660750014707446
modern,0,a_N100_V3+3D,1.643999945372343
modern,0,a_N100_V3+3D,1.6467920504510403
modern,0,a_N100_V3+3D,1.9800829468294978
modern,0,a_N100_V3+3D,1.2886669719591737
modern,0,a_N100_V3+3D,1.2630000710487366
modern,0,a_N100_V3+3D,1.243709004484117
modern,0,a_N100_V3+3D,1.2341249966993928
modern,0,a_N100_V3+3D,1.274458016268909
modern,0,a_N100_V3+3D,1.2361250119283795
modern,0,a_N100_V3+3D,1.225458923727274
modern,0,a_N100_V3+3D,1.6841249307617545
modern,0,a_N100_V3+3D,1.3255419908091426
modern,0,a_N100_V3+3D,1.2928330106660724
modern,0,a_N100_V3+3D,1.2640419881790876
modern,0,a_N100_V3+3D,1.2640419881790876
modern,0,a_N100_V3+3D,1.2496670242398977
modern,0,a_N100_V3+3D,1.417333958670497
modern,0,a_N100_V3+3D,1.2297499924898148
modern,0,a_N100_V3+3D,1.2340419925749302
modern,0,a_N100_V3+3D,1.2388339964672923
modern,0,a_N100_V3+3D,1.2408749898895621
modern,0,a_N100_V3+3D,1.7719160532578826
modern,0,a_N100_V3+3D,1.7632909584790468
modern,0,a_N100_V3+3D,1.7042499966919422
modern,0,a_N100_V3+3D,1.6969999996945262
modern,0,a_N100_V3+3D,1.754291937686503
modern,0,a_N100_V3+3D,1.713917008601129
modern,0,a_N100_V3+3D,1.6862079501152039
modern,0,a_N100_V3+3D,1.6844579949975014
modern,0,a_N100_V3+3D,1.6873750137165189
modern,0,a_N100_V3+3D,1.6627500299364328
modern,0,a_N100_V3+3D,1.6737920232117176
modern,0,a_N100_V3+3D,1.6665839357301593
modern,0,a_N100_V3+3D,1.6420830506831408
modern,0,a_N100_V3+3D,1.6532080480828881
modern,0,a_N100_V3+3D,1.6538749914616346
modern,0,a_N100_V3+3D,1.6833749832585454
modern,0,a_N100_V3+3D,1.6505829989910126
modern,0,a_N100_V3+3D,1.7221670132130384
modern,0,a_N100_V3+3D,1.6549580032005906
modern,0,a_N100_V3+3D,1.7042499966919422
modern,0,a_N100_V3+3D,1.6612920444458723
modern,0,a_N100_V3+3D,1.6644579591229558
modern,0,a_N100_V3+3D,1.6738750273361802
modern,0,a_N100_V3+3D,1.6412920085713267
modern,0,a_N100_V3+3D,1.6495829913765192
modern,0,a_N100_V3+3D,1.6482080100104213
modern,0,a_N100_V3+3D,1.6430000541731715
modern,0,a_N100_V3+3D,1.8090000376105309
modern,0,a_N100_V3+3D,1.672457903623581
modern,0,a_N100_V3+3D,1.6547089908272028
modern,0,a_N100_V3+3D,1.6744579188525677
modern,0,a_N100_V3+3D,1.7187079647555947
modern,0,a_N100_V3+3D,1.643999945372343
modern,0,a_N100_V3+3D,1.6620829701423645
modern,0,a_N100_V3+3D,1.637832960113883
modern,0,a_N100_V3+3D,1.6685840673744678
modern,0,a_N100_V3+3D,1.6295829555019736
modern,0,a_N100_V3+3D,1.6399159794673324
modern,0,a_N100_V3+3D,1.643375027924776
modern,0,a_N100_V3+3D,1.6385409981012344
modern,0,a_N100_V3+3D,1.9370830850675702
modern,0,a_N100_V3+3D,1.2885419419035316
modern,0,a_N100_V3+3D,1.2592910788953304
modern,0,a_N100_V3+3D,1.2292079627513885
modern,0,a_N100_V3+3D,1.2327500153332949
modern,0,a_N100_V3+3D,1.2284578988328576
modern,0,a_N100_V3+3D,1.2565409997478127
modern,0,a_N100_V3+3D,1.2243749806657434
modern,0,a_N100_V3+3D,1.550624961964786
modern,0,a_N100_V3+3D,1.266457955352962
modern,0,a_N100_V3+3D,1.2401670683175325
modern,0,a_N100_V3+3D,1.2428329791873693
modern,0,a_N100_V3+3D,1.2367080198600888
modern,0,a_N100_V3+3D,1.2321670074015856
modern,0,a_N100_V3+3D,1.2381250271573663
modern,0,a_N100_V3+3D,1.2307500001043081
modern,0,a_N100_V3+3D,1.2214169837534428
modern,0,a_N100_V3+3D,1.2131249532103539
modern,0,a_N100_V3+3D,1.2168330140411854
modern,0,a_N100_V3+3D,1.2433339143171906
modern,0,a_N100_V3+3D,1.8049580976366997
modern,0,a_N100_V3+3D,1.7511250916868448
modern,0,a_N100_V3+3D,1.7122080316767097
modern,0,a_N100_V3+3D,1.6844170168042183
modern,0,a_N100_V3+3D,1.6874580178409815
modern,0,a_N100_V3+3D,1.7157909460365772
modern,0,a_N100_V3+3D,1.6862079501152039
modern,0,a_N100_V3+3D,1.6934169689193368
modern,0,a_N100_V3+3D,1.667834003455937
modern,0,a_N100_V3+3D,1.6466670203953981
modern,0,a_N100_V3+3D,1.6568329883739352
modern,0,a_N100_V3+3D,1.6378340078517795
modern,0,a_N100_V3+3D,1.6467500245198607
modern,0,a_N100_V3+3D,1.6684579895809293
modern,0,a_N100_V3+3D,1.6375420382246375
modern,0,a_N100_V3+3D,1.6412910772487521
modern,0,a_N100_V3+3D,1.6679170075803995
modern,0,a_N100_V3+3D,1.7025830456987023
modern,0,a_N100_V3+3D,1.6478750621899962
modern,0,a_N100_V3+3D,1.6520419158041477
modern,0,a_N100_V3+3D,1.646124990656972
modern,0,a_N100_V3+3D,1.6267909668385983
modern,0,a_N100_V3+3D,1.6428750241175294
modern,0,a_N100_V3+3D,1.6393749974668026
modern,0,a_N100_V3+3D,1.6948339762166142
modern,0,a_N100_V3+3D,1.674707978963852
modern,0,a_N100_V3+3D,1.6609170706942677
modern,0,a_N100_V3+3D,1.6417920123785734
modern,0,a_N100_V3+3D,1.6422499902546406
modern,0,a_N100_V3+3D,1.6430000541731715
modern,0,a_N100_V3+3D,1.615458051674068
modern,0,a_N100_V3+3D,1.6870000399649143
modern,0,a_N100_V3+3D,1.665791030973196
modern,0,a_N100_V3+3D,1.6503330552950501
modern,0,a_N100_V3+3D,1.6654999926686287
modern,0,a_N100_V3+3D,1.6309169586747885
modern,0,a_N100_V3+3D,1.65049999486655
modern,0,a_N100_V3+3D,1.6351249068975449
modern,0,a_N100_V3+3D,1.6285000601783395
modern,0,a_N100_V3+3D,1.6384170157834888
modern,0,a_N100_V3+3D,1.6144999535754323
modern,0,a_N100_V3+3D,1.6235830262303352
modern,0,a_N100_V3+3D,1.629499951377511
modern,0,a_N100_V3+3D,1.651708036661148
modern,0,a_N100_V3+3D,1.63162499666214
modern,0,a_N100_V3+3D,1.9262080313637853
modern,0,a_N100_V3+3D,1.6952080186456442
modern,0,a_N100_V3+3D,1.6477499157190323
modern,0,a_N100_V3+3D,1.6449999529868364
modern,0,a_N100_V3+3D,1.6721660504117608
modern,0,a_N100_V3+3D,1.678084023296833
modern,0,a_N100_V3+3D,1.6479999758303165
modern,0,a_N100_V3+3D,1.6489579575136304
modern,0,a_N100_V3+3D,1.6467920504510403
modern,0,a_N100_V3+3D,1.6555830370634794
modern,0,a_N100_V3+3D,1.6676250379532576
modern,0,a_N100_V3+3D,1.6576250782236457
modern,0,a_N100_V3+3D,1.6628330340608954
modern,0,a_N100_V3+3D,1.6942080110311508
modern,0,a_N100_V3+3D,1.6612090403214097
modern,0,a_N100_V3+3D,1.7499160021543503
modern,0,a_N100_V3+3D,1.75295805092901
modern,0,a_N100_V3+3D,1.702958019450307
modern,0,a_N100_V3+3D,1.7039160011336207
modern,0,a_N100_V3+3D,1.6983749810606241
modern,0,a_N100_V3+3D,1.7190839862450957
modern,0,a_N100_V3+3D,1.6759580466896296
modern,0,a_N100_V3+3D,1.6671670600771904
modern,0,a_N100_V3+3D,1.686332980170846
modern,0,a_N100_V3+3D,1.6842499608173966
modern,0,a_N100_V3+3D,1.668333075940609
modern,0,a_N100_V3+3D,1.6474160365760326
modern,0,a_N100_V3+3D,1.6552500892430544
modern,0,a_N100_V3+3D,1.6522499499842525
modern,0,a_N100_V3+3D,1.6673330683261156
modern,0,a_N100_V3+3D,1.6575419576838613
modern,0,a_N100_V3+3D,1.6546249389648438
modern,0,a_N100_V3+3D,1.7051249742507935
modern,0,a_N100_V3+3D,1.6513749724254012
modern,0,a_N100_V3+3D,1.6647499287500978
modern,0,a_N100_V3+3D,1.6518329503014684
modern,0,a_N100_V3+3D,1.6419580206274986
modern,0,a_N100_V3+3D,1.6327500343322754
modern,0,a_N100_V3+3D,1.6442909836769104
modern,0,a_N100_V3+3D,1.6409580130130053
modern,0,a_N100_V3+3D,1.6429589595645666
modern,0,a_N100_V3+3D,1.6695410013198853
modern,0,a_N100_V3+3D,1.6339580761268735
modern,0,a_N100_V3+3D,1.633083913475275
modern,0,a_N100_V3+3D,1.6294580418616533
modern,0,a_N100_V3+3D,1.6349999932572246
modern,0,a_N100_V3+3D,1.6615829663351178
modern,0,a_N100_V3+3D,1.6392499674111605
modern,0,a_N100_V3+3D,1.6431249678134918
modern,0,a_N100_V3+3D,1.9670840119943023
modern,0,a_N100_V3+3D,1.2937500141561031
modern,0,a_N100_V3+3D,1.4700000174343586
modern,0,a_N100_V3+3D,0.8269170066341758
modern,0,a_N100_V3+3D,0.8103339932858944
modern,0,a_N100_V3+3D,0.8105830056592822
modern,0,a_N100_V3+3D,0.8082080166786909
modern,0,a_N100_V3+3D,0.8035420905798674
modern,0,a_N100_V3+3D,0.7995410123839974
modern,0,a_N100_V3+3D,0.7979170186445117
modern,0,a_N100_V3+3D,0.7936250185593963
modern,0,a_N100_V3+3D,0.7901251083239913
modern,0,a_N100_V3+3D,0.7918329210951924
modern,0,a_N100_V3+3D,0.8014169288799167
modern,0,a_N100_V3+3D,0.8045409340411425
modern,0,a_N100_V3+3D,0.8077080128714442
modern,0,a_N100_V3+3D,0.8178340503945947
modern,0,a_N100_V3+3D,0.7874580333009362
modern,0,a_N100_V3+3D,0.7935420144349337
modern,0,a_N100_V3+3D,0.8118749829009175
modern,0,a_N100_V3+3D,0.8084579603746533
modern,0,a_N100_V3+3D,0.8598749991506338
modern,0,a_N100_V3+3D,0.8146250620484352
modern,0,a_N100_V3+3D,0.7964579854160547
modern,0,a_N100_V3+3D,0.7925831014290452
modern,0,a_N100_V3+3D,0.7987919962033629
modern,0,a_N100_V3+3D,1.7937920056283474
modern,0,a_N100_V3+3D,1.9026669906452298
modern,0,a_N100_V3+3D,2.1003750152885914
modern,0,a_N100_V3+3D,1.7978339456021786
modern,0,a_N100_V3+3D,1.7599170096218586
modern,0,a_N100_V3+3D,1.7604579916223884
modern,0,a_N100_V3+3D,1.7389579443261027
modern,0,a_N100_V3+3D,1.6835839487612247
modern,0,a_N100_V3+3D,1.689499942585826
modern,0,a_N100_V3+3D,1.6832079272717237
modern,0,a_N100_V3+3D,1.6860420582816005
modern,0,a_N100_V3+3D,1.665750052779913
modern,0,a_N100_V3+3D,1.6913750441744924
modern,0,a_N100_V3+3D,1.6803330508992076
modern,0,a_N100_V3+3D,1.7067500157281756
modern,0,a_N100_V3+3D,1.6999170184135437
modern,0,a_N100_V3+3D,1.7458340153098106
modern,0,a_N100_V3+3D,1.6614580526947975
modern,0,a_N100_V3+3D,1.6812080284580588
modern,0,a_N100_V3+3D,1.6634160419926047
modern,0,a_N100_V3+3D,1.6940829809755087
modern,0,a_N100_V3+3D,1.676207990385592
modern,0,a_N100_V3+3D,1.6760419821366668
modern,0,a_N100_V3+3D,1.669666962698102
modern,0,a_N100_V3+3D,1.6917079919949174
modern,0,a_N100_V3+3D,1.668957993388176
modern,0,a_N100_V3+3D,1.6770000802353024
modern,0,a_N100_V3+3D,1.6769999638199806
modern,0,a_N100_V3+3D,1.6643749549984932
modern,0,a_N100_V3+3D,1.6403329791501164
modern,0,a_N100_V3+3D,1.668750075623393
modern,0,a_N100_V3+3D,1.696250052191317
modern,0,a_N100_V3+3D,1.6825420316308737
modern,0,a_N100_V3+3D,1.8284589750692248
modern,0,a_N100_V3+3D,1.6594589687883854
modern,0,a_N100_V3+3D,1.6388329677283764
modern,0,a_N100_V3+3D,2.207999932579696
modern,0,a_N100_V3+3D,1.7962920246645808
modern,0,a_N100_V3+3D,1.7398330383002758
modern,0,a_N100_V3+3D,1.7015000339597464
modern,0,a_N100_V3+3D,1.6837919829413295
modern,0,a_N100_V3+3D,1.6869170358404517
modern,0,a_N100_V3+3D,1.6980830114334822
modern,0,a_N100_V3+3D,1.66937499307096
modern,0,a_N100_V3+3D,1.6760830767452717
modern,0,a_N100_V3+3D,1.7116670496761799
modern,0,a_N100_V3+3D,1.7004170222207904
modern,0,a_N100_V3+3D,1.6948330448940396
modern,0,a_N100_V3+3D,1.6943749506026506
modern,0,a_N100_V3+3D,1.825749990530312
modern,0,a_N100_V3+3D,1.6849999083206058
modern,0,a_N100_V3+3D,1.6883750213310122
modern,0,a_N100_V3+3D,1.6632500337436795
modern,0,a_N100_V3+3D,1.687832991592586
modern,0,a_N100_V3+3D,1.686000032350421
modern,0,a_N100_V3+3D,1.6767500201240182
modern,0,a_N100_V3+3D,1.6983329551294446
modern,0,a_N100_V3+3D,1.678416971117258
modern,0,a_N100_V3+3D,1.6615419881418347
modern,0,a_N100_V3+3D,1.6724580200389028
modern,0,a_N100_V3+3D,1.8022500444203615
modern,0,a_N100_V3+3D,1.899041933938861
modern,0,a_N100_V3+3D,1.7497920198366046
modern,0,a_N100_V3+3D,1.7255409620702267
modern,0,a_N100_V3+3D,1.70916598290205
modern,0,a_N100_V3+3D,1.7266670474782586
modern,0,a_N100_V3+3D,1.7442080425098538
modern,0,a_N100_V3+3D,1.7179170390591025
modern,0,a_N100_V3+3D,1.69291696511209
modern,0,a_N100_V3+3D,1.6803750768303871
modern,0,a_N100_V3+3D,1.6793329268693924
modern,0,a_N100_V3+3D,1.690667006187141
modern,0,a_N100_V3+3D,1.6913749277591705
modern,0,a_N100_V3+3D,1.7022499814629555
modern,0,a_N100_V3+3D,1.6738750273361802
modern,0,a_N100_V3+3D,1.7057500081136823
modern,0,a_N100_V3+3D,1.6746249748393893
modern,0,a_N100_V3+3D,1.6952090663835406
modern,0,a_N100_V3+3D,1.689499942585826
modern,0,a_N100_V3+3D,1.9767089979723096
modern,0,a_N100_V3+3D,1.7100840341299772
modern,0,a_N100_V3+3D,1.676000072620809
modern,0,a_N100_V3+3D,1.6656250227242708
modern,0,a_N100_V3+3D,1.686709001660347
modern,0,a_N100_V3+3D,1.6866660444065928
modern,0,a_N100_V3+3D,1.6930410638451576
modern,0,a_N100_V3+3D,1.6905840020626783
modern,0,a_N100_V3+3D,1.695374958217144
modern,0,a_N100_V3+3D,1.6810831148177385
modern,0,a_N100_V3+3D,1.6665830044075847
modern,0,a_N100_V3+3D,1.7215409316122532
modern,0,a_N100_V3+3D,1.701541943475604
modern,0,a_N100_V3+3D,1.6809579683467746
modern,0,a_N100_V3+3D,1.7465410055592656
modern,0,a_N100_V3+3D,1.7010420560836792
modern,0,a_N100_V3+3D,1.6939579509198666
modern,0,a_N100_V3+3D,1.731541007757187
modern,0,a_N100_V3+3D,1.693165977485478
modern,0,a_N100_V3+3D,2.0449580624699593
modern,0,a_N100_V3+3D,1.7940000398084521
modern,0,a_N100_V3+3D,1.9989169668406248
modern,0,a_N100_V3+3D,1.7599998973309994
modern,0,a_N100_V3+3D,1.7334999283775687
modern,0,a_N100_V3+3D,1.7325419466942549
modern,0,a_N100_V3+3D,1.7058750381693244
modern,0,a_N100_V3+3D,1.7194999381899834
modern,0,a_N100_V3+3D,1.7180419526994228
modern,0,a_N100_V3+3D,1.7403749516233802
modern,0,a_N100_V3+3D,1.7297089798375964
modern,0,a_N100_V3+3D,1.7083750572055578
modern,0,a_N100_V3+3D,1.704750000499189
modern,0,a_N100_V3+3D,1.696125022135675
modern,0,a_N100_V3+3D,1.7062079859897494
modern,0,a_N100_V3+3D,1.721041975542903
modern,0,a_N100_V3+3D,1.7590830102562904
modern,0,a_N100_V3+3D,1.679374952800572
modern,0,a_N100_V3+3D,1.6813339898362756
modern,0,a_N100_V3+3D,1.6817499417811632
modern,0,a_N100_V3+3D,1.6926670214161277
modern,0,a_N100_V3+3D,1.6833340050652623
modern,0,a_N100_V3+3D,1.7638340359553695
modern,0,a_N100_V3+3D,1.7273339908570051
modern,0,a_N100_V3+3D,1.7015840858221054
modern,0,a_N100_V3+3D,1.6808330547064543
modern,0,a_N100_V3+3D,1.6702080611139536
modern,0,a_N100_V3+3D,1.65983394253999
modern,0,a_N100_V3+3D,1.6574169276282191
modern,0,a_N100_V3+3D,1.7063749255612493
modern,0,a_N100_V3+3D,1.6627919394522905
modern,0,a_N100_V3+3D,1.6606670105829835
modern,0,a_N100_V3+3D,1.6463749343529344
modern,0,a_N100_V3+3D,1.6395829152315855
modern,0,a_N100_V3+3D,2.0255829440429807
modern,0,a_N100_V3+3D,1.6461670165881515
modern,0,a_N100_V3+3D,1.638208981603384
modern,0,a_N100_V3+3D,1.6341250156983733
modern,0,a_N100_V3+3D,1.6367080388590693
modern,0,a_N100_V3+3D,1.700584078207612
modern,0,a_N100_V3+3D,1.6362080350518227
modern,0,a_N100_V3+3D,1.6394580015912652
modern,0,a_N100_V3+3D,1.6339999856427312
modern,0,a_N100_V3+3D,1.6331248916685581
modern,0,a_N100_V3+3D,1.6249169129878283
modern,0,a_N100_V3+3D,1.6311249928548932
modern,0,a_N100_V3+3D,1.6342499293386936
modern,0,a_N100_V3+3D,1.622249954380095
modern,0,a_N100_V3+3D,1.9803749164566398
modern,0,a_N100_V3+3D,1.6378749860450625
modern,0,a_N100_V3+3D,1.643582945689559
modern,0,a_N100_V3+3D,1.6318749403581023
modern,0,a_N100_V3+3D,1.6298750415444374
modern,0,a_N100_V3+3D,1.6508330591022968
modern,0,a_N100_V3+3D,1.6410420648753643
modern,0,a_N100_V3+3D,1.6294170636683702
modern,0,a_N100_V3+3D,1.6216670628637075
modern,0,a_N100_V3+3D,2.1372089395299554
modern,0,a_N100_V3+3D,1.715916907414794
modern,0,a_N100_V3+3D,1.7292919801548123
modern,0,a_N100_V3+3D,1.6342499293386936
modern,0,a_N100_V3+3D,1.629082951694727
modern,0,a_N100_V3+3D,1.6252920031547546
modern,0,a_N100_V3+3D,1.6311249928548932
modern,0,a_N100_V3+3D,1.6369579825550318
modern,0,a_N100_V3+3D,1.6358329448848963
modern,0,a_N100_V3+3D,1.6556669725105166
modern,0,a_N100_V3+3D,1.6626249998807907
modern,0,a_N100_V3+3D,1.6258329851552844
modern,0,a_N100_V3+3D,1.6214590286836028
modern,0,a_N100_V3+3D,1.6150830779224634
modern,0,a_N100_V3+3D,1.6302920412272215
modern,0,a_N100_V3+3D,1.6335839172825217
modern,0,a_N100_V3+3D,1.6493750736117363
modern,0,a_N100_V3+3D,1.6205828869715333
modern,0,a_N100_V3+3D,1.6116249607875943
modern,0,a_N100_V3+3D,1.616791938431561
modern,0,a_N100_V3+3D,1.6174999764189124
modern,0,a_N100_V3+3D,1.616167020983994
modern,0,a_N100_V3+3D,1.6194579657167196
modern,0,a_N100_V3+3D,1.6421249601989985
modern,0,a_N100_V3+3D,1.6271659405902028
modern,0,a_N100_V3+3D,1.7997920513153076
modern,0,a_N100_V3+3D,1.7687500221654773
modern,0,a_N100_V3+3D,1.7376659670844674
modern,0,a_N100_V3+3D,1.7232919344678521
modern,0,a_N100_V3+3D,1.7064170679077506
modern,0,a_N100_V3+3D,1.7154590459540486
modern,0,a_N100_V3+3D,1.6786670312285423
modern,0,a_N100_V3+3D,1.7315000295639038
modern,0,a_N100_V3+3D,1.7079170793294907
modern,0,a_N100_V3+3D,1.70262495521456
modern,0,a_N100_V3+3D,1.6797080170363188
modern,0,a_N100_V3+3D,1.692374935373664
modern,0,a_N100_V3+3D,1.7087089363485575
modern,0,a_N100_V3+3D,1.6693329671397805
modern,0,a_N100_V3+3D,1.6876249574124813
modern,0,a_N100_V3+3D,1.6989170107990503
modern,0,a_N100_V3+3D,1.681166933849454
modern,0,a_N100_V3+3D,1.731082913465798
modern,0,a_N100_V3+3D,1.6510420246049762
modern,0,a_N100_V3+3D,1.671166974119842
modern,0,a_N100_V3+3D,1.668957993388176
modern,0,a_N100_V3+3D,1.6807919600978494
modern,0,a_N100_V3+3D,1.6356250271201134
modern,0,a_N100_V3+3D,1.6600420931354165
modern,0,a_N100_V3+3D,1.6702919965609908
modern,0,a_N100_V3+3D,1.6676249215379357
modern,0,a_N100_V3+3D,1.6988749848678708
modern,0,a_N100_V3+3D,1.6451249830424786
modern,0,a_N100_V3+3D,1.6288339393213391
modern,0,a_N100_V3+3D,1.6400839667767286
modern,0,a_N100_V3+3D,1.6807919600978494
modern,0,a_N100_V3+3D,1.6576249618083239
modern,0,a_N100_V3+3D,1.6642080154269934
modern,0,a_N100_V3+3D,1.6472919378429651
modern,0,a_N100_V3+3D,1.6513749724254012
modern,0,a_N100_V3+3D,1.6511660069227219
modern,0,a_N100_V3+3D,1.6637500375509262
modern,0,a_N100_V3+3D,1.6652500489726663
modern,0,a_N100_V3+3D,1.6462079947814345
modern,0,a_N100_V3+3D,1.6692080534994602
modern,0,a_N100_V3+3D,1.6601670067757368
modern,0,a_N100_V3+3D,1.6644169809296727
modern,0,a_N100_V3+3D,1.6273749060928822
modern,0,a_N100_V3+3D,1.6473749419674277
modern,0,a_N100_V3+3D,1.6804159386083484
modern,0,a_N100_V3+3D,1.9622920081019402
modern,0,a_N100_V3+3D,1.6579999355599284
modern,0,a_N100_V3+3D,1.6863750061020255
modern,0,a_N100_V3+3D,1.6659579705446959
modern,0,a_N100_V3+3D,1.6829170053824782
modern,0,a_N100_V3+3D,1.6597090288996696
modern,0,a_N100_V3+3D,1.6601670067757368
modern,0,a_N100_V3+3D,1.6673749778419733
modern,0,a_N100_V3+3D,1.6624170821160078
modern,0,a_N100_V3+3D,1.9326660549268126
modern,0,a_N100_V3+3D,1.2915419647470117
modern,0,a_N100_V3+3D,1.2492089299485087
modern,0,a_N100_V3+3D,1.241082907654345
modern,0,a_N100_V3+3D,1.2334579369053245
modern,0,a_N100_V3+3D,1.2419999111443758
modern,0,a_N100_V3+3D,1.8031250219792128
modern,0,a_N100_V3+3D,1.765958033502102
modern,0,a_N100_V3+3D,1.7327499808743596
modern,0,a_N100_V3+3D,1.7197090201079845
modern,0,a_N100_V3+3D,1.723916968330741
modern,0,a_N100_V3+3D,1.6803339822217822
modern,0,a_N100_V3+3D,1.7046249704435468
modern,0,a_N100_V3+3D,1.684832968749106
modern,0,a_N100_V3+3D,1.7299590399488807
modern,0,a_N100_V3+3D,1.6572920139878988
modern,0,a_N100_V3+3D,1.668166951276362
modern,0,a_N100_V3+3D,1.662124996073544
modern,0,a_N100_V3+3D,1.691458048298955
modern,0,a_N100_V3+3D,1.6358339926227927
modern,0,a_N100_V3+3D,1.6496670432388783
modern,0,a_N100_V3+3D,1.6258331015706062
modern,0,a_N100_V3+3D,1.7005420522764325
modern,0,a_N100_V3+3D,1.6442500054836273
modern,0,a_N100_V3+3D,1.6529160784557462
modern,0,a_N100_V3+3D,2.016874961555004
modern,0,a_N100_V3+3D,1.8165420042350888
modern,0,a_N100_V3+3D,1.729791983962059
modern,0,a_N100_V3+3D,2.1364589920267463
modern,0,a_N100_V3+3D,1.778709003701806
modern,0,a_N100_V3+3D,1.753707998432219
modern,0,a_N100_V3+3D,1.6814999980852008
modern,0,a_N100_V3+3D,1.717959064990282
modern,0,a_N100_V3+3D,1.6886249650269747
modern,0,a_N100_V3+3D,1.708167023025453
modern,0,a_N100_V3+3D,1.7038750229403377
modern,0,a_N100_V3+3D,1.7055420903488994
modern,0,a_N100_V3+3D,1.7042499966919422
modern,0,a_N100_V3+3D,1.6886249650269747
modern,0,a_N100_V3+3D,1.6737079713493586
modern,0,a_N100_V3+3D,1.6889580292627215
modern,0,a_N100_V3+3D,1.688124961219728
modern,0,a_N100_V3+3D,1.6822919715195894
modern,0,a_N100_V3+3D,1.6771249938756227
modern,0,a_N100_V3+3D,1.7025419510900974
modern,0,a_N100_V3+3D,1.6914160223677754
modern,0,a_N100_V3+3D,1.6832499532029033
modern,0,a_N100_V3+3D,1.670708996243775
modern,0,a_N100_V3+3D,1.6793750692158937
modern,0,a_N100_V3+3D,1.6680420376360416
modern,0,a_N100_V3+3D,1.6832080436870456
modern,0,a_N100_V3+3D,1.7062079859897494
modern,0,a_N100_V3+3D,1.6747089102864265
modern,0,a_N100_V3+3D,1.6478749457746744
modern,0,a_N100_V3+3D,1.657291897572577
modern,0,a_N100_V3+3D,1.6464999644085765
modern,0,a_N100_V3+3D,1.7819579225033522
modern,0,a_N100_V3+3D,1.6581249656155705
modern,0,a_N100_V3+3D,1.6672499477863312
modern,0,a_N100_V3+3D,1.6578750219196081
modern,0,a_N100_V3+3D,1.665291958488524
modern,0,a_N100_V3+3D,1.660916954278946
modern,0,a_N100_V3+3D,1.6585419652983546
modern,0,a_N100_V3+3D,1.6612500185146928
modern,0,a_N100_V3+3D,1.7003340180963278
modern,0,a_N100_V3+3D,1.662084017880261
modern,0,a_N100_V3+3D,1.756250043399632
modern,0,a_N100_V3+3D,1.7653750255703926
modern,0,a_N100_V3+3D,1.7107500461861491
modern,0,a_N100_V3+3D,1.6956659965217113
modern,0,a_N100_V3+3D,1.6842919867485762
modern,0,a_N100_V3+3D,1.6841660253703594
modern,0,a_N100_V3+3D,1.6692080534994602
modern,0,a_N100_V3+3D,1.667667063884437
modern,0,a_N100_V3+3D,1.7051249742507935
modern,0,a_N100_V3+3D,1.6676669474691153
modern,0,a_N100_V3+3D,1.6533751040697098
modern,0,a_N100_V3+3D,1.664250041358173
modern,0,a_N100_V3+3D,1.650415943004191
modern,0,a_N100_V3+3D,1.6966669354587793
modern,0,a_N100_V3+3D,1.6543749952688813
modern,0,a_N100_V3+3D,1.6630829777568579
modern,0,a_N100_V3+3D,1.6565420664846897
modern,0,a_N100_V3+3D,1.712125027552247
modern,0,a_N100_V3+3D,1.6511250287294388
modern,0,a_N100_V3+3D,1.664375071413815
modern,0,a_N100_V3+3D,1.6457909950986505
modern,0,a_N100_V3+3D,1.6567910788580775
modern,0,a_N100_V3+3D,1.6446250956505537
modern,0,a_N100_V3+3D,2.0439589861780405
modern,0,a_N100_V3+3D,1.6615830827504396
modern,0,a_N100_V3+3D,1.6531250439584255
modern,0,a_N100_V3+3D,1.6376669518649578
modern,0,a_N100_V3+3D,1.6452500130981207
modern,0,a_N100_V3+3D,1.641875016503036
modern,0,a_N100_V3+3D,1.643249997869134
modern,0,a_N100_V3+3D,1.6406249487772584
modern,0,a_N100_V3+3D,1.6880000475794077
modern,0,a_N100_V3+3D,1.6619170783087611
modern,0,a_N100_V3+3D,1.6328750643879175
modern,0,a_N100_V3+3D,1.628583064302802
modern,0,a_N100_V3+3D,1.6318749403581023
modern,0,a_N100_V3+3D,1.6394580015912652
modern,0,a_N100_V3+3D,1.6273329965770245
modern,0,a_N100_V3+3D,1.6825409838929772
modern,0,a_N100_V3+3D,1.644791103899479
modern,0,a_N100_V3+3D,1.6320830909535289
modern,0,a_N100_V3+3D,1.626292010769248
modern,0,a_N100_V3+3D,1.6232499619945884
modern,0,a_N100_V3+3D,1.6295419773086905
modern,0,a_N100_V3+3D,1.63162499666214
modern,0,a_N100_V3+3D,1.6655409708619118
modern,0,a_N100_V3+3D,1.628124970011413
modern,0,a_N100_V3+3D,1.6467500245198607
modern,0,a_N100_V3+3D,1.6256250673905015
modern,0,a_N100_V3+3D,1.6309580532833934
modern,0,a_N100_V3+3D,1.6350419027730823
modern,0,a_N100_V3+3D,1.6276660608127713
modern,0,a_N100_V3+3D,1.6236250521615148
modern,0,a_N100_V3+3D,1.6329169739037752
modern,0,a_N100_V3+3D,1.6333330422639847
modern,0,a_N100_V3+3D,1.6312081133946776
modern,0,a_N100_V3+3D,1.6274589579552412
modern,0,a_N100_V3+3D,1.6356250271201134
modern,0,a_N100_V3+3D,1.6479159239679575
modern,0,a_N100_V3+3D,1.6362499445676804
modern,0,a_N100_V3+3D,1.7879159422591329
modern,0,a_N100_V3+3D,1.7619580030441284
modern,0,a_N100_V3+3D,1.7213340615853667
modern,0,a_N100_V3+3D,1.6864590579643846
modern,0,a_N100_V3+3D,1.6898330068215728
modern,0,a_N100_V3+3D,1.6737080877646804
modern,0,a_N100_V3+3D,1.6845419304445386
modern,0,a_N100_V3+3D,1.6550839645788074
modern,0,a_N100_V3+3D,1.7007500864565372
modern,0,a_N100_V3+3D,1.7151659121736884
modern,0,a_N100_V3+3D,1.6755840042605996
modern,0,a_N100_V3+3D,1.7834169557318091
modern,0,a_N100_V3+3D,1.677333959378302
modern,0,a_N100_V3+3D,1.6519170021638274
modern,0,a_N100_V3+3D,1.6742500010877848
modern,0,a_N100_V3+3D,1.654125051572919
modern,0,a_N100_V3+3D,1.670542056672275
modern,0,a_N100_V3+3D,1.6529170097783208
modern,0,a_N100_V3+3D,1.7257090657949448
modern,0,a_N100_V3+3D,1.6377920983359218
modern,0,a_N100_V3+3D,1.68674997985363
modern,0,a_N100_V3+3D,1.6588749131187797
modern,0,a_N100_V3+3D,1.6544999089092016
modern,0,a_N100_V3+3D,1.627707970328629
modern,0,a_N100_V3+3D,1.6187919536605477
modern,0,a_N100_V3+3D,1.6432920238003135
modern,0,a_N100_V3+3D,1.6706249443814158
modern,0,a_N100_V3+3D,1.7677920404821634
modern,0,a_N100_V3+3D,1.6500420169904828
modern,0,a_N100_V3+3D,1.6329999780282378
modern,0,a_N100_V3+3D,1.6409170348197222
modern,0,a_N100_V3+3D,1.648416044190526
modern,0,a_N100_V3+3D,1.6705830348655581
modern,0,a_N100_V3+3D,1.6459160251542926
modern,0,a_N100_V3+3D,1.6460421029478312
modern,0,a_N100_V3+3D,1.6539170173928142
modern,0,a_N100_V3+3D,1.6480839112773538
modern,0,a_N100_V3+3D,1.6342500457540154
modern,0,a_N100_V3+3D,1.6413750126957893
modern,0,a_N100_V3+3D,1.6513339942321181
modern,0,a_N100_V3+3D,1.6459589824080467
modern,0,a_N100_V3+3D,1.6499579651281238
modern,0,a_N100_V3+3D,1.645333948545158
modern,0,a_N100_V3+3D,1.8482919549569488
modern,0,a_N100_V3+3D,1.9654170610010624
modern,0,a_N100_V3+3D,1.7758749891072512
modern,0,a_N100_V3+3D,1.7870829906314611
modern,0,a_N100_V3+3D,1.732083037495613
modern,0,a_N100_V3+3D,1.7088750610128045
modern,0,a_N100_V3+3D,1.6810420202091336
modern,0,a_N100_V3+3D,1.6872501000761986
modern,0,a_N100_V3+3D,1.6568339196965098
modern,0,a_N100_V3+3D,1.6632919432595372
modern,0,a_N100_V3+3D,1.6620419919490814
modern,0,a_N100_V3+3D,1.672249985858798
modern,0,a_N100_V3+3D,1.6486250096932054
modern,0,a_N100_V3+3D,1.6646248986944556
modern,0,a_N100_V3+3D,1.6464169602841139
modern,0,a_N100_V3+3D,1.6817499417811632
modern,0,a_N100_V3+3D,1.6967090778052807
modern,0,a_N100_V3+3D,1.8266669940203428
modern,0,a_N100_V3+3D,1.808042055927217
modern,0,a_N100_V3+3D,1.77950004581362
modern,0,a_N100_V3+3D,1.7385829705744982
modern,0,a_N100_V3+3D,1.7402920639142394
modern,0,a_N100_V3+3D,1.74475007224828
modern,0,a_N100_V3+3D,1.7292500706389546
modern,0,a_N100_V3+3D,1.7204999458044767
modern,0,a_N100_V3+3D,1.7009999137371778
modern,0,a_N100_V3+3D,1.8202089704573154
modern,0,a_N100_V3+3D,1.7164169112220407
modern,0,a_N100_V3+3D,1.710625016130507
modern,0,a_N100_V3+3D,1.7197090201079845
modern,0,a_N100_V3+3D,1.6945840325206518
modern,0,a_N100_V3+3D,1.6937499167397618
modern,0,a_N100_V3+3D,1.6898340545594692
modern,0,a_N100_V3+3D,1.6926249954849482
modern,0,a_N100_V3+3D,1.7796249594539404
modern,0,a_N100_V3+3D,1.704542082734406
modern,0,a_N100_V3+3D,1.759209088049829
modern,0,a_N100_V3+3D,1.6710000345483422
modern,0,a_N100_V3+3D,1.6639590030536056
modern,0,a_N100_V3+3D,1.6589169390499592
modern,0,a_N100_V3+3D,1.6828329535201192
modern,0,a_N100_V3+3D,1.66133395396173
modern,0,a_N100_V3+3D,1.6589169390499592
modern,0,a_N100_V3+3D,1.6556669725105166
modern,0,a_N100_V3+3D,1.663499977439642
modern,0,a_N100_V3+3D,1.6681660199537873
modern,0,a_N100_V3+3D,1.6724999295547605
modern,0,a_N100_V3+3D,1.658500055782497
modern,0,a_N100_V3+3D,1.6685420414432883
modern,0,a_N100_V3+3D,1.654166029766202
modern,0,a_N100_V3+3D,1.6358750872313976
modern,0,a_N100_V3+3D,1.6361670568585396
modern,0,a_N100_V3+3D,1.6292500076815486
modern,0,a_N100_V3+3D,1.671166974119842
modern,0,a_N100_V3+3D,1.6430839896202087
modern,0,a_N100_V3+3D,1.6379579901695251
modern,0,a_N100_V3+3D,1.6687089810147882
modern,0,a_N100_V3+3D,1.6624589916318655
modern,0,a_N100_V3+3D,1.6729999333620071
modern,0,a_N100_V3+3D,1.6526669496670365
modern,0,a_N100_V3+3D,1.655583968386054
modern,0,a_N100_V3+3D,1.6492500435560942
modern,0,a_N100_V3+3D,1.681750058196485
modern,0,a_N100_V3+3D,1.6300419811159372
modern,0,a_N100_V3+3D,1.6754170646890998
modern,0,a_N100_V3+3D,1.6402920009568334
modern,0,a_N100_V3+3D,1.6319589922204614
modern,0,a_N100_V3+3D,1.7460830276831985
modern,0,a_N100_V3+3D,2.029749914072454
modern,0,a_N100_V3+3D,2.0242499886080623
modern,0,a_N100_V3+3D,1.7155829118564725
modern,0,a_N100_V3+3D,1.6702089924365282
modern,0,a_N100_V3+3D,1.644750009290874
modern,0,a_N100_V3+3D,1.655291998758912
modern,0,a_N100_V3+3D,1.6486659878864884
modern,0,a_N100_V3+3D,1.7046669963747263
modern,0,a_N100_V3+3D,1.6352080274373293
modern,0,a_N100_V3+3D,1.7619578866288066
modern,0,a_N100_V3+3D,1.73054204788059
modern,0,a_N100_V3+3D,1.7259580781683326
modern,0,a_N100_V3+3D,1.6699159750714898
modern,0,a_N100_V3+3D,1.683125039562583
modern,0,a_N100_V3+3D,1.665583928115666
modern,0,a_N100_V3+3D,1.6552080633118749
modern,0,a_N100_V3+3D,1.6570419538766146
modern,0,a_N100_V3+3D,1.6687919851392508
modern,0,a_N100_V3+3D,2.4540829472243786
modern,0,a_N100_V3+3D,1.773916999809444
modern,0,a_N100_V3+3D,1.7056670039892197
modern,0,a_N100_V3+3D,1.714249956421554
modern,0,a_N100_V3+3D,1.7021669773384929
modern,0,a_N100_V3+3D,1.6772500239312649
modern,0,a_N100_V3+3D,1.6673329519107938
modern,0,a_N100_V3+3D,1.6682080458849669
modern,0,a_N100_V3+3D,1.7125830054283142
modern,0,a_N100_V3+3D,1.6713329823687673
modern,0,a_N100_V3+3D,1.6598750371485949
modern,0,a_N100_V3+3D,1.6679170075803995
modern,0,a_N100_V3+3D,1.6515000024810433
modern,0,a_N100_V3+3D,1.6455829609185457
modern,0,a_N100_V3+3D,1.6387089854106307
modern,0,a_N100_V3+3D,1.6365839401260018
modern,0,a_N100_V3+3D,1.6346670454367995
modern,0,a_N100_V3+3D,1.67404196690768
modern,0,a_N100_V3+3D,1.6404170310124755
modern,0,a_N100_V3+3D,1.6521250363439322
modern,0,a_N100_V3+3D,1.6271250788122416
modern,0,a_N100_V3+3D,1.644750009290874
modern,0,a_N100_V3+3D,1.9490410340949893
modern,0,a_N100_V3+3D,1.6642080154269934
modern,0,a_N100_V3+3D,1.7487920122221112
modern,0,a_N100_V3+3D,1.714583020657301
modern,0,a_N100_V3+3D,1.6504169907420874
modern,0,a_N100_V3+3D,1.663666102103889
modern,0,a_N100_V3+3D,1.6503749648109078
modern,0,a_N100_V3+3D,1.9317090045660734
modern,0,a_N100_V3+3D,1.354333944618702
modern,0,a_N100_V3+3D,1.2886249460279942
modern,0,a_N100_V3+3D,1.2362910201773047
modern,0,a_N100_V3+3D,1.2235840549692512
modern,0,a_N100_V3+3D,1.2280840892344713
modern,0,a_N100_V3+3D,1.2275410117581487
modern,0,a_N100_V3+3D,1.2279580114409328
modern,0,a_N100_V3+3D,1.2290420709177852
modern,0,a_N100_V3+3D,1.2658750638365746
modern,0,a_N100_V3+3D,1.2171670095995069
modern,0,a_N100_V3+3D,1.236499985679984
modern,0,a_N100_V3+3D,1.220499980263412
modern,0,a_N100_V3+3D,1.2183749349787831
modern,0,a_N100_V3+3D,1.2087499490007758
modern,0,a_N100_V3+3D,1.2169999536126852
modern,0,a_N100_V3+3D,1.22020801063627
modern,0,a_N100_V3+3D,1.2255830224603415
modern,0,a_N100_V3+3D,1.2087080394849181
modern,0,a_N100_V3+3D,1.2137920130044222
modern,0,a_N100_V3+3D,1.2154170544818044
modern,0,a_N100_V3+3D,1.216250006109476
modern,0,a_N100_V3+3D,1.7510419711470604
modern,0,a_N100_V3+3D,1.7466250574216247
modern,0,a_N100_V3+3D,1.7111250199377537
modern,0,a_N100_V3+3D,1.6913749277591705
modern,0,a_N100_V3+3D,1.6773749375715852
modern,0,a_N100_V3+3D,1.6997079364955425
modern,0,a_N100_V3+3D,1.6855000285431743
modern,0,a_N100_V3+3D,1.6687499592080712
modern,0,a_N100_V3+3D,1.999374944716692
modern,0,a_N100_V3+3D,1.67254195548594
modern,0,a_N100_V3+3D,1.7157499678432941
modern,0,a_N100_V3+3D,1.6628340817987919
modern,0,a_N100_V3+3D,1.6537499614059925
modern,0,a_N100_V3+3D,1.6457090387120843
modern,0,a_N100_V3+3D,1.662124996073544
modern,0,a_N100_V3+3D,1.6508750850334764
modern,0,a_N100_V3+3D,1.6470421105623245
modern,0,a_N100_V3+3D,1.7287080409005284
modern,0,a_N100_V3+3D,1.6472089337185025
modern,0,a_N100_V3+3D,1.6497500473633409
modern,0,a_N100_V3+3D,1.6325829783454537
modern,0,a_N100_V3+3D,1.6507499385625124
modern,0,a_N100_V3+3D,1.6304589807987213
modern,0,a_N100_V3+3D,1.6351660015061498
modern,0,a_N100_V3+3D,1.660750014707446
modern,0,a_N100_V3+3D,1.662040944211185
modern,0,a_N100_V3+3D,1.6374170081689954
modern,0,a_N100_V3+3D,1.64899998344481
modern,0,a_N100_V3+3D,1.6285000601783395
modern,0,a_N100_V3+3D,1.6590830637142062
modern,0,a_N100_V3+3D,1.6550420550629497
modern,0,a_N100_V3+3D,1.6865000361576676
modern,0,a_N100_V3+3D,1.6812080284580588
modern,0,a_N100_V3+3D,1.6647499287500978
modern,0,a_N100_V3+3D,1.6614589840173721
modern,0,a_N100_V3+3D,1.6615829663351178
modern,0,a_N100_V3+3D,1.6883340431377292
modern,0,a_N100_V3+3D,1.6696249367669225
modern,0,a_N100_V3+3D,1.642082934267819
modern,0,a_N100_V3+3D,1.6592920292168856
modern,0,a_N100_V3+3D,1.6872909618541598
modern,0,a_N100_V3+3D,1.6735419631004333
modern,0,a_N100_V3+3D,1.627707970328629
modern,0,a_N100_V3+3D,1.6560000367462635
modern,0,a_N100_V3+3D,1.6701249405741692
modern,0,a_N100_V3+3D,1.698375097475946
modern,0,a_N100_V3+3D,1.677459105849266
modern,0,a_N100_V3+3D,1.6777910059317946
modern,0,a_N100_V3+3D,1.6694589285179973
modern,0,a_N100_V3+3D,1.6747919144108891
modern,0,a_N100_V3+3D,1.6662079142406583
modern,0,a_N100_V3+3D,1.6457079909741879
modern,0,a_N100_V3+3D,1.616791938431561
modern,0,a_N100_V3+3D,1.6439580358564854
modern,0,a_N100_V3+3D,1.9541250076144934
modern,0,a_N100_V3+3D,1.3002919731661677
modern,0,a_N100_V3+3D,1.2506659841164947
modern,0,a_N100_V3+3D,1.4242080505937338
modern,0,a_N100_V3+3D,2.0801660139113665
modern,0,a_N100_V3+3D,1.6648339806124568
modern,0,a_N100_V3+3D,1.7821249784901738
modern,0,a_N100_V3+3D,1.7733329441398382
modern,0,a_N100_V3+3D,1.7025419510900974
modern,0,a_N100_V3+3D,2.053000032901764
modern,0,a_N100_V3+3D,1.7744579818099737
modern,0,a_N100_V3+3D,1.7088750610128045
modern,0,a_N100_V3+3D,1.6869159881025553
modern,0,a_N100_V3+3D,1.7406250117346644
modern,0,a_N100_V3+3D,1.703375019133091
modern,0,a_N100_V3+3D,1.6938330372795463
modern,0,a_N100_V3+3D,1.6874580178409815
modern,0,a_N100_V3+3D,1.6715839738026261
modern,0,a_N100_V3+3D,1.6735419631004333
modern,0,a_N100_V3+3D,1.6504169907420874
modern,0,a_N100_V3+3D,1.6622500261291862
modern,0,a_N100_V3+3D,1.6532919835299253
modern,0,a_N100_V3+3D,1.6436249716207385
modern,0,a_N100_V3+3D,1.7093329224735498
modern,0,a_N100_V3+3D,1.6583329997956753
modern,0,a_N100_V3+3D,1.7031669849529862
modern,0,a_N100_V3+3D,1.6461670165881515
modern,0,a_N100_V3+3D,1.6503330552950501
modern,0,a_N100_V3+3D,1.6484580701217055
modern,0,a_N100_V3+3D,1.6458340687677264
modern,0,a_N100_V3+3D,1.6413329867646098
modern,0,a_N100_V3+3D,1.6809580847620964
modern,0,a_N100_V3+3D,1.661416026763618
modern,0,a_N100_V3+3D,1.6652910271659493
modern,0,a_N100_V3+3D,1.649332931265235
modern,0,a_N100_V3+3D,1.66787498164922
modern,0,a_N100_V3+3D,1.654583029448986
modern,0,a_N100_V3+3D,1.6900829505175352
modern,0,a_N100_V3+3D,1.654959050938487
modern,0,a_N100_V3+3D,1.6645420109853148
modern,0,a_N100_V3+3D,1.6502500511705875
modern,0,a_N100_V3+3D,1.643375027924776
modern,0,a_N100_V3+3D,1.645541051402688
modern,0,a_N100_V3+3D,1.6721669817343354
modern,0,a_N100_V3+3D,1.6477910103276372
modern,0,a_N100_V3+3D,1.6522080404683948
modern,0,a_N100_V3+3D,1.721958047710359
modern,0,a_N100_V3+3D,1.6340839210897684
modern,0,a_N100_V3+3D,1.644000061787665
modern,0,a_N100_V3+3D,1.6556669725105166
modern,0,a_N100_V3+3D,1.644083997234702
modern,0,a_N100_V3+3D,1.6945829847827554
modern,0,a_N100_V3+3D,1.6387079376727343
modern,0,a_N100_V3+3D,1.63929199334234
modern,0,a_N100_V3+3D,1.6289999475702643
modern,0,a_N100_V3+3D,1.6347080236300826
modern,0,a_N100_V3+3D,1.642166986130178
modern,0,a_N100_V3+3D,1.6756249824538827
modern,0,a_N100_V3+3D,1.6368330689147115
modern,0,a_N100_V3+3D,1.6294580418616533
modern,0,a_N100_V3+3D,1.6247500898316503
modern,0,a_N100_V3+3D,1.6275830566883087
modern,0,a_N100_V3+3D,1.6223749844357371
modern,0,a_N100_V3+3D,1.6418329905718565
modern,0,a_N100_V3+3D,1.928832964040339
modern,0,a_N100_V3+3D,1.660957932472229
modern,0,a_N100_V3+3D,1.7765419324859977
modern,0,a_N100_V3+3D,1.876041991636157
modern,0,a_N100_V3+3D,1.7200409201905131
modern,0,a_N100_V3+3D,1.6995829064399004
modern,0,a_N100_V3+3D,1.7097919480875134
modern,0,a_N100_V3+3D,1.6839170129969716
modern,0,a_N100_V3+3D,1.7194580286741257
modern,0,a_N100_V3+3D,1.6811250243335962
modern,0,a_N100_V3+3D,1.66283396538347
modern,0,a_N100_V3+3D,1.6750000650063157
modern,0,a_N100_V3+3D,1.67404196690768
modern,0,a_N100_V3+3D,2.010500058531761
modern,0,a_N100_V3+3D,1.2927500065416098
modern,0,a_N100_V3+3D,1.2482079910114408
modern,0,a_N100_V3+3D,1.2429160997271538
modern,0,a_N100_V3+3D,1.2439580168575048
modern,0,a_N100_V3+3D,1.239666948094964
modern,0,a_N100_V3+3D,1.3717080000787973
modern,0,a_N100_V3+3D,1.342874951660633
modern,0,a_N100_V3+3D,1.2374169891700149
modern,0,a_N100_V3+3D,1.2425839668139815
modern,0,a_N100_V3+3D,1.2362080160528421
modern,0,a_N100_V3+3D,1.2368749594315886
modern,0,a_N100_V3+3D,1.2432909570634365
modern,0,a_N100_V3+3D,1.2431669747456908
modern,0,a_N100_V3+3D,1.2469590874388814
modern,0,a_N100_V3+3D,1.2327090371400118
modern,0,a_N100_V3+3D,1.2300420785322785
modern,0,a_N100_V3+3D,1.2231250293552876
modern,0,a_N100_V3+3D,1.220459002070129
modern,0,a_N100_V3+3D,1.2268749997019768
modern,0,a_N100_V3+3D,1.2297919020056725
modern,0,a_N100_V3+3D,1.6772500239312649
modern,0,a_N100_V3+3D,1.4046250144019723
modern,0,a_N100_V3+3D,1.2553329579532146
modern,0,a_N100_V3+3D,1.2452499940991402
modern,0,a_N100_V3+3D,1.233167015016079
modern,0,a_N100_V3+3D,1.230000052601099
modern,0,a_N100_V3+3D,1.266542007215321
modern,0,a_N100_V3+3D,1.2257089838385582
modern,0,a_N100_V3+3D,1.2196670286357403
modern,0,a_N100_V3+3D,1.2737910728901625
modern,0,a_N100_V3+3D,1.2323750415816903
modern,0,a_N100_V3+3D,1.2241670629009604
modern,0,a_N100_V3+3D,1.2391669442877173
modern,0,a_N100_V3+3D,1.2290410231798887
modern,0,a_N100_V3+3D,1.2284999247640371
modern,0,a_N100_V3+3D,1.2270829174667597
modern,0,a_N100_V3+3D,1.2185829691588879
modern,0,a_N100_V3+3D,1.2399579863995314
modern,0,a_N100_V3+3D,1.2257919879630208
modern,0,a_N100_V3+3D,1.2185409432277083
modern,0,a_N100_V3+3D,1.2108749942854047
modern,0,a_N100_V3+3D,1.2199999764561653
modern,0,a_N100_V3+3D,1.221667043864727
modern,0,a_N100_V3+3D,1.951000071130693
modern,0,a_N100_V3+3D,1.365375006571412
modern,0,a_N100_V3+3D,1.2890830403193831
modern,0,a_N100_V3+3D,1.27166707534343
modern,0,a_N100_V3+3D,1.2714999029412866
modern,0,a_N100_V3+3D,1.8983329646289349
modern,0,a_N100_V3+3D,1.8463339656591415
modern,0,a_N100_V3+3D,1.813041977584362
modern,0,a_N100_V3+3D,1.7320839688181877
modern,0,a_N100_V3+3D,1.7926250584423542
modern,0,a_N100_V3+3D,1.6601659590378404
modern,0,a_N100_V3+3D,2.1491659572348
modern,0,a_N100_V3+3D,1.869583036750555
modern,0,a_N100_V3+3D,1.8476670375093818
modern,0,a_N100_V3+3D,1.706958981230855
modern,0,a_N100_V3+3D,1.8072091042995453
modern,0,a_N100_V3+3D,1.7776669701561332
modern,0,a_N100_V3+3D,1.8070419318974018
modern,0,a_N100_V3+3D,1.7790410201996565
modern,0,a_N100_V3+3D,1.8009169725701213
modern,0,a_N100_V3+3D,1.6681250417605042
modern,0,a_N100_V3+3D,1.9169999286532402
modern,0,a_N100_V3+3D,1.7748340032994747
modern,0,a_N100_V3+3D,1.8019169801846147
modern,0,a_N100_V3+3D,1.689583994448185
modern,0,a_N100_V3+3D,1.8052500672638416
modern,0,a_N100_V3+3D,1.6477500321343541
modern,0,a_N100_V3+3D,1.762458006851375
modern,0,a_N100_V3+3D,1.7532500205561519
modern,0,a_N100_V3+3D,1.7757080495357513
modern,0,a_N100_V3+3D,1.7640000442042947
modern,0,a_N100_V3+3D,1.7741249175742269
modern,0,a_N100_V3+3D,1.65516696870327
modern,0,a_N100_V3+3D,1.7627080669626594
modern,0,a_N100_V3+3D,1.6690829070284963
modern,0,a_N100_V3+3D,1.7172909574583173
modern,0,a_N100_V3+3D,1.776082906872034
modern,0,a_N100_V3+3D,1.7521249828860164
modern,0,a_N100_V3+3D,1.6664579743519425
modern,0,a_N100_V3+3D,1.7510829493403435
modern,0,a_N100_V3+3D,1.7688340740278363
modern,0,a_N100_V3+3D,1.7637499840930104
modern,0,a_N100_V3+3D,2.3798340698704123
modern,0,a_N100_V3+3D,1.9320830469951034
modern,0,a_N100_V3+3D,1.78620801307261
modern,0,a_N100_V3+3D,1.8638750771060586
modern,0,a_N100_V3+3D,1.8949579680338502
modern,0,a_N100_V3+3D,1.8717920174822211
modern,0,a_N100_V3+3D,1.7332501010969281
modern,0,a_N100_V3+3D,1.822125050239265
modern,0,a_N100_V3+3D,1.8799579702317715
modern,0,a_N100_V3+3D,1.8201250350102782
modern,0,a_N100_V3+3D,1.7596250399947166
modern,0,a_N100_V3+3D,1.8002090509980917
modern,0,a_N100_V3+3D,1.754750031977892
modern,0,a_N100_V3+3D,1.8135829595848918
modern,0,a_N100_V3+3D,1.7543330322951078
modern,0,a_N100_V3+3D,1.765583991073072
modern,0,a_N100_V3+3D,1.7524580471217632
modern,0,a_N100_V3+3D,1.7081249970942736
modern,0,a_N100_V3+3D,1.736417063511908
modern,0,a_N100_V3+3D,1.8124999478459358
modern,0,a_N100_V3+3D,1.8380839610472322
modern,0,a_N100_V3+3D,1.8247920088469982
modern,0,a_N100_V3+3D,1.717875013127923
modern,0,a_N100_V3+3D,1.8064159667119384
modern,0,a_N100_V3+3D,1.7858330393210053
modern,0,a_N100_V3+3D,1.7448749858886003
modern,0,a_N100_V3+3D,1.7314159777015448
modern,0,a_N100_V3+3D,1.723624998703599
modern,0,a_N100_V3+3D,1.706042094156146
modern,0,a_N100_V3+3D,1.7194580286741257
modern,0,a_N100_V3+3D,1.7165419412776828
modern,0,a_N100_V3+3D,1.6987089766189456
modern,0,a_N100_V3+3D,1.713500008918345
modern,0,a_N100_V3+3D,1.7114169895648956
modern,0,a_N100_V3+3D,1.6933339647948742
modern,0,a_N100_V3+3D,1.768499962054193
modern,0,a_N100_V3+3D,1.7096250085160136
modern,0,a_N100_V3+3D,1.6973329475149512
modern,0,a_N100_V3+3D,1.6927079996094108
modern,0,a_N100_V3+3D,1.6949999844655395
modern,0,a_N100_V3+3D,1.764875021763146
modern,0,a_N100_V3+3D,1.6925830859690905
modern,0,a_N100_V3+3D,1.9722080323845148
modern,0,a_N100_V3+3D,1.6985000111162663
modern,0,a_N100_V3+3D,1.7437920905649662
modern,0,a_N100_V3+3D,1.7329580150544643
modern,0,a_N100_V3+3D,1.6692089848220348
modern,0,a_N100_V3+3D,1.6676250379532576
modern,0,a_N100_V3+3D,1.686417032033205
modern,0,a_N100_V3+3D,1.680959016084671
modern,0,a_N100_V3+3D,1.6862079501152039
modern,0,a_N100_V3+3D,1.6933330334722996
modern,0,a_N100_V3+3D,1.6757500125095248
modern,0,a_N100_V3+3D,1.673624967224896
modern,0,a_N100_V3+3D,1.9416660070419312
modern,0,a_N100_V3+3D,1.7016250640153885
modern,0,a_N100_V3+3D,1.6807080246508121
modern,0,a_N100_V3+3D,1.6847919905558228
modern,0,a_N100_V3+3D,1.6772500239312649
modern,0,a_N100_V3+3D,1.6676660161465406
modern,0,a_N100_V3+3D,1.672708080150187
modern,0,a_N100_V3+3D,1.6790420049801469
modern,0,a_N100_V3+3D,1.6734169330447912
modern,0,a_N100_V3+3D,1.6648750752210617
modern,0,a_N100_V3+3D,1.6521249199286103
modern,0,a_N100_V3+3D,1.708374940790236
modern,0,a_N100_V3+3D,1.6742500010877848
modern,0,a_N100_V3+3D,1.6699590487405658
modern,0,a_N100_V3+3D,1.6960420180112123
modern,0,a_N100_V3+3D,1.662040944211185
modern,0,a_N100_V3+3D,1.6594170592725277
modern,0,a_N100_V3+3D,1.6668339958414435
modern,0,a_N100_V3+3D,1.6661250265315175
modern,0,a_N100_V3+3D,1.6516250325366855
modern,0,a_N100_V3+3D,1.6808750806376338
modern,0,a_N100_V3+3D,1.6807910287752748
modern,0,a_N100_V3+3D,1.667083939537406
modern,0,a_N100_V3+3D,1.6617500223219395
modern,0,a_N100_V3+3D,1.6729579074308276
modern,0,a_N100_V3+3D,1.652207924053073
modern,0,a_N100_V3+3D,1.6522499499842525
modern,0,a_N100_V3+3D,1.6842499608173966
modern,0,a_N100_V3+3D,1.6527919797226787
modern,0,a_N100_V3+3D,1.8346670549362898
modern,0,a_N100_V3+3D,1.7691249959170818
modern,0,a_N100_V3+3D,1.7271670512855053
modern,0,a_N100_V3+3D,1.7300840700045228
modern,0,a_N100_V3+3D,1.717250095680356
modern,0,a_N100_V3+3D,1.7045000568032265
modern,0,a_N100_V3+3D,1.7200419679284096
modern,0,a_N100_V3+3D,1.6905419761314988
modern,0,a_N100_V3+3D,1.6770419897511601
modern,0,a_N100_V3+3D,1.6845839563757181
modern,0,a_N100_V3+3D,1.6926670214161277
modern,0,a_N100_V3+3D,1.6891659470275044
modern,0,a_N100_V3+3D,1.7502499977126718
modern,0,a_N100_V3+3D,1.7622089944779873
modern,0,a_N100_V3+3D,2.042250009253621
modern,0,a_N100_V3+3D,1.695042010396719
modern,0,a_N100_V3+3D,1.7002500826492906
modern,0,a_N100_V3+3D,1.716375001706183
modern,0,a_N100_V3+3D,1.68758409563452
modern,0,a_N100_V3+3D,1.680959016084671
modern,0,a_N100_V3+3D,1.6510420246049762
modern,0,a_N100_V3+3D,1.6850419342517853
modern,0,a_N100_V3+3D,1.6987499548122287
modern,0,a_N100_V3+3D,1.6851250547915697
modern,0,a_N100_V3+3D,1.6945420065894723
modern,0,a_N100_V3+3D,1.642166986130178
modern,0,a_N100_V3+3D,1.6502499347552657
modern,0,a_N100_V3+3D,1.6557499766349792
modern,0,a_N100_V3+3D,1.6528340056538582
modern,0,a_N100_V3+3D,1.6657919622957706
modern,0,a_N100_V3+3D,1.8319590017199516
modern,0,a_N100_V3+3D,1.6651670448482037
modern,0,a_N100_V3+3D,1.7073750495910645
modern,0,a_N100_V3+3D,1.683542039245367
modern,0,a_N100_V3+3D,1.6982500674203038
modern,0,a_N100_V3+3D,1.6537921037524939
modern,0,a_N100_V3+3D,1.6411669785156846
modern,0,a_N100_V3+3D,1.6916249878704548
modern,0,a_N100_V3+3D,1.9701250130310655
modern,0,a_N100_V3+3D,1.2837089598178864
modern,0,a_N100_V3+3D,1.2455839896574616
modern,0,a_N100_V3+3D,1.2501670280471444
modern,0,a_N100_V3+3D,1.2759999372065067
modern,0,a_N100_V3+3D,1.238625030964613
modern,0,a_N100_V3+3D,1.2329169549047947
modern,0,a_N100_V3+3D,1.2298750225454569
modern,0,a_N100_V3+3D,1.2866660254076123
modern,0,a_N100_V3+3D,1.2562500778585672
modern,0,a_N100_V3+3D,1.2493330286815763
modern,0,a_N100_V3+3D,1.2317090295255184
modern,0,a_N100_V3+3D,1.2355830986052752
modern,0,a_N100_V3+3D,1.2282499810680747
modern,0,a_N100_V3+3D,1.2128750095143914
modern,0,a_N100_V3+3D,1.2318750377744436
modern,0,a_N100_V3+3D,1.2179999612271786
modern,0,a_N100_V3+3D,1.272000023163855
modern,0,a_N100_V3+3D,1.2563749914988875
modern,0,a_N100_V3+3D,1.2236250331625342
modern,0,a_N100_V3+3D,1.2109579984098673
modern,0,a_N100_V3+3D,1.2254590401425958
modern,0,b_N100_V4,2.4788330774754286
modern,0,b_N100_V4,2.384458086453378
modern,0,b_N100_V4,2.2103749215602875
modern,0,b_N100_V4,2.1802920382469893
modern,0,b_N100_V4,2.1664159139618278
modern,0,b_N100_V4,2.1997500443831086
modern,0,b_N100_V4,2.159249968826771
modern,0,b_N100_V4,2.1564170019701123
modern,0,b_N100_V4,2.180082956328988
modern,0,b_N100_V4,2.15833296533674
modern,0,b_N100_V4,2.1549169905483723
modern,0,b_N100_V4,2.1972920512780547
modern,0,b_N100_V4,2.129291999153793
modern,0,b_N100_V4,2.157583017833531
modern,0,b_N100_V4,2.1475000539794564
modern,0,b_N100_V4,2.1567909279838204
modern,0,b_N100_V4,2.2170410957187414
modern,0,b_N100_V4,2.1195829613134265
modern,0,b_N100_V4,2.1368329180404544
modern,0,b_N100_V4,2.1432089852169156
modern,0,b_N100_V4,2.134582959115505
modern,0,b_N100_V4,2.142291981726885
modern,0,b_N100_V4,2.133917063474655
modern,0,b_N100_V4,2.1085829939693213
modern,0,b_N100_V4,2.11704196408391
modern,0,b_N100_V4,2.1300840890035033
modern,0,b_N100_V4,2.1189580438658595
modern,0,b_N100_V4,2.1418340038508177
modern,0,b_N100_V4,2.136792056262493
modern,0,b_N100_V4,2.157083014026284
modern,0,b_N100_V4,2.139999996870756
modern,0,b_N100_V4,2.1260419161990285
modern,0,b_N100_V4,2.1209579426795244
modern,0,b_N100_V4,2.1307090064510703
modern,0,b_N100_V4,2.1161249605938792
modern,0,b_N100_V4,2.123250043950975
modern,0,b_N100_V4,2.1284170215949416
modern,0,b_N100_V4,2.150084008462727
modern,0,b_N100_V4,2.1277499618008733
modern,0,b_N100_V4,2.1156249567866325
modern,0,b_N100_V4,2.122584031894803
modern,0,b_N100_V4,2.1547500509768724
modern,0,b_N100_V4,2.126166014932096
modern,0,b_N100_V4,2.1212920546531677
modern,0,b_N100_V4,2.1267919801175594
modern,0,b_N100_V4,2.145166974514723
modern,0,b_N100_V4,2.188541111536324
modern,0,b_N100_V4,2.112791989929974
modern,0,b_N100_V4,2.130499924533069
modern,0,b_N100_V4,2.110834000632167
modern,0,b_N100_V4,2.1187079837545753
modern,0,b_N100_V4,2.111917012371123
modern,0,b_N100_V4,2.142000012099743
modern,0,b_N100_V4,2.148917061276734
modern,0,b_N100_V4,2.1298329811543226
modern,0,b_N100_V4,2.1415420342236757
modern,0,b_N100_V4,2.1358750527724624
modern,0,b_N100_V4,2.137625007890165
modern,0,b_N100_V4,2.154541085474193
modern,0,b_N100_V4,2.1408330649137497
modern,0,b_N100_V4,2.2365410113707185
modern,0,b_N100_V4,2.2278340766206384
modern,0,b_N100_V4,2.166624995879829
modern,0,b_N100_V4,2.199083915911615
modern,0,b_N100_V4,2.1464999299496412
modern,0,b_N100_V4,2.150916028767824
modern,0,b_N100_V4,2.1413329523056746
modern,0,b_N100_V4,2.459125011228025
modern,0,b_N100_V4,2.1675419993698597
modern,0,b_N100_V4,2.1781669929623604
modern,0,b_N100_V4,2.1459170384332538
modern,0,b_N100_V4,2.1597909508273005
modern,0,b_N100_V4,2.1609170362353325
modern,0,b_N100_V4,2.1184589713811874
modern,0,b_N100_V4,2.1396250231191516
modern,0,b_N100_V4,2.9808339895680547
modern,0,b_N100_V4,2.2880840115249157
modern,0,b_N100_V4,2.399333054199815
modern,0,b_N100_V4,2.232917002402246
modern,0,b_N100_V4,2.2242089034989476
modern,0,b_N100_V4,2.1893749944865704
modern,0,b_N100_V4,2.1887089824303985
modern,0,b_N100_V4,2.2023339988663793
modern,0,b_N100_V4,2.4030409986153245
modern,0,b_N100_V4,2.1766669815406203
modern,0,b_N100_V4,2.1831250051036477
modern,0,b_N100_V4,2.1646670065820217
modern,0,b_N100_V4,2.175917034037411
modern,0,b_N100_V4,2.17420794069767
modern,0,b_N100_V4,2.1432499634101987
modern,0,b_N100_V4,2.162459073588252
modern,0,b_N100_V4,2.176417037844658
modern,0,b_N100_V4,2.1702920785173774
modern,0,b_N100_V4,2.2555419709533453
modern,0,b_N100_V4,2.15329194907099
modern,0,b_N100_V4,2.1404160652309656
modern,0,b_N100_V4,2.1329158917069435
modern,0,b_N100_V4,2.2230419563129544
modern,0,b_N100_V4,2.1422499557957053
modern,0,b_N100_V4,2.1428329637274146
modern,0,b_N100_V4,2.1634999429807067
modern,0,b_N100_V4,2.125540981069207
modern,0,b_N100_V4,2.162666991353035
modern,0,b_N100_V4,2.145790960639715
modern,0,b_N100_V4,2.146832994185388
modern,0,b_N100_V4,2.138374955393374
modern,0,b_N100_V4,2.155875088647008
modern,0,b_N100_V4,2.21033301204443
modern,0,b_N100_V4,2.115833922289312
modern,0,b_N100_V4,2.1479580318555236
modern,0,b_N100_V4,2.141999895684421
modern,0,b_N100_V4,2.131875022314489
modern,0,b_N100_V4,2.1867919713258743
modern,0,b_N100_V4,2.1368329180404544
modern,0,b_N100_V4,2.1277499618008733
modern,0,b_N100_V4,2.585291978903115
modern,0,b_N100_V4,2.2736249957233667
modern,0,b_N100_V4,2.223749994300306
modern,0,b_N100_V4,2.222334034740925
modern,0,b_N100_V4,2.230667043477297
modern,0,b_N100_V4,2.267874893732369
modern,0,b_N100_V4,2.295041922479868
modern,0,b_N100_V4,2.2290420019999146
modern,0,b_N100_V4,2.209874917753041
modern,0,b_N100_V4,2.197957946918905
modern,0,b_N100_V4,2.2069589467719197
modern,0,b_N100_V4,2.1845409646630287
modern,0,b_N100_V4,2.170874970033765
modern,0,b_N100_V4,2.1595419384539127
modern,0,b_N100_V4,2.3691250244155526
modern,0,b_N100_V4,2.1772499894723296
modern,0,b_N100_V4,2.191083040088415
modern,0,b_N100_V4,2.1855420200154185
modern,0,b_N100_V4,2.1468340419232845
modern,0,b_N100_V4,2.147875027731061
modern,0,b_N100_V4,2.1611660486087203
modern,0,b_N100_V4,2.1476250840350986
modern,0,b_N100_V4,2.1912079537287354
modern,0,b_N100_V4,2.2378748981282115
modern,0,b_N100_V4,2.1720000077039003
modern,0,b_N100_V4,2.147875027731061
modern,0,b_N100_V4,2.1352500189095736
modern,0,b_N100_V4,2.124625025317073
modern,0,b_N100_V4,2.2375419503077865
modern,0,b_N100_V4,2.168542006984353
modern,0,b_N100_V4,2.1475839894264936
modern,0,b_N100_V4,2.1369580645114183
modern,0,b_N100_V4,2.1546250209212303
modern,0,b_N100_V4,2.1614580182358623
modern,0,b_N100_V4,2.1870420314371586
modern,0,b_N100_V4,2.156957983970642
modern,0,b_N100_V4,2.1465419558808208
modern,0,b_N100_V4,2.14862497523427
modern,0,b_N100_V4,2.183249918743968
modern,0,b_N100_V4,2.173582906834781
modern,0,b_N100_V4,2.1719170035794377
modern,0,b_N100_V4,2.155833994038403
modern,0,b_N100_V4,2.175041940063238
modern,0,b_N100_V4,2.1541250171139836
modern,0,b_N100_V4,2.1341670071706176
modern,0,b_N100_V4,2.17870797496289
modern,0,b_N100_V4,2.2347080521285534
modern,0,b_N100_V4,2.1765000419691205
modern,0,b_N100_V4,2.142708981409669
modern,0,b_N100_V4,2.20529199577868
modern,0,b_N100_V4,2.168582985177636
modern,0,b_N100_V4,2.165708923712373
modern,0,b_N100_V4,2.205916913226247
modern,0,b_N100_V4,2.2272500209510326
modern,0,b_N100_V4,2.1993749542161822
modern,0,b_N100_V4,2.1637919126078486
modern,0,b_N100_V4,2.174749970436096
modern,0,b_N100_V4,2.1827080054208636
modern,0,b_N100_V4,2.136999974027276
modern,0,b_N100_V4,2.1911669755354524
modern,0,b_N100_V4,2.2007919615134597
modern,0,b_N100_V4,2.1512500243261456
modern,0,b_N100_V4,2.1783330012112856
modern,0,b_N100_V4,2.1456670947372913
modern,0,b_N100_V4,2.2215000353753567
modern,0,b_N100_V4,2.226124983280897
modern,0,b_N100_V4,2.1854579681530595
modern,0,b_N100_V4,2.1964170737192035
modern,0,b_N100_V4,2.1674580639228225
modern,0,b_N100_V4,2.180833020247519
modern,0,b_N100_V4,2.1446249447762966
modern,0,b_N100_V4,2.1405410952866077
modern,0,b_N100_V4,2.135207992978394
modern,0,b_N100_V4,2.1372089395299554
modern,0,b_N100_V4,2.1274590399116278
modern,0,b_N100_V4,2.125917002558708
modern,0,b_N100_V4,2.1142089972272515
modern,0,b_N100_V4,2.125917002558708
modern,0,b_N100_V4,2.127500018104911
modern,0,b_N100_V4,2.128167077898979
modern,0,b_N100_V4,2.153499983251095
modern,0,b_N100_V4,2.1137919975444674
modern,0,b_N100_V4,2.122167032212019
modern,0,b_N100_V4,2.120042103342712
modern,0,b_N100_V4,2.1712920861318707
modern,0,b_N100_V4,2.138791955076158
modern,0,b_N100_V4,2.135958056896925
modern,0,b_N100_V4,2.118416945450008
modern,0,b_N100_V4,2.1234169835224748
modern,0,b_N100_V4,2.1230840357020497
modern,0,b_N100_V4,2.1618750179186463
modern,0,b_N100_V4,2.1264590322971344
modern,0,b_N100_V4,2.1288749994710088
modern,0,b_N100_V4,2.1522920578718185
modern,0,b_N100_V4,2.115792012773454
modern,0,b_N100_V4,2.131542074494064
modern,0,b_N100_V4,2.1245829993858933
modern,0,b_N100_V4,2.114625065587461
modern,0,b_N100_V4,2.1377080120146275
modern,0,b_N100_V4,2.1417910465970635
modern,0,b_N100_V4,2.1222089417278767
modern,0,b_N100_V4,2.2674999199807644
modern,0,b_N100_V4,2.1117079304531217
modern,0,b_N100_V4,2.1367919398471713
modern,0,b_N100_V4,2.12674995418638
modern,0,b_N100_V4,2.1550420206040144
modern,0,b_N100_V4,2.1147499792277813
modern,0,b_N100_V4,2.100417041219771
modern,0,b_N100_V4,2.1271660225465894
modern,0,b_N100_V4,2.114625065587461
modern,0,b_N100_V4,2.121250028721988
modern,0,b_N100_V4,2.1568749798461795
modern,0,b_N100_V4,2.114584087394178
modern,0,b_N100_V4,2.1043330198153853
modern,0,b_N100_V4,2.169750048778951
modern,0,b_N100_V4,2.1265000104904175
modern,0,b_N100_V4,2.1289580035954714
modern,0,b_N100_V4,2.1355419885367155
modern,0,b_N100_V4,2.114292001351714
modern,0,b_N100_V4,2.1191249834373593
modern,0,b_N100_V4,2.1088329376652837
modern,0,b_N100_V4,2.111957990564406
modern,0,b_N100_V4,2.5383749743923545
modern,0,b_N100_V4,2.473499975167215
modern,0,b_N100_V4,2.4124999763444066
modern,0,b_N100_V4,2.3572499630972743
modern,0,b_N100_V4,2.2601670352742076
modern,0,b_N100_V4,2.2799160797148943
modern,0,b_N100_V4,2.2500839550048113
modern,0,b_N100_V4,2.2694169310852885
modern,0,b_N100_V4,2.2720409324392676
modern,0,b_N100_V4,2.210750011727214
modern,0,b_N100_V4,2.178915892727673
modern,0,b_N100_V4,2.2394589614123106
modern,0,b_N100_V4,2.2220410173758864
modern,0,b_N100_V4,2.2342499578371644
modern,0,b_N100_V4,2.141667064279318
modern,0,b_N100_V4,2.1968750515952706
modern,0,b_N100_V4,2.1608329843729734
modern,0,b_N100_V4,2.25875002797693
modern,0,b_N100_V4,2.1603750064969063
modern,0,b_N100_V4,2.245000097900629
modern,0,b_N100_V4,2.1855829982087016
modern,0,b_N100_V4,2.190666040405631
modern,0,b_N100_V4,2.1949169458821416
modern,0,b_N100_V4,2.2300839191302657
modern,0,b_N100_V4,2.1087080240249634
modern,0,b_N100_V4,2.2007080260664225
modern,0,b_N100_V4,2.1452090004459023
modern,0,b_N100_V4,2.1520829759538174
modern,0,b_N100_V4,2.3566660238429904
modern,0,b_N100_V4,2.278250060044229
modern,0,b_N100_V4,2.163541968911886
modern,0,b_N100_V4,2.2443750640377402
modern,0,b_N100_V4,2.18791700899601
modern,0,b_N100_V4,2.1665419917553663
modern,0,b_N100_V4,2.113417023792863
modern,0,b_N100_V4,2.2210419410839677
modern,0,b_N100_V4,2.153625013306737
modern,0,b_N100_V4,2.171624917536974
modern,0,b_N100_V4,2.1306249545887113
modern,0,b_N100_V4,2.2200830280780792
modern,0,b_N100_V4,2.0983750000596046
modern,0,b_N100_V4,2.198625006712973
modern,0,b_N100_V4,2.196250017732382
modern,0,b_N100_V4,2.1754580084234476
modern,0,b_N100_V4,2.1050000796094537
modern,0,b_N100_V4,2.1603329805657268
modern,0,b_N100_V4,2.208000048995018
modern,0,b_N100_V4,2.1748750004917383
modern,0,b_N100_V4,2.111917012371123
modern,0,b_N100_V4,2.174750086851418
modern,0,b_N100_V4,2.1275419276207685
modern,0,b_N100_V4,2.133874921128154
modern,0,b_N100_V4,2.161374897696078
modern,0,b_N100_V4,2.214499982073903
modern,0,b_N100_V4,2.1855420200154185
modern,0,b_N100_V4,2.1791249746456742
modern,0,b_N100_V4,2.109167049638927
modern,0,b_N100_V4,2.1460000425577164
modern,0,b_N100_V4,2.1969580557197332
modern,0,b_N100_V4,2.1730000153183937
modern,0,b_N100_V4,2.1853750804439187
modern,0,b_N100_V4,2.1772499894723296
modern,0,b_N100_V4,2.1535000996664166
modern,0,b_N100_V4,2.2190409945324063
modern,0,b_N100_V4,2.1803329000249505
modern,0,b_N100_V4,2.156374976038933
modern,0,b_N100_V4,3.2832500291988254
modern,0,b_N100_V4,2.343667089007795
modern,0,b_N100_V4,2.198041998781264
modern,0,b_N100_V4,2.182333031669259
modern,0,b_N100_V4,2.177625079639256
modern,0,b_N100_V4,2.1589590469375253
modern,0,b_N100_V4,2.204792108386755
modern,0,b_N100_V4,2.229333040304482
modern,0,b_N100_V4,2.125791972503066
modern,0,b_N100_V4,2.112791989929974
modern,0,b_N100_V4,2.1312079625204206
modern,0,b_N100_V4,2.4500839645043015
modern,0,b_N100_V4,2.1437499672174454
modern,0,b_N100_V4,2.1652920404449105
modern,0,b_N100_V4,2.1105000050738454
modern,0,b_N100_V4,2.116041025146842
modern,0,b_N100_V4,2.2029170067980886
modern,0,b_N100_V4,2.172459033317864
modern,0,b_N100_V4,2.229499979875982
modern,0,b_N100_V4,2.139375079423189
modern,0,b_N100_V4,2.1552920807152987
modern,0,b_N100_V4,2.124750055372715
modern,0,b_N100_V4,2.1329999435693026
modern,0,b_N100_V4,2.1505419863387942
modern,0,b_N100_V4,2.1080420119687915
modern,0,b_N100_V4,2.112042042426765
modern,0,b_N100_V4,2.1146669751033187
modern,0,b_N100_V4,2.1347079891711473
modern,0,b_N100_V4,2.119750017300248
modern,0,b_N100_V4,2.1575839491561055
modern,0,b_N100_V4,2.1191249834373593
modern,0,b_N100_V4,2.1246670512482524
modern,0,b_N100_V4,2.105250023305416
modern,0,b_N100_V4,2.2129170829430223
modern,0,b_N100_V4,2.9640840366482735
modern,0,b_N100_V4,2.670625108294189
modern,0,b_N100_V4,2.410417073406279
modern,0,b_N100_V4,2.75675009470433
modern,0,b_N100_V4,2.2959589259698987
modern,0,b_N100_V4,2.374166972003877
modern,0,b_N100_V4,2.214708016254008
modern,0,b_N100_V4,2.1765829296782613
modern,0,b_N100_V4,2.1884170128032565
modern,0,b_N100_V4,2.163709024898708
modern,0,b_N100_V4,2.157874987460673
modern,0,b_N100_V4,2.148833009414375
modern,0,b_N100_V4,2.129000029526651
modern,0,b_N100_V4,2.137333038263023
modern,0,b_N100_V4,2.266708994284272
modern,0,b_N100_V4,2.143208053894341
modern,0,b_N100_V4,2.126959036104381
modern,0,b_N100_V4,2.1353750489652157
modern,0,b_N100_V4,2.1132921101525426
modern,0,b_N100_V4,2.1240420173853636
modern,0,b_N100_V4,2.1241659997031093
modern,0,b_N100_V4,2.1459589479491115
modern,0,b_N100_V4,2.1431659115478396
modern,0,b_N100_V4,2.248500008136034
modern,0,b_N100_V4,2.2735410602763295
modern,0,b_N100_V4,2.2007079096511006
modern,0,b_N100_V4,2.1954169496893883
modern,0,b_N100_V4,2.2142919478937984
modern,0,b_N100_V4,2.184125012718141
modern,0,b_N100_V4,2.1479999413713813
modern,0,b_N100_V4,2.1701669320464134
modern,0,b_N100_V4,2.159791998565197
modern,0,b_N100_V4,2.1455419482663274
modern,0,b_N100_V4,2.1402499405667186
modern,0,b_N100_V4,2.1828330354765058
modern,0,b_N100_V4,2.13274999987334
modern,0,b_N100_V4,2.148292027413845
modern,0,b_N100_V4,2.1574579877778888
modern,0,b_N100_V4,2.1473329979926348
modern,0,b_N100_V4,2.1262080408632755
modern,0,b_N100_V4,2.202749950811267
modern,0,b_N100_V4,2.1433340152725577
modern,0,b_N100_V4,2.135167014785111
modern,0,b_N100_V4,2.1653330186381936
modern,0,b_N100_V4,2.2381249582394958
modern,0,b_N100_V4,2.195750013925135
modern,0,b_N100_V4,2.2280419943854213
modern,0,b_N100_V4,2.1256250329315662
modern,0,b_N100_V4,2.129125059582293
modern,0,b_N100_V4,2.1170000545680523
modern,0,b_N100_V4,2.131542074494064
modern,0,b_N100_V4,2.1186249796301126
modern,0,b_N100_V4,2.1422499557957053
modern,0,b_N100_V4,2.1556660067290068
modern,0,b_N100_V4,2.1469169296324253
modern,0,b_N100_V4,2.1683339728042483
modern,0,b_N100_V4,2.136333961971104
modern,0,b_N100_V4,2.1157090086489916
modern,0,b_N100_V4,2.138374955393374
modern,0,b_N100_V4,2.1349999587982893
modern,0,b_N100_V4,2.1295829210430384
modern,0,b_N100_V4,2.1334580378606915
modern,0,b_N100_V4,2.1407080348581076
modern,0,b_N100_V4,2.1277079358696938
modern,0,b_N100_V4,2.1336249774321914
modern,0,b_N100_V4,2.1368750603869557
modern,0,b_N100_V4,2.1643330110237002
modern,0,b_N100_V4,2.1228750701993704
modern,0,b_N100_V4,2.124458085745573
modern,0,b_N100_V4,2.310250070877373
modern,0,b_N100_V4,2.1363749401643872
modern,0,b_N100_V4,2.1289580035954714
modern,0,b_N100_V4,2.136749913915992
modern,0,b_N100_V4,2.128666965290904
modern,0,b_N100_V4,2.12524994276464
modern,0,b_N100_V4,2.11891601793468
modern,0,b_N100_V4,2.1657500183209777
modern,0,b_N100_V4,2.1249999990686774
modern,0,b_N100_V4,2.1834169747307897
modern,0,b_N100_V4,2.1337500074878335
modern,0,b_N100_V4,2.1346249850466847
modern,0,b_N100_V4,2.1219170885160565
modern,0,b_N100_V4,2.124458085745573
modern,0,b_N100_V4,2.2258750395849347
modern,0,b_N100_V4,2.212708001025021
modern,0,b_N100_V4,2.1728340070694685
modern,0,b_N100_V4,2.2171250311657786
modern,0,b_N100_V4,2.160249976441264
modern,0,b_N100_V4,2.1655840100720525
modern,0,b_N100_V4,2.1524160401895642
modern,0,b_N100_V4,2.1847920725122094
modern,0,b_N100_V4,2.127957995980978
modern,0,b_N100_V4,2.153499983251095
modern,0,b_N100_V4,2.151166903786361
modern,0,b_N100_V4,2.1394999930635095
modern,0,b_N100_V4,2.123542013578117
modern,0,b_N100_V4,2.1228749537840486
modern,0,b_N100_V4,2.146334038116038
modern,0,b_N100_V4,2.1601669723168015
modern,0,b_N100_V4,2.1334999473765492
modern,0,b_N100_V4,2.1393749630078673
modern,0,b_N100_V4,2.126250066794455
modern,0,b_N100_V4,2.1600000327453017
modern,0,b_N100_V4,2.137875068001449
modern,0,b_N100_V4,2.164707984775305
modern,0,b_N100_V4,2.17708304990083
modern,0,b_N100_V4,2.13441695086658
modern,0,b_N100_V4,2.1864580921828747
modern,0,b_N100_V4,2.1128749940544367
modern,0,b_N100_V4,2.137833973392844
modern,0,b_N100_V4,2.092416980303824
modern,0,b_N100_V4,2.141249948181212
modern,0,b_N100_V4,2.145417034626007
modern,0,b_N100_V4,2.125290920957923
modern,0,b_N100_V4,2.1269579883664846
modern,0,b_N100_V4,2.1421670680865645
modern,0,b_N100_V4,2.147458028048277
modern,0,b_N100_V4,2.1742499666288495
modern,0,b_N100_V4,2.1684590028598905
modern,0,b_N100_V4,2.1198750473558903
modern,0,b_N100_V4,2.146375016309321
modern,0,b_N100_V4,2.1296669729053974
modern,0,b_N100_V4,2.1482919109985232
modern,0,b_N100_V4,2.117082942277193
modern,0,b_N100_V4,2.1479999413713813
modern,0,b_N100_V4,2.1459999261423945
modern,0,b_N100_V4,2.145749982446432
modern,0,b_N100_V4,2.1257499465718865
modern,0,b_N100_V4,2.22920801024884
modern,0,b_N100_V4,2.1321249660104513
modern,0,b_N100_V4,2.1392920752987266
modern,0,b_N100_V4,2.1536670392379165
modern,0,b_N100_V4,2.141042030416429
modern,0,b_N100_V4,2.1252500591799617
modern,0,b_N100_V4,2.1464170422405005
modern,0,b_N100_V4,2.23070802167058
modern,0,b_N100_V4,2.1586669608950615
modern,0,b_N100_V4,2.1165829384699464
modern,0,b_N100_V4,2.150583080947399
modern,0,b_N100_V4,2.1529579535126686
modern,0,b_N100_V4,2.1508330246433616
modern,0,b_N100_V4,2.103291917592287
modern,0,b_N100_V4,2.469667000696063
modern,0,b_N100_V4,2.239125082269311
modern,0,b_N100_V4,2.2432500263676047
modern,0,b_N100_V4,2.173457993194461
modern,0,b_N100_V4,2.210709033533931
modern,0,b_N100_V4,2.161333104595542
modern,0,b_N100_V4,2.1565419156104326
modern,0,b_N100_V4,2.2145831026136875
modern,0,b_N100_V4,2.1423340076580644
modern,0,b_N100_V4,2.1583749912679195
modern,0,b_N100_V4,2.160665928386152
modern,0,b_N100_V4,2.1382919512689114
modern,0,b_N100_V4,2.1287089912220836
modern,0,b_N100_V4,2.1419579861685634
modern,0,b_N100_V4,2.15466704685241
modern,0,b_N100_V4,2.132292021997273
modern,0,b_N100_V4,2.131458022631705
modern,0,b_N100_V4,2.163333003409207
modern,0,b_N100_V4,2.121750032529235
modern,0,b_N100_V4,2.13425001129508
modern,0,b_N100_V4,2.128167077898979
modern,0,b_N100_V4,2.142874989658594
modern,0,b_N100_V4,2.127000014297664
modern,0,b_N100_V4,2.137166913598776
modern,0,b_N100_V4,2.14058393612504
modern,0,b_N100_V4,2.129332977347076
modern,0,b_N100_V4,2.238832996226847
modern,0,b_N100_V4,2.1378749515861273
modern,0,b_N100_V4,2.1805829601362348
modern,0,b_N100_V4,2.1261669462546706
modern,0,b_N100_V4,2.1162090124562383
modern,0,b_N100_V4,2.129125059582293
modern,0,b_N100_V4,2.140625030733645
modern,0,b_N100_V4,2.123334095813334
modern,0,b_N100_V4,2.119207987561822
modern,0,b_N100_V4,2.104667015373707
modern,0,b_N100_V4,2.118416945450008
modern,0,b_N100_V4,2.1323749097064137
modern,0,b_N100_V4,2.1642919164150953
modern,0,b_N100_V4,2.1335409255698323
modern,0,b_N100_V4,2.138082985766232
modern,0,b_N100_V4,2.135957940481603
modern,0,b_N100_V4,2.133416011929512
modern,0,b_N100_V4,2.1508749341592193
modern,0,b_N100_V4,2.1240829955786467
modern,0,b_N100_V4,2.1278340136632323
modern,0,b_N100_V4,2.136708004400134
modern,0,b_N100_V4,2.1182079799473286
modern,0,b_N100_V4,2.119000069797039
modern,0,b_N100_V4,2.1738329669460654
modern,0,b_N100_V4,2.1160419564694166
modern,0,b_N100_V4,2.629667054861784
modern,0,b_N100_V4,2.3393330629915
modern,0,b_N100_V4,2.2040829062461853
modern,0,b_N100_V4,2.224624971859157
modern,0,b_N100_V4,2.1990409586578608
modern,0,b_N100_V4,2.188083017244935
modern,0,b_N100_V4,2.1695420145988464
modern,0,b_N100_V4,2.1716670598834753
modern,0,b_N100_V4,2.2381249582394958
modern,0,b_N100_V4,2.5701660197228193
modern,0,b_N100_V4,2.292916993610561
modern,0,b_N100_V4,2.2160420194268227
modern,0,b_N100_V4,2.2452499251812696
modern,0,b_N100_V4,2.190916915424168
modern,0,b_N100_V4,2.1768329897895455
modern,0,b_N100_V4,2.181291929446161
modern,0,b_N100_V4,2.1870419150218368
modern,0,b_N100_V4,2.1312499884516
modern,0,b_N100_V4,2.1994169801473618
modern,0,b_N100_V4,2.158749965019524
modern,0,b_N100_V4,2.1791249746456742
modern,0,b_N100_V4,2.130917040631175
modern,0,b_N100_V4,2.148917061276734
modern,0,b_N100_V4,2.117792028002441
modern,0,b_N100_V4,2.570000011473894
modern,0,b_N100_V4,2.3422500817105174
modern,0,b_N100_V4,2.2500420454889536
modern,0,b_N100_V4,2.2350000217556953
modern,0,b_N100_V4,2.2566249826923013
modern,0,b_N100_V4,2.224374911747873
modern,0,b_N100_V4,2.21649999730289
modern,0,b_N100_V4,2.1889579948037863
modern,0,b_N100_V4,2.180791925638914
modern,0,b_N100_V4,2.207249985076487
modern,0,b_N100_V4,2.22116697113961
modern,0,b_N100_V4,2.18337494879961
modern,0,b_N100_V4,2.186208963394165
modern,0,b_N100_V4,2.167792059481144
modern,0,b_N100_V4,2.195167005993426
modern,0,b_N100_V4,2.185042016208172
modern,0,b_N100_V4,2.200750051997602
modern,0,b_N100_V4,2.134124981239438
modern,0,b_N100_V4,2.1866249153390527
modern,0,b_N100_V4,2.386457985267043
modern,0,b_N100_V4,2.202541916631162
modern,0,b_N100_V4,2.1801249822601676
modern,0,b_N100_V4,2.1987080108374357
modern,0,b_N100_V4,2.128290943801403
modern,0,b_N100_V4,2.1727499552071095
modern,0,b_N100_V4,2.1949579240754247
modern,0,b_N100_V4,2.1865000016987324
modern,0,b_N100_V4,2.1823749411851168
modern,0,b_N100_V4,2.1970000816509128
modern,0,b_N100_V4,2.1351249888539314
modern,0,b_N100_V4,2.1612499840557575
modern,0,b_N100_V4,2.160708070732653
modern,0,b_N100_V4,2.164917066693306
modern,0,b_N100_V4,2.141334000043571
modern,0,b_N100_V4,2.1191249834373593
modern,0,b_N100_V4,2.122832927852869
modern,0,b_N100_V4,2.292625023983419
modern,0,b_N100_V4,2.1529579535126686
modern,0,b_N100_V4,2.1571669494733214
modern,0,b_N100_V4,2.111583948135376
modern,0,b_N100_V4,2.1449170308187604
modern,0,b_N100_V4,2.1107919747009873
modern,0,b_N100_V4,2.164624980650842
modern,0,b_N100_V4,2.133500063791871
modern,0,b_N100_V4,2.1398330572992563
modern,0,b_N100_V4,2.11687502451241
modern,0,b_N100_V4,2.247957978397608
modern,0,b_N100_V4,2.2097090259194374
modern,0,b_N100_V4,2.5389579823240638
modern,0,b_N100_V4,2.18941702041775
modern,0,b_N100_V4,2.1539590088650584
modern,0,b_N100_V4,2.1430000197142363
modern,0,b_N100_V4,2.1899999119341373
modern,0,b_N100_V4,2.1612499840557575
modern,0,b_N100_V4,2.1325829438865185
modern,0,b_N100_V4,2.147334045730531
modern,0,b_N100_V4,2.1657919278368354
modern,0,b_N100_V4,2.131875022314489
modern,0,b_N100_V4,2.149958978407085
modern,0,b_N100_V4,2.1364999702200294
modern,0,b_N100_V4,2.124791033565998
modern,0,b_N100_V4,2.155959024094045
modern,0,b_N100_V4,2.128291060216725
modern,0,b_N100_V4,2.119292039424181
modern,0,b_N100_V4,2.47466703876853
modern,0,b_N100_V4,2.1174170542508364
modern,0,b_N100_V4,2.1339580416679382
modern,0,b_N100_V4,2.166624995879829
modern,0,b_N100_V4,2.14112491812557
modern,0,b_N100_V4,2.159666968509555
modern,0,b_N100_V4,2.125042024999857
modern,0,b_N100_V4,2.1637920290231705
modern,0,b_N100_V4,2.12304200977087
modern,0,b_N100_V4,2.116709016263485
modern,0,b_N100_V4,2.1208339603617787
modern,0,b_N100_V4,2.120833029039204
modern,0,b_N100_V4,2.317083068192005
modern,0,b_N100_V4,2.2839170414954424
modern,0,b_N100_V4,2.135833026841283
modern,0,b_N100_V4,2.119624987244606
modern,0,b_N100_V4,2.14029208291322
modern,0,b_N100_V4,2.1422920981422067
modern,0,b_N100_V4,2.1430839551612735
modern,0,b_N100_V4,2.1209580590948462
modern,0,b_N100_V4,2.1164579084143043
modern,0,b_N100_V4,2.1447920007631183
modern,0,b_N100_V4,2.1371670300140977
modern,0,b_N100_V4,2.1319169318303466
modern,0,b_N100_V4,2.1699159406125546
modern,0,b_N100_V4,2.1214999724179506
modern,0,b_N100_V4,2.1257500629872084
modern,0,b_N100_V4,2.118875039741397
modern,0,b_N100_V4,2.1186249796301126
modern,0,b_N100_V4,2.121458062902093
modern,0,b_N100_V4,2.1494170650839806
modern,0,b_N100_V4,2.1073330426588655
modern,0,b_N100_V4,2.399875083938241
modern,0,b_N100_V4,2.1061250008642673
modern,0,b_N100_V4,2.1443339064717293
modern,0,b_N100_V4,2.1544169867411256
modern,0,b_N100_V4,2.120874938555062
modern,0,b_N100_V4,2.1473750239238143
modern,0,b_N100_V4,2.121250028721988
modern,0,b_N100_V4,2.114459057338536
modern,0,b_N100_V4,2.1106250351294875
modern,0,b_N100_V4,2.1194169530645013
modern,0,b_N100_V4,2.2060410119593143
modern,0,b_N100_V4,2.150416956283152
modern,0,b_N100_V4,2.1594170248135924
modern,0,b_N100_V4,2.118250005878508
modern,0,b_N100_V4,2.0973749924451113
modern,0,b_N100_V4,2.114500035531819
modern,0,b_N100_V4,2.113417023792863
modern,0,b_N100_V4,2.0970420446246862
modern,0,b_N100_V4,2.0948750898241997
modern,0,b_N100_V4,2.1100000012665987
modern,0,b_N100_V4,2.0943330600857735
modern,0,b_N100_V4,2.306042006239295
modern,0,b_N100_V4,2.091374946758151
modern,0,b_N100_V4,2.1197079913690686
modern,0,b_N100_V4,2.1007920149713755
modern,0,b_N100_V4,2.096540993079543
modern,0,b_N100_V4,2.0748330280184746
modern,0,b_N100_V4,2.082083956338465
modern,0,b_N100_V4,2.0870830630883574
modern,0,b_N100_V4,2.111625042743981
modern,0,b_N100_V4,2.0897090435028076
modern,0,b_N100_V4,2.093916991725564
modern,0,b_N100_V4,2.0916250068694353
modern,0,b_N100_V4,2.130500040948391
modern,0,b_N100_V4,2.1052920492365956
modern,0,b_N100_V4,2.1065420005470514
modern,0,b_N100_V4,2.1274160826578736
modern,0,b_N100_V4,2.0882090320810676
modern,0,b_N100_V4,2.0796660101041198
modern,0,b_N100_V4,2.091667032800615
modern,0,b_N100_V4,2.081249956972897
modern,0,b_N100_V4,2.0819170167669654
modern,0,b_N100_V4,2.08062503952533
modern,0,b_N100_V4,2.0759999752044678
modern,0,b_N100_V4,2.116458024829626
modern,0,b_N100_V4,2.0839590579271317
modern,0,b_N100_V4,2.0843329839408398
modern,0,b_N100_V4,2.0905000856146216
modern,0,b_N100_V4,2.0847501000389457
modern,0,b_N100_V4,2.0807080436497927
modern,0,b_N100_V4,2.1170000545680523
modern,0,b_N100_V4,2.1030830685049295
modern,0,b_N100_V4,2.0769169786944985
modern,0,b_N100_V4,2.1072919480502605
modern,0,b_N100_V4,2.119207987561822
modern,0,b_N100_V4,2.0920420065522194
modern,0,b_N100_V4,2.0757090533152223
modern,0,b_N100_V4,2.0860000513494015
modern,0,b_N100_V4,2.0693750120699406
modern,0,b_N100_V4,2.0754580618813634
modern,0,b_N100_V4,2.0916659850627184
modern,0,b_N100_V4,2.0767500391229987
modern,0,b_N100_V4,2.06845800857991
modern,0,b_N100_V4,2.087125089019537
modern,0,b_N100_V4,2.0767500391229987
modern,0,b_N100_V4,2.188042039051652
modern,0,b_N100_V4,2.1207089303061366
modern,0,b_N100_V4,2.114624949172139
modern,0,b_N100_V4,2.0631669322028756
modern,0,b_N100_V4,2.119624987244606
modern,0,b_N100_V4,2.2024159552529454
modern,0,b_N100_V4,2.210542093962431
modern,0,b_N100_V4,2.1970000816509128
modern,0,b_N100_V4,2.1937499986961484
modern,0,b_N100_V4,2.179584000259638
modern,0,b_N100_V4,2.292416989803314
modern,0,b_N100_V4,2.165124984458089
modern,0,b_N100_V4,2.157915965653956
modern,0,b_N100_V4,2.165667014196515
modern,0,b_N100_V4,2.1807500161230564
modern,0,b_N100_V4,2.180499956011772
modern,0,b_N100_V4,2.156750066205859
modern,0,b_N100_V4,2.145166974514723
modern,0,b_N100_V4,2.1509170765057206
modern,0,b_N100_V4,2.1531250094994903
modern,0,b_N100_V4,2.3032909957692027
modern,0,b_N100_V4,2.1785841090604663
modern,0,b_N100_V4,2.1948330104351044
modern,0,b_N100_V4,2.1341670071706176
modern,0,b_N100_V4,2.1382910199463367
modern,0,b_N100_V4,2.142417011782527
modern,0,b_N100_V4,2.1754170302301645
modern,0,b_N100_V4,2.166291931644082
modern,0,b_N100_V4,2.1629580296576023
modern,0,b_N100_V4,2.118416945450008
modern,0,b_N100_V4,2.1535420091822743
modern,0,b_N100_V4,2.1713749738410115
modern,0,b_N100_V4,2.224833006039262
modern,0,b_N100_V4,2.1728749852627516
modern,0,b_N100_V4,2.1717080380767584
modern,0,b_N100_V4,2.1585830254480243
modern,0,b_N100_V4,2.1473750239238143
modern,0,b_N100_V4,2.1197081077843904
modern,0,b_N100_V4,2.1858339896425605
modern,0,b_N100_V4,2.156500006094575
modern,0,b_N100_V4,2.168874954804778
modern,0,b_N100_V4,2.1644999505952
modern,0,b_N100_V4,2.143917023204267
modern,0,b_N100_V4,2.1302499808371067
modern,0,b_N100_V4,2.934625023044646
modern,0,b_N100_V4,2.2786660119891167
modern,0,b_N100_V4,2.2694580256938934
modern,0,b_N100_V4,2.2227499866858125
modern,0,b_N100_V4,2.2193340118974447
modern,0,b_N100_V4,2.202250063419342
modern,0,b_N100_V4,2.2105000680312514
modern,0,b_N100_V4,2.2062500938773155
modern,0,b_N100_V4,2.301375032402575
modern,0,b_N100_V4,2.1892499644309282
modern,0,b_N100_V4,2.193916938267648
modern,0,b_N100_V4,2.1634160075336695
modern,0,b_N100_V4,2.168874954804778
modern,0,b_N100_V4,2.1887499606236815
modern,0,b_N100_V4,2.232791972346604
modern,0,b_N100_V4,2.1659169578924775
modern,0,b_N100_V4,2.188374986872077
modern,0,b_N100_V4,2.177832997404039
modern,0,b_N100_V4,2.276916988193989
modern,0,b_N100_V4,2.1732919849455357
modern,0,b_N100_V4,2.1842080168426037
modern,0,b_N100_V4,2.2070410195738077
modern,0,b_N100_V4,2.1847080206498504
modern,0,b_N100_V4,2.1393749630078673
modern,0,b_N100_V4,2.1314170444384217
modern,0,b_N100_V4,2.1215840242803097
modern,0,b_N100_V4,2.1323340479284525
modern,0,b_N100_V4,2.123250043950975
modern,0,b_N100_V4,2.145542064681649
modern,0,b_N100_V4,2.1046249894425273
modern,0,b_N100_V4,2.1187079837545753
modern,0,b_N100_V4,2.120541990734637
modern,0,b_N100_V4,2.1063339663669467
modern,0,b_N100_V4,2.1210419945418835
modern,0,b_N100_V4,2.1166669903323054
modern,0,b_N100_V4,2.1531250094994903
modern,0,b_N100_V4,2.118582953698933
modern,0,b_N100_V4,2.103040926158428
modern,0,b_N100_V4,2.2508749971166253
modern,0,b_N100_V4,2.482083044014871
modern,0,b_N100_V4,2.1581670735031366
modern,0,b_N100_V4,2.1592500852420926
modern,0,b_N100_V4,2.104249899275601
modern,0,b_N100_V4,2.119292039424181
modern,0,b_N100_V4,2.1153748966753483
modern,0,b_N100_V4,2.113624941557646
modern,0,b_N100_V4,2.1073329262435436
modern,0,b_N100_V4,2.1172499982640147
modern,0,b_N100_V4,2.1144169149920344
modern,0,b_N100_V4,2.1566669456660748
modern,0,b_N100_V4,2.091333968564868
modern,0,b_N100_V4,2.1077919518575072
modern,0,b_N100_V4,2.1132499678060412
modern,0,b_N100_V4,2.0998340332880616
modern,0,b_N100_V4,2.095709089189768
modern,0,b_N100_V4,2.08679202478379
modern,0,b_N100_V4,2.0948750898241997
modern,0,b_N100_V4,2.0840830402448773
modern,0,b_N100_V4,2.1002499852329493
modern,0,b_N100_V4,2.11704196408391
modern,0,b_N100_V4,2.099041943438351
modern,0,b_N100_V4,2.090624999254942
modern,0,b_N100_V4,2.0994169171899557
modern,0,b_N100_V4,2.088082954287529
modern,0,b_N100_V4,2.114292001351714
modern,0,b_N100_V4,2.092291950248182
modern,0,b_N100_V4,2.094290917739272
modern,0,b_N100_V4,2.0909999730065465
modern,0,b_N100_V4,2.104999963194132
modern,0,b_N100_V4,2.0849580178037286
modern,0,b_N100_V4,2.1132080582901835
modern,0,b_N100_V4,2.0920420065522194
modern,0,b_N100_V4,2.104290993884206
modern,0,b_N100_V4,2.081042039208114
modern,0,b_N100_V4,2.08395894151181
modern,0,b_N100_V4,2.1015829406678677
modern,0,b_N100_V4,2.0976669620722532
modern,0,b_N100_V4,2.102124970406294
modern,0,b_N100_V4,2.0905829733237624
modern,0,b_N100_V4,2.1263340022414923
modern,0,b_N100_V4,2.9326670337468386
modern,0,b_N100_V4,2.204707940109074
modern,0,b_N100_V4,2.2127500269562006
modern,0,b_N100_V4,2.1633339347317815
modern,0,b_N100_V4,2.155207912437618
modern,0,b_N100_V4,2.2101670037955046
modern,0,b_N100_V4,2.1508749341592193
modern,0,b_N100_V4,2.146582934074104
modern,0,b_N100_V4,2.165582962334156
modern,0,b_N100_V4,2.158291987143457
modern,0,b_N100_V4,2.1532910177484155
modern,0,b_N100_V4,2.152040950022638
modern,0,b_N100_V4,2.1156660513952374
modern,0,b_N100_V4,2.13329098187387
modern,0,b_N100_V4,2.1255830070003867
modern,0,b_N100_V4,2.0995839731767774
modern,0,b_N100_V4,2.119333017617464
modern,0,b_N100_V4,2.1324169356375933
modern,0,b_N100_V4,2.1376670338213444
modern,0,b_N100_V4,2.1466659381985664
modern,0,b_N100_V4,2.1123329643160105
modern,0,b_N100_V4,2.159666968509555
modern,0,b_N100_V4,2.141583012416959
modern,0,b_N100_V4,2.1188330138102174
modern,0,b_N100_V4,2.1392920752987266
modern,0,b_N100_V4,2.144042053259909
modern,0,b_N100_V4,2.113583032041788
modern,0,b_N100_V4,2.1411250345408916
modern,0,b_N100_V4,2.1369580645114183
modern,0,b_N100_V4,2.1279589273035526
modern,0,b_N100_V4,2.170166000723839
modern,0,b_N100_V4,2.1699160570278764
modern,0,b_N100_V4,2.0902910036966205
modern,0,b_N100_V4,2.1288749994710088
modern,0,b_N100_V4,2.1020829444751143
modern,0,b_N100_V4,2.1217080065980554
modern,0,b_N100_V4,2.132333000190556
modern,0,b_N100_V4,2.0947500597685575
modern,0,b_N100_V4,2.1023330045863986
modern,0,b_N100_V4,2.136792056262493
modern,0,b_N100_V4,2.1336249774321914
modern,0,b_N100_V4,2.1449580090120435
modern,0,b_N100_V4,2.1682920632883906
modern,0,b_N100_V4,2.132624969817698
modern,0,b_N100_V4,2.1258750930428505
modern,0,b_N100_V4,2.145916922017932
modern,0,b_N100_V4,2.1511660888791084
modern,0,b_N100_V4,2.1340419771149755
modern,0,b_N100_V4,2.123249927535653
modern,0,b_N100_V4,2.13329098187387
modern,0,b_N100_V4,2.1349159069359303
modern,0,b_N100_V4,2.128415973857045
modern,0,b_N100_V4,2.1691250149160624
modern,0,b_N100_V4,2.144375001080334
modern,0,b_N100_V4,2.1207500249147415
modern,0,b_N100_V4,2.1335419733077288
modern,0,b_N100_V4,2.161125070415437
modern,0,b_N100_V4,2.117207972332835
modern,0,b_N100_V4,2.1288749994710088
modern,0,b_N100_V4,2.137125004082918
modern,0,b_N100_V4,2.170124906115234
modern,0,b_N100_V4,2.206541015766561
modern,0,b_N100_V4,2.203500014729798
modern,0,b_N100_V4,2.1331249736249447
modern,0,b_N100_V4,2.1070409566164017
modern,0,b_N100_V4,2.1110420348122716
modern,0,b_N100_V4,2.110125031322241
modern,0,b_N100_V4,2.119624987244606
modern,0,b_N100_V4,2.0964579889550805
modern,0,b_N100_V4,2.087750006467104
modern,0,b_N100_V4,2.0978330867365003
modern,0,b_N100_V4,2.226875047199428
modern,0,b_N100_V4,2.1068339701741934
modern,0,b_N100_V4,2.148541039787233
modern,0,b_N100_V4,2.1039160201326013
modern,0,b_N100_V4,2.1048339549452066
modern,0,b_N100_V4,2.1033749217167497
modern,0,b_N100_V4,2.1230829879641533
modern,0,b_N100_V4,2.106292056851089
modern,0,b_N100_V4,2.1074159303680062
modern,0,b_N100_V4,2.1068749483674765
modern,0,b_N100_V4,2.1085829939693213
modern,0,b_N100_V4,2.098208060488105
modern,0,b_N100_V4,2.126708044670522
modern,0,b_N100_V4,2.1295840851962566
modern,0,b_N100_V4,2.1176249720156193
modern,0,b_N100_V4,2.11387500166893
modern,0,b_N100_V4,2.135458984412253
modern,0,b_N100_V4,2.42787494789809
modern,0,b_N100_V4,2.1146669751033187
modern,0,b_N100_V4,2.1042090374976397
modern,0,b_N100_V4,2.1317499922588468
modern,0,b_N100_V4,2.105999970808625
modern,0,b_N100_V4,2.098207944072783
modern,0,b_N100_V4,2.1289580035954714
modern,0,b_N100_V4,2.09666695445776
modern,0,b_N100_V4,2.0861669909209013
modern,0,b_N100_V4,2.1032500080764294
modern,0,b_N100_V4,2.075082971714437
modern,0,b_N100_V4,2.080584061332047
modern,0,b_N100_V4,2.0875410409644246
modern,0,b_N100_V4,2.0822080550715327
modern,0,b_N100_V4,2.0911250030621886
modern,0,b_N100_V4,2.086291089653969
modern,0,b_N100_V4,2.1300000371411443
modern,0,b_N100_V4,2.095583942718804
modern,0,b_N100_V4,2.1085829939693213
modern,0,b_N100_V4,2.1545420167967677
modern,0,b_N100_V4,2.0789169939234853
modern,0,b_N100_V4,2.103333012200892
modern,0,b_N100_V4,2.0935829961672425
modern,0,b_N100_V4,2.099375007674098
modern,0,b_N100_V4,2.084749983623624
modern,0,b_N100_V4,2.0760829793289304
modern,0,b_N100_V4,2.082084072753787
modern,0,b_N100_V4,2.1374999778345227
modern,0,b_N100_V4,2.0872079767286777
modern,0,b_N100_V4,2.1024999441578984
modern,0,b_N100_V4,2.083166968077421
modern,0,b_N100_V4,2.1310419542714953
modern,0,b_N100_V4,2.114499919116497
modern,0,b_N100_V4,2.1886670729145408
modern,0,b_N100_V4,2.2935409797355533
modern,0,b_N100_V4,2.17404100112617
modern,0,b_N100_V4,2.2882920457050204
modern,0,b_N100_V4,2.166084013879299
modern,0,b_N100_V4,2.1277080522850156
modern,0,b_N100_V4,2.153958077542484
modern,0,b_N100_V4,2.165250014513731
modern,0,b_N100_V4,2.1430000197142363
modern,0,b_N100_V4,2.141249948181212
modern,0,b_N100_V4,2.139124902896583
modern,0,b_N100_V4,2.135082962922752
modern,0,b_N100_V4,2.1351249888539314
modern,0,b_N100_V4,2.147083985619247
modern,0,b_N100_V4,2.1660419879481196
modern,0,b_N100_V4,2.133166999556124
modern,0,b_N100_V4,2.131666988134384
modern,0,b_N100_V4,2.1374999778345227
modern,0,b_N100_V4,2.1119590383023024
modern,0,b_N100_V4,2.118334057740867
modern,0,b_N100_V4,2.1325000561773777
modern,0,b_N100_V4,2.1234169835224748
modern,0,b_N100_V4,2.1375000942498446
modern,0,b_N100_V4,2.1296670893207192
modern,0,b_N100_V4,2.1418749820441008
modern,0,b_N100_V4,2.1126250503584743
modern,0,b_N100_V4,2.1121249301359057
modern,0,b_N100_V4,2.9468329157680273
modern,0,b_N100_V4,2.2799998987466097
modern,0,b_N100_V4,2.2325420286506414
modern,0,b_N100_V4,2.1919170394539833
modern,0,b_N100_V4,2.328834030777216
modern,0,b_N100_V4,2.234625048004091
modern,0,b_N100_V4,2.214540960267186
modern,0,b_N100_V4,2.1885420428588986
modern,0,b_N100_V4,2.241707989014685
modern,0,b_N100_V4,2.173708053305745
modern,0,b_N100_V4,2.169625018723309
modern,0,b_N100_V4,2.1716670598834753
modern,0,b_N100_V4,2.179624978452921
modern,0,b_N100_V4,2.1807498997077346
modern,0,b_N100_V4,2.1732079330831766
modern,0,b_N100_V4,2.156791975721717
modern,0,b_N100_V4,2.159249968826771
modern,0,b_N100_V4,2.1682499209418893
modern,0,b_N100_V4,2.2060839692130685
modern,0,b_N100_V4,2.1685840329155326
modern,0,b_N100_V4,2.1576249273493886
modern,0,b_N100_V4,2.1750410087406635
modern,0,b_N100_V4,2.1452499786391854
modern,0,b_N100_V4,2.156208036467433
modern,0,b_N100_V4,2.191583043895662
modern,0,b_N100_V4,2.1509589860215783
modern,0,b_N100_V4,2.1656249882653356
modern,0,b_N100_V4,2.20074993558228
modern,0,b_N100_V4,2.14412494096905
modern,0,b_N100_V4,2.1599169122055173
modern,0,b_N100_V4,2.133958972990513
modern,0,b_N100_V4,2.1242499351501465
modern,0,b_N100_V4,2.1607920061796904
modern,0,b_N100_V4,2.2293749498203397
modern,0,b_N100_V4,2.2337500704452395
modern,0,b_N100_V4,2.2459999890998006
modern,0,b_N100_V4,2.1671669092029333
modern,0,b_N100_V4,2.756458008661866
modern,0,b_N100_V4,2.287916955538094
modern,0,b_N100_V4,2.2696249652653933
modern,0,b_N100_V4,2.1704999962821603
modern,0,b_N100_V4,2.182291937060654
modern,0,b_N100_V4,2.179750008508563
modern,0,b_N100_V4,2.1947500063106418
modern,0,b_N100_V4,2.1897919941693544
modern,0,b_N100_V4,2.213750034570694
modern,0,b_N100_V4,2.187708974815905
modern,0,b_N100_V4,2.164584002457559
modern,0,b_N100_V4,2.165250014513731
modern,0,b_N100_V4,2.1792090265080333
modern,0,b_N100_V4,2.168250037357211
modern,0,b_N100_V4,2.1774169290438294
modern,0,b_N100_V4,2.1709580905735493
modern,0,b_N100_V4,2.1565419156104326
modern,0,b_N100_V4,2.1208339603617787
modern,0,b_N100_V4,2.1415420342236757
modern,0,b_N100_V4,2.1414579823613167
modern,0,b_N100_V4,2.1695829927921295
modern,0,b_N100_V4,2.18270905315876
modern,0,b_N100_V4,2.172083011828363
modern,0,b_N100_V4,2.181084011681378
modern,0,b_N100_V4,2.137084025889635
modern,0,b_N100_V4,2.165792044252157
modern,0,b_N100_V4,2.1350840106606483
modern,0,b_N100_V4,2.1713749738410115
modern,0,b_N100_V4,2.2311669308692217
modern,0,b_N100_V4,2.1507919300347567
modern,0,b_N100_V4,2.146415994502604
modern,0,b_N100_V4,2.124416991136968
modern,0,b_N100_V4,2.1903750021010637
modern,0,b_N100_V4,2.2174170007929206
modern,0,b_N100_V4,2.1400420228019357
modern,0,b_N100_V4,2.1531250094994903
modern,0,b_N100_V4,2.124833990819752
modern,0,b_N100_V4,2.1455419482663274
modern,0,b_N100_V4,2.1300839725881815
modern,0,b_N100_V4,2.47000006493181
modern,0,b_N100_V4,2.209958038292825
modern,0,b_N100_V4,2.1518340799957514
modern,0,b_N100_V4,2.143750083632767
modern,0,b_N100_V4,2.149083069525659
modern,0,b_N100_V4,2.1810419857501984
modern,0,b_N100_V4,2.1700419019907713
modern,0,b_N100_V4,2.161583979614079
modern,0,b_N100_V4,2.140666008926928
modern,0,b_N100_V4,2.151041990146041
modern,0,b_N100_V4,2.1523749455809593
modern,0,b_N100_V4,2.1525409538298845
modern,0,b_N100_V4,2.158625051379204
modern,0,b_N100_V4,2.1721250377595425
modern,0,b_N100_V4,2.133667003363371
modern,0,b_N100_V4,2.1606669761240482
modern,0,b_N100_V4,2.161292009986937
modern,0,b_N100_V4,2.230415935628116
modern,0,b_N100_V4,2.2347919875755906
modern,0,b_N100_V4,2.2732089273631573
modern,0,b_N100_V4,2.2207499714568257
modern,0,b_N100_V4,2.167832921259105
modern,0,b_N100_V4,2.1697499323636293
modern,0,b_N100_V4,2.1592079428955913
modern,0,b_N100_V4,2.166750025935471
modern,0,b_N100_V4,2.2812499664723873
modern,0,b_N100_V4,2.1577499574050307
modern,0,b_N100_V4,2.152125001884997
modern,0,b_N100_V4,2.149209030903876
modern,0,b_N100_V4,2.1287910640239716
modern,0,b_N100_V4,2.1445000311359763
modern,0,b_N100_V4,2.1250839345157146
modern,0,b_N100_V4,2.163583063520491
modern,0,b_N100_V4,2.185082994401455
modern,0,b_N100_V4,2.1392079070210457
modern,0,b_N100_V4,2.122957957908511
modern,0,b_N100_V4,2.1970419911667705
modern,0,b_N100_V4,2.1270839497447014
modern,0,b_N100_V4,2.1378749515861273
modern,0,b_N100_V4,2.127624931745231
modern,0,b_N100_V4,2.1177090238779783
modern,0,b_N100_V4,2.124125021509826
modern,0,b_N100_V4,2.145749982446432
modern,0,b_N100_V4,2.1172920241951942
modern,0,b_N100_V4,2.1440830314531922
modern,0,b_N100_V4,2.158749965019524
modern,0,b_N100_V4,2.152416971512139
modern,0,b_N100_V4,2.1324160043150187
modern,0,b_N100_V4,2.1209169644862413
modern,0,b_N100_V4,2.1270839497447014
modern,0,b_N100_V4,2.182082971557975
modern,0,b_N100_V4,2.119916956871748
modern,0,b_N100_V4,2.111624926328659
modern,0,b_N100_V4,2.1175829460844398
modern,0,b_N100_V4,2.1172920241951942
modern,0,b_N100_V4,2.1104159532114863
modern,0,b_N100_V4,2.1364589920267463
modern,0,b_N100_V4,2.17858306132257
modern,0,b_N100_V4,2.138999989256263
modern,0,b_N100_V4,2.1189580438658595
modern,0,b_N100_V4,2.1303329849615693
modern,0,b_N100_V4,2.1284589311107993
modern,0,b_N100_V4,2.1371659822762012
modern,0,b_N100_V4,2.1379999816417694
modern,0,b_N100_V4,2.1390829933807254
modern,0,b_N100_V4,2.1294999169185758
modern,0,b_N100_V4,2.112500020302832
modern,0,b_N100_V4,2.1453750086948276
modern,0,b_N100_V4,2.1388750756159425
modern,0,b_N100_V4,2.1159580210223794
modern,0,b_N100_V4,2.1547910291701555
modern,0,b_N100_V4,2.1807500161230564
modern,0,b_N100_V4,2.1142500918358564
modern,0,b_N100_V4,2.112500020302832
modern,0,b_N100_V4,2.1263330709189177
modern,0,b_N100_V4,2.119458978995681
modern,0,b_N100_V4,2.1445000311359763
modern,0,b_N100_V4,2.2314160596579313
modern,0,b_N100_V4,2.173249959014356
modern,0,b_N100_V4,2.1484580356627703
modern,0,b_N100_V4,2.2104999516159296
modern,0,b_N100_V4,2.1358750527724624
modern,0,b_N100_V4,2.1355829667299986
modern,0,b_N100_V4,2.12141708470881
modern,0,b_N100_V4,2.1317499922588468
modern,0,b_N100_V4,2.122333040460944
modern,0,b_N100_V4,2.12441710755229
modern,0,b_N100_V4,2.1212080027908087
modern,0,b_N100_V4,2.161958022043109
modern,0,b_N100_V4,2.3829169804230332
modern,0,b_N100_V4,2.1175829460844398
modern,0,b_N100_V4,2.122167032212019
modern,0,b_N100_V4,2.1171659464016557
modern,0,b_N100_V4,2.101792022585869
modern,0,b_N100_V4,2.1656249882653356
modern,0,b_N100_V4,2.1272499579936266
modern,0,b_N100_V4,2.1110830130055547
modern,0,b_N100_V4,2.110959030687809
modern,0,b_N100_V4,2.133833011612296
modern,0,b_N100_V4,2.1114590344950557
modern,0,b_N100_V4,2.1518750581890345
modern,0,b_N100_V4,2.1192500134930015
modern,0,b_N100_V4,2.115416922606528
modern,0,b_N100_V4,2.1360840182751417
modern,0,b_N100_V4,2.1003750152885914
modern,0,b_N100_V4,2.117166994139552
modern,0,b_N100_V4,2.112917019985616
modern,0,b_N100_V4,2.121750032529235
modern,0,b_N100_V4,2.124666003510356
modern,0,b_N100_V4,2.1591250551864505
modern,0,b_N100_V4,2.194958971813321
modern,0,b_N100_V4,2.149250009097159
modern,0,b_N100_V4,2.131875022314489
modern,0,b_N100_V4,2.1044580498710275
modern,0,b_N100_V4,2.1454159868881106
modern,0,b_N100_V4,2.1102920873090625
modern,0,b_N100_V4,2.1188330138102174
modern,0,b_N100_V4,2.1052920492365956
modern,0,b_N100_V4,2.1217919420450926
modern,0,b_N100_V4,2.136375056579709
modern,0,b_N100_V4,2.113124937750399
modern,0,b_N100_V4,2.2031250409781933
modern,0,b_N100_V4,2.1097909193485975
modern,0,b_N100_V4,2.116332994773984
modern,0,b_N100_V4,2.143791993148625
modern,0,b_N100_V4,2.1092089591547847
modern,0,b_N100_V4,2.113542053848505
modern,0,b_N100_V4,2.111666020937264
modern,0,b_N100_V4,2.1292909514158964
modern,0,b_N100_V4,2.2099160123616457
modern,0,b_N100_V4,2.1560840541496873
modern,0,b_N100_V4,2.1127500804141164
modern,0,b_N100_V4,2.0973330829292536
modern,0,b_N100_V4,2.1212910069152713
modern,0,b_N100_V4,2.096541109494865
modern,0,b_N100_V4,2.1091250237077475
modern,0,b_N100_V4,2.106750034727156
modern,0,b_N100_V4,2.2003749618306756
modern,0,b_N100_V4,2.260542009025812
modern,0,b_N100_V4,2.2710419725626707
modern,0,b_N100_V4,2.6051249587908387
modern,0,b_N100_V4,2.3444159887731075
modern,0,b_N100_V4,2.3221250157803297
modern,0,b_N100_V4,2.2487500682473183
modern,0,b_N100_V4,2.2763750748708844
modern,0,b_N100_V4,2.278916072100401
modern,0,b_N100_V4,2.2700410336256027
modern,0,b_N100_V4,2.214167034253478
modern,0,b_N100_V4,2.246083924546838
modern,0,b_N100_V4,2.1854169899597764
modern,0,b_N100_V4,2.3458750220015645
modern,0,b_N100_V4,2.1992080146446824
modern,0,b_N100_V4,2.8767919866368175
modern,0,b_N100_V4,2.2549580316990614
modern,0,b_N100_V4,2.2937500616535544
modern,0,b_N100_V4,2.188917016610503
modern,0,b_N100_V4,2.2267079912126064
modern,0,b_N100_V4,2.228582976385951
modern,0,b_N100_V4,2.215250045992434
modern,0,b_N100_V4,2.1715000038966537
modern,0,b_N100_V4,2.2242499981075525
modern,0,b_N100_V4,2.163000055588782
modern,0,b_N100_V4,2.206917037256062
modern,0,b_N100_V4,2.1680830977857113
modern,0,b_N100_V4,2.195499953813851
modern,0,b_N100_V4,2.167708007618785
modern,0,b_N100_V4,2.2038749884814024
modern,0,b_N100_V4,2.150957938283682
modern,0,b_N100_V4,2.1438749972730875
modern,0,b_N100_V4,2.2059170296415687
modern,0,b_N100_V4,2.25741695612669
modern,0,b_N100_V4,2.3252919781953096
modern,0,b_N100_V4,2.2201670799404383
modern,0,b_N100_V4,2.202542033046484
modern,0,b_N100_V4,2.1677500335499644
modern,0,b_N100_V4,2.1785839926451445
modern,0,b_N100_V4,2.153416979126632
modern,0,b_N100_V4,2.156958100385964
modern,0,b_N100_V4,2.155624912120402
modern,0,b_N100_V4,2.155833994038403
modern,0,b_N100_V4,2.1751669701188803
modern,0,b_N100_V4,2.1709169959649444
modern,0,b_N100_V4,2.1817919332534075
modern,0,b_N100_V4,2.195082954131067
modern,0,b_N100_V4,2.2058329777792096
modern,0,b_N100_V4,2.191209001466632
modern,0,b_N100_V4,2.2133750608190894
modern,0,b_N100_V4,2.1582089830189943
modern,0,b_N100_V4,2.1927080815657973
modern,0,b_N100_V4,2.168125007301569
modern,0,b_N100_V4,2.1923750173300505
modern,0,b_N100_V4,2.1606250666081905
modern,0,b_N100_V4,2.2457080194726586
modern,0,b_N100_V4,2.204999909736216
modern,0,b_N100_V4,2.2109579294919968
modern,0,b_N100_V4,2.219791989773512
modern,0,b_N100_V4,2.201499999500811
modern,0,b_N100_V4,2.2504159715026617
modern,0,b_N100_V4,2.182292053475976
modern,0,b_N100_V4,2.1772499894723296
modern,0,b_N100_V4,2.166750025935471
modern,0,b_N100_V4,2.162459073588252
modern,0,b_N100_V4,2.225833013653755
modern,0,b_N100_V4,2.1504160249605775
modern,0,b_N100_V4,2.5056670419871807
modern,0,b_N100_V4,2.280042041093111
modern,0,b_N100_V4,2.2331250365823507
modern,0,b_N100_V4,2.190000028349459
modern,0,b_N100_V4,2.185666933655739
modern,0,b_N100_V4,2.195750013925135
modern,0,b_N100_V4,2.172374981455505
modern,0,b_N100_V4,2.162666991353035
modern,0,b_N100_V4,2.203082898631692
modern,0,b_N100_V4,2.1588329691439867
modern,0,b_N100_V4,2.1698339842259884
modern,0,b_N100_V4,2.171790925785899
modern,0,b_N100_V4,2.1501670125871897
modern,0,b_N100_V4,2.1483750315383077
modern,0,b_N100_V4,2.1706250263378024
modern,0,b_N100_V4,2.1430000197142363
modern,0,b_N100_V4,2.266500028781593
modern,0,b_N100_V4,2.1461250726133585
modern,0,b_N100_V4,2.154833055101335
modern,0,b_N100_V4,2.1784580312669277
modern,0,b_N100_V4,2.1586669608950615
modern,0,b_N100_V4,2.1364169660955667
modern,0,b_N100_V4,2.1324160043150187
modern,0,b_N100_V4,2.140500000678003
modern,0,b_N100_V4,2.2371249506250024
modern,0,b_N100_V4,2.128959051333368
modern,0,b_N100_V4,2.1224579541012645
modern,0,b_N100_V4,2.142790937796235
modern,0,b_N100_V4,2.1482500014826655
modern,0,b_N100_V4,2.150333020836115
modern,0,b_N100_V4,2.1342079853639007
modern,0,b_N100_V4,2.109499997459352
modern,0,b_N100_V4,2.1035830723121762
modern,0,b_N100_V4,2.096167067065835
modern,0,b_N100_V4,2.107999986037612
modern,0,b_N100_V4,2.1015830570831895
modern,0,b_N100_V4,2.101916936226189
modern,0,b_N100_V4,2.091374946758151
modern,0,b_N100_V4,2.1046249894425273
modern,0,b_N100_V4,2.085041953250766
modern,0,b_N100_V4,2.1386250155046582
modern,0,b_N100_V4,2.1017499966546893
modern,0,b_N100_V4,2.095957985147834
modern,0,b_N100_V4,2.0974159706383944
modern,0,b_N100_V4,2.124540973454714
modern,0,b_N100_V4,2.411792054772377
modern,0,b_N100_V4,2.116083982400596
modern,0,b_N100_V4,2.0947910379618406
modern,0,b_N100_V4,2.1112500689923763
modern,0,b_N100_V4,2.105083898641169
modern,0,b_N100_V4,2.1792500047013164
modern,0,b_N100_V4,2.093957969918847
modern,0,b_N100_V4,2.1003340370953083
modern,0,b_N100_V4,2.223124960437417
modern,0,b_N100_V4,2.220374997705221
modern,0,b_N100_V4,2.2381249582394958
modern,0,b_N100_V4,2.2017909213900566
modern,0,b_N100_V4,2.18654191121459
modern,0,b_N100_V4,2.1933340467512608
modern,0,b_N100_V4,2.163790981285274
modern,0,b_N100_V4,2.192292013205588
modern,0,b_N100_V4,2.2204170236364007
modern,0,b_N100_V4,2.168542006984353
modern,0,b_N100_V4,2.7382500702515244
modern,0,b_N100_V4,2.2882920457050204
modern,0,b_N100_V4,2.2232909686863422
modern,0,b_N100_V4,2.163292025215924
modern,0,b_N100_V4,2.220833906903863
modern,0,b_N100_V4,2.1792909828945994
modern,0,b_N100_V4,2.1645419765263796
modern,0,b_N100_V4,2.175165922380984
modern,0,b_N100_V4,2.2499999031424522
modern,0,b_N100_V4,2.1420830162242055
modern,0,b_N100_V4,2.193374908529222
modern,0,b_N100_V4,2.175249974243343
modern,0,b_N100_V4,2.1733329631388187
modern,0,b_N100_V4,2.149041974917054
modern,0,b_N100_V4,2.1179589675739408
modern,0,b_N100_V4,2.1699999924749136
modern,0,b_N100_V4,2.142000012099743
modern,0,b_N100_V4,2.157874987460673
modern,0,b_N100_V4,2.193958032876253
modern,0,b_N100_V4,2.1677089389413595
modern,0,b_N100_V4,2.119750017300248
modern,0,b_N100_V4,2.1364169660955667
modern,0,b_N100_V4,2.1683339728042483
modern,0,b_N100_V4,2.1584159694612026
modern,0,b_N100_V4,2.1637919126078486
modern,0,b_N100_V4,2.1852919599041343
modern,0,b_N100_V4,2.160665928386152
modern,0,b_N100_V4,2.1481249714270234
modern,0,b_N100_V4,2.1534160478040576
modern,0,b_N100_V4,2.178375027142465
modern,0,b_N100_V4,2.1277499618008733
modern,0,b_N100_V4,2.165375044569373
modern,0,b_N100_V4,2.144208992831409
modern,0,b_N100_V4,2.161749987863004
modern,0,b_N100_V4,2.153458073735237
modern,0,b_N100_V4,2.1423330763354897
modern,0,b_N100_V4,2.135499962605536
modern,0,b_N100_V4,2.1568749798461795
modern,0,b_N100_V4,2.1648749243468046
modern,0,b_N100_V4,2.1919169230386615
modern,0,b_N100_V4,2.125917002558708
modern,0,b_N100_V4,2.1591249387711287
modern,0,b_N100_V4,2.135832910425961
modern,0,b_N100_V4,2.1467090118676424
modern,0,b_N100_V4,2.141500008292496
modern,0,b_N100_V4,2.1357920486479998
modern,0,b_N100_V4,2.1122919861227274
modern,0,b_N100_V4,2.1952500101178885
modern,0,b_N100_V4,2.154582994990051
modern,0,b_N100_V4,2.1627919049933553
modern,0,b_N100_V4,2.242540940642357
modern,0,b_N100_V4,2.1767501020804048
modern,0,b_N100_V4,2.182082971557975
modern,0,b_N100_V4,2.1686250111088157
modern,0,b_N100_V4,2.1620839834213257
modern,0,b_N100_V4,2.1903750021010637
modern,0,b_N100_V4,2.165209036320448
modern,0,b_N100_V4,2.227041986770928
modern,0,b_N100_V4,2.1426669554784894
modern,0,b_N100_V4,2.141083008609712
modern,0,b_N100_V4,2.205875003710389
modern,0,b_N100_V4,2.1760420640930533
modern,0,b_N100_V4,2.153292065486312
modern,0,b_N100_V4,2.1568749798461795
modern,0,b_N100_V4,2.146832994185388
modern,0,b_N100_V4,2.162500051781535
modern,0,b_N100_V4,2.1715840557590127
modern,0,b_N100_V4,2.126457984559238
modern,0,b_N100_V4,2.15933402068913
modern,0,b_N100_V4,2.160833915695548
modern,0,b_N100_V4,2.1865410963073373
modern,0,b_N100_V4,2.1745829144492745
modern,0,b_N100_V4,2.168874954804778
modern,0,b_N100_V4,2.1342079853639007
modern,0,b_N100_V4,2.130083041265607
modern,0,b_N100_V4,2.1340000675991178
modern,0,b_N100_V4,2.119750017300248
modern,0,b_N100_V4,2.1463329903781414
modern,0,b_N100_V4,2.1802500123158097
modern,0,b_N100_V4,2.2416249848902225
modern,0,b_N100_V4,2.165124984458089
modern,0,b_N100_V4,2.1919170394539833
modern,0,b_N100_V4,2.133707981556654
modern,0,b_N100_V4,2.1433340152725577
modern,0,b_N100_V4,2.159582916647196
modern,0,b_N100_V4,2.148166997358203
modern,0,b_N100_V4,2.1222089417278767
modern,0,b_N100_V4,2.1600419422611594
modern,0,b_N100_V4,2.159041934646666
modern,0,b_N100_V4,2.117082942277193
modern,0,b_N100_V4,2.151292050257325
modern,0,b_N100_V4,2.1745830308645964
modern,0,b_N100_V4,2.127500018104911
modern,0,b_N100_V4,2.129708998836577
modern,0,b_N100_V4,2.131458022631705
modern,0,b_N100_V4,2.160416916012764
modern,0,b_N100_V4,2.1339580416679382
modern,0,b_N100_V4,2.1233749575912952
modern,0,b_N100_V4,2.1243339870125055
modern,0,b_N100_V4,2.1280419314280152
modern,0,b_N100_V4,2.1057919366285205
modern,0,b_N100_V4,2.131875022314489
modern,0,b_N100_V4,2.167208935134113
modern,0,b_N100_V4,2.135082962922752
modern,0,b_N100_V4,2.1114579867571592
modern,0,b_N100_V4,2.096917014569044
modern,0,b_N100_V4,2.1248330594971776
modern,0,b_N100_V4,2.1132919937372208
modern,0,b_N100_V4,2.0984590519219637
modern,0,b_N100_V4,2.1830000914633274
modern,0,b_N100_V4,2.2100829519331455
modern,0,b_N100_V4,2.229750039987266
modern,0,b_N100_V4,2.1648749243468046
modern,0,b_N100_V4,2.1412079222500324
modern,0,b_N100_V4,2.9634160455316305
modern,0,b_N100_V4,2.2777089616283774
modern,0,b_N100_V4,2.2137080086395144
modern,0,b_N100_V4,2.2097500041127205
modern,0,b_N100_V4,2.290832926519215
modern,0,b_N100_V4,2.2011660039424896
modern,0,b_N100_V4,2.2052499698475003
modern,0,b_N100_V4,2.1828330354765058
modern,0,b_N100_V4,2.222375012934208
modern,0,b_N100_V4,2.1767080761492252
modern,0,b_N100_V4,2.1735409973189235
modern,0,b_N100_V4,2.1737500792369246
modern,0,b_N100_V4,2.220250084064901
modern,0,b_N100_V4,2.1767090074718
modern,0,b_N100_V4,2.17366695869714
modern,0,b_N100_V4,2.1432089852169156
modern,0,b_N100_V4,2.154333982616663
modern,0,b_N100_V4,2.1504159085452557
modern,0,b_N100_V4,2.2672920022159815
modern,0,b_N100_V4,2.1648340625688434
modern,0,b_N100_V4,2.1522080060094595
modern,0,b_N100_V4,2.1528329234570265
modern,0,b_N100_V4,2.15150008443743
modern,0,b_N100_V4,2.1677500335499644
modern,0,b_N100_V4,2.1389169851318
modern,0,b_N100_V4,2.1511660888791084
modern,0,b_N100_V4,2.1575000137090683
modern,0,b_N100_V4,2.182917087338865
modern,0,b_N100_V4,2.147875027731061
modern,0,b_N100_V4,2.17720796354115
modern,0,b_N100_V4,2.145332982763648
modern,0,b_N100_V4,2.1526250056922436
modern,0,b_N100_V4,2.167415921576321
modern,0,b_N100_V4,2.156500006094575
modern,0,b_N100_V4,2.2422090405598283
modern,0,b_N100_V4,2.169415936805308
modern,0,b_N100_V4,2.1644580410793424
modern,0,b_N100_V4,2.1490410435944796
modern,0,b_N100_V4,2.135041053406894
modern,0,b_N100_V4,2.1712500602006912
modern,0,b_N100_V4,2.1419170079752803
modern,0,b_N100_V4,2.2178750950843096
modern,0,b_N100_V4,2.1803330164402723
modern,0,b_N100_V4,2.1561660105362535
modern,0,b_N100_V4,2.127500018104911
modern,0,b_N100_V4,2.1557079162448645
modern,0,b_N100_V4,2.1379590034484863
modern,0,b_N100_V4,2.1349169546738267
modern,0,b_N100_V4,2.1394999930635095
modern,0,b_N100_V4,2.153957961127162
modern,0,b_N100_V4,2.1635410375893116
modern,0,b_N100_V4,2.1480830619111657
modern,0,b_N100_V4,2.1277080522850156
modern,0,b_N100_V4,2.1235829917714
modern,0,b_N100_V4,2.1371670300140977
modern,0,b_N100_V4,2.249916084110737
modern,0,b_N100_V4,2.229875070042908
modern,0,b_N100_V4,2.300166990607977
modern,0,b_N100_V4,2.1645419765263796
modern,0,b_N100_V4,2.173457993194461
modern,0,b_N100_V4,2.293667057529092
modern,0,b_N100_V4,2.2564170649275184
modern,0,b_N100_V4,2.2230830509215593
modern,0,b_N100_V4,2.217500004917383
modern,0,b_N100_V4,2.1351659670472145
modern,0,b_N100_V4,2.27462500333786
modern,0,b_N100_V4,2.1789580350741744
modern,0,b_N100_V4,2.2435839055106044
modern,0,b_N100_V4,2.1715419134125113
modern,0,b_N100_V4,2.2012079134583473
modern,0,b_N100_V4,2.1826670272275805
modern,0,b_N100_V4,2.2355419350787997
modern,0,b_N100_V4,2.2261670092120767
modern,0,b_N100_V4,2.23016703967005
modern,0,b_N100_V4,2.120707998983562
modern,0,b_N100_V4,2.2042080527171493
modern,0,b_N100_V4,2.2163749672472477
modern,0,b_N100_V4,2.2572079906240106
modern,0,b_N100_V4,2.209666999988258
modern,0,b_N100_V4,2.239959081634879
modern,0,b_N100_V4,2.1308750146999955
modern,0,b_N100_V4,2.263333066366613
modern,0,b_N100_V4,2.2372910752892494
modern,0,b_N100_V4,2.2511669667437673
modern,0,b_N100_V4,2.1539999870583415
modern,0,b_N100_V4,2.2605409612879157
modern,0,b_N100_V4,2.174832974560559
modern,0,b_N100_V4,2.248791977763176
modern,0,b_N100_V4,2.2489590337499976
modern,0,b_N100_V4,2.259833039715886
modern,0,b_N100_V4,2.134541980922222
modern,0,b_N100_V4,2.451417036354542
modern,0,b_N100_V4,2.2873750422149897
modern,0,b_N100_V4,2.248625038191676
modern,0,b_N100_V4,2.159584080800414
modern,0,b_N100_V4,2.225042087957263
modern,0,b_N100_V4,2.1280410001054406
modern,0,b_N100_V4,2.2006669314578176
modern,0,b_N100_V4,2.2374578984454274
modern,0,b_N100_V4,2.2372500970959663
modern,0,b_N100_V4,2.18954193405807
modern,0,b_N100_V4,2.2302919533103704
modern,0,b_N100_V4,2.149250009097159
modern,0,b_N100_V4,2.234749961644411
modern,0,b_N100_V4,2.2073329892009497
modern,0,b_N100_V4,2.2259580437093973
modern,0,b_N100_V4,2.230667043477297
modern,0,b_N100_V4,2.240166999399662
modern,0,b_N100_V4,2.107165986672044
modern,0,b_N100_V4,2.2027500672265887
modern,0,b_N100_V4,2.2027500672265887
modern,0,b_N100_V4,2.218417008407414
modern,0,b_N100_V4,2.135958056896925
modern,0,b_N100_V4,2.212999970652163
modern,0,b_N100_V4,2.0907499128952622
modern,0,b_N100_V4,2.217666944488883
modern,0,b_N100_V4,2.196707995608449
modern,0,b_N100_V4,2.2038751048967242
modern,0,b_N100_V4,2.170291030779481
modern,0,b_N100_V4,2.149208099581301
modern,0,b_N100_V4,2.149041974917054
modern,0,b_N100_V4,2.148499945178628
modern,0,b_N100_V4,2.1514579420909286
modern,0,b_N100_V4,2.123125013895333
modern,0,b_N100_V4,2.1648750407621264
modern,0,b_N100_V4,2.146625076420605
modern,0,b_N100_V4,2.184333046898246
modern,0,b_N100_V4,2.1628750255331397
modern,0,b_N100_V4,2.127750078216195
modern,0,b_N100_V4,2.1307499846443534
modern,0,b_N100_V4,2.1365840220823884
modern,0,b_N100_V4,2.3908750154078007
modern,0,b_N100_V4,2.124416991136968
modern,0,b_N100_V4,2.1791249746456742
modern,0,b_N100_V4,2.128582913428545
modern,0,b_N100_V4,2.1276669576764107
modern,0,b_N100_V4,2.1256249165162444
modern,0,b_N100_V4,2.1100420271977782
modern,0,b_N100_V4,2.122167032212019
modern,0,b_N100_V4,2.124084043316543
modern,0,b_N100_V4,2.100749989040196
modern,0,b_N100_V4,2.105458057485521
modern,0,b_N100_V4,2.114207949489355
modern,0,b_N100_V4,2.2146670380607247
modern,0,b_N100_V4,2.1102080354467034
modern,0,b_N100_V4,2.131334040313959
modern,0,b_N100_V4,2.1183330100029707
modern,0,b_N100_V4,2.1092089591547847
modern,0,b_N100_V4,2.120999968610704
modern,0,b_N100_V4,2.1102079190313816
modern,0,b_N100_V4,2.114624949172139
modern,0,b_N100_V4,2.127458923496306
modern,0,b_N100_V4,2.11404194124043
modern,0,b_N100_V4,2.1255420288071036
modern,0,b_N100_V4,2.1432499634101987
modern,0,b_N100_V4,2.1397919626906514
modern,0,b_N100_V4,2.5774589739739895
modern,0,b_N100_V4,2.333916025236249
modern,0,b_N100_V4,2.142583020031452
modern,0,b_N100_V4,2.1370419999584556
modern,0,b_N100_V4,2.1239171037450433
modern,0,b_N100_V4,2.1166671067476273
modern,0,b_N100_V4,2.1137919975444674
modern,0,b_N100_V4,2.1156249567866325
modern,0,b_N100_V4,2.1528329234570265
modern,0,b_N100_V4,2.125374972820282
modern,0,b_N100_V4,2.1222089417278767
modern,0,b_N100_V4,2.1128749940544367
modern,0,b_N100_V4,2.1077499259263277
modern,0,b_N100_V4,2.126874984242022
modern,0,b_N100_V4,2.1057920530438423
modern,0,b_N100_V4,2.119958051480353
modern,0,b_N100_V4,2.110667061060667
modern,0,b_N100_V4,2.096042037010193
modern,0,b_N100_V4,2.105999970808625
modern,0,b_N100_V4,2.143500023521483
modern,0,b_N100_V4,2.2070410195738077
modern,0,b_N100_V4,2.174624940380454
modern,0,b_N100_V4,2.1474999375641346
modern,0,b_N100_V4,2.135624992661178
modern,0,b_N100_V4,2.4722919333726168
modern,0,b_N100_V4,2.1380409598350525
modern,0,b_N100_V4,2.1357920486479998
modern,0,b_N100_V4,2.1325830603018403
modern,0,b_N100_V4,2.1316660568118095
modern,0,b_N100_V4,2.200209069997072
modern,0,b_N100_V4,2.1233330480754375
modern,0,b_N100_V4,2.1807500161230564
modern,0,b_N100_V4,2.1935420809313655
modern,0,b_N100_V4,2.1068750647827983
modern,0,b_N100_V4,2.1346251014620066
modern,0,b_N100_V4,2.122916979715228
modern,0,b_N100_V4,2.1183330100029707
modern,0,b_N100_V4,2.1105409832671285
modern,0,b_N100_V4,2.112540998496115
modern,0,b_N100_V4,2.141791977919638
modern,0,b_N100_V4,2.120874938555062
modern,0,b_N100_V4,2.117375028319657
modern,0,b_N100_V4,2.11854197550565
modern,0,b_N100_V4,2.103417064063251
modern,0,b_N100_V4,2.099334029480815
modern,0,b_N100_V4,2.0992920035496354
modern,0,b_N100_V4,2.098584081977606
modern,0,b_N100_V4,2.108583110384643
modern,0,b_N100_V4,2.1074170945212245
modern,0,b_N100_V4,2.103416947647929
modern,0,b_N100_V4,2.1375000942498446
modern,0,b_N100_V4,2.1076659904792905
modern,0,b_N100_V4,2.110790926963091
modern,0,b_N100_V4,2.120874938555062
modern,0,b_N100_V4,2.119207987561822
modern,0,b_N100_V4,2.0962919807061553
modern,0,b_N100_V4,2.1522920578718185
modern,0,b_N100_V4,2.11387500166893
modern,0,b_N100_V4,2.107459004037082
modern,0,b_N100_V4,2.1150839747861028
modern,0,b_N100_V4,2.1747919963672757
modern,0,b_N100_V4,2.1485830657184124
modern,0,b_N100_V4,2.133667003363371
modern,0,b_N100_V4,2.10100004915148
modern,0,b_N100_V4,2.1271249279379845
modern,0,b_N100_V4,2.1195000736042857
modern,0,b_N100_V4,2.101916936226189
modern,0,b_N100_V4,2.1126659121364355
modern,0,b_N100_V4,2.113124937750399
modern,0,b_N100_V4,2.094374969601631
modern,0,b_N100_V4,2.1031249780207872
modern,0,b_N100_V4,2.7644590009003878
modern,0,b_N100_V4,2.2780420258641243
modern,0,b_N100_V4,2.2250000620260835
modern,0,b_N100_V4,2.1763750119134784
modern,0,b_N100_V4,2.1848330507054925
modern,0,b_N100_V4,2.161709009669721
modern,0,b_N100_V4,2.1625410299748182
modern,0,b_N100_V4,2.1573330741375685
modern,0,b_N100_V4,2.177500049583614
modern,0,b_N100_V4,2.5450410321354866
modern,0,b_N100_V4,2.9503750847652555
modern,0,b_N100_V4,2.8665000572800636
modern,0,b_N100_V4,2.638207981362939
modern,0,b_N100_V4,3.097750013694167
modern,0,b_N100_V4,2.420416916720569
modern,0,b_N100_V4,2.6467080460861325
modern,0,b_N100_V4,2.634792006574571
modern,0,b_N100_V4,2.6580420089885592
modern,0,b_N100_V4,2.4165420327335596
modern,0,b_N100_V4,2.8834999538958073
modern,0,b_N100_V4,2.874084049835801
modern,0,b_N100_V4,2.9464999679476023
modern,0,b_N100_V4,2.6385419769212604
modern,0,b_N100_V4,2.871542004868388
modern,0,b_N100_V4,2.850083983503282
modern,0,b_N100_V4,3.106708056293428
modern,0,b_N100_V4,2.634959062561393
modern,0,b_N100_V4,3.065041033551097
modern,0,b_N100_V4,2.604125067591667
modern,0,b_N100_V4,2.833582926541567
modern,0,b_N100_V4,2.858041087165475
modern,0,b_N100_V4,2.8449579840525985
modern,0,b_N100_V4,2.8182920068502426
modern,0,b_N100_V4,2.6127080200240016
modern,0,b_N100_V4,2.805582946166396
modern,0,b_N100_V4,2.6812079595401883
modern,0,b_N100_V4,3.029415966011584
modern,0,b_N100_V4,2.5964159285649657
modern,0,b_N100_V4,2.6042090030387044
modern,0,b_N100_V4,2.831999910995364
modern,0,b_N100_V4,2.6046669809147716
modern,0,b_N100_V4,2.5150839937850833
modern,0,b_N100_V4,2.594416029751301
modern,0,b_N100_V4,2.8328750049695373
modern,0,b_N100_V4,3.0162499751895666
modern,0,b_N100_V4,2.8082909993827343
modern,0,b_N100_V4,2.363082952797413
modern,0,b_N100_V4,2.6246249908581376
modern,0,b_N100_V4,2.790333004668355
modern,0,b_N100_V4,2.622750005684793
modern,0,b_N100_V4,2.7899170527234674
modern,0,b_N100_V4,2.696082927286625
modern,0,b_N100_V4,2.803041017614305
modern,0,b_N100_V4,2.8293340001255274
modern,0,b_N100_V4,2.58862494956702
modern,0,b_N100_V4,2.601750078611076
modern,0,b_N100_V4,2.364667016081512
modern,0,b_N100_V4,2.6541249826550484
modern,0,b_N100_V4,2.582999994046986
modern,0,b_N100_V4,3.031125059351325
modern,0,b_N100_V4,2.596333040855825
modern,0,b_N100_V4,2.8428329387679696
modern,0,b_N100_V4,2.6552919298410416
modern,0,b_N100_V4,2.6392079889774323
modern,0,b_N100_V4,2.795291948132217
modern,0,b_N100_V4,2.3968330351635814
modern,0,b_N100_V4,2.4160000029951334
modern,0,b_N100_V4,2.604458015412092
modern,0,b_N100_V4,2.407959080301225
modern,0,b_N100_V4,2.2112090373411775
modern,0,b_N100_V4,2.160875010304153
modern,0,b_N100_V4,2.134040929377079
modern,0,b_N100_V4,2.15466704685241
modern,0,b_N100_V4,2.117458963766694
modern,0,b_N100_V4,2.1398330572992563
modern,0,b_N100_V4,2.136792056262493
modern,0,b_N100_V4,2.1078750723972917
modern,0,b_N100_V4,2.094792085699737
modern,0,b_N100_V4,2.1142500918358564
modern,0,b_N100_V4,2.0977500826120377
modern,0,b_N100_V4,2.1172499982640147
modern,0,b_N100_V4,2.1106660133227706
modern,0,b_N100_V4,2.1880000131204724
modern,0,b_N100_V4,2.112083020620048
modern,0,b_N100_V4,2.1039589773863554
modern,0,b_N100_V4,2.0932499319314957
modern,0,b_N100_V4,2.1051670191809535
modern,0,b_N100_V4,2.1082080202177167
modern,0,b_N100_V4,2.1040840074419975
modern,0,b_N100_V4,2.1026249742135406
modern,0,b_N100_V4,2.092209062539041
modern,0,b_N100_V4,2.086249995045364
modern,0,b_N100_V4,2.0982500864192843
modern,0,b_N100_V4,2.1324590779840946
modern,0,b_N100_V4,2.0932910265401006
modern,0,b_N100_V4,2.091667032800615
modern,0,b_N100_V4,2.0884169498458505
modern,0,b_N100_V4,2.073333947919309
modern,0,b_N100_V4,2.0736251026391983
modern,0,b_N100_V4,2.1147499792277813
modern,0,b_N100_V4,2.089209039695561
modern,0,b_N100_V4,2.0941669354215264
modern,0,b_N100_V4,2.1019160049036145
modern,0,b_N100_V4,2.106167026795447
modern,0,b_N100_V4,2.090958063490689
modern,0,b_N100_V4,2.1067910129204392
modern,0,b_N100_V4,2.091167028993368
modern,0,b_N100_V4,2.0903330296278
modern,0,b_N100_V4,2.0910840248689055
modern,0,b_N100_V4,2.082709106616676
modern,0,b_N100_V4,2.086167107336223
modern,0,b_N100_V4,2.1141660399734974
modern,0,b_N100_V4,2.1145419450476766
modern,0,b_N100_V4,2.090624999254942
modern,0,b_N100_V4,2.1255420288071036
modern,0,b_N100_V4,2.0889589795842767
modern,0,b_N100_V4,2.08062503952533
modern,0,b_N100_V4,2.085417043417692
modern,0,b_N100_V4,2.092667040415108
modern,0,b_N100_V4,2.1012499928474426
modern,0,b_N100_V4,2.0998340332880616
modern,0,b_N100_V4,2.088958048261702
modern,0,b_N100_V4,2.1009170450270176
modern,0,b_N100_V4,2.0890000741928816
modern,0,b_N100_V4,2.1296250633895397
modern,0,b_N100_V4,2.09199998062104
modern,0,b_N100_V4,2.0988339092582464
modern,0,b_N100_V4,2.101791906170547
modern,0,b_N100_V4,2.0912500331178308
modern,0,b_N100_V4,2.2411670070141554
modern,0,b_N100_V4,2.2469169925898314
modern,0,b_N100_V4,2.1688330452889204
modern,0,b_N100_V4,2.1987920626997948
modern,0,b_N100_V4,2.1811670158058405
modern,0,b_N100_V4,2.218708978034556
modern,0,b_N100_V4,2.139124902896583
modern,0,b_N100_V4,2.1630419651046395
modern,0,b_N100_V4,2.154959016479552
modern,0,b_N100_V4,2.1665829699486494
modern,0,b_N100_V4,2.1710830042138696
modern,0,b_N100_V4,2.1604589419439435
modern,0,b_N100_V4,2.142166020348668
modern,0,b_N100_V4,2.175249974243343
modern,0,b_N100_V4,2.204167074523866
modern,0,b_N100_V4,2.189667080529034
modern,0,b_N100_V4,2.211540937423706
modern,0,b_N100_V4,2.1745420526713133
modern,0,b_N100_V4,2.120707998983562
modern,0,b_N100_V4,2.1524999756366014
modern,0,b_N100_V4,2.209208905696869
modern,0,b_N100_V4,2.1834169747307897
modern,0,b_N100_V4,2.1621250780299306
modern,0,b_N100_V4,2.1929999347776175
modern,0,b_N100_V4,2.501250011846423
modern,0,b_N100_V4,2.216208027675748
modern,0,b_N100_V4,2.2020420292392373
modern,0,b_N100_V4,2.1825829753652215
modern,0,b_N100_V4,2.145166974514723
modern,0,b_N100_V4,2.127500018104911
modern,0,b_N100_V4,2.142542041838169
modern,0,b_N100_V4,2.147749997675419
modern,0,b_N100_V4,2.112042042426765
modern,0,b_N100_V4,2.16283299960196
modern,0,b_N100_V4,2.1498750429600477
modern,0,b_N100_V4,2.149958978407085
modern,0,b_N100_V4,2.1444589365273714
modern,0,b_N100_V4,2.2540829377248883
modern,0,b_N100_V4,2.1147079532966018
modern,0,b_N100_V4,2.1629580296576023
modern,0,b_N100_V4,2.1423749858513474
modern,0,b_N100_V4,2.1482090232893825
modern,0,b_N100_V4,2.143750083632767
modern,0,b_N100_V4,2.154374960809946
modern,0,b_N100_V4,2.1607920061796904
modern,0,b_N100_V4,2.140500000678003
modern,0,b_N100_V4,2.1367500303313136
modern,0,b_N100_V4,2.194290980696678
modern,0,b_N100_V4,2.176417037844658
modern,0,b_N100_V4,2.1319580264389515
modern,0,b_N100_V4,2.1127499639987946
modern,0,b_N100_V4,2.157999901100993
modern,0,b_N100_V4,2.1414579823613167
modern,0,b_N100_V4,2.1644999505952
modern,0,b_N100_V4,2.1577499574050307
modern,0,b_N100_V4,2.1927079651504755
modern,0,b_N100_V4,2.641791943460703
modern,0,b_N100_V4,2.2678750101476908
modern,0,b_N100_V4,2.220249967649579
modern,0,b_N100_V4,2.158000017516315
modern,0,b_N100_V4,2.2163750836625695
modern,0,b_N100_V4,2.157249953597784
modern,0,b_N100_V4,2.1385420113801956
modern,0,b_N100_V4,2.1482500014826655
modern,0,b_N100_V4,2.122374949976802
modern,0,b_N100_V4,2.1435420494526625
modern,0,b_N100_V4,2.128250082023442
modern,0,b_N100_V4,2.1140420576557517
modern,0,b_N100_V4,2.15916708111763
modern,0,b_N100_V4,2.1161669865250587
modern,0,b_N100_V4,2.120250021107495
modern,0,b_N100_V4,2.1039999555796385
modern,0,b_N100_V4,2.115124952979386
modern,0,b_N100_V4,2.109042019583285
modern,0,b_N100_V4,2.2043329663574696
modern,0,b_N100_V4,2.1704999962821603
modern,0,b_N100_V4,2.0978329703211784
modern,0,b_N100_V4,2.0980420522391796
modern,0,b_N100_V4,2.135917078703642
modern,0,b_N100_V4,2.1193750435486436
modern,0,b_N100_V4,2.1130420500412583
modern,0,b_N100_V4,2.088083070702851
modern,0,b_N100_V4,2.097708056680858
modern,0,b_N100_V4,2.1009169286116958
modern,0,b_N100_V4,2.0986669696867466
modern,0,b_N100_V4,2.0914579508826137
modern,0,b_N100_V4,2.104667015373707
modern,0,b_N100_V4,2.0933339837938547
modern,0,b_N100_V4,2.087624976411462
modern,0,b_N100_V4,2.155833994038403
modern,0,b_N100_V4,2.096042037010193
modern,0,b_N100_V4,2.1005000453442335
modern,0,b_N100_V4,2.1157499868422747
modern,0,b_N100_V4,2.108333050273359
modern,0,b_N100_V4,2.087750006467104
modern,0,b_N100_V4,2.0972919883206487
modern,0,b_N100_V4,2.101083053275943
modern,0,b_N100_V4,2.107582986354828
modern,0,b_N100_V4,2.101208083331585
modern,0,b_N100_V4,2.617166959680617
modern,0,b_N100_V4,2.482707961462438
modern,0,b_N100_V4,2.241958980448544
modern,0,b_N100_V4,2.199999988079071
modern,0,b_N100_V4,2.1981250029057264
modern,0,b_N100_V4,2.1595839643850923
modern,0,b_N100_V4,2.1944999461993575
modern,0,b_N100_V4,2.1560420282185078
modern,0,b_N100_V4,2.145749982446432
modern,0,b_N100_V4,2.1338750375434756
modern,0,b_N100_V4,2.1582500776275992
modern,0,b_N100_V4,2.2024160716682673
modern,0,b_N100_V4,2.151167020201683
modern,0,b_N100_V4,2.136500086635351
modern,0,b_N100_V4,2.1363749401643872
modern,0,b_N100_V4,2.1425419254228473
modern,0,b_N100_V4,2.1336249774321914
modern,0,b_N100_V4,2.135458984412253
modern,0,b_N100_V4,2.1322499960660934
modern,0,b_N100_V4,2.1336249774321914
modern,0,b_N100_V4,2.1434170193970203
modern,0,b_N100_V4,2.247333060950041
modern,0,b_N100_V4,2.225582953542471
modern,0,b_N100_V4,2.18941702041775
modern,0,b_N100_V4,2.1617920137941837
modern,0,b_N100_V4,2.156832953915
modern,0,b_N100_V4,2.1444170270115137
modern,0,b_N100_V4,2.145332982763648
modern,0,b_N100_V4,2.1478330017998815
modern,0,b_N100_V4,2.162249991670251
modern,0,b_N100_V4,2.1503750467672944
modern,0,b_N100_V4,2.172625041566789
modern,0,b_N100_V4,2.1589999087154865
modern,0,b_N100_V4,2.12824996560812
modern,0,b_N100_V4,2.153957961127162
modern,0,b_N100_V4,2.155708963982761
modern,0,b_N100_V4,2.1949579240754247
modern,0,b_N100_V4,2.160582924261689
modern,0,b_N100_V4,2.1431250497698784
modern,0,b_N100_V4,2.1310829324647784
modern,0,b_N100_V4,2.1769999293610454
modern,0,b_N100_V4,2.1827920572832227
modern,0,b_N100_V4,2.1633340511471033
modern,0,b_N100_V4,2.170042018406093
modern,0,b_N100_V4,2.1265000104904175
modern,0,b_N100_V4,2.128500025719404
modern,0,b_N100_V4,2.1252500591799617
modern,0,b_N100_V4,2.125500002875924
modern,0,b_N100_V4,2.120083081535995
modern,0,b_N100_V4,2.1160419564694166
modern,0,b_N100_V4,2.1377078955993056
modern,0,b_N100_V4,2.1317499922588468
modern,0,b_N100_V4,2.156540984287858
modern,0,b_N100_V4,2.1213749423623085
modern,0,b_N100_V4,2.1410409826785326
modern,0,b_N100_V4,2.1408749744296074
modern,0,b_N100_V4,2.1331249736249447
modern,0,b_N100_V4,2.1484580356627703
modern,0,b_N100_V4,2.1201249910518527
modern,0,b_N100_V4,2.1278749918565154
modern,0,b_N100_V4,2.1447910694405437
modern,0,b_N100_V4,2.139999996870756
modern,0,b_N100_V4,2.2380839800462127
modern,0,b_N100_V4,2.1353750489652157
modern,0,b_N100_V4,2.136541996151209
modern,0,b_N100_V4,2.1628750255331397
modern,0,b_N100_V4,2.230666927061975
modern,0,b_N100_V4,2.193916938267648
modern,0,b_N100_V4,2.1479999413713813
modern,0,b_N100_V4,2.1398329408839345
modern,0,b_N100_V4,2.1202079951763153
modern,0,b_N100_V4,2.1258749766275287
modern,0,b_N100_V4,2.121124998666346
modern,0,b_N100_V4,2.1565830102190375
modern,0,b_N100_V4,2.1459170384332538
modern,0,b_N100_V4,2.1320420783013105
modern,0,b_N100_V4,2.140458091162145
modern,0,b_N100_V4,2.1403339924290776
modern,0,b_N100_V4,2.1112910471856594
modern,0,b_N100_V4,2.1396669326350093
modern,0,b_N100_V4,2.138499985449016
modern,0,b_N100_V4,2.2259170655161142
modern,0,b_N100_V4,2.222499926574528
modern,0,b_N100_V4,2.210833947174251
modern,0,b_N100_V4,2.1732079330831766
modern,0,b_N100_V4,2.1887499606236815
modern,0,b_N100_V4,2.1809169556945562
modern,0,b_N100_V4,2.1697080228477716
modern,0,b_N100_V4,2.1675409516319633
modern,0,b_N100_V4,2.158749965019524
modern,0,b_N100_V4,2.182625001296401
modern,0,b_N100_V4,2.1671659778803587
modern,0,b_N100_V4,2.1504160249605775
modern,0,b_N100_V4,2.181458054110408
modern,0,b_N100_V4,2.1687920670956373
modern,0,b_N100_V4,2.1385839208960533
modern,0,b_N100_V4,2.145166974514723
modern,0,b_N100_V4,2.1976249990984797
modern,0,b_N100_V4,2.5794159155339003
modern,0,b_N100_V4,2.347791916690767
modern,0,b_N100_V4,2.2743329172953963
modern,0,b_N100_V4,2.248917007818818
modern,0,b_N100_V4,2.2109169512987137
modern,0,b_N100_V4,2.220666967332363
modern,0,b_N100_V4,2.269458957016468
modern,0,b_N100_V4,2.2088750265538692
modern,0,b_N100_V4,2.2300409618765116
modern,0,b_N100_V4,2.2044170182198286
modern,0,b_N100_V4,2.1966249914839864
modern,0,b_N100_V4,2.2070830455049872
modern,0,b_N100_V4,2.1780839888378978
modern,0,b_N100_V4,2.1998329320922494
modern,0,b_N100_V4,2.217791974544525
modern,0,b_N100_V4,2.1878749830648303
modern,0,b_N100_V4,2.177624963223934
modern,0,b_N100_V4,2.157583017833531
modern,0,b_N100_V4,2.139833988621831
modern,0,b_N100_V4,2.576582948677242
modern,0,b_N100_V4,2.196792047470808
modern,0,b_N100_V4,2.166750025935471
modern,0,b_N100_V4,2.1566660143435
modern,0,b_N100_V4,2.1892080549150705
modern,0,b_N100_V4,2.146375016309321
modern,0,b_N100_V4,2.1677090553566813
modern,0,b_N100_V4,2.186416066251695
modern,0,b_N100_V4,2.1938339341431856
modern,0,b_N100_V4,2.1621669875457883
modern,0,b_N100_V4,2.232624916359782
modern,0,b_N100_V4,2.1415409864857793
modern,0,b_N100_V4,2.1699999924749136
modern,0,b_N100_V4,2.1869170013815165
modern,0,b_N100_V4,2.2082090144976974
modern,0,b_N100_V4,2.1735000191256404
modern,0,b_N100_V4,2.163624973036349
modern,0,b_N100_V4,2.135082962922752
modern,0,b_N100_V4,2.162707969546318
modern,0,b_N100_V4,2.195750013925135
modern,0,b_N100_V4,2.169750048778951
modern,0,b_N100_V4,2.1596660371869802
modern,0,b_N100_V4,2.169499988667667
modern,0,b_N100_V4,2.14208394754678
modern,0,b_N100_V4,2.235166961327195
modern,0,b_N100_V4,2.2336250403895974
modern,0,b_N100_V4,2.187333069741726
modern,0,b_N100_V4,2.1857089595869184
modern,0,b_N100_V4,2.2132080048322678
modern,0,b_N100_V4,2.192083979025483
modern,0,b_N100_V4,2.163165947422385
modern,0,b_N100_V4,2.1672919392585754
modern,0,b_N100_V4,2.1919580176472664
modern,0,b_N100_V4,2.1698339842259884
modern,0,b_N100_V4,2.1522919414564967
modern,0,b_N100_V4,2.1473329979926348
modern,0,b_N100_V4,2.1600420586764812
modern,0,b_N100_V4,2.1422499557957053
modern,0,b_N100_V4,2.165375044569373
modern,0,b_N100_V4,2.193792024627328
modern,0,b_N100_V4,2.1582500776275992
modern,0,b_N100_V4,2.1580419270321727
modern,0,b_N100_V4,2.15150008443743
modern,0,b_N100_V4,2.150125103071332
modern,0,b_N100_V4,2.157374983653426
modern,0,b_N100_V4,2.1524159237742424
modern,0,b_N100_V4,2.1343749249354005
modern,0,b_N100_V4,2.1349169546738267
modern,0,b_N100_V4,2.139249932952225
modern,0,b_N100_V4,2.3319999454542994
modern,0,b_N100_V4,2.6654580142349005
modern,0,b_N100_V4,2.5771670043468475
modern,0,b_N100_V4,2.23070802167058
modern,0,b_N100_V4,2.1688750712201
modern,0,b_N100_V4,2.1762499818578362
modern,0,b_N100_V4,2.1485420875251293
modern,0,b_N100_V4,2.150624990463257
modern,0,b_N100_V4,2.1835839143022895
modern,0,b_N100_V4,2.1693340968340635
modern,0,b_N100_V4,2.146832994185388
modern,0,b_N100_V4,2.181667019613087
modern,0,b_N100_V4,2.149541978724301
modern,0,b_N100_V4,2.1493330132216215
modern,0,b_N100_V4,2.3895419435575604
modern,0,b_N100_V4,2.1556669380515814
modern,0,b_N100_V4,2.164207980968058
modern,0,b_N100_V4,2.1457920083776116
modern,0,b_N100_V4,2.153208013623953
modern,0,b_N100_V4,2.125708037056029
modern,0,b_N100_V4,2.144250087440014
modern,0,b_N100_V4,2.2654590429738164
modern,0,b_N100_V4,2.17708304990083
modern,0,b_N100_V4,2.151249907910824
modern,0,b_N100_V4,2.1432921057567
modern,0,b_N100_V4,2.1660829661414027
modern,0,b_N100_V4,2.1414589136838913
modern,0,b_N100_V4,2.15849990490824
modern,0,b_N100_V4,2.145958016626537
modern,0,b_N100_V4,2.1545840427279472
modern,0,b_N100_V4,2.1394590148702264
modern,0,b_N100_V4,2.1571250399574637
modern,0,b_N100_V4,2.1795829525217414
modern,0,b_N100_V4,2.14545801281929
modern,0,b_N100_V4,2.1527500357478857
modern,0,b_N100_V4,2.2279589902609587
modern,0,b_N100_V4,2.188791986554861
modern,0,b_N100_V4,2.1805419819429517
modern,0,b_N100_V4,2.1514579420909286
modern,0,b_N100_V4,2.154374960809946
modern,0,b_N100_V4,2.160334028303623
modern,0,b_N100_V4,2.1386659936979413
modern,0,b_N100_V4,2.171333064325154
modern,0,b_N100_V4,2.132458030246198
modern,0,b_N100_V4,2.1228750701993704
modern,0,b_N100_V4,2.1589589305222034
modern,0,b_N100_V4,2.1362080005928874
modern,0,b_N100_V4,2.16749997343868
modern,0,b_N100_V4,2.1870839409530163
modern,0,b_N100_V4,2.1246669348329306
modern,0,b_N100_V4,2.1198749309405684
modern,0,b_N100_V4,2.1067920606583357
modern,0,b_N100_V4,2.156374976038933
modern,0,b_N100_V4,2.1435830276459455
modern,0,b_N100_V4,2.114292001351714
modern,0,b_N100_V4,2.152582979761064
modern,0,b_N100_V4,2.106333035044372
modern,0,b_N100_V4,2.1072090603411198
modern,0,b_N100_V4,2.114332979544997
modern,0,b_N100_V4,2.1145830396562815
modern,0,b_N100_V4,2.1100830053910613
modern,0,b_N100_V4,2.141958102583885
modern,0,b_N100_V4,2.103458042256534
modern,0,b_N100_V4,3.303250065073371
modern,0,b_N100_V4,2.2431249963119626
modern,0,b_N100_V4,2.2092079743742943
modern,0,b_N100_V4,2.1784999407827854
modern,0,b_N100_V4,2.206042059697211
modern,0,b_N100_V4,2.7411249466240406
modern,0,b_N100_V4,2.2596250055357814
modern,0,b_N100_V4,2.2124170791357756
modern,0,b_N100_V4,2.1917499834671617
modern,0,b_N100_V4,2.170833060517907
modern,0,b_N100_V4,2.1982500329613686
modern,0,b_N100_V4,2.1697920747101307
modern,0,b_N100_V4,2.1564580965787172
modern,0,b_N100_V4,2.1431249333545566
modern,0,b_N100_V4,2.137583098374307
modern,0,b_N100_V4,2.1334579214453697
modern,0,b_N100_V4,2.1758340299129486
modern,0,b_N100_V4,2.1360409446060658
modern,0,b_N100_V4,2.120082965120673
modern,0,b_N100_V4,2.116417046636343
modern,0,b_N100_V4,2.1614159923046827
modern,0,b_N100_V4,2.1732919849455357
modern,0,b_N100_V4,2.1505000768229365
modern,0,b_N100_V4,2.120375051163137
modern,0,b_N100_V4,2.1058330312371254
modern,0,b_N100_V4,2.1136250579729676
modern,0,b_N100_V4,2.107416046783328
modern,0,b_N100_V4,2.1185000659897923
modern,0,b_N100_V4,2.1506670163944364
modern,0,b_N100_V4,2.1282079396769404
modern,0,b_N100_V4,2.3222079034894705
modern,0,b_N100_V4,3.1513330759480596
modern,0,b_N100_V4,2.3675410775467753
modern,0,b_N100_V4,3.414583974517882
modern,0,b_N100_V4,3.1086669769138098
modern,0,b_N100_V4,3.254625014960766
modern,0,b_N100_V4,3.1553340377286077
modern,0,b_N100_V4,2.436417038552463
modern,0,b_N100_V4,2.241416950710118
modern,0,b_N100_V4,2.206374891102314
modern,0,b_N100_V4,2.1926669869571924
modern,0,b_N100_V4,2.236915985122323
modern,0,b_N100_V4,2.1770839812234044
modern,0,b_N100_V4,2.1701250225305557
modern,0,b_N100_V4,2.1539999870583415
modern,0,b_N100_V4,2.1704579703509808
modern,0,b_N100_V4,2.169082988984883
modern,0,b_N100_V4,2.164624980650842
modern,0,b_N100_V4,2.2347079357132316
modern,0,b_N100_V4,2.164833014830947
modern,0,b_N100_V4,2.1497090347111225
modern,0,b_N100_V4,2.263750066049397
modern,0,b_N100_V4,2.183375065214932
modern,0,b_N100_V4,2.157166018150747
modern,0,b_N100_V4,2.155291032977402
modern,0,b_N100_V4,2.155416994355619
modern,0,b_N100_V4,2.1388339810073376
modern,0,b_N100_V4,2.1411669440567493
modern,0,b_N100_V4,2.1487498888745904
modern,0,b_N100_V4,2.134333015419543
modern,0,b_N100_V4,2.12974997702986
modern,0,b_N100_V4,2.1255420288071036
modern,0,b_N100_V4,2.153084031306207
modern,0,b_N100_V4,2.1184170618653297
modern,0,b_N100_V4,2.135167014785111
modern,0,b_N100_V4,2.1524999756366014
modern,0,b_N100_V4,2.126125036738813
modern,0,b_N100_V4,2.131042070686817
modern,0,b_N100_V4,2.1064169704914093
modern,0,b_N100_V4,2.1249999990686774
modern,0,b_N100_V4,2.1149159874767065
modern,0,b_N100_V4,2.12770898360759
modern,0,b_N100_V4,2.1487500052899122
modern,0,b_N100_V4,2.1230829879641533
modern,0,b_N100_V4,2.124416991136968
modern,0,b_N100_V4,2.114292001351714
modern,0,b_N100_V4,2.1045419853180647
modern,0,b_N100_V4,2.1297920029610395
modern,0,b_N100_V4,2.127415966242552
modern,0,b_N100_V4,2.1197920432314277
modern,0,b_N100_V4,2.136209048330784
modern,0,b_N100_V4,2.164707984775305
modern,0,b_N100_V4,2.1199999609962106
modern,0,b_N100_V4,2.236833912320435
modern,0,b_N100_V4,2.12154199834913
modern,0,b_N100_V4,2.119791926816106
modern,0,b_N100_V4,2.111665904521942
modern,0,b_N100_V4,2.116083982400596
modern,0,b_N100_V4,2.1194169530645013
modern,0,b_N100_V4,2.1130420500412583
modern,0,b_N100_V4,2.117333933711052
modern,0,b_N100_V4,2.134709036909044
modern,0,b_N100_V4,2.2273750510066748
modern,0,b_N100_V4,2.2197921061888337
modern,0,b_N100_V4,2.1632080897688866
modern,0,b_N100_V4,2.1511660888791084
modern,0,b_N100_V4,2.313916920684278
modern,0,b_N100_V4,2.1364999702200294
modern,0,b_N100_V4,2.127207932062447
modern,0,b_N100_V4,2.1204999648034573
modern,0,b_N100_V4,2.1293750032782555
modern,0,b_N100_V4,2.124457969330251
modern,0,b_N100_V4,2.149541978724301
modern,0,b_N100_V4,2.167999977245927
modern,0,b_N100_V4,2.123291022144258
modern,0,b_N100_V4,2.118749893270433
modern,0,b_N100_V4,2.1069160429760814
modern,0,b_N100_V4,2.1081248996779323
modern,0,b_N100_V4,2.111208043061197
modern,0,b_N100_V4,2.1164589561522007
modern,0,b_N100_V4,2.1029169438406825
modern,0,b_N100_V4,2.0926661090925336
modern,0,b_N100_V4,2.159041934646666
modern,0,b_N100_V4,2.0948329474776983
modern,0,b_N100_V4,2.1209169644862413
modern,0,b_N100_V4,2.125415951013565
modern,0,b_N100_V4,2.1053749369457364
modern,0,b_N100_V4,2.1033750381320715
modern,0,b_N100_V4,2.1184170618653297
modern,0,b_N100_V4,2.0901249954476953
modern,0,b_N100_V4,2.0883750403299928
modern,0,b_N100_V4,2.092209062539041
modern,0,b_N100_V4,2.132207970134914
modern,0,b_N100_V4,2.096833079122007
modern,0,b_N100_V4,2.1328749135136604
modern,0,b_N100_V4,2.11687502451241
modern,0,b_N100_V4,2.0935829961672425
modern,0,b_N100_V4,2.097417018376291
modern,0,b_N100_V4,2.335999975912273
modern,0,b_N100_V4,2.5234579807147384
modern,0,b_N100_V4,2.2719589760527015
modern,0,b_N100_V4,2.236749976873398
modern,0,b_N100_V4,2.1925000473856926
modern,0,b_N100_V4,2.1758750081062317
modern,0,b_N100_V4,2.1787500008940697
modern,0,b_N100_V4,2.2386249620467424
modern,0,b_N100_V4,2.1590000251308084
modern,0,b_N100_V4,2.1348329028114676
modern,0,b_N100_V4,2.128708059899509
modern,0,b_N100_V4,2.143041929230094
modern,0,b_N100_V4,2.15029192622751
modern,0,b_N100_V4,2.180082956328988
modern,0,b_N100_V4,2.2075839806348085
modern,0,b_N100_V4,2.160417032428086
modern,0,b_N100_V4,2.149541978724301
modern,0,b_N100_V4,2.192709012888372
modern,0,b_N100_V4,2.1502909949049354
modern,0,b_N100_V4,2.148833009414375
modern,0,b_N100_V4,2.124875085428357
modern,0,b_N100_V4,2.1222500363364816
modern,0,b_N100_V4,2.1340419771149755
modern,0,b_N100_V4,2.124875085428357
modern,0,b_N100_V4,2.2283330326899886
modern,0,b_N100_V4,2.23854195792228
modern,0,b_N100_V4,2.188083017244935
modern,0,b_N100_V4,2.244834089651704
modern,0,b_N100_V4,2.163166063837707
modern,0,b_N100_V4,2.1561250323429704
modern,0,b_N100_V4,2.156166941858828
modern,0,b_N100_V4,2.162541961297393
modern,0,b_N100_V4,2.1464999299496412
modern,0,b_N100_V4,2.588790957815945
modern,0,b_N100_V4,2.296541933901608
modern,0,b_N100_V4,2.2501249331980944
modern,0,b_N100_V4,2.247416996397078
modern,0,b_N100_V4,2.267666975967586
modern,0,b_N100_V4,2.2898749448359013
modern,0,b_N100_V4,2.2410829551517963
modern,0,b_N100_V4,2.2074590669944882
modern,0,b_N100_V4,2.2490830160677433
modern,0,b_N100_V4,2.205708995461464
modern,0,b_N100_V4,2.1613750141113997
modern,0,b_N100_V4,2.2273750510066748
modern,0,b_N100_V4,2.207958954386413
modern,0,b_N100_V4,2.181290998123586
modern,0,b_N100_V4,2.2123329108580947
modern,0,b_N100_V4,2.6347090024501085
modern,0,b_N100_V4,2.190916915424168
modern,0,b_N100_V4,2.1964580519124866
modern,0,b_N100_V4,2.188042039051652
modern,0,b_N100_V4,2.1619999315589666
modern,0,b_N100_V4,2.1985829807817936
modern,0,b_N100_V4,2.194875036366284
modern,0,b_N100_V4,2.143666031770408
modern,0,b_N100_V4,2.1742499666288495
modern,0,b_N100_V4,2.2025409853085876
modern,0,b_N100_V4,2.199457958340645
modern,0,b_N100_V4,2.2239580284804106
modern,0,b_N100_V4,2.20241688657552
modern,0,b_N100_V4,2.152083092369139
modern,0,b_N100_V4,2.158166957087815
modern,0,b_N100_V4,2.1701250225305557
modern,0,b_N100_V4,2.1489999489858747
modern,0,b_N100_V4,2.1723329555243254
modern,0,b_N100_V4,2.145709004253149
modern,0,b_N100_V4,2.1529169753193855
modern,0,b_N100_V4,2.14562495239079
modern,0,b_N100_V4,2.185791963711381
modern,0,b_N100_V4,2.147334045730531
modern,0,b_N100_V4,2.1707919659093022
modern,0,b_N100_V4,2.182750031352043
modern,0,b_N100_V4,2.131375018507242
modern,0,b_N100_V4,2.1608329843729734
modern,0,b_N100_V4,2.1974589908495545
modern,0,b_N100_V4,2.174750086851418
modern,0,b_N100_V4,2.1687080152332783
modern,0,b_N100_V4,2.177333924919367
modern,0,b_N100_V4,2.1597499726340175
modern,0,b_N100_V4,2.280707936733961
modern,0,b_N100_V4,2.172625041566789
modern,0,b_N100_V4,2.978999982587993
modern,0,b_N100_V4,2.2754169767722487
modern,0,b_N100_V4,2.2604590049013495
modern,0,b_N100_V4,2.22633290104568
modern,0,b_N100_V4,2.1903750021010637
modern,0,b_N100_V4,2.1852089557796717
modern,0,b_N100_V4,2.1969579393044114
modern,0,b_N100_V4,2.1736249327659607
modern,0,b_N100_V4,2.198833040893078
modern,0,b_N100_V4,2.1568749798461795
modern,0,b_N100_V4,2.1460000425577164
modern,0,b_N100_V4,2.130208071321249
modern,0,b_N100_V4,2.149500069208443
modern,0,b_N100_V4,2.129125059582293
modern,0,b_N100_V4,2.1401660051196814
modern,0,b_N100_V4,2.137333038263023
modern,0,b_N100_V4,2.130999928340316
modern,0,b_N100_V4,2.1308748982846737
modern,0,b_N100_V4,2.1520419977605343
modern,0,b_N100_V4,2.135041984729469
modern,0,b_N100_V4,2.127166953869164
modern,0,b_N100_V4,2.1257499465718865
modern,0,b_N100_V4,2.1257499465718865
modern,0,b_N100_V4,2.1246670512482524
modern,0,b_N100_V4,2.1738329669460654
modern,0,b_N100_V4,2.1315000485628843
modern,0,b_N100_V4,2.123792073689401
modern,0,b_N100_V4,2.1185000659897923
modern,0,b_N100_V4,2.1198750473558903
modern,0,b_N100_V4,2.527708071283996
modern,0,b_N100_V4,2.1132919937372208
modern,0,b_N100_V4,2.1441250573843718
modern,0,b_N100_V4,2.181999967433512
modern,0,b_N100_V4,2.1265839459374547
modern,0,b_N100_V4,2.1258749766275287
modern,0,b_N100_V4,2.119750017300248
modern,0,b_N100_V4,2.116292016580701
modern,0,b_N100_V4,2.1386250155046582
modern,0,b_N100_V4,2.1312920143827796
modern,0,b_N100_V4,2.1455000387504697
modern,0,b_N100_V4,2.144208992831409
modern,0,b_N100_V4,2.128167077898979
modern,0,b_N100_V4,2.1166669903323054
modern,0,b_N100_V4,2.3541670525446534
modern,0,b_N100_V4,2.1792500047013164
modern,0,b_N100_V4,2.14358395896852
modern,0,b_N100_V4,2.1467499900609255
modern,0,b_N100_V4,2.1251669386401772
modern,0,b_N100_V4,2.1209169644862413
modern,0,b_N100_V4,2.1184158977121115
modern,0,b_N100_V4,2.1841669222339988
modern,0,b_N100_V4,2.1291669690981507
modern,0,b_N100_V4,2.1314159967005253
modern,0,b_N100_V4,2.1322090178728104
modern,0,b_N100_V4,2.1698749624192715
modern,0,b_N100_V4,2.114625065587461
modern,0,b_N100_V4,2.1165000507608056
modern,0,b_N100_V4,2.11991707328707
modern,0,b_N100_V4,2.137041068635881
modern,0,b_N100_V4,2.1301250671967864
modern,0,b_N100_V4,2.3232080275192857
modern,0,b_N100_V4,2.1467499900609255
modern,0,b_N100_V4,2.244833973236382
modern,0,b_N100_V4,2.248333068564534
modern,0,b_N100_V4,2.199916052632034
modern,0,b_N100_V4,2.207291079685092
modern,0,b_N100_V4,2.1804580464959145
modern,0,b_N100_V4,2.1725839469581842
modern,0,b_N100_V4,2.158542047254741
modern,0,b_N100_V4,2.1724579855799675
modern,0,b_N100_V4,2.2227499866858125
modern,0,b_N100_V4,2.1614580182358623
modern,0,b_N100_V4,2.150333020836115
modern,0,b_N100_V4,2.143500023521483
modern,0,b_N100_V4,2.158000017516315
modern,0,b_N100_V4,2.168458071537316
modern,0,b_N100_V4,2.1670000860467553
modern,0,b_N100_V4,2.1449170308187604
modern,0,b_N100_V4,2.1440000273287296
modern,0,b_N100_V4,2.12620897218585
modern,0,b_N100_V4,2.1751669701188803
modern,0,b_N100_V4,2.1709579741582274
modern,0,b_N100_V4,2.155208960175514
modern,0,b_N100_V4,2.166750025935471
modern,0,b_N100_V4,2.141374978236854
modern,0,b_N100_V4,2.179000061005354
modern,0,b_N100_V4,2.1442919969558716
modern,0,b_N100_V4,2.137750037945807
modern,0,b_N100_V4,2.1577919833362103
modern,0,b_N100_V4,2.139875083230436
modern,0,b_N100_V4,2.1430409979075193
modern,0,b_N100_V4,2.1840000990778208
modern,0,b_N100_V4,2.1340830717235804
modern,0,b_N100_V4,2.1397500531747937
modern,0,b_N100_V4,2.1826669108122587
modern,0,b_N100_V4,2.1408749744296074
modern,0,b_N100_V4,2.130082924850285
modern,0,b_N100_V4,2.1275829058140516
modern,0,b_N100_V4,2.143917023204267
modern,0,b_N100_V4,2.142417011782527
modern,0,b_N100_V4,2.155457972548902
modern,0,b_N100_V4,2.160542062483728
modern,0,b_N100_V4,2.1477079717442393
modern,0,b_N100_V4,2.1364589920267463
modern,0,b_N100_V4,2.1372080082073808
modern,0,b_N100_V4,2.119167009368539
modern,0,b_N100_V4,2.1506660850718617
modern,0,b_N100_V4,2.2117081098258495
modern,0,b_N100_V4,2.1477920236065984
modern,0,b_N100_V4,2.119499957188964
modern,0,b_N100_V4,2.1515829721465707
modern,0,b_N100_V4,2.1184999495744705
modern,0,b_N100_V4,2.14712496381253
modern,0,b_N100_V4,2.1404169965535402
modern,0,b_N100_V4,2.1322499960660934
modern,0,b_N100_V4,2.132834051735699
modern,0,b_N100_V4,2.125540981069207
modern,0,b_N100_V4,2.1382500417530537
modern,0,b_N100_V4,2.116000046953559
modern,0,b_N100_V4,2.106916974298656
modern,0,b_N100_V4,2.116458024829626
modern,0,b_N100_V4,2.141667064279318
modern,0,b_N100_V4,2.351999981328845
modern,0,b_N100_V4,2.167041995562613
modern,0,b_N100_V4,2.163624973036349
modern,0,b_N100_V4,2.1359159145504236
modern,0,b_N100_V4,2.141042030416429
modern,0,b_N100_V4,2.165457932278514
modern,0,b_N100_V4,2.148917061276734
modern,0,b_N100_V4,2.114709001034498
modern,0,b_N100_V4,2.123457961715758
modern,0,b_N100_V4,2.1397500531747937
modern,0,b_N100_V4,2.1771250758320093
modern,0,b_N100_V4,2.1522919414564967
modern,0,b_N100_V4,2.147749997675419
modern,0,b_N100_V4,2.0935001084581017
modern,0,b_N100_V4,2.128042047843337
modern,0,b_N100_V4,2.132709021680057
modern,0,b_N100_V4,2.13425001129508
modern,0,b_N100_V4,2.1464580204337835
modern,0,b_N100_V4,2.1452499786391854
modern,0,b_N100_V4,2.102416940033436
modern,0,b_N100_V4,2.1406669402495027
modern,0,b_N100_V4,2.1403339924290776
modern,0,b_N100_V4,2.139999996870756
modern,0,b_N100_V4,2.142332959920168
modern,0,b_N100_V4,2.144583035260439
modern,0,b_N100_V4,2.121750032529235
modern,0,b_N100_V4,2.1315000485628843
modern,0,b_N100_V4,2.1344589767977595
modern,0,b_N100_V4,2.1291670855134726
modern,0,b_N100_V4,2.128042047843337
modern,0,b_N100_V4,2.1632499992847443
modern,0,b_N100_V4,2.145750098861754
modern,0,b_N100_V4,2.147541963495314
modern,0,b_N100_V4,2.17366695869714
modern,0,b_N100_V4,2.145749982446432
modern,0,b_N100_V4,2.141915960237384
modern,0,b_N100_V4,2.1735000191256404
modern,0,b_N100_V4,2.1280000219121575
modern,0,b_N100_V4,2.129417029209435
modern,0,b_N100_V4,2.1457920083776116
modern,0,b_N100_V4,2.152959001250565
modern,0,b_N100_V4,2.1336249774321914
modern,0,b_N100_V4,2.1871249191462994
modern,0,b_N100_V4,2.134209033101797
modern,0,b_N100_V4,2.147458028048277
modern,0,b_N100_V4,2.110249944962561
modern,0,b_N100_V4,2.129666041582823
modern,0,b_N100_V4,2.105582971125841
modern,0,b_N100_V4,2.1537499269470572
modern,0,b_N100_V4,2.1018750267103314
modern,0,b_N100_V4,2.1386250155046582
modern,0,b_N100_V4,2.09500000346452
modern,0,b_N100_V4,2.158000017516315
modern,0,b_N100_V4,2.1245829993858933
modern,0,b_N100_V4,2.2023749770596623
modern,0,b_N100_V4,2.1234169835224748
modern,0,b_N100_V4,2.1411660127341747
modern,0,b_N100_V4,2.113250084221363
modern,0,b_N100_V4,2.1089171059429646
modern,0,b_N100_V4,2.1397500531747937
modern,0,b_N100_V4,2.197124995291233
modern,0,b_N100_V4,2.205624943599105
modern,0,b_N100_V4,2.190541010349989
modern,0,b_N100_V4,2.1459999261423945
modern,0,b_N100_V4,2.1399579709395766
modern,0,b_N100_V4,2.125333994626999
modern,0,b_N100_V4,2.12208298034966
modern,0,b_N100_V4,2.1514580585062504
modern,0,b_N100_V4,2.2277500247582793
modern,0,b_N100_V4,2.119041047990322
modern,0,b_N100_V4,2.1167920203879476
modern,0,b_N100_V4,2.1118749864399433
modern,0,b_N100_V4,2.112707938067615
modern,0,b_N100_V4,2.1599160972982645
modern,0,b_N100_V4,2.1245829993858933
modern,0,b_N100_V4,2.1175829460844398
modern,0,b_N100_V4,2.1280000219121575
modern,0,b_N100_V4,2.1157090086489916
modern,0,b_N100_V4,2.1387910237535834
modern,0,b_N100_V4,2.137625007890165
modern,0,b_N100_V4,2.1512090461328626
modern,0,b_N100_V4,2.115083043463528
modern,0,b_N100_V4,2.1280000219121575
modern,0,b_N100_V4,2.1432500798255205
modern,0,b_N100_V4,2.201416064053774
modern,0,b_N100_V4,2.446416998282075
modern,0,b_N100_V4,2.1705839317291975
modern,0,b_N100_V4,2.1446249447762966
modern,0,b_N100_V4,2.1320839878171682
modern,0,b_N100_V4,2.1280410001054406
modern,0,b_N100_V4,2.115875016897917
modern,0,b_N100_V4,2.12004198692739
modern,0,b_N100_V4,2.125042024999857
modern,0,b_N100_V4,2.160749980248511
modern,0,b_N100_V4,2.1602079505100846
modern,0,b_N100_V4,2.1184170618653297
modern,0,b_N100_V4,2.153416979126632
modern,0,b_N100_V4,2.1110830130055547
modern,0,b_N100_V4,2.108916058205068
modern,0,b_N100_V4,2.1118340082466602
modern,0,b_N100_V4,2.1537919528782368
modern,0,b_N100_V4,2.110749948769808
modern,0,b_N100_V4,2.108416985720396
modern,0,b_N100_V4,2.105541992932558
modern,0,b_N100_V4,2.5654169730842113
modern,0,b_N100_V4,2.283249981701374
modern,0,b_N100_V4,2.707374980673194
modern,0,b_N100_V4,2.255417057313025
modern,0,b_N100_V4,2.2161250235512853
modern,0,b_N100_V4,2.185374964028597
modern,0,b_N100_V4,2.1895000245422125
modern,0,b_N100_V4,2.1742500830441713
modern,0,b_N100_V4,2.172083011828363
modern,0,b_N100_V4,2.163209021091461
modern,0,b_N100_V4,2.1559580927714705
modern,0,b_N100_V4,2.24591710139066
modern,0,b_N100_V4,2.1692499285563827
modern,0,b_N100_V4,2.148957923054695
modern,0,b_N100_V4,2.1455419482663274
modern,0,b_N100_V4,2.146958955563605
modern,0,b_N100_V4,2.2569589782506227
modern,0,b_N100_V4,2.2860419703647494
modern,0,b_N100_V4,2.1900420542806387
modern,0,b_N100_V4,2.21195793710649
modern,0,b_N100_V4,2.2250000620260835
modern,0,b_N100_V4,2.2705000592395663
modern,0,b_N100_V4,2.1727080456912518
modern,0,b_N100_V4,2.2170000011101365
modern,0,b_N100_V4,2.1772499894723296
modern,0,b_N100_V4,2.16066709253937
modern,0,b_N100_V4,2.2271249908953905
modern,0,b_N100_V4,2.1542919566854835
modern,0,b_N100_V4,2.135333023034036
modern,0,b_N100_V4,2.221332979388535
modern,0,b_N100_V4,2.1791249746456742
modern,0,b_N100_V4,2.2084579104557633
modern,0,b_N100_V4,2.2059170296415687
modern,0,b_N100_V4,2.177500049583614
modern,0,b_N100_V4,2.1626249654218554
modern,0,b_N100_V4,2.2052499698475003
modern,0,b_N100_V4,2.169584040530026
modern,0,b_N100_V4,2.145417034626007
modern,0,b_N100_V4,2.177707967348397
modern,0,b_N100_V4,2.1689170971512794
modern,0,b_N100_V4,2.154582994990051
modern,0,b_N100_V4,2.1774170454591513
modern,0,b_N100_V4,2.2642089752480388
modern,0,b_N100_V4,2.1200410556048155
modern,0,b_N100_V4,2.168542006984353
modern,0,b_N100_V4,2.169291954487562
modern,0,b_N100_V4,2.135624992661178
modern,0,b_N100_V4,2.1301249507814646
modern,0,b_N100_V4,2.1648749243468046
modern,0,b_N100_V4,2.150458050891757
modern,0,b_N100_V4,2.187000005505979
modern,0,b_N100_V4,2.164792036637664
modern,0,b_N100_V4,2.5867080548778176
modern,0,b_N100_V4,2.3136669769883156
modern,0,b_N100_V4,2.2342921001836658
modern,0,b_N100_V4,2.2185409907251596
modern,0,b_N100_V4,2.223583054728806
modern,0,b_N100_V4,2.199708018451929
modern,0,b_N100_V4,2.1865000016987324
modern,0,b_N100_V4,2.2088750265538692
modern,0,b_N100_V4,2.1958750439807773
modern,0,b_N100_V4,2.192957908846438
modern,0,b_N100_V4,2.176875015720725
modern,0,b_N100_V4,2.1718329517170787
modern,0,b_N100_V4,2.170374966226518
modern,0,b_N100_V4,2.191792009398341
modern,0,b_N100_V4,2.1791659528389573
modern,0,b_N100_V4,2.164083067327738
modern,0,b_N100_V4,2.1695829927921295
modern,0,b_N100_V4,2.1699590142816305
modern,0,b_N100_V4,2.174625056795776
modern,0,b_N100_V4,2.175500034354627
modern,0,b_N100_V4,2.209666999988258
modern,0,b_N100_V4,2.1912079537287354
modern,0,b_N100_V4,2.1542079048231244
modern,0,b_N100_V4,2.169916988350451
modern,0,b_N100_V4,2.2363750031217933
modern,0,b_N100_V4,2.2476250305771828
modern,0,b_N100_V4,2.183874952606857
modern,0,b_N100_V4,2.1701670484617352
modern,0,b_N100_V4,2.169499988667667
modern,0,b_N100_V4,2.209459082223475
modern,0,b_N100_V4,2.1643330110237002
modern,0,b_N100_V4,2.221625065430999
modern,0,b_N100_V4,2.2170840529724956
modern,0,b_N100_V4,2.1721250377595425
modern,0,b_N100_V4,2.1955000702291727
modern,0,b_N100_V4,2.193666063249111
modern,0,b_N100_V4,2.1552080288529396
modern,0,b_N100_V4,2.17366695869714
modern,0,b_N100_V4,2.171749947592616
modern,0,b_N100_V4,2.1562499459832907
modern,0,b_N100_V4,2.2473749704658985
modern,0,b_N100_V4,2.2206250578165054
modern,0,b_N100_V4,2.163165947422385
modern,0,b_N100_V4,2.15983297675848
modern,0,b_N100_V4,2.1616669837385416
modern,0,b_N100_V4,2.1648750407621264
modern,0,b_N100_V4,2.1668330300599337
modern,0,b_N100_V4,2.1675829775631428
modern,0,b_N100_V4,2.187957987189293
modern,0,b_N100_V4,2.1854171063750982
modern,0,b_N100_V4,2.1889169001951814
modern,0,b_N100_V4,2.177916932851076
modern,0,b_N100_V4,2.1834169747307897
modern,0,b_N100_V4,2.162833930924535
modern,0,b_N100_V4,2.1321659442037344
modern,0,b_N100_V4,2.1595830330625176
modern,0,b_N100_V4,2.1624580258503556
modern,0,b_N100_V4,2.153540961444378
modern,0,b_N100_V4,2.203000010922551
modern,0,b_N100_V4,2.158084069378674
modern,0,b_N100_V4,2.1877080434933305
modern,0,b_N100_V4,2.1704169921576977
modern,0,b_N100_V4,2.1712080342695117
modern,0,b_N100_V4,2.1848330507054925
modern,0,b_N100_V4,2.168833976611495
modern,0,b_N100_V4,2.1504999604076147
modern,0,b_N100_V4,2.1368750603869557
modern,0,b_N100_V4,2.165541984140873
modern,0,b_N100_V4,2.177166985347867
modern,0,b_N100_V4,2.187749953009188
modern,0,b_N100_V4,2.1639169426634908
modern,0,b_N100_V4,2.3105830186977983
modern,0,b_N100_V4,2.1992080146446824
modern,0,b_N100_V4,2.19091703183949
modern,0,b_N100_V4,2.1667920518666506
modern,0,b_N100_V4,2.1694579627364874
modern,0,b_N100_V4,2.1300410153344274
modern,0,b_N100_V4,2.146832994185388
modern,0,b_N100_V4,2.1527500357478857
modern,0,b_N100_V4,2.1810830803588033
modern,0,b_N100_V4,2.2147499257698655
modern,0,b_N100_V4,2.2127919364720583
modern,0,b_N100_V4,2.1819579415023327
modern,0,b_N100_V4,2.203957992605865
modern,0,b_N100_V4,2.2356249392032623
modern,0,b_N100_V4,2.192834042944014
modern,0,b_N100_V4,2.167208003811538
modern,0,b_N100_V4,2.158916904591024
modern,0,b_N100_V4,2.1621660562232137
modern,0,b_N100_V4,2.1393339848145843
modern,0,b_N100_V4,2.136124996468425
modern,0,b_N100_V4,2.1257909247651696
modern,0,b_N100_V4,2.133375033736229
modern,0,b_N100_V4,2.2319169947877526
modern,0,b_N100_V4,2.12974997702986
modern,0,b_N100_V4,2.126708975993097
modern,0,b_N100_V4,2.113708993420005
modern,0,b_N100_V4,2.1032500080764294
modern,0,b_N100_V4,2.1416660165414214
modern,0,b_N100_V4,2.1113750990480185
modern,0,b_N100_V4,2.1228750701993704
modern,0,b_N100_V4,2.1124170161783695
modern,0,b_N100_V4,2.120541990734637
modern,0,b_N100_V4,2.115249983035028
modern,0,b_N100_V4,2.1530420053750277
modern,0,b_N100_V4,2.1013750229030848
modern,0,b_N100_V4,2.1142499754205346
modern,0,b_N100_V4,2.107666921801865
modern,0,b_N100_V4,2.1082080202177167
modern,0,b_N100_V4,2.106791944243014
modern,0,b_N100_V4,2.098125056363642
modern,0,b_N100_V4,2.2200830280780792
modern,0,b_N100_V4,2.124457969330251
modern,0,b_N100_V4,2.116125077009201
modern,0,b_N100_V4,2.144708065316081
modern,0,b_N100_V4,2.1040410501882434
modern,0,b_N100_V4,2.0948339952155948
modern,0,b_N100_V4,2.09966697730124
modern,0,b_N100_V4,2.1113749826326966
modern,0,b_N100_V4,2.123541897162795
modern,0,b_N100_V4,2.105583087541163
modern,0,b_N100_V4,2.1157499868422747
modern,0,b_N100_V4,2.1034579258412123
modern,0,b_N100_V4,2.0988340256735682
modern,0,b_N100_V4,2.1110830130055547
modern,0,b_N100_V4,2.151540946215391
modern,0,b_N100_V4,2.1163750207051635
modern,0,b_N100_V4,2.107459004037082
modern,0,b_N100_V4,2.107542008161545
modern,0,b_N100_V4,2.117459080182016
modern,0,b_N100_V4,2.180042094551027
modern,0,b_N100_V4,2.13262508623302
modern,0,b_N100_V4,2.1046249894425273
modern,0,b_N100_V4,2.086541964672506
modern,0,b_N100_V4,2.0977919921278954
modern,0,b_N100_V4,2.1129579981788993
modern,0,b_N100_V4,2.092165988869965
modern,0,b_N100_V4,2.087790984660387
modern,0,b_N100_V4,2.088499953970313
modern,0,b_N100_V4,2.0932500483468175
modern,0,b_N100_V4,2.10470799356699
modern,0,b_N100_V4,2.084959065541625
modern,0,b_N100_V4,2.12058296892792
modern,0,b_N100_V4,2.102416008710861
modern,0,b_N100_V4,2.349582966417074
modern,0,b_N100_V4,2.3579999106004834
modern,0,b_N100_V4,2.2813339019194245
modern,0,b_N100_V4,2.1832919446751475
modern,0,b_N100_V4,2.275833976455033
modern,0,b_N100_V4,2.257999964058399
modern,0,b_N100_V4,2.271207980811596
modern,0,b_N100_V4,2.156791975721717
modern,0,b_N100_V4,2.2627089638262987
modern,0,b_N100_V4,2.1624169312417507
modern,0,b_N100_V4,2.2780420258641243
modern,0,b_N100_V4,2.2750840289518237
modern,0,b_N100_V4,2.3030840093269944
modern,0,b_N100_V4,2.1890420466661453
modern,0,b_N100_V4,2.2357089910656214
modern,0,b_N100_V4,2.1135000279173255
modern,0,b_N100_V4,2.253917045891285
modern,0,b_N100_V4,2.2620419040322304
modern,0,b_N100_V4,2.2617080248892307
modern,0,b_N100_V4,2.1492919186130166
modern,0,b_N100_V4,2.2248749155551195
modern,0,b_N100_V4,2.1699999924749136
modern,0,b_N100_V4,2.2574999602511525
modern,0,b_N100_V4,2.251832978799939
modern,0,b_N100_V4,2.2492919815704226
modern,0,b_N100_V4,2.1780419629067183
modern,0,b_N100_V4,2.2293339716270566
modern,0,b_N100_V4,2.2718750406056643
modern,0,b_N100_V4,2.2821250604465604
modern,0,b_N100_V4,2.1732919849455357
modern,0,b_N100_V4,2.267208998091519
modern,0,b_N100_V4,2.1400830009952188
modern,0,b_N100_V4,2.244125003926456
modern,0,b_N100_V4,2.291791024617851
modern,0,b_N100_V4,2.248499891720712
modern,0,b_N100_V4,2.9735409189015627
modern,0,b_N100_V4,2.385249943472445
modern,0,b_N100_V4,2.2657919907942414
modern,0,b_N100_V4,2.3375420132651925
modern,0,b_N100_V4,2.1947920322418213
modern,0,b_N100_V4,2.2890829714015126
modern,0,b_N100_V4,2.178958966396749
modern,0,b_N100_V4,2.2446250077337027
modern,0,b_N100_V4,2.236125059425831
modern,0,b_N100_V4,2.2938750917091966
modern,0,b_N100_V4,2.3059999803081155
modern,0,b_N100_V4,2.319375053048134
modern,0,b_N100_V4,2.1695418981835246
modern,0,b_N100_V4,2.3247910430654883
modern,0,b_N100_V4,2.300625084899366
modern,0,b_N100_V4,2.2788329515606165
modern,0,b_N100_V4,2.172415959648788
modern,0,b_N100_V4,2.270874916575849
modern,0,b_N100_V4,2.1917090052738786
modern,0,b_N100_V4,2.306708018295467
modern,0,b_N100_V4,2.294749952852726
modern,0,b_N100_V4,2.186457975767553
modern,0,b_N100_V4,2.1611249540001154
modern,0,b_N100_V4,2.361166989430785
modern,0,b_N100_V4,2.202874980866909
modern,0,b_N100_V4,2.2200000239536166
modern,0,b_N100_V4,2.217500004917383
modern,0,b_N100_V4,2.1692089503630996
modern,0,b_N100_V4,2.2011250257492065
modern,0,b_N100_V4,2.531333942897618
modern,0,b_N100_V4,2.2564169485121965
modern,0,b_N100_V4,2.2289579501375556
modern,0,b_N100_V4,2.2440829779952765
modern,0,b_N100_V4,2.189834020100534
modern,0,b_N100_V4,2.171542029827833
modern,0,b_N100_V4,2.210750011727214
modern,0,b_N100_V4,2.1757089998573065
modern,0,b_N100_V4,2.1598750026896596
modern,0,b_N100_V4,2.1634999429807067
modern,0,b_N100_V4,2.263709087856114
modern,0,b_N100_V4,2.16133298818022
modern,0,b_N100_V4,2.161958022043109
modern,0,b_N100_V4,2.163124969229102
modern,0,b_N100_V4,2.1481250878423452
modern,0,b_N100_V4,2.147582941688597
modern,0,b_N100_V4,2.310291980393231
modern,0,b_N100_V4,2.1461659343913198
modern,0,b_N100_V4,2.1548749646171927
modern,0,b_N100_V4,2.147749997675419
modern,0,b_N100_V4,2.1723329555243254
modern,0,b_N100_V4,2.131875022314489
modern,0,b_N100_V4,2.135833026841283
modern,0,b_N100_V4,2.12958303745836
modern,0,b_N100_V4,2.7192920679226518
modern,0,b_N100_V4,2.207583049312234
modern,0,b_N100_V4,2.1632080897688866
modern,0,b_N100_V4,2.144042053259909
modern,0,b_N100_V4,2.147582941688597
modern,0,b_N100_V4,2.140791970305145
modern,0,b_N100_V4,2.1287499694153666
modern,0,b_N100_V4,2.183874952606857
modern,0,b_N100_V4,2.144165919162333
modern,0,b_N100_V4,2.15316703543067
modern,0,b_N100_V4,2.1482909796759486
modern,0,b_N100_V4,2.1358750527724624
modern,0,b_N100_V4,2.1311250748112798
modern,0,b_N100_V4,2.133459085598588
modern,0,b_N100_V4,2.1620000479742885
modern,0,b_N100_V4,2.1210419945418835
modern,0,b_N100_V4,2.1502500167116523
modern,0,b_N100_V4,2.167708007618785
modern,0,b_N100_V4,2.1755420602858067
modern,0,b_N100_V4,2.1462079603224993
modern,0,b_N100_V4,2.1760830422863364
modern,0,b_N100_V4,2.133082947693765
modern,0,b_N100_V4,2.1602920023724437
modern,0,b_N100_V4,2.1335409255698323
modern,0,b_N100_V4,2.12958303745836
modern,0,b_N100_V4,2.122042002156377
modern,0,b_N100_V4,2.147541963495314
modern,0,b_N100_V4,2.1230829879641533
modern,0,b_N100_V4,2.1624170476570725
modern,0,b_N100_V4,2.1212910069152713
modern,0,b_N100_V4,2.1235829917714
modern,0,b_N100_V4,2.161292009986937
modern,0,b_N100_V4,2.2629579761996865
modern,0,b_N100_V4,2.2805409971624613
modern,0,b_N100_V4,2.1792498882859945
modern,0,b_N100_V4,2.172791981138289
modern,0,b_N100_V4,2.1881250431761146
modern,0,b_N100_V4,2.1632079733535647
modern,0,b_N100_V4,2.23237497266382
modern,0,b_N100_V4,2.142749959602952
modern,0,b_N100_V4,2.1553330589085817
modern,0,b_N100_V4,2.5415830314159393
modern,0,b_N100_V4,2.3026670096442103
modern,0,b_N100_V4,2.237374894320965
modern,0,b_N100_V4,2.2144169779494405
modern,0,b_N100_V4,2.214958076365292
modern,0,b_N100_V4,2.182791940867901
modern,0,b_N100_V4,2.151458989828825
modern,0,b_N100_V4,2.189624938182533
modern,0,b_N100_V4,2.1985829807817936
modern,0,b_N100_V4,2.1505829645320773
modern,0,b_N100_V4,2.1866250317543745
modern,0,b_N100_V4,2.1780839888378978
modern,0,b_N100_V4,2.1434579975903034
modern,0,b_N100_V4,2.181457937695086
modern,0,b_N100_V4,2.1746670827269554
modern,0,b_N100_V4,2.1652920404449105
modern,0,b_N100_V4,2.5157920317724347
modern,0,b_N100_V4,2.1787089062854648
modern,0,b_N100_V4,2.1785000571981072
modern,0,b_N100_V4,2.1875419188290834
modern,0,b_N100_V4,2.187166945077479
modern,0,b_N100_V4,2.232583938166499
modern,0,b_N100_V4,2.144790953025222
modern,0,b_N100_V4,2.137291943654418
modern,0,b_N100_V4,2.1714590257033706
modern,0,b_N100_V4,2.151458989828825
modern,0,b_N100_V4,2.1538330474868417
modern,0,b_N100_V4,2.136041992343962
modern,0,b_N100_V4,2.15162499807775
modern,0,b_N100_V4,2.1843340946361423
modern,0,b_N100_V4,2.1369169699028134
modern,0,b_N100_V4,2.172500011511147
modern,0,b_N100_V4,2.3683749604970217
modern,0,b_N100_V4,2.159416093491018
modern,0,b_N100_V4,2.1787500008940697
modern,0,b_N100_V4,2.165582962334156
modern,0,b_N100_V4,2.1425419254228473
modern,0,b_N100_V4,2.1257499465718865
modern,0,b_N100_V4,2.1306249545887113
modern,0,b_N100_V4,2.1683339728042483
modern,0,b_N100_V4,2.1284579997882247
modern,0,b_N100_V4,2.1263749804347754
modern,0,b_N100_V4,2.18791700899601
modern,0,b_N100_V4,2.1657500183209777
modern,0,b_N100_V4,2.1532500395551324
modern,0,b_N100_V4,2.1386250155046582
modern,0,b_N100_V4,2.160334028303623
modern,0,b_N100_V4,2.1570000099018216
modern,0,b_N100_V4,2.1619589533656836
modern,0,b_N100_V4,2.163541968911886
modern,0,b_N100_V4,2.1334579214453697
modern,0,b_N100_V4,2.261957968585193
modern,0,b_N100_V4,2.253167098388076
modern,0,b_N100_V4,2.184708951972425
modern,0,b_N100_V4,2.182082971557975
modern,0,b_N100_V4,2.170374966226518
modern,0,b_N100_V4,2.200291957706213
modern,0,b_N100_V4,2.183542004786432
modern,0,b_N100_V4,2.1615829318761826
modern,0,b_N100_V4,2.1872499492019415
modern,0,b_N100_V4,2.1910419454798102
modern,0,b_N100_V4,2.1643750369548798
modern,0,b_N100_V4,2.190583967603743
modern,0,b_N100_V4,2.1616669837385416
modern,0,b_N100_V4,2.1730420412495732
modern,0,b_N100_V4,2.150166081264615
modern,0,b_N100_V4,2.1443330915644765
modern,0,b_N100_V4,2.14179209433496
modern,0,b_N100_V4,2.15516600292176
modern,0,b_N100_V4,2.1782919066026807
modern,0,b_N100_V4,2.266624942421913
modern,0,b_N100_V4,2.13741697371006
modern,0,b_N100_V4,2.1375420037657022
modern,0,b_N100_V4,2.1303329849615693
modern,0,b_N100_V4,2.1524999756366014
modern,0,b_N100_V4,2.1407080348581076
modern,0,b_N100_V4,2.1358749363571405
modern,0,b_N100_V4,2.1191249834373593
modern,0,b_N100_V4,2.149833017028868
modern,0,b_N100_V4,2.1542080212384462
modern,0,b_N100_V4,2.2655000211670995
modern,0,b_N100_V4,2.6129160542041063
modern,0,b_N100_V4,2.2710420889779925
modern,0,b_N100_V4,2.1527920616790652
modern,0,b_N100_V4,2.1274579921737313
modern,0,b_N100_V4,2.129875007085502
modern,0,b_N100_V4,2.1771249594166875
modern,0,b_N100_V4,2.1574579877778888
modern,0,b_N100_V4,2.1476669935509562
modern,0,b_N100_V4,2.12808302603662
modern,0,b_N100_V4,2.136375056579709
modern,0,b_N100_V4,2.1603329805657268
modern,0,b_N100_V4,2.1677500335499644
modern,0,b_N100_V4,2.1505000768229365
modern,0,b_N100_V4,2.1619159961119294
modern,0,b_N100_V4,2.1288749994710088
modern,0,b_N100_V4,2.1514169638976455
modern,0,b_N100_V4,2.1425419254228473
modern,0,b_N100_V4,2.1525410702452064
modern,0,b_N100_V4,2.141249948181212
modern,0,b_N100_V4,2.1482919109985232
modern,0,b_N100_V4,2.171166008338332
modern,0,b_N100_V4,2.14695802424103
modern,0,b_N100_V4,2.1334999473765492
modern,0,b_N100_V4,2.135292044840753
modern,0,b_N100_V4,2.1523330360651016
modern,0,b_N100_V4,2.1654999582096934
modern,0,b_N100_V4,2.1377080120146275
modern,0,b_N100_V4,2.128500025719404
modern,0,b_N100_V4,2.1284579997882247
modern,0,b_N100_V4,2.1431250497698784
