tool,replicate,config,sub_ms
legacy,1,a_N100_V3+3D,5.983249982818961
legacy,1,a_N100_V3+3D,5.132957943715155
legacy,1,a_N100_V3+3D,5.041458993218839
legacy,1,a_N100_V3+3D,5.047083017416298
legacy,1,a_N100_V3+3D,5.068707978352904
legacy,1,a_N100_V3+3D,5.008333013392985
legacy,1,a_N100_V3+3D,4.99375001527369
legacy,1,a_N100_V3+3D,4.987958003766835
legacy,1,a_N100_V3+3D,4.947666893713176
legacy,1,a_N100_V3+3D,4.996332922019064
legacy,1,a_N100_V3+3D,5.042332923039794
legacy,1,a_N100_V3+3D,4.9816250102594495
legacy,1,a_N100_V3+3D,5.039916024543345
legacy,1,a_N100_V3+3D,4.979916964657605
legacy,1,a_N100_V3+3D,5.01283397898078
legacy,1,a_N100_V3+3D,4.997874959371984
legacy,1,a_N100_V3+3D,4.968749941326678
legacy,1,a_N100_V3+3D,4.962334060110152
legacy,1,a_N100_V3+3D,5.012708017602563
legacy,1,a_N100_V3+3D,5.006207968108356
legacy,1,a_N100_V3+3D,5.007083993405104
legacy,1,a_N100_V3+3D,4.959458019584417
legacy,1,a_N100_V3+3D,4.977790988050401
legacy,1,a_N100_V3+3D,4.982791026122868
legacy,1,a_N100_V3+3D,4.989208071492612
legacy,1,a_N100_V3+3D,4.931499948725104
legacy,1,a_N100_V3+3D,4.988583968952298
legacy,1,a_N100_V3+3D,4.97770810034126
legacy,1,a_N100_V3+3D,4.939541919156909
legacy,1,a_N100_V3+3D,4.950250033289194
legacy,1,a_N100_V3+3D,5.024084006436169
legacy,1,a_N100_V3+3D,4.933791933581233
legacy,1,a_N100_V3+3D,4.944583983160555
legacy,1,a_N100_V3+3D,4.986540996469557
legacy,1,a_N100_V3+3D,5.942124989815056
legacy,1,a_N100_V3+3D,5.063874996267259
legacy,1,a_N100_V3+3D,5.028125015087426
legacy,1,a_N100_V3+3D,5.00195799395442
legacy,1,a_N100_V3+3D,4.972416907548904
legacy,1,a_N100_V3+3D,4.956041928380728
legacy,1,a_N100_V3+3D,5.140707944519818
legacy,1,a_N100_V3+3D,4.962750012055039
legacy,1,a_N100_V3+3D,4.9607501132413745
legacy,1,a_N100_V3+3D,4.957458004355431
legacy,1,a_N100_V3+3D,5.02249994315207
legacy,1,a_N100_V3+3D,4.953874973580241
legacy,1,a_N100_V3+3D,4.94779204018414
legacy,1,a_N100_V3+3D,4.9793749349191785
legacy,1,a_N100_V3+3D,4.946707980707288
legacy,1,a_N100_V3+3D,4.96366701554507
legacy,1,a_N100_V3+3D,4.978000069968402
legacy,1,a_N100_V3+3D,4.936875076964498
legacy,1,a_N100_V3+3D,4.957958008162677
legacy,1,a_N100_V3+3D,4.948874935507774
legacy,1,a_N100_V3+3D,5.573875037953258
legacy,1,a_N100_V3+3D,4.955874988809228
legacy,1,a_N100_V3+3D,4.974458948709071
legacy,1,a_N100_V3+3D,4.945750115439296
legacy,1,a_N100_V3+3D,5.15970797277987
legacy,1,a_N100_V3+3D,4.930582945235074
legacy,1,a_N100_V3+3D,6.212707958184183
legacy,1,a_N100_V3+3D,5.504500004462898
legacy,1,a_N100_V3+3D,5.569083034060895
legacy,1,a_N100_V3+3D,5.4019170347601175
legacy,1,a_N100_V3+3D,5.437958985567093
legacy,1,a_N100_V3+3D,5.397332948632538
legacy,1,a_N100_V3+3D,5.402167094871402
legacy,1,a_N100_V3+3D,5.363584030419588
legacy,1,a_N100_V3+3D,5.45358401723206
legacy,1,a_N100_V3+3D,5.331791937351227
legacy,1,a_N100_V3+3D,5.491500021889806
legacy,1,a_N100_V3+3D,5.404166993685067
legacy,1,a_N100_V3+3D,5.382874980568886
legacy,1,a_N100_V3+3D,5.391250015236437
legacy,1,a_N100_V3+3D,5.420958041213453
legacy,1,a_N100_V3+3D,5.453082965686917
legacy,1,a_N100_V3+3D,5.435124970972538
legacy,1,a_N100_V3+3D,5.42087503708899
legacy,1,a_N100_V3+3D,5.3990000160411
legacy,1,a_N100_V3+3D,5.4105420131236315
legacy,1,a_N100_V3+3D,5.379167036153376
legacy,1,a_N100_V3+3D,5.366292083635926
legacy,1,a_N100_V3+3D,5.389834055677056
legacy,1,a_N100_V3+3D,5.383375100791454
legacy,1,a_N100_V3+3D,5.387375014834106
legacy,1,a_N100_V3+3D,5.290208966471255
legacy,1,a_N100_V3+3D,5.498499958775938
legacy,1,a_N100_V3+3D,5.337624927051365
legacy,1,a_N100_V3+3D,5.383958923630416
legacy,1,a_N100_V3+3D,5.363374948501587
legacy,1,a_N100_V3+3D,5.374165950343013
legacy,1,a_N100_V3+3D,5.364459007978439
legacy,1,a_N100_V3+3D,5.391624988988042
legacy,1,a_N100_V3+3D,5.336459027603269
legacy,1,a_N100_V3+3D,5.362916039302945
legacy,1,a_N100_V3+3D,5.369250080548227
legacy,1,a_N100_V3+3D,5.437583080492914
legacy,1,a_N100_V3+3D,5.343166063539684
legacy,1,a_N100_V3+3D,5.3743330063298345
legacy,1,a_N100_V3+3D,5.3675000090152025
legacy,1,a_N100_V3+3D,5.9449170948937535
legacy,1,a_N100_V3+3D,5.3747500060126185
legacy,1,a_N100_V3+3D,5.392041988670826
legacy,1,a_N100_V3+3D,5.354374996386468
legacy,1,a_N100_V3+3D,5.375916953198612
legacy,1,a_N100_V3+3D,5.344167002476752
legacy,1,a_N100_V3+3D,5.410625017248094
legacy,1,a_N100_V3+3D,5.3775409469380975
legacy,1,a_N100_V3+3D,5.3686670726165175
legacy,1,a_N100_V3+3D,5.363625008612871
legacy,1,a_N100_V3+3D,5.368042038753629
legacy,1,a_N100_V3+3D,5.33937499858439
legacy,1,a_N100_V3+3D,5.430375109426677
legacy,1,a_N100_V3+3D,5.348667036741972
legacy,1,a_N100_V3+3D,5.420791916549206
legacy,1,a_N100_V3+3D,5.345874931663275
legacy,1,a_N100_V3+3D,5.3434999426826835
legacy,1,a_N100_V3+3D,5.403916933573782
legacy,1,a_N100_V3+3D,5.40570798330009
legacy,1,a_N100_V3+3D,5.355000030249357
legacy,1,a_N100_V3+3D,5.868125008419156
legacy,1,a_N100_V3+3D,5.037249997258186
legacy,1,a_N100_V3+3D,5.255708936601877
legacy,1,a_N100_V3+3D,5.020082928240299
legacy,1,a_N100_V3+3D,5.067999940365553
legacy,1,a_N100_V3+3D,5.084292031824589
legacy,1,a_N100_V3+3D,5.034792004153132
legacy,1,a_N100_V3+3D,5.001042038202286
legacy,1,a_N100_V3+3D,4.9924589693546295
legacy,1,a_N100_V3+3D,5.1108329789713025
legacy,1,a_N100_V3+3D,5.10308297816664
legacy,1,a_N100_V3+3D,5.080000031739473
legacy,1,a_N100_V3+3D,5.070875049568713
legacy,1,a_N100_V3+3D,4.941583028994501
legacy,1,a_N100_V3+3D,5.004667094908655
legacy,1,a_N100_V3+3D,4.9802500288933516
legacy,1,a_N100_V3+3D,5.052292020991445
legacy,1,a_N100_V3+3D,4.946583998389542
legacy,1,a_N100_V3+3D,5.017082905396819
legacy,1,a_N100_V3+3D,4.946750006638467
legacy,1,a_N100_V3+3D,4.9964169738814235
legacy,1,a_N100_V3+3D,5.055167013779283
legacy,1,a_N100_V3+3D,5.018207943066955
legacy,1,a_N100_V3+3D,4.939291975460947
legacy,1,a_N100_V3+3D,4.989458015188575
legacy,1,a_N100_V3+3D,5.030374974012375
legacy,1,a_N100_V3+3D,5.162709043361247
legacy,1,a_N100_V3+3D,5.046167061664164
legacy,1,a_N100_V3+3D,4.91358304861933
legacy,1,a_N100_V3+3D,4.992375033907592
legacy,1,a_N100_V3+3D,5.006749997846782
legacy,1,a_N100_V3+3D,5.027375067584217
legacy,1,a_N100_V3+3D,5.021833931095898
legacy,1,a_N100_V3+3D,5.250499933026731
legacy,1,a_N100_V3+3D,5.010249908082187
legacy,1,a_N100_V3+3D,4.945416934788227
legacy,1,a_N100_V3+3D,5.0852090353146195
legacy,1,a_N100_V3+3D,5.05245802924037
legacy,1,a_N100_V3+3D,5.07095898501575
legacy,1,a_N100_V3+3D,4.959375015459955
legacy,1,a_N100_V3+3D,5.0877080066129565
legacy,1,a_N100_V3+3D,5.087667028419673
legacy,1,a_N100_V3+3D,5.075708031654358
legacy,1,a_N100_V3+3D,5.006375024095178
legacy,1,a_N100_V3+3D,5.069417064078152
legacy,1,a_N100_V3+3D,4.952000104822218
legacy,1,a_N100_V3+3D,4.938292084261775
legacy,1,a_N100_V3+3D,5.108834011480212
legacy,1,a_N100_V3+3D,5.030124913901091
legacy,1,a_N100_V3+3D,5.1557079423218966
legacy,1,a_N100_V3+3D,5.05262496881187
legacy,1,a_N100_V3+3D,5.0709579372778535
legacy,1,a_N100_V3+3D,5.05054194945842
legacy,1,a_N100_V3+3D,5.051792017184198
legacy,1,a_N100_V3+3D,5.031583015806973
legacy,1,a_N100_V3+3D,4.915666999295354
legacy,1,a_N100_V3+3D,5.024333018809557
legacy,1,a_N100_V3+3D,5.323749966919422
legacy,1,a_N100_V3+3D,5.054707988165319
legacy,1,a_N100_V3+3D,5.021625082008541
legacy,1,a_N100_V3+3D,6.671832990832627
legacy,1,a_N100_V3+3D,6.344333989545703
legacy,1,a_N100_V3+3D,6.123166996985674
legacy,1,a_N100_V3+3D,5.639916053041816
legacy,1,a_N100_V3+3D,5.479791900143027
legacy,1,a_N100_V3+3D,5.935791996307671
legacy,1,a_N100_V3+3D,5.537958932109177
legacy,1,a_N100_V3+3D,5.468958988785744
legacy,1,a_N100_V3+3D,5.404666997492313
legacy,1,a_N100_V3+3D,5.5646669352427125
legacy,1,a_N100_V3+3D,5.425499984994531
legacy,1,a_N100_V3+3D,5.415624938905239
legacy,1,a_N100_V3+3D,5.42237504851073
legacy,1,a_N100_V3+3D,5.393458995968103
legacy,1,a_N100_V3+3D,5.400332971476018
legacy,1,a_N100_V3+3D,5.421959096565843
legacy,1,a_N100_V3+3D,5.421250010840595
legacy,1,a_N100_V3+3D,5.39437506813556
legacy,1,a_N100_V3+3D,5.372833926230669
legacy,1,a_N100_V3+3D,5.398874985985458
legacy,1,a_N100_V3+3D,5.378832924179733
legacy,1,a_N100_V3+3D,5.357458954676986
legacy,1,a_N100_V3+3D,5.348874954506755
legacy,1,a_N100_V3+3D,5.438708001747727
legacy,1,a_N100_V3+3D,5.35020895767957
legacy,1,a_N100_V3+3D,5.33262500539422
legacy,1,a_N100_V3+3D,5.36287494469434
legacy,1,a_N100_V3+3D,5.341624957509339
legacy,1,a_N100_V3+3D,5.342459073290229
legacy,1,a_N100_V3+3D,5.46233297791332
legacy,1,a_N100_V3+3D,5.343042081221938
legacy,1,a_N100_V3+3D,5.304542020894587
legacy,1,a_N100_V3+3D,5.387083045206964
legacy,1,a_N100_V3+3D,5.3206249140203
legacy,1,a_N100_V3+3D,5.369791993871331
legacy,1,a_N100_V3+3D,5.296332994475961
legacy,1,a_N100_V3+3D,5.612500011920929
legacy,1,a_N100_V3+3D,6.232541985809803
legacy,1,a_N100_V3+3D,6.02849991992116
legacy,1,a_N100_V3+3D,5.602083983831108
legacy,1,a_N100_V3+3D,5.398083012551069
legacy,1,a_N100_V3+3D,5.3986250422894955
legacy,1,a_N100_V3+3D,5.358042079024017
legacy,1,a_N100_V3+3D,5.36220904905349
legacy,1,a_N100_V3+3D,5.353667074814439
legacy,1,a_N100_V3+3D,5.358292022719979
legacy,1,a_N100_V3+3D,5.326417041942477
legacy,1,a_N100_V3+3D,5.370667087845504
legacy,1,a_N100_V3+3D,5.34870894625783
legacy,1,a_N100_V3+3D,5.344708915799856
legacy,1,a_N100_V3+3D,5.367249948903918
legacy,1,a_N100_V3+3D,5.4782499792054296
legacy,1,a_N100_V3+3D,6.398833938874304
legacy,1,a_N100_V3+3D,5.527624976821244
legacy,1,a_N100_V3+3D,5.502542015165091
legacy,1,a_N100_V3+3D,5.41337497998029
legacy,1,a_N100_V3+3D,5.433207959868014
legacy,1,a_N100_V3+3D,5.528875044547021
legacy,1,a_N100_V3+3D,5.398584064096212
legacy,1,a_N100_V3+3D,5.366583005525172
legacy,1,a_N100_V3+3D,5.723041947931051
legacy,1,a_N100_V3+3D,5.055874935351312
legacy,1,a_N100_V3+3D,5.1212499383836985
legacy,1,a_N100_V3+3D,5.026292055845261
legacy,1,a_N100_V3+3D,4.9979169853031635
legacy,1,a_N100_V3+3D,5.011792061850429
legacy,1,a_N100_V3+3D,4.974834038875997
legacy,1,a_N100_V3+3D,4.937959020026028
legacy,1,a_N100_V3+3D,5.232832976616919
legacy,1,a_N100_V3+3D,5.019832984544337
legacy,1,a_N100_V3+3D,4.941542050801218
legacy,1,a_N100_V3+3D,4.92429209407419
legacy,1,a_N100_V3+3D,4.933125106617808
legacy,1,a_N100_V3+3D,4.9214999889954925
legacy,1,a_N100_V3+3D,4.92929108440876
legacy,1,a_N100_V3+3D,4.9539590254426
legacy,1,a_N100_V3+3D,4.938042024150491
legacy,1,a_N100_V3+3D,5.637915921397507
legacy,1,a_N100_V3+3D,5.058167036622763
legacy,1,a_N100_V3+3D,4.998374963179231
legacy,1,a_N100_V3+3D,4.974458017386496
legacy,1,a_N100_V3+3D,4.955208045430481
legacy,1,a_N100_V3+3D,4.93712502066046
legacy,1,a_N100_V3+3D,4.91975003387779
legacy,1,a_N100_V3+3D,4.936625016853213
legacy,1,a_N100_V3+3D,4.9255420453846455
legacy,1,a_N100_V3+3D,5.005249986425042
legacy,1,a_N100_V3+3D,4.920459003187716
legacy,1,a_N100_V3+3D,4.924000008031726
legacy,1,a_N100_V3+3D,4.901958047412336
legacy,1,a_N100_V3+3D,4.882292007096112
legacy,1,a_N100_V3+3D,4.889457952231169
legacy,1,a_N100_V3+3D,4.900457919575274
legacy,1,a_N100_V3+3D,4.893959034234285
legacy,1,a_N100_V3+3D,4.880542051978409
legacy,1,a_N100_V3+3D,4.908000002615154
legacy,1,a_N100_V3+3D,4.973042057827115
legacy,1,a_N100_V3+3D,4.911000025458634
legacy,1,a_N100_V3+3D,4.889499978162348
legacy,1,a_N100_V3+3D,4.930750001221895
legacy,1,a_N100_V3+3D,4.882249981164932
legacy,1,a_N100_V3+3D,4.929666989482939
legacy,1,a_N100_V3+3D,4.8947499599307775
legacy,1,a_N100_V3+3D,4.89954196382314
legacy,1,a_N100_V3+3D,4.9045420018956065
legacy,1,a_N100_V3+3D,4.903832916170359
legacy,1,a_N100_V3+3D,4.8809589352458715
legacy,1,a_N100_V3+3D,4.926332971081138
legacy,1,a_N100_V3+3D,4.888709052465856
legacy,1,a_N100_V3+3D,4.873041994869709
legacy,1,a_N100_V3+3D,4.888458061031997
legacy,1,a_N100_V3+3D,4.929209011606872
legacy,1,a_N100_V3+3D,4.8796250484883785
legacy,1,a_N100_V3+3D,4.9284580163657665
legacy,1,a_N100_V3+3D,4.876167047768831
legacy,1,a_N100_V3+3D,4.8929170006886125
legacy,1,a_N100_V3+3D,4.8868750454857945
legacy,1,a_N100_V3+3D,5.205583991482854
legacy,1,a_N100_V3+3D,4.91208303719759
legacy,1,a_N100_V3+3D,4.924083943478763
legacy,1,a_N100_V3+3D,6.079916027374566
legacy,1,a_N100_V3+3D,5.397125030867755
legacy,1,a_N100_V3+3D,5.480499938130379
legacy,1,a_N100_V3+3D,5.368291982449591
legacy,1,a_N100_V3+3D,5.3417079616338015
legacy,1,a_N100_V3+3D,5.337791983038187
legacy,1,a_N100_V3+3D,5.38929202593863
legacy,1,a_N100_V3+3D,5.282334052026272
legacy,1,a_N100_V3+3D,5.321000004187226
legacy,1,a_N100_V3+3D,5.359583999961615
legacy,1,a_N100_V3+3D,5.363292060792446
legacy,1,a_N100_V3+3D,5.256167030893266
legacy,1,a_N100_V3+3D,5.281000048853457
legacy,1,a_N100_V3+3D,5.328917060978711
legacy,1,a_N100_V3+3D,5.336709087714553
legacy,1,a_N100_V3+3D,5.364749929867685
legacy,1,a_N100_V3+3D,5.265833926387131
legacy,1,a_N100_V3+3D,5.298791918903589
legacy,1,a_N100_V3+3D,5.312707973644137
legacy,1,a_N100_V3+3D,5.266207968816161
legacy,1,a_N100_V3+3D,5.269540939480066
legacy,1,a_N100_V3+3D,5.293917027302086
legacy,1,a_N100_V3+3D,5.305291968397796
legacy,1,a_N100_V3+3D,5.300667020492256
legacy,1,a_N100_V3+3D,5.33466599881649
legacy,1,a_N100_V3+3D,5.272542010061443
legacy,1,a_N100_V3+3D,5.335584050044417
legacy,1,a_N100_V3+3D,5.2584579680114985
legacy,1,a_N100_V3+3D,5.2495000418275595
legacy,1,a_N100_V3+3D,5.2908750949427485
legacy,1,a_N100_V3+3D,5.28966705314815
legacy,1,a_N100_V3+3D,5.280458019115031
legacy,1,a_N100_V3+3D,5.273458082228899
legacy,1,a_N100_V3+3D,5.278125056065619
legacy,1,a_N100_V3+3D,5.2744169952347875
legacy,1,a_N100_V3+3D,5.293834023177624
legacy,1,a_N100_V3+3D,5.3273329976946115
legacy,1,a_N100_V3+3D,5.328124971129
legacy,1,a_N100_V3+3D,5.231084069237113
legacy,1,a_N100_V3+3D,5.323541001416743
legacy,1,a_N100_V3+3D,5.265375017188489
legacy,1,a_N100_V3+3D,5.264749983325601
legacy,1,a_N100_V3+3D,5.325958016328514
legacy,1,a_N100_V3+3D,5.243625026196241
legacy,1,a_N100_V3+3D,5.204415996558964
legacy,1,a_N100_V3+3D,5.226041888818145
legacy,1,a_N100_V3+3D,5.262625054456294
legacy,1,a_N100_V3+3D,5.333499982953072
legacy,1,a_N100_V3+3D,5.271332920528948
legacy,1,a_N100_V3+3D,5.267874919809401
legacy,1,a_N100_V3+3D,5.22554200142622
legacy,1,a_N100_V3+3D,5.233500036410987
legacy,1,a_N100_V3+3D,5.262417020276189
legacy,1,a_N100_V3+3D,5.22391707636416
legacy,1,a_N100_V3+3D,5.2689999574795365
legacy,1,a_N100_V3+3D,5.250415997579694
legacy,1,a_N100_V3+3D,5.2495000418275595
legacy,1,a_N100_V3+3D,5.291457986459136
legacy,1,a_N100_V3+3D,5.227916059084237
legacy,1,a_N100_V3+3D,5.22387505043298
legacy,1,a_N100_V3+3D,5.877666990272701
legacy,1,a_N100_V3+3D,5.231667077168822
legacy,1,a_N100_V3+3D,5.654792068526149
legacy,1,a_N100_V3+3D,5.106292082928121
legacy,1,a_N100_V3+3D,5.04795799497515
legacy,1,a_N100_V3+3D,5.044916993938386
legacy,1,a_N100_V3+3D,5.038625095039606
legacy,1,a_N100_V3+3D,5.017041927203536
legacy,1,a_N100_V3+3D,5.022750003263354
legacy,1,a_N100_V3+3D,5.044082994572818
legacy,1,a_N100_V3+3D,5.020499927923083
legacy,1,a_N100_V3+3D,4.97037498280406
legacy,1,a_N100_V3+3D,4.981791018508375
legacy,1,a_N100_V3+3D,4.996542003937066
legacy,1,a_N100_V3+3D,4.969625035300851
legacy,1,a_N100_V3+3D,5.018915981054306
legacy,1,a_N100_V3+3D,4.973541013896465
legacy,1,a_N100_V3+3D,4.966584034264088
legacy,1,a_N100_V3+3D,4.99208306428045
legacy,1,a_N100_V3+3D,4.978958982974291
legacy,1,a_N100_V3+3D,4.959375015459955
legacy,1,a_N100_V3+3D,4.9730000318959355
legacy,1,a_N100_V3+3D,4.943207954056561
legacy,1,a_N100_V3+3D,4.957334022037685
legacy,1,a_N100_V3+3D,4.980124998837709
legacy,1,a_N100_V3+3D,4.9689169973134995
legacy,1,a_N100_V3+3D,4.985834006220102
legacy,1,a_N100_V3+3D,4.95145795866847
legacy,1,a_N100_V3+3D,4.948167013935745
legacy,1,a_N100_V3+3D,4.9237910425290465
legacy,1,a_N100_V3+3D,4.984125029295683
legacy,1,a_N100_V3+3D,4.960958031006157
legacy,1,a_N100_V3+3D,5.011292058043182
legacy,1,a_N100_V3+3D,4.9965830985456705
legacy,1,a_N100_V3+3D,5.0074170576408505
legacy,1,a_N100_V3+3D,4.965708940289915
legacy,1,a_N100_V3+3D,5.0012500723823905
legacy,1,a_N100_V3+3D,4.956666962243617
legacy,1,a_N100_V3+3D,4.890208947472274
legacy,1,a_N100_V3+3D,5.1299158949404955
legacy,1,a_N100_V3+3D,4.997582989744842
legacy,1,a_N100_V3+3D,4.9642500234767795
legacy,1,a_N100_V3+3D,4.970083013176918
legacy,1,a_N100_V3+3D,4.957042052410543
legacy,1,a_N100_V3+3D,4.961583996191621
legacy,1,a_N100_V3+3D,4.970500012859702
legacy,1,a_N100_V3+3D,4.984374972991645
legacy,1,a_N100_V3+3D,4.975832998752594
legacy,1,a_N100_V3+3D,5.336000001989305
legacy,1,a_N100_V3+3D,4.980167024768889
legacy,1,a_N100_V3+3D,4.992708913050592
legacy,1,a_N100_V3+3D,4.947167006321251
legacy,1,a_N100_V3+3D,4.985041916370392
legacy,1,a_N100_V3+3D,4.990624962374568
legacy,1,a_N100_V3+3D,4.989582928828895
legacy,1,a_N100_V3+3D,4.948165966197848
legacy,1,a_N100_V3+3D,4.963375045917928
legacy,1,a_N100_V3+3D,5.226874956861138
legacy,1,a_N100_V3+3D,5.011250032112002
legacy,1,a_N100_V3+3D,4.998457967303693
legacy,1,a_N100_V3+3D,6.043000030331314
legacy,1,a_N100_V3+3D,5.379749927669764
legacy,1,a_N100_V3+3D,5.4492499912157655
legacy,1,a_N100_V3+3D,5.326958023943007
legacy,1,a_N100_V3+3D,5.316708004102111
legacy,1,a_N100_V3+3D,5.301999975927174
legacy,1,a_N100_V3+3D,5.28666703030467
legacy,1,a_N100_V3+3D,5.282999947667122
legacy,1,a_N100_V3+3D,5.451875040307641
legacy,1,a_N100_V3+3D,5.2915000123903155
legacy,1,a_N100_V3+3D,5.328375031240284
legacy,1,a_N100_V3+3D,5.284792045131326
legacy,1,a_N100_V3+3D,5.283124977722764
legacy,1,a_N100_V3+3D,5.317750037647784
legacy,1,a_N100_V3+3D,5.2730420138686895
legacy,1,a_N100_V3+3D,5.302208010107279
legacy,1,a_N100_V3+3D,5.260332953184843
legacy,1,a_N100_V3+3D,5.330708925612271
legacy,1,a_N100_V3+3D,5.268750013783574
legacy,1,a_N100_V3+3D,5.259667057543993
legacy,1,a_N100_V3+3D,5.348250037059188
legacy,1,a_N100_V3+3D,5.328667000867426
legacy,1,a_N100_V3+3D,5.348209058865905
legacy,1,a_N100_V3+3D,5.301709054037929
legacy,1,a_N100_V3+3D,5.311666056513786
legacy,1,a_N100_V3+3D,5.314124980941415
legacy,1,a_N100_V3+3D,5.417542066425085
legacy,1,a_N100_V3+3D,5.382916075177491
legacy,1,a_N100_V3+3D,5.363875068724155
legacy,1,a_N100_V3+3D,5.265999934636056
legacy,1,a_N100_V3+3D,5.339624942280352
legacy,1,a_N100_V3+3D,5.332582979463041
legacy,1,a_N100_V3+3D,5.372375017032027
legacy,1,a_N100_V3+3D,5.341749987564981
legacy,1,a_N100_V3+3D,5.363167030736804
legacy,1,a_N100_V3+3D,5.254667019471526
legacy,1,a_N100_V3+3D,5.371083039790392
legacy,1,a_N100_V3+3D,6.185124977491796
legacy,1,a_N100_V3+3D,6.303583038970828
legacy,1,a_N100_V3+3D,6.0237080324441195
legacy,1,a_N100_V3+3D,5.583417019806802
legacy,1,a_N100_V3+3D,5.320875090546906
legacy,1,a_N100_V3+3D,6.017250008881092
legacy,1,a_N100_V3+3D,5.942333023995161
legacy,1,a_N100_V3+3D,5.876208073459566
legacy,1,a_N100_V3+3D,5.404208088293672
legacy,1,a_N100_V3+3D,5.375541979447007
legacy,1,a_N100_V3+3D,5.957916961051524
legacy,1,a_N100_V3+3D,5.499624996446073
legacy,1,a_N100_V3+3D,5.443374975584447
legacy,1,a_N100_V3+3D,5.703083006665111
legacy,1,a_N100_V3+3D,5.45566703658551
legacy,1,a_N100_V3+3D,5.4806669941172
legacy,1,a_N100_V3+3D,5.378458998166025
legacy,1,a_N100_V3+3D,5.431249970570207
legacy,1,a_N100_V3+3D,5.39804098661989
legacy,1,a_N100_V3+3D,5.4276250302791595
legacy,1,a_N100_V3+3D,5.381791037507355
legacy,1,a_N100_V3+3D,5.365333985537291
legacy,1,a_N100_V3+3D,5.34087501000613
legacy,1,a_N100_V3+3D,5.861083045601845
legacy,1,a_N100_V3+3D,6.379875005222857
legacy,1,a_N100_V3+3D,5.492583033628762
legacy,1,a_N100_V3+3D,5.149833974428475
legacy,1,a_N100_V3+3D,5.154334008693695
legacy,1,a_N100_V3+3D,5.131582962349057
legacy,1,a_N100_V3+3D,5.1119590643793344
legacy,1,a_N100_V3+3D,5.3645840380340815
legacy,1,a_N100_V3+3D,5.227457964792848
legacy,1,a_N100_V3+3D,5.0862920470535755
legacy,1,a_N100_V3+3D,5.076874978840351
legacy,1,a_N100_V3+3D,5.141417030245066
legacy,1,a_N100_V3+3D,5.028875079005957
legacy,1,a_N100_V3+3D,5.11008407920599
legacy,1,a_N100_V3+3D,5.052833002991974
legacy,1,a_N100_V3+3D,5.049166968092322
legacy,1,a_N100_V3+3D,5.048417020589113
legacy,1,a_N100_V3+3D,5.042041069827974
legacy,1,a_N100_V3+3D,5.0576250068843365
legacy,1,a_N100_V3+3D,5.039665964432061
legacy,1,a_N100_V3+3D,5.022416939027607
legacy,1,a_N100_V3+3D,5.005375016480684
legacy,1,a_N100_V3+3D,5.049749976024032
legacy,1,a_N100_V3+3D,4.936792072840035
legacy,1,a_N100_V3+3D,4.978624987415969
legacy,1,a_N100_V3+3D,4.997999989427626
legacy,1,a_N100_V3+3D,5.018417024984956
legacy,1,a_N100_V3+3D,4.979624995030463
legacy,1,a_N100_V3+3D,5.024125101044774
legacy,1,a_N100_V3+3D,4.9871670780703425
legacy,1,a_N100_V3+3D,4.985083010978997
legacy,1,a_N100_V3+3D,4.988750093616545
legacy,1,a_N100_V3+3D,4.97408292721957
legacy,1,a_N100_V3+3D,4.988666973076761
legacy,1,a_N100_V3+3D,5.026291008107364
legacy,1,a_N100_V3+3D,4.932833020575345
legacy,1,a_N100_V3+3D,5.010833032429218
legacy,1,a_N100_V3+3D,4.995291004888713
legacy,1,a_N100_V3+3D,5.17491705249995
legacy,1,a_N100_V3+3D,5.39433304220438
legacy,1,a_N100_V3+3D,5.028125015087426
legacy,1,a_N100_V3+3D,5.004166043363512
legacy,1,a_N100_V3+3D,5.017959047108889
legacy,1,a_N100_V3+3D,5.01770805567503
legacy,1,a_N100_V3+3D,4.945458029396832
legacy,1,a_N100_V3+3D,5.052708089351654
legacy,1,a_N100_V3+3D,5.028791027143598
legacy,1,a_N100_V3+3D,5.134582985192537
legacy,1,a_N100_V3+3D,5.004665930755436
legacy,1,a_N100_V3+3D,5.011416971683502
legacy,1,a_N100_V3+3D,5.015500006265938
legacy,1,a_N100_V3+3D,4.966625012457371
legacy,1,a_N100_V3+3D,5.0076659535989165
legacy,1,a_N100_V3+3D,4.969417001120746
legacy,1,a_N100_V3+3D,5.03204099368304
legacy,1,a_N100_V3+3D,5.0160420360043645
legacy,1,a_N100_V3+3D,5.0128750735893846
legacy,1,a_N100_V3+3D,5.204375018365681
legacy,1,a_N100_V3+3D,5.049417028203607
legacy,1,a_N100_V3+3D,5.048708058893681
legacy,1,a_N100_V3+3D,6.171499961055815
legacy,1,a_N100_V3+3D,5.436041974462569
legacy,1,a_N100_V3+3D,5.467167007736862
legacy,1,a_N100_V3+3D,5.3989579901099205
legacy,1,a_N100_V3+3D,5.404958035796881
legacy,1,a_N100_V3+3D,5.312834051437676
legacy,1,a_N100_V3+3D,5.346166901290417
legacy,1,a_N100_V3+3D,5.328500061295927
legacy,1,a_N100_V3+3D,5.424125003628433
legacy,1,a_N100_V3+3D,5.304999998770654
legacy,1,a_N100_V3+3D,5.350207909941673
legacy,1,a_N100_V3+3D,5.329124978743494
legacy,1,a_N100_V3+3D,5.3380419267341495
legacy,1,a_N100_V3+3D,5.323124933056533
legacy,1,a_N100_V3+3D,5.328040919266641
legacy,1,a_N100_V3+3D,5.323832971043885
legacy,1,a_N100_V3+3D,5.358499940484762
legacy,1,a_N100_V3+3D,5.333125009201467
legacy,1,a_N100_V3+3D,5.354042048566043
legacy,1,a_N100_V3+3D,5.318916984833777
legacy,1,a_N100_V3+3D,5.286458996124566
legacy,1,a_N100_V3+3D,5.274750059470534
legacy,1,a_N100_V3+3D,5.322083015926182
legacy,1,a_N100_V3+3D,5.321958917193115
legacy,1,a_N100_V3+3D,5.317749921232462
legacy,1,a_N100_V3+3D,5.298500065691769
legacy,1,a_N100_V3+3D,5.360916955396533
legacy,1,a_N100_V3+3D,5.276500014588237
legacy,1,a_N100_V3+3D,5.275124916806817
legacy,1,a_N100_V3+3D,5.274959024973214
legacy,1,a_N100_V3+3D,5.273625021800399
legacy,1,a_N100_V3+3D,5.292042042128742
legacy,1,a_N100_V3+3D,5.3029999835416675
legacy,1,a_N100_V3+3D,5.253333016298711
legacy,1,a_N100_V3+3D,5.282124970108271
legacy,1,a_N100_V3+3D,5.2671669982373714
legacy,1,a_N100_V3+3D,5.330666899681091
legacy,1,a_N100_V3+3D,5.2977080922573805
legacy,1,a_N100_V3+3D,5.322374985553324
legacy,1,a_N100_V3+3D,5.3117090137675405
legacy,1,a_N100_V3+3D,5.311916000209749
legacy,1,a_N100_V3+3D,5.307957995682955
legacy,1,a_N100_V3+3D,5.24604192469269
legacy,1,a_N100_V3+3D,5.300541990436614
legacy,1,a_N100_V3+3D,5.315584014169872
legacy,1,a_N100_V3+3D,5.278166965581477
legacy,1,a_N100_V3+3D,5.272208014503121
legacy,1,a_N100_V3+3D,5.292500020004809
legacy,1,a_N100_V3+3D,5.287458072416484
legacy,1,a_N100_V3+3D,5.338374990969896
legacy,1,a_N100_V3+3D,5.362124997191131
legacy,1,a_N100_V3+3D,5.314458045177162
legacy,1,a_N100_V3+3D,5.29787503182888
legacy,1,a_N100_V3+3D,5.31691696960479
legacy,1,a_N100_V3+3D,5.362249910831451
legacy,1,a_N100_V3+3D,5.339541006833315
legacy,1,a_N100_V3+3D,5.394166917540133
legacy,1,a_N100_V3+3D,5.388124962337315
legacy,1,a_N100_V3+3D,5.344457924365997
legacy,1,a_N100_V3+3D,5.316209048032761
legacy,1,a_N100_V3+3D,5.849707988090813
legacy,1,a_N100_V3+3D,5.120833986438811
legacy,1,a_N100_V3+3D,5.170874996110797
legacy,1,a_N100_V3+3D,5.087833967991173
legacy,1,a_N100_V3+3D,5.026874947361648
legacy,1,a_N100_V3+3D,5.053750006482005
legacy,1,a_N100_V3+3D,5.0620840629562736
legacy,1,a_N100_V3+3D,5.192958051338792
legacy,1,a_N100_V3+3D,4.974583047442138
legacy,1,a_N100_V3+3D,5.023541976697743
legacy,1,a_N100_V3+3D,4.929666989482939
legacy,1,a_N100_V3+3D,5.1752920262515545
legacy,1,a_N100_V3+3D,5.518291960470378
legacy,1,a_N100_V3+3D,5.062249954789877
legacy,1,a_N100_V3+3D,4.950916976667941
legacy,1,a_N100_V3+3D,5.1021670224145055
legacy,1,a_N100_V3+3D,5.031165899708867
legacy,1,a_N100_V3+3D,5.02233300358057
legacy,1,a_N100_V3+3D,4.939417005516589
legacy,1,a_N100_V3+3D,5.110332975164056
legacy,1,a_N100_V3+3D,5.005332990549505
legacy,1,a_N100_V3+3D,5.749542033299804
legacy,1,a_N100_V3+3D,5.089999991469085
legacy,1,a_N100_V3+3D,5.087541998364031
legacy,1,a_N100_V3+3D,4.938374971970916
legacy,1,a_N100_V3+3D,5.023459088988602
legacy,1,a_N100_V3+3D,5.064708064310253
legacy,1,a_N100_V3+3D,5.03783393651247
legacy,1,a_N100_V3+3D,4.958833917044103
legacy,1,a_N100_V3+3D,5.025207996368408
legacy,1,a_N100_V3+3D,4.89187496714294
legacy,1,a_N100_V3+3D,5.047208978794515
legacy,1,a_N100_V3+3D,5.0322499591857195
legacy,1,a_N100_V3+3D,5.025792052038014
legacy,1,a_N100_V3+3D,4.921459010802209
legacy,1,a_N100_V3+3D,4.917333018966019
legacy,1,a_N100_V3+3D,5.010209046304226
legacy,1,a_N100_V3+3D,5.121959024108946
legacy,1,a_N100_V3+3D,5.1018750527873635
legacy,1,a_N100_V3+3D,5.031874985434115
legacy,1,a_N100_V3+3D,4.897209000773728
legacy,1,a_N100_V3+3D,5.019042058847845
legacy,1,a_N100_V3+3D,4.982749931514263
legacy,1,a_N100_V3+3D,4.954708041623235
legacy,1,a_N100_V3+3D,4.989582928828895
legacy,1,a_N100_V3+3D,4.992707981728017
legacy,1,a_N100_V3+3D,4.906042013317347
legacy,1,a_N100_V3+3D,5.012457957491279
legacy,1,a_N100_V3+3D,4.972832975909114
legacy,1,a_N100_V3+3D,4.968584049493074
legacy,1,a_N100_V3+3D,4.929000046104193
legacy,1,a_N100_V3+3D,4.9668330466374755
legacy,1,a_N100_V3+3D,4.901167005300522
legacy,1,a_N100_V3+3D,4.905667039565742
legacy,1,a_N100_V3+3D,4.901792039163411
legacy,1,a_N100_V3+3D,4.884249996393919
legacy,1,a_N100_V3+3D,4.901374923065305
legacy,1,a_N100_V3+3D,5.144042079336941
legacy,1,a_N100_V3+3D,4.925208981148899
legacy,1,a_N100_V3+3D,4.906666930764914
legacy,1,a_N100_V3+3D,6.14462501835078
legacy,1,a_N100_V3+3D,5.4579999996349216
legacy,1,a_N100_V3+3D,5.642457981593907
legacy,1,a_N100_V3+3D,5.399500019848347
legacy,1,a_N100_V3+3D,5.4022910771891475
legacy,1,a_N100_V3+3D,5.402458016760647
legacy,1,a_N100_V3+3D,5.390333943068981
legacy,1,a_N100_V3+3D,5.451208911836147
legacy,1,a_N100_V3+3D,5.3605829598382115
legacy,1,a_N100_V3+3D,5.361791932955384
legacy,1,a_N100_V3+3D,5.361667019315064
legacy,1,a_N100_V3+3D,5.364125012420118
legacy,1,a_N100_V3+3D,5.283041973598301
legacy,1,a_N100_V3+3D,5.362499970942736
legacy,1,a_N100_V3+3D,5.372124956920743
legacy,1,a_N100_V3+3D,5.362417083233595
legacy,1,a_N100_V3+3D,5.3353330586105585
legacy,1,a_N100_V3+3D,5.346083082258701
legacy,1,a_N100_V3+3D,5.405417061410844
legacy,1,a_N100_V3+3D,5.324542056769133
legacy,1,a_N100_V3+3D,5.345417070202529
legacy,1,a_N100_V3+3D,5.312999943271279
legacy,1,a_N100_V3+3D,5.379125010222197
legacy,1,a_N100_V3+3D,5.364082986488938
legacy,1,a_N100_V3+3D,5.351750063709915
legacy,1,a_N100_V3+3D,5.307874991558492
legacy,1,a_N100_V3+3D,5.373624968342483
legacy,1,a_N100_V3+3D,5.311583983711898
legacy,1,a_N100_V3+3D,5.334625020623207
legacy,1,a_N100_V3+3D,5.355166969820857
legacy,1,a_N100_V3+3D,5.373209016397595
legacy,1,a_N100_V3+3D,5.333957960829139
legacy,1,a_N100_V3+3D,5.332916975021362
legacy,1,a_N100_V3+3D,5.322250071913004
legacy,1,a_N100_V3+3D,5.340667092241347
legacy,1,a_N100_V3+3D,5.350708030164242
legacy,1,a_N100_V3+3D,5.315958987921476
legacy,1,a_N100_V3+3D,5.390083999373019
legacy,1,a_N100_V3+3D,5.330249899998307
legacy,1,a_N100_V3+3D,5.325583973899484
legacy,1,a_N100_V3+3D,5.300708930008113
legacy,1,a_N100_V3+3D,5.345667013898492
legacy,1,a_N100_V3+3D,5.32816699706018
legacy,1,a_N100_V3+3D,5.36341592669487
legacy,1,a_N100_V3+3D,5.339291994459927
legacy,1,a_N100_V3+3D,6.225666031241417
legacy,1,a_N100_V3+3D,5.517916986718774
legacy,1,a_N100_V3+3D,5.461500026285648
legacy,1,a_N100_V3+3D,5.4134170059114695
legacy,1,a_N100_V3+3D,5.411457968875766
legacy,1,a_N100_V3+3D,5.417583044618368
legacy,1,a_N100_V3+3D,5.387624958530068
legacy,1,a_N100_V3+3D,5.3812089608982205
legacy,1,a_N100_V3+3D,5.311916931532323
legacy,1,a_N100_V3+3D,5.443666945211589
legacy,1,a_N100_V3+3D,5.388582940213382
legacy,1,a_N100_V3+3D,5.353874992579222
legacy,1,a_N100_V3+3D,5.408457946032286
legacy,1,a_N100_V3+3D,5.367874982766807
legacy,1,a_N100_V3+3D,5.345250014215708
legacy,1,a_N100_V3+3D,5.717250052839518
legacy,1,a_N100_V3+3D,4.998582997359335
legacy,1,a_N100_V3+3D,5.087499972432852
legacy,1,a_N100_V3+3D,4.943542066030204
legacy,1,a_N100_V3+3D,4.945749999023974
legacy,1,a_N100_V3+3D,4.931042087264359
legacy,1,a_N100_V3+3D,4.921291954815388
legacy,1,a_N100_V3+3D,5.005042068660259
legacy,1,a_N100_V3+3D,4.9261669628322124
legacy,1,a_N100_V3+3D,4.9397500697523355
legacy,1,a_N100_V3+3D,4.946791916154325
legacy,1,a_N100_V3+3D,4.89937502425164
legacy,1,a_N100_V3+3D,4.925500019453466
legacy,1,a_N100_V3+3D,4.907291964627802
legacy,1,a_N100_V3+3D,4.919084021821618
legacy,1,a_N100_V3+3D,4.944458021782339
legacy,1,a_N100_V3+3D,4.9139580223709345
legacy,1,a_N100_V3+3D,4.904292058199644
legacy,1,a_N100_V3+3D,4.920333041809499
legacy,1,a_N100_V3+3D,4.88650007173419
legacy,1,a_N100_V3+3D,4.8646250506863
legacy,1,a_N100_V3+3D,4.909457988105714
legacy,1,a_N100_V3+3D,4.87883307505399
legacy,1,a_N100_V3+3D,4.904291941784322
legacy,1,a_N100_V3+3D,4.888957948423922
legacy,1,a_N100_V3+3D,4.974916926585138
legacy,1,a_N100_V3+3D,4.924666951410472
legacy,1,a_N100_V3+3D,4.907208029180765
legacy,1,a_N100_V3+3D,4.8846249701455235
legacy,1,a_N100_V3+3D,4.88362496253103
legacy,1,a_N100_V3+3D,4.908750066533685
legacy,1,a_N100_V3+3D,4.90237504709512
legacy,1,a_N100_V3+3D,4.871209035627544
legacy,1,a_N100_V3+3D,4.933916963636875
legacy,1,a_N100_V3+3D,4.885667003691196
legacy,1,a_N100_V3+3D,4.883584100753069
legacy,1,a_N100_V3+3D,4.908957984298468
legacy,1,a_N100_V3+3D,4.953125026077032
legacy,1,a_N100_V3+3D,4.885916947387159
legacy,1,a_N100_V3+3D,4.890749929472804
legacy,1,a_N100_V3+3D,4.873416968621314
legacy,1,a_N100_V3+3D,4.900250001810491
legacy,1,a_N100_V3+3D,4.895958001725376
legacy,1,a_N100_V3+3D,4.939042031764984
legacy,1,a_N100_V3+3D,4.8719169571995735
legacy,1,a_N100_V3+3D,4.889833042398095
legacy,1,a_N100_V3+3D,4.8785420367494226
legacy,1,a_N100_V3+3D,4.903292050585151
legacy,1,a_N100_V3+3D,4.884666996076703
legacy,1,a_N100_V3+3D,4.890375072136521
legacy,1,a_N100_V3+3D,4.883334040641785
legacy,1,a_N100_V3+3D,4.878249950706959
legacy,1,a_N100_V3+3D,4.876542021520436
legacy,1,a_N100_V3+3D,4.880708991549909
legacy,1,a_N100_V3+3D,4.880083026364446
legacy,1,a_N100_V3+3D,4.869833937846124
legacy,1,a_N100_V3+3D,4.885833943262696
legacy,1,a_N100_V3+3D,5.190249998122454
legacy,1,a_N100_V3+3D,4.973917035385966
legacy,1,a_N100_V3+3D,4.912834032438695
legacy,1,a_N100_V3+3D,6.036875071004033
legacy,1,a_N100_V3+3D,5.352791980840266
legacy,1,a_N100_V3+3D,5.423333030194044
legacy,1,a_N100_V3+3D,5.324541940353811
legacy,1,a_N100_V3+3D,5.273625021800399
legacy,1,a_N100_V3+3D,5.291416891850531
legacy,1,a_N100_V3+3D,5.279583972878754
legacy,1,a_N100_V3+3D,5.4290000116452575
legacy,1,a_N100_V3+3D,5.25862502399832
legacy,1,a_N100_V3+3D,5.2572499262169
legacy,1,a_N100_V3+3D,5.265292013064027
legacy,1,a_N100_V3+3D,5.234583048149943
legacy,1,a_N100_V3+3D,5.252167000435293
legacy,1,a_N100_V3+3D,5.257250042632222
legacy,1,a_N100_V3+3D,5.262000020593405
legacy,1,a_N100_V3+3D,5.304916994646192
legacy,1,a_N100_V3+3D,5.2150830160826445
legacy,1,a_N100_V3+3D,5.227082991041243
legacy,1,a_N100_V3+3D,5.253124982118607
legacy,1,a_N100_V3+3D,5.309083964675665
legacy,1,a_N100_V3+3D,5.242832936346531
legacy,1,a_N100_V3+3D,5.261124926619232
legacy,1,a_N100_V3+3D,5.262708989903331
legacy,1,a_N100_V3+3D,5.327749997377396
legacy,1,a_N100_V3+3D,5.219917045906186
legacy,1,a_N100_V3+3D,5.223958985880017
legacy,1,a_N100_V3+3D,5.276917014271021
legacy,1,a_N100_V3+3D,5.246917018666863
legacy,1,a_N100_V3+3D,5.294709000736475
legacy,1,a_N100_V3+3D,5.245540989562869
legacy,1,a_N100_V3+3D,5.22704201284796
legacy,1,a_N100_V3+3D,5.23208302911371
legacy,1,a_N100_V3+3D,5.231457995250821
legacy,1,a_N100_V3+3D,5.236124969087541
legacy,1,a_N100_V3+3D,5.22254197858274
legacy,1,a_N100_V3+3D,5.246874992735684
legacy,1,a_N100_V3+3D,5.259665893390775
legacy,1,a_N100_V3+3D,5.312707973644137
legacy,1,a_N100_V3+3D,5.241708015091717
legacy,1,a_N100_V3+3D,5.344624980352819
legacy,1,a_N100_V3+3D,5.255374941043556
legacy,1,a_N100_V3+3D,5.276542040519416
legacy,1,a_N100_V3+3D,5.2407910116016865
legacy,1,a_N100_V3+3D,5.254667019471526
legacy,1,a_N100_V3+3D,5.239207996055484
legacy,1,a_N100_V3+3D,5.287542007863522
legacy,1,a_N100_V3+3D,5.246584070846438
legacy,1,a_N100_V3+3D,5.2726250141859055
legacy,1,a_N100_V3+3D,5.223958985880017
legacy,1,a_N100_V3+3D,5.246958928182721
legacy,1,a_N100_V3+3D,5.229166941717267
legacy,1,a_N100_V3+3D,5.257042008452117
legacy,1,a_N100_V3+3D,5.221915896981955
legacy,1,a_N100_V3+3D,5.236124969087541
legacy,1,a_N100_V3+3D,5.24945801589638
legacy,1,a_N100_V3+3D,5.313707981258631
legacy,1,a_N100_V3+3D,5.241625010967255
legacy,1,a_N100_V3+3D,5.248542060144246
legacy,1,a_N100_V3+3D,5.224374937824905
legacy,1,a_N100_V3+3D,5.253207986243069
legacy,1,a_N100_V3+3D,5.793208023533225
legacy,1,a_N100_V3+3D,5.136583000421524
legacy,1,a_N100_V3+3D,5.141500034369528
legacy,1,a_N100_V3+3D,5.026333034038544
legacy,1,a_N100_V3+3D,5.013292073272169
legacy,1,a_N100_V3+3D,5.073625012300909
legacy,1,a_N100_V3+3D,5.1156660774722695
legacy,1,a_N100_V3+3D,5.081708077341318
legacy,1,a_N100_V3+3D,5.004875012673438
legacy,1,a_N100_V3+3D,4.9707499565556645
legacy,1,a_N100_V3+3D,4.989458015188575
legacy,1,a_N100_V3+3D,5.00291702337563
legacy,1,a_N100_V3+3D,4.945666994899511
legacy,1,a_N100_V3+3D,5.545167019590735
legacy,1,a_N100_V3+3D,5.153708974830806
legacy,1,a_N100_V3+3D,5.163582973182201
legacy,1,a_N100_V3+3D,5.081583047285676
legacy,1,a_N100_V3+3D,5.108250072225928
legacy,1,a_N100_V3+3D,5.030917003750801
legacy,1,a_N100_V3+3D,5.11358305811882
legacy,1,a_N100_V3+3D,5.047209095209837
legacy,1,a_N100_V3+3D,5.017083021812141
legacy,1,a_N100_V3+3D,5.046208039857447
legacy,1,a_N100_V3+3D,5.043333978392184
legacy,1,a_N100_V3+3D,5.005624960176647
legacy,1,a_N100_V3+3D,5.079832975752652
legacy,1,a_N100_V3+3D,5.053124972619116
legacy,1,a_N100_V3+3D,5.0109169678762555
legacy,1,a_N100_V3+3D,4.98470792081207
legacy,1,a_N100_V3+3D,5.032959044910967
legacy,1,a_N100_V3+3D,5.012167035602033
legacy,1,a_N100_V3+3D,5.075374967418611
legacy,1,a_N100_V3+3D,4.9761669943109155
legacy,1,a_N100_V3+3D,4.991208086721599
legacy,1,a_N100_V3+3D,4.95137507095933
legacy,1,a_N100_V3+3D,5.030874977819622
legacy,1,a_N100_V3+3D,5.065833101980388
legacy,1,a_N100_V3+3D,5.086374934762716
legacy,1,a_N100_V3+3D,5.026250029914081
legacy,1,a_N100_V3+3D,4.99295792542398
legacy,1,a_N100_V3+3D,4.988375003449619
legacy,1,a_N100_V3+3D,5.014374968595803
legacy,1,a_N100_V3+3D,4.973500035703182
legacy,1,a_N100_V3+3D,5.036041955463588
legacy,1,a_N100_V3+3D,4.979040939360857
legacy,1,a_N100_V3+3D,4.996167030185461
legacy,1,a_N100_V3+3D,4.9591249553486705
legacy,1,a_N100_V3+3D,5.065583041869104
legacy,1,a_N100_V3+3D,4.9808339681476355
legacy,1,a_N100_V3+3D,5.046167061664164
legacy,1,a_N100_V3+3D,5.003625061362982
legacy,1,a_N100_V3+3D,5.004167091101408
legacy,1,a_N100_V3+3D,4.974417039193213
legacy,1,a_N100_V3+3D,4.977624979801476
legacy,1,a_N100_V3+3D,4.989041946828365
legacy,1,a_N100_V3+3D,5.010374938137829
legacy,1,a_N100_V3+3D,4.978333949111402
legacy,1,a_N100_V3+3D,5.348708014935255
legacy,1,a_N100_V3+3D,5.0236249808222055
legacy,1,a_N100_V3+3D,5.041667027398944
legacy,1,a_N100_V3+3D,6.237416993826628
legacy,1,a_N100_V3+3D,5.582124926149845
legacy,1,a_N100_V3+3D,6.200541974976659
legacy,1,a_N100_V3+3D,5.4764579981565475
legacy,1,a_N100_V3+3D,5.420750007033348
legacy,1,a_N100_V3+3D,5.486750043928623
legacy,1,a_N100_V3+3D,5.534583004191518
legacy,1,a_N100_V3+3D,5.489583010785282
legacy,1,a_N100_V3+3D,5.3443340584635735
legacy,1,a_N100_V3+3D,5.3769160294905305
legacy,1,a_N100_V3+3D,5.431917030364275
legacy,1,a_N100_V3+3D,5.486416048370302
legacy,1,a_N100_V3+3D,5.4941249545663595
legacy,1,a_N100_V3+3D,5.418541957624257
legacy,1,a_N100_V3+3D,5.296999937854707
legacy,1,a_N100_V3+3D,5.52720797713846
legacy,1,a_N100_V3+3D,5.45429193880409
legacy,1,a_N100_V3+3D,5.446708993986249
legacy,1,a_N100_V3+3D,5.4806669941172
legacy,1,a_N100_V3+3D,5.466082948260009
legacy,1,a_N100_V3+3D,5.347667029127479
legacy,1,a_N100_V3+3D,5.4305000230669975
legacy,1,a_N100_V3+3D,5.430457997135818
legacy,1,a_N100_V3+3D,5.40950009599328
legacy,1,a_N100_V3+3D,5.321208038367331
legacy,1,a_N100_V3+3D,5.412125028669834
legacy,1,a_N100_V3+3D,5.491999909281731
legacy,1,a_N100_V3+3D,5.461707944050431
legacy,1,a_N100_V3+3D,6.100416067056358
legacy,1,a_N100_V3+3D,5.419457913376391
legacy,1,a_N100_V3+3D,5.372375017032027
legacy,1,a_N100_V3+3D,5.3537079365924
legacy,1,a_N100_V3+3D,5.326749989762902
legacy,1,a_N100_V3+3D,5.354291992262006
legacy,1,a_N100_V3+3D,5.341709009371698
legacy,1,a_N100_V3+3D,5.462625063955784
legacy,1,a_N100_V3+3D,5.4576670518144965
legacy,1,a_N100_V3+3D,5.459291045553982
legacy,1,a_N100_V3+3D,5.451125092804432
legacy,1,a_N100_V3+3D,5.466375034302473
legacy,1,a_N100_V3+3D,5.343375029042363
legacy,1,a_N100_V3+3D,5.323208053596318
legacy,1,a_N100_V3+3D,5.43387490324676
legacy,1,a_N100_V3+3D,5.42908301576972
legacy,1,a_N100_V3+3D,5.349749932065606
legacy,1,a_N100_V3+3D,5.453499965369701
legacy,1,a_N100_V3+3D,5.309207946993411
legacy,1,a_N100_V3+3D,5.4348340490832925
legacy,1,a_N100_V3+3D,5.458042025566101
legacy,1,a_N100_V3+3D,5.394665990024805
legacy,1,a_N100_V3+3D,5.413542035967112
legacy,1,a_N100_V3+3D,5.4275840520858765
legacy,1,a_N100_V3+3D,5.321583012118936
legacy,1,a_N100_V3+3D,5.405500065535307
legacy,1,a_N100_V3+3D,5.428457981906831
legacy,1,a_N100_V3+3D,5.420333007350564
legacy,1,a_N100_V3+3D,5.349583923816681
legacy,1,a_N100_V3+3D,5.483791930601001
legacy,1,a_N100_V3+3D,5.336417001672089
legacy,1,a_N100_V3+3D,5.429500015452504
legacy,1,a_N100_V3+3D,5.760542000643909
legacy,1,a_N100_V3+3D,5.058333044871688
legacy,1,a_N100_V3+3D,5.118333036080003
legacy,1,a_N100_V3+3D,5.055625108070672
legacy,1,a_N100_V3+3D,5.242165992967784
legacy,1,a_N100_V3+3D,4.982374957762659
legacy,1,a_N100_V3+3D,5.0760830054059625
legacy,1,a_N100_V3+3D,4.988749977201223
legacy,1,a_N100_V3+3D,5.078666959889233
legacy,1,a_N100_V3+3D,4.969625035300851
legacy,1,a_N100_V3+3D,5.034083034843206
legacy,1,a_N100_V3+3D,4.923084052279592
legacy,1,a_N100_V3+3D,4.97191702015698
legacy,1,a_N100_V3+3D,4.956125048920512
legacy,1,a_N100_V3+3D,4.947333014570177
legacy,1,a_N100_V3+3D,5.013375077396631
legacy,1,a_N100_V3+3D,5.014333059079945
legacy,1,a_N100_V3+3D,4.921542014926672
legacy,1,a_N100_V3+3D,4.946416011080146
legacy,1,a_N100_V3+3D,4.942667088471353
legacy,1,a_N100_V3+3D,4.95466694701463
legacy,1,a_N100_V3+3D,4.953624913468957
legacy,1,a_N100_V3+3D,5.04645798355341
legacy,1,a_N100_V3+3D,4.970166948623955
legacy,1,a_N100_V3+3D,4.959207959473133
legacy,1,a_N100_V3+3D,4.981667036190629
legacy,1,a_N100_V3+3D,4.967916989699006
legacy,1,a_N100_V3+3D,4.97037498280406
legacy,1,a_N100_V3+3D,4.966416978277266
legacy,1,a_N100_V3+3D,4.966125008650124
legacy,1,a_N100_V3+3D,4.929375019855797
legacy,1,a_N100_V3+3D,4.914792021736503
legacy,1,a_N100_V3+3D,4.902167012915015
legacy,1,a_N100_V3+3D,4.946042085066438
legacy,1,a_N100_V3+3D,4.9006250919774175
legacy,1,a_N100_V3+3D,4.9736249493435025
legacy,1,a_N100_V3+3D,5.040457937866449
legacy,1,a_N100_V3+3D,4.923416068777442
legacy,1,a_N100_V3+3D,4.955666954629123
legacy,1,a_N100_V3+3D,4.947707988321781
legacy,1,a_N100_V3+3D,4.954791977070272
legacy,1,a_N100_V3+3D,4.942041006870568
legacy,1,a_N100_V3+3D,4.935125005431473
legacy,1,a_N100_V3+3D,4.931207979097962
legacy,1,a_N100_V3+3D,4.931458039209247
legacy,1,a_N100_V3+3D,4.923417000100017
legacy,1,a_N100_V3+3D,4.9397500697523355
legacy,1,a_N100_V3+3D,4.959542071446776
legacy,1,a_N100_V3+3D,4.989708075299859
legacy,1,a_N100_V3+3D,4.930500057525933
legacy,1,a_N100_V3+3D,4.959375015459955
legacy,1,a_N100_V3+3D,4.894124926067889
legacy,1,a_N100_V3+3D,4.948624991811812
legacy,1,a_N100_V3+3D,4.910417017526925
legacy,1,a_N100_V3+3D,5.031332955695689
legacy,1,a_N100_V3+3D,4.902790999040008
legacy,1,a_N100_V3+3D,4.936167038977146
legacy,1,a_N100_V3+3D,5.192499957047403
legacy,1,a_N100_V3+3D,4.971666960045695
legacy,1,a_N100_V3+3D,4.944083979353309
legacy,1,a_N100_V3+3D,6.01641705725342
legacy,1,a_N100_V3+3D,5.391209037043154
legacy,1,a_N100_V3+3D,5.437250016257167
legacy,1,a_N100_V3+3D,5.33729197923094
legacy,1,a_N100_V3+3D,5.325249978341162
legacy,1,a_N100_V3+3D,5.288416985422373
legacy,1,a_N100_V3+3D,5.402583978138864
legacy,1,a_N100_V3+3D,5.332958069629967
legacy,1,a_N100_V3+3D,5.290874978527427
legacy,1,a_N100_V3+3D,5.2882920717820525
legacy,1,a_N100_V3+3D,5.295209004543722
legacy,1,a_N100_V3+3D,5.280167097225785
legacy,1,a_N100_V3+3D,5.2458340069279075
legacy,1,a_N100_V3+3D,5.264499923214316
legacy,1,a_N100_V3+3D,5.267957923933864
legacy,1,a_N100_V3+3D,5.300291930325329
legacy,1,a_N100_V3+3D,5.261666956357658
legacy,1,a_N100_V3+3D,5.269584013149142
legacy,1,a_N100_V3+3D,5.255333962850273
legacy,1,a_N100_V3+3D,5.237207980826497
legacy,1,a_N100_V3+3D,5.236416007392108
legacy,1,a_N100_V3+3D,5.239334073849022
legacy,1,a_N100_V3+3D,5.214459029957652
legacy,1,a_N100_V3+3D,5.237624980509281
legacy,1,a_N100_V3+3D,5.297624971717596
legacy,1,a_N100_V3+3D,5.256667034700513
legacy,1,a_N100_V3+3D,5.305416998453438
legacy,1,a_N100_V3+3D,5.272249924018979
legacy,1,a_N100_V3+3D,5.25874993763864
legacy,1,a_N100_V3+3D,5.245417007245123
legacy,1,a_N100_V3+3D,5.252999952062964
legacy,1,a_N100_V3+3D,5.242207902483642
legacy,1,a_N100_V3+3D,5.239041987806559
legacy,1,a_N100_V3+3D,5.238333949819207
legacy,1,a_N100_V3+3D,5.244833999313414
legacy,1,a_N100_V3+3D,5.2452090894803405
legacy,1,a_N100_V3+3D,5.321291973814368
legacy,1,a_N100_V3+3D,5.2342499839141965
legacy,1,a_N100_V3+3D,5.252916016615927
legacy,1,a_N100_V3+3D,5.233500036410987
legacy,1,a_N100_V3+3D,5.213917000219226
legacy,1,a_N100_V3+3D,5.212291027419269
legacy,1,a_N100_V3+3D,5.24308392778039
legacy,1,a_N100_V3+3D,5.236708908341825
legacy,1,a_N100_V3+3D,5.23841695394367
legacy,1,a_N100_V3+3D,5.211584037169814
legacy,1,a_N100_V3+3D,5.249875015579164
legacy,1,a_N100_V3+3D,5.2972499979659915
legacy,1,a_N100_V3+3D,5.258999997749925
legacy,1,a_N100_V3+3D,5.257208948023617
legacy,1,a_N100_V3+3D,5.278749973513186
legacy,1,a_N100_V3+3D,5.28050004504621
legacy,1,a_N100_V3+3D,5.230125039815903
legacy,1,a_N100_V3+3D,5.2501249592751265
legacy,1,a_N100_V3+3D,5.243292078375816
legacy,1,a_N100_V3+3D,5.2241249941289425
legacy,1,a_N100_V3+3D,5.241042003035545
legacy,1,a_N100_V3+3D,5.248083965852857
legacy,1,a_N100_V3+3D,5.237667006440461
legacy,1,a_N100_V3+3D,5.237582954578102
legacy,1,a_N100_V3+3D,5.80575002823025
legacy,1,a_N100_V3+3D,5.062166950665414
legacy,1,a_N100_V3+3D,5.090333055704832
legacy,1,a_N100_V3+3D,5.019041011109948
legacy,1,a_N100_V3+3D,5.014416994526982
legacy,1,a_N100_V3+3D,5.058040958829224
legacy,1,a_N100_V3+3D,5.014375085011125
legacy,1,a_N100_V3+3D,4.975917050614953
legacy,1,a_N100_V3+3D,5.088208010420203
legacy,1,a_N100_V3+3D,4.98774996958673
legacy,1,a_N100_V3+3D,4.997250041924417
legacy,1,a_N100_V3+3D,4.982082988135517
legacy,1,a_N100_V3+3D,5.000666948035359
legacy,1,a_N100_V3+3D,4.992083995603025
legacy,1,a_N100_V3+3D,4.969208035618067
legacy,1,a_N100_V3+3D,4.981499980203807
legacy,1,a_N100_V3+3D,5.007999949157238
legacy,1,a_N100_V3+3D,4.964791005477309
legacy,1,a_N100_V3+3D,4.964167019352317
legacy,1,a_N100_V3+3D,4.993292037397623
legacy,1,a_N100_V3+3D,4.981208010576665
legacy,1,a_N100_V3+3D,4.924834007397294
legacy,1,a_N100_V3+3D,4.970209090970457
legacy,1,a_N100_V3+3D,4.9476249841973186
legacy,1,a_N100_V3+3D,4.963291925378144
legacy,1,a_N100_V3+3D,4.921959014609456
legacy,1,a_N100_V3+3D,5.004166974686086
legacy,1,a_N100_V3+3D,4.906416987068951
legacy,1,a_N100_V3+3D,4.933999967761338
legacy,1,a_N100_V3+3D,4.932082956656814
legacy,1,a_N100_V3+3D,4.991083987988532
legacy,1,a_N100_V3+3D,4.965292057022452
legacy,1,a_N100_V3+3D,4.987665917724371
legacy,1,a_N100_V3+3D,4.971040994860232
legacy,1,a_N100_V3+3D,4.960749996826053
legacy,1,a_N100_V3+3D,5.084624979645014
legacy,1,a_N100_V3+3D,4.9972920678555965
legacy,1,a_N100_V3+3D,4.9513340927660465
legacy,1,a_N100_V3+3D,4.966000095009804
legacy,1,a_N100_V3+3D,4.98254201374948
legacy,1,a_N100_V3+3D,4.9975409638136625
legacy,1,a_N100_V3+3D,4.9281250685453415
legacy,1,a_N100_V3+3D,4.952208953909576
legacy,1,a_N100_V3+3D,4.944999935105443
legacy,1,a_N100_V3+3D,4.961416940204799
legacy,1,a_N100_V3+3D,4.90720896050334
legacy,1,a_N100_V3+3D,4.942291998304427
legacy,1,a_N100_V3+3D,4.9613750306889415
legacy,1,a_N100_V3+3D,4.972875001840293
legacy,1,a_N100_V3+3D,4.94166708085686
legacy,1,a_N100_V3+3D,4.952249932102859
legacy,1,a_N100_V3+3D,4.921167041175067
legacy,1,a_N100_V3+3D,4.9508340889588
legacy,1,a_N100_V3+3D,4.9559170147404075
legacy,1,a_N100_V3+3D,4.978624987415969
legacy,1,a_N100_V3+3D,4.99087490607053
legacy,1,a_N100_V3+3D,4.961750004440546
legacy,1,a_N100_V3+3D,5.206250003539026
legacy,1,a_N100_V3+3D,4.994291928596795
legacy,1,a_N100_V3+3D,4.963582963682711
legacy,1,a_N100_V3+3D,6.160207907669246
legacy,1,a_N100_V3+3D,5.470416974276304
legacy,1,a_N100_V3+3D,5.609666928648949
legacy,1,a_N100_V3+3D,5.433083046227694
legacy,1,a_N100_V3+3D,5.407167016528547
legacy,1,a_N100_V3+3D,5.460708984173834
legacy,1,a_N100_V3+3D,5.447415984235704
legacy,1,a_N100_V3+3D,5.345292040146887
legacy,1,a_N100_V3+3D,5.39449998177588
legacy,1,a_N100_V3+3D,5.398874985985458
legacy,1,a_N100_V3+3D,5.358000053092837
legacy,1,a_N100_V3+3D,5.948625039309263
legacy,1,a_N100_V3+3D,6.238000001758337
legacy,1,a_N100_V3+3D,5.4463749984279275
legacy,1,a_N100_V3+3D,5.4503330029547215
legacy,1,a_N100_V3+3D,5.54891605861485
legacy,1,a_N100_V3+3D,5.315874936059117
legacy,1,a_N100_V3+3D,5.505041917786002
legacy,1,a_N100_V3+3D,6.2260410049930215
legacy,1,a_N100_V3+3D,5.504000000655651
legacy,1,a_N100_V3+3D,5.400707945227623
legacy,1,a_N100_V3+3D,5.459832958877087
legacy,1,a_N100_V3+3D,5.403792019933462
legacy,1,a_N100_V3+3D,5.375958979129791
legacy,1,a_N100_V3+3D,5.380084039643407
legacy,1,a_N100_V3+3D,5.356375011615455
legacy,1,a_N100_V3+3D,5.394750041887164
legacy,1,a_N100_V3+3D,5.361584015190601
legacy,1,a_N100_V3+3D,5.374166998080909
legacy,1,a_N100_V3+3D,5.390250007621944
legacy,1,a_N100_V3+3D,5.366500001400709
legacy,1,a_N100_V3+3D,5.3393751149997115
legacy,1,a_N100_V3+3D,5.346124991774559
legacy,1,a_N100_V3+3D,5.36425004247576
legacy,1,a_N100_V3+3D,5.343666998669505
legacy,1,a_N100_V3+3D,5.395667045377195
legacy,1,a_N100_V3+3D,5.369332968257368
legacy,1,a_N100_V3+3D,5.314167006872594
legacy,1,a_N100_V3+3D,5.31841698102653
legacy,1,a_N100_V3+3D,5.3856250597164035
legacy,1,a_N100_V3+3D,5.355042056180537
legacy,1,a_N100_V3+3D,5.396499997004867
legacy,1,a_N100_V3+3D,5.365165998227894
legacy,1,a_N100_V3+3D,5.384708056226373
legacy,1,a_N100_V3+3D,5.373500054702163
legacy,1,a_N100_V3+3D,5.387791083194315
legacy,1,a_N100_V3+3D,5.329792038537562
legacy,1,a_N100_V3+3D,5.421458976343274
legacy,1,a_N100_V3+3D,5.360833019949496
legacy,1,a_N100_V3+3D,5.359624978154898
legacy,1,a_N100_V3+3D,5.433917045593262
legacy,1,a_N100_V3+3D,5.319332936778665
legacy,1,a_N100_V3+3D,5.333833978511393
legacy,1,a_N100_V3+3D,5.390916019678116
legacy,1,a_N100_V3+3D,5.366542027331889
legacy,1,a_N100_V3+3D,5.3944579558447
legacy,1,a_N100_V3+3D,5.339750088751316
legacy,1,a_N100_V3+3D,5.396708031184971
legacy,1,a_N100_V3+3D,5.311208078637719
legacy,1,a_N100_V3+3D,5.402500042691827
legacy,1,a_N100_V3+3D,5.730040953494608
legacy,1,a_N100_V3+3D,5.026124999858439
legacy,1,a_N100_V3+3D,5.265832995064557
legacy,1,a_N100_V3+3D,4.989667097106576
legacy,1,a_N100_V3+3D,4.9598339246585965
legacy,1,a_N100_V3+3D,4.979208926670253
legacy,1,a_N100_V3+3D,4.9370829947292805
legacy,1,a_N100_V3+3D,4.944999935105443
legacy,1,a_N100_V3+3D,4.932916956022382
legacy,1,a_N100_V3+3D,4.924166016280651
legacy,1,a_N100_V3+3D,4.909000010229647
legacy,1,a_N100_V3+3D,4.90854203235358
legacy,1,a_N100_V3+3D,4.926125053316355
legacy,1,a_N100_V3+3D,4.910832969471812
legacy,1,a_N100_V3+3D,4.94016706943512
legacy,1,a_N100_V3+3D,4.959375015459955
legacy,1,a_N100_V3+3D,4.920584033243358
legacy,1,a_N100_V3+3D,4.919875063933432
legacy,1,a_N100_V3+3D,4.926834022626281
legacy,1,a_N100_V3+3D,4.908125032670796
legacy,1,a_N100_V3+3D,4.910957999527454
legacy,1,a_N100_V3+3D,4.916582955047488
legacy,1,a_N100_V3+3D,4.905708017759025
legacy,1,a_N100_V3+3D,4.899041960015893
legacy,1,a_N100_V3+3D,4.937332938425243
legacy,1,a_N100_V3+3D,4.8921669367700815
legacy,1,a_N100_V3+3D,4.978958982974291
legacy,1,a_N100_V3+3D,4.901082953438163
legacy,1,a_N100_V3+3D,4.917499958537519
legacy,1,a_N100_V3+3D,4.8947910545393825
legacy,1,a_N100_V3+3D,4.901417065411806
legacy,1,a_N100_V3+3D,5.032042041420937
legacy,1,a_N100_V3+3D,5.021000048145652
legacy,1,a_N100_V3+3D,4.929167102091014
legacy,1,a_N100_V3+3D,4.915792029350996
legacy,1,a_N100_V3+3D,4.947458044625819
legacy,1,a_N100_V3+3D,5.004416103474796
legacy,1,a_N100_V3+3D,4.9004999455064535
legacy,1,a_N100_V3+3D,4.880958003923297
legacy,1,a_N100_V3+3D,4.8740829806774855
legacy,1,a_N100_V3+3D,4.897124948911369
legacy,1,a_N100_V3+3D,4.86612506210804
legacy,1,a_N100_V3+3D,4.8571249935775995
legacy,1,a_N100_V3+3D,4.932999960146844
legacy,1,a_N100_V3+3D,4.880374995991588
legacy,1,a_N100_V3+3D,4.87733306363225
legacy,1,a_N100_V3+3D,4.904999979771674
legacy,1,a_N100_V3+3D,4.921459010802209
legacy,1,a_N100_V3+3D,4.873958067037165
legacy,1,a_N100_V3+3D,4.889125004410744
legacy,1,a_N100_V3+3D,4.91524999961257
legacy,1,a_N100_V3+3D,5.018207943066955
legacy,1,a_N100_V3+3D,4.911916912533343
legacy,1,a_N100_V3+3D,4.902333952486515
legacy,1,a_N100_V3+3D,4.885292029939592
legacy,1,a_N100_V3+3D,4.9062499310821295
legacy,1,a_N100_V3+3D,4.88362496253103
legacy,1,a_N100_V3+3D,5.140332970768213
legacy,1,a_N100_V3+3D,4.90237504709512
legacy,1,a_N100_V3+3D,4.908874980174005
legacy,1,a_N100_V3+3D,6.032541976310313
legacy,1,a_N100_V3+3D,5.388166988268495
legacy,1,a_N100_V3+3D,5.443709087558091
legacy,1,a_N100_V3+3D,5.2966250805184245
legacy,1,a_N100_V3+3D,5.313875037245452
legacy,1,a_N100_V3+3D,5.34104194957763
legacy,1,a_N100_V3+3D,5.694582941941917
legacy,1,a_N100_V3+3D,5.264583043754101
legacy,1,a_N100_V3+3D,5.285541992634535
legacy,1,a_N100_V3+3D,5.264124949462712
legacy,1,a_N100_V3+3D,5.277207936160266
legacy,1,a_N100_V3+3D,5.265209008939564
legacy,1,a_N100_V3+3D,5.360416951589286
legacy,1,a_N100_V3+3D,5.255750031210482
legacy,1,a_N100_V3+3D,5.253750015981495
legacy,1,a_N100_V3+3D,5.280042067170143
legacy,1,a_N100_V3+3D,5.256250035017729
legacy,1,a_N100_V3+3D,5.290209082886577
legacy,1,a_N100_V3+3D,5.328250001184642
legacy,1,a_N100_V3+3D,5.2269999869167805
legacy,1,a_N100_V3+3D,5.2371249767020345
legacy,1,a_N100_V3+3D,5.236999946646392
legacy,1,a_N100_V3+3D,5.553458002395928
legacy,1,a_N100_V3+3D,5.227999994531274
legacy,1,a_N100_V3+3D,5.250207963399589
legacy,1,a_N100_V3+3D,5.2414999809116125
legacy,1,a_N100_V3+3D,5.284124985337257
legacy,1,a_N100_V3+3D,5.240374943241477
legacy,1,a_N100_V3+3D,5.33783296123147
legacy,1,a_N100_V3+3D,5.230167065747082
legacy,1,a_N100_V3+3D,5.280249984934926
legacy,1,a_N100_V3+3D,5.237375036813319
legacy,1,a_N100_V3+3D,5.279083037748933
legacy,1,a_N100_V3+3D,5.220458027906716
legacy,1,a_N100_V3+3D,5.2393750520423055
legacy,1,a_N100_V3+3D,5.311124958097935
legacy,1,a_N100_V3+3D,5.3105829283595085
legacy,1,a_N100_V3+3D,5.258291959762573
legacy,1,a_N100_V3+3D,5.221333936788142
legacy,1,a_N100_V3+3D,5.263582919724286
legacy,1,a_N100_V3+3D,5.324499914422631
legacy,1,a_N100_V3+3D,5.244959029369056
legacy,1,a_N100_V3+3D,5.26233296841383
legacy,1,a_N100_V3+3D,5.269041983410716
legacy,1,a_N100_V3+3D,5.255458992905915
legacy,1,a_N100_V3+3D,5.258792079985142
legacy,1,a_N100_V3+3D,5.311707966029644
legacy,1,a_N100_V3+3D,5.257542012259364
legacy,1,a_N100_V3+3D,5.228042020462453
legacy,1,a_N100_V3+3D,5.271833040751517
legacy,1,a_N100_V3+3D,5.29187498614192
legacy,1,a_N100_V3+3D,5.285249906592071
legacy,1,a_N100_V3+3D,5.256791948340833
legacy,1,a_N100_V3+3D,5.2552089327946305
legacy,1,a_N100_V3+3D,5.232958006672561
legacy,1,a_N100_V3+3D,5.267250002361834
legacy,1,a_N100_V3+3D,5.341458949260414
legacy,1,a_N100_V3+3D,5.296332994475961
legacy,1,a_N100_V3+3D,5.263666971586645
legacy,1,a_N100_V3+3D,5.237000063061714
legacy,1,a_N100_V3+3D,5.84333308506757
legacy,1,a_N100_V3+3D,5.071124993264675
legacy,1,a_N100_V3+3D,5.20720798522234
legacy,1,a_N100_V3+3D,5.048332968726754
legacy,1,a_N100_V3+3D,5.1216669380664825
legacy,1,a_N100_V3+3D,5.027791950851679
legacy,1,a_N100_V3+3D,5.096041946671903
legacy,1,a_N100_V3+3D,5.021165939979255
legacy,1,a_N100_V3+3D,5.0163749838247895
legacy,1,a_N100_V3+3D,4.982625017873943
legacy,1,a_N100_V3+3D,5.025540944188833
legacy,1,a_N100_V3+3D,4.956291988492012
legacy,1,a_N100_V3+3D,5.053083063103259
legacy,1,a_N100_V3+3D,4.992792033590376
legacy,1,a_N100_V3+3D,5.040874937549233
legacy,1,a_N100_V3+3D,5.045208963565528
legacy,1,a_N100_V3+3D,5.036375019699335
legacy,1,a_N100_V3+3D,5.0192499766126275
legacy,1,a_N100_V3+3D,5.031958920881152
legacy,1,a_N100_V3+3D,5.060166935436428
legacy,1,a_N100_V3+3D,5.0536670023575425
legacy,1,a_N100_V3+3D,4.99225000385195
legacy,1,a_N100_V3+3D,5.0553749315440655
legacy,1,a_N100_V3+3D,4.972249967977405
legacy,1,a_N100_V3+3D,5.012708017602563
legacy,1,a_N100_V3+3D,4.962958046235144
legacy,1,a_N100_V3+3D,5.069375038146973
legacy,1,a_N100_V3+3D,5.051749991253018
legacy,1,a_N100_V3+3D,4.97583404649049
legacy,1,a_N100_V3+3D,4.989208071492612
legacy,1,a_N100_V3+3D,5.0051669823005795
legacy,1,a_N100_V3+3D,4.956750082783401
legacy,1,a_N100_V3+3D,5.026249913498759
legacy,1,a_N100_V3+3D,5.000458913855255
legacy,1,a_N100_V3+3D,5.153708043508232
legacy,1,a_N100_V3+3D,4.983916995115578
legacy,1,a_N100_V3+3D,5.058584036305547
legacy,1,a_N100_V3+3D,4.978790995664895
legacy,1,a_N100_V3+3D,4.9873749958351254
legacy,1,a_N100_V3+3D,4.988458007574081
legacy,1,a_N100_V3+3D,4.909125040285289
legacy,1,a_N100_V3+3D,4.894457990303636
legacy,1,a_N100_V3+3D,4.99991700053215
legacy,1,a_N100_V3+3D,4.95149998459965
legacy,1,a_N100_V3+3D,5.001291981898248
legacy,1,a_N100_V3+3D,4.980708006769419
legacy,1,a_N100_V3+3D,5.000042030587792
legacy,1,a_N100_V3+3D,4.962999955751002
legacy,1,a_N100_V3+3D,5.046666949056089
legacy,1,a_N100_V3+3D,4.95149998459965
legacy,1,a_N100_V3+3D,5.010457942262292
legacy,1,a_N100_V3+3D,4.897166974842548
legacy,1,a_N100_V3+3D,4.99912491068244
legacy,1,a_N100_V3+3D,4.994207993149757
legacy,1,a_N100_V3+3D,5.032957997173071
legacy,1,a_N100_V3+3D,4.9501670291647315
legacy,1,a_N100_V3+3D,5.970958038233221
legacy,1,a_N100_V3+3D,5.37695805542171
legacy,1,a_N100_V3+3D,5.125084077008069
legacy,1,a_N100_V3+3D,5.0671250792220235
legacy,1,a_N100_V3+3D,6.259165937080979
legacy,1,a_N100_V3+3D,5.458416999317706
legacy,1,a_N100_V3+3D,5.642749951221049
legacy,1,a_N100_V3+3D,5.534332944080234
legacy,1,a_N100_V3+3D,5.5666250409558415
legacy,1,a_N100_V3+3D,5.33112499397248
legacy,1,a_N100_V3+3D,5.3501250222325325
legacy,1,a_N100_V3+3D,5.359582952223718
legacy,1,a_N100_V3+3D,5.483000073581934
legacy,1,a_N100_V3+3D,5.466083064675331
legacy,1,a_N100_V3+3D,5.435875034891069
legacy,1,a_N100_V3+3D,5.323000019416213
legacy,1,a_N100_V3+3D,5.428083008155227
legacy,1,a_N100_V3+3D,5.37545804399997
legacy,1,a_N100_V3+3D,5.432749981991947
legacy,1,a_N100_V3+3D,5.42258401401341
legacy,1,a_N100_V3+3D,5.422874935902655
legacy,1,a_N100_V3+3D,5.283417063765228
legacy,1,a_N100_V3+3D,5.298165953718126
legacy,1,a_N100_V3+3D,5.402749986387789
legacy,1,a_N100_V3+3D,5.407000076957047
legacy,1,a_N100_V3+3D,5.3685830207541585
legacy,1,a_N100_V3+3D,5.429374985396862
legacy,1,a_N100_V3+3D,5.482084001414478
legacy,1,a_N100_V3+3D,5.454582977108657
legacy,1,a_N100_V3+3D,5.404583062045276
legacy,1,a_N100_V3+3D,5.476666963659227
legacy,1,a_N100_V3+3D,5.307375104166567
legacy,1,a_N100_V3+3D,5.423916038125753
legacy,1,a_N100_V3+3D,5.286040948703885
legacy,1,a_N100_V3+3D,5.421415902674198
legacy,1,a_N100_V3+3D,5.393291008658707
legacy,1,a_N100_V3+3D,5.384708987548947
legacy,1,a_N100_V3+3D,5.2997920429334044
legacy,1,a_N100_V3+3D,5.468624993227422
legacy,1,a_N100_V3+3D,5.387541023083031
legacy,1,a_N100_V3+3D,5.459415959194303
legacy,1,a_N100_V3+3D,5.377165973186493
legacy,1,a_N100_V3+3D,5.37766597699374
legacy,1,a_N100_V3+3D,5.306958104483783
legacy,1,a_N100_V3+3D,5.393875064328313
legacy,1,a_N100_V3+3D,5.424542003311217
legacy,1,a_N100_V3+3D,5.4294581059366465
legacy,1,a_N100_V3+3D,5.328082945197821
legacy,1,a_N100_V3+3D,5.410125013440847
legacy,1,a_N100_V3+3D,5.297333002090454
legacy,1,a_N100_V3+3D,5.398583016358316
legacy,1,a_N100_V3+3D,5.453250021673739
legacy,1,a_N100_V3+3D,5.3932080045342445
legacy,1,a_N100_V3+3D,5.295541952364147
legacy,1,a_N100_V3+3D,5.385000025853515
legacy,1,a_N100_V3+3D,5.341541022062302
legacy,1,a_N100_V3+3D,5.2872080123052
legacy,1,a_N100_V3+3D,5.418584099970758
legacy,1,a_N100_V3+3D,5.280375014990568
legacy,1,a_N100_V3+3D,5.3913750452920794
legacy,1,a_N100_V3+3D,5.386124947108328
legacy,1,a_N100_V3+3D,5.387958022765815
legacy,1,a_N100_V3+3D,5.430874996818602
legacy,1,a_N100_V3+3D,5.394374951720238
legacy,1,a_N100_V3+3D,5.828416906297207
legacy,1,a_N100_V3+3D,5.580166005529463
legacy,1,a_N100_V3+3D,5.228458088822663
legacy,1,a_N100_V3+3D,5.034166038967669
legacy,1,a_N100_V3+3D,5.067249992862344
legacy,1,a_N100_V3+3D,4.972083028405905
legacy,1,a_N100_V3+3D,4.961958038620651
legacy,1,a_N100_V3+3D,5.0829589599743485
legacy,1,a_N100_V3+3D,4.9720419337973
legacy,1,a_N100_V3+3D,4.936499986797571
legacy,1,a_N100_V3+3D,4.934874945320189
legacy,1,a_N100_V3+3D,4.948750021867454
legacy,1,a_N100_V3+3D,4.938415950164199
legacy,1,a_N100_V3+3D,4.927458008751273
legacy,1,a_N100_V3+3D,4.939250065945089
legacy,1,a_N100_V3+3D,4.956332966685295
legacy,1,a_N100_V3+3D,4.917333018966019
legacy,1,a_N100_V3+3D,5.35754207521677
legacy,1,a_N100_V3+3D,4.904708010144532
legacy,1,a_N100_V3+3D,4.926875000819564
legacy,1,a_N100_V3+3D,4.9086669459939
legacy,1,a_N100_V3+3D,4.903916036710143
legacy,1,a_N100_V3+3D,4.987332969903946
legacy,1,a_N100_V3+3D,5.034458939917386
legacy,1,a_N100_V3+3D,4.895249963738024
legacy,1,a_N100_V3+3D,4.90233302116394
legacy,1,a_N100_V3+3D,5.012209061533213
legacy,1,a_N100_V3+3D,4.961250000633299
legacy,1,a_N100_V3+3D,4.926708061248064
legacy,1,a_N100_V3+3D,4.907792084850371
legacy,1,a_N100_V3+3D,4.920791019685566
legacy,1,a_N100_V3+3D,4.902207991108298
legacy,1,a_N100_V3+3D,4.942708066664636
legacy,1,a_N100_V3+3D,5.148750031366944
legacy,1,a_N100_V3+3D,4.978958051651716
legacy,1,a_N100_V3+3D,4.933541989885271
legacy,1,a_N100_V3+3D,4.948541056364775
legacy,1,a_N100_V3+3D,5.028249928727746
legacy,1,a_N100_V3+3D,4.8962089931592345
legacy,1,a_N100_V3+3D,4.911832977086306
legacy,1,a_N100_V3+3D,4.9015829572454095
legacy,1,a_N100_V3+3D,4.926291992887855
legacy,1,a_N100_V3+3D,4.912999924272299
legacy,1,a_N100_V3+3D,4.906208021566272
legacy,1,a_N100_V3+3D,4.923374974168837
legacy,1,a_N100_V3+3D,4.891416057944298
legacy,1,a_N100_V3+3D,4.913000040687621
legacy,1,a_N100_V3+3D,5.048125050961971
legacy,1,a_N100_V3+3D,4.907082999125123
legacy,1,a_N100_V3+3D,4.9342920538038015
legacy,1,a_N100_V3+3D,4.919708939269185
legacy,1,a_N100_V3+3D,4.907458089292049
legacy,1,a_N100_V3+3D,4.901457927189767
legacy,1,a_N100_V3+3D,4.894916899502277
legacy,1,a_N100_V3+3D,4.890582989901304
legacy,1,a_N100_V3+3D,4.884249996393919
legacy,1,a_N100_V3+3D,4.920167033560574
legacy,1,a_N100_V3+3D,5.322457989677787
legacy,1,a_N100_V3+3D,4.956332966685295
legacy,1,a_N100_V3+3D,4.934958997182548
legacy,1,a_N100_V3+3D,6.060125073418021
legacy,1,a_N100_V3+3D,5.411416990682483
legacy,1,a_N100_V3+3D,5.444665905088186
legacy,1,a_N100_V3+3D,5.33466599881649
legacy,1,a_N100_V3+3D,5.3815830033272505
legacy,1,a_N100_V3+3D,5.308917025104165
legacy,1,a_N100_V3+3D,5.349874962121248
legacy,1,a_N100_V3+3D,5.339291994459927
legacy,1,a_N100_V3+3D,5.335125024430454
legacy,1,a_N100_V3+3D,5.306791979819536
legacy,1,a_N100_V3+3D,5.314207985065877
legacy,1,a_N100_V3+3D,5.29341702349484
legacy,1,a_N100_V3+3D,5.311458022333682
legacy,1,a_N100_V3+3D,5.331458058208227
legacy,1,a_N100_V3+3D,5.3279169369488955
legacy,1,a_N100_V3+3D,5.374457919970155
legacy,1,a_N100_V3+3D,5.312166991643608
legacy,1,a_N100_V3+3D,5.324000027030706
legacy,1,a_N100_V3+3D,5.31433301512152
legacy,1,a_N100_V3+3D,5.280624958686531
legacy,1,a_N100_V3+3D,5.279749981127679
legacy,1,a_N100_V3+3D,5.825957981869578
legacy,1,a_N100_V3+3D,5.461875000037253
legacy,1,a_N100_V3+3D,5.419334047473967
legacy,1,a_N100_V3+3D,5.392250022850931
legacy,1,a_N100_V3+3D,5.368625046685338
legacy,1,a_N100_V3+3D,5.409042001701891
legacy,1,a_N100_V3+3D,5.36725006531924
legacy,1,a_N100_V3+3D,5.340417032130063
legacy,1,a_N100_V3+3D,5.357624962925911
legacy,1,a_N100_V3+3D,5.337624927051365
legacy,1,a_N100_V3+3D,5.34849998075515
legacy,1,a_N100_V3+3D,5.328083992935717
legacy,1,a_N100_V3+3D,5.329333012923598
legacy,1,a_N100_V3+3D,5.384415970183909
legacy,1,a_N100_V3+3D,5.374250002205372
legacy,1,a_N100_V3+3D,5.3992499597370625
legacy,1,a_N100_V3+3D,5.349625018425286
legacy,1,a_N100_V3+3D,5.3443750366568565
legacy,1,a_N100_V3+3D,5.347040947526693
legacy,1,a_N100_V3+3D,5.325625068508089
legacy,1,a_N100_V3+3D,5.317625007592142
legacy,1,a_N100_V3+3D,5.328916013240814
legacy,1,a_N100_V3+3D,5.314208101481199
legacy,1,a_N100_V3+3D,5.310875014401972
legacy,1,a_N100_V3+3D,5.411999998614192
legacy,1,a_N100_V3+3D,5.328250001184642
legacy,1,a_N100_V3+3D,5.351874977350235
legacy,1,a_N100_V3+3D,5.345667013898492
legacy,1,a_N100_V3+3D,5.341957905329764
legacy,1,a_N100_V3+3D,5.319542018696666
legacy,1,a_N100_V3+3D,5.329999956302345
legacy,1,a_N100_V3+3D,5.298792035318911
legacy,1,a_N100_V3+3D,5.281166988424957
legacy,1,a_N100_V3+3D,5.2874579560011625
legacy,1,a_N100_V3+3D,5.319416057318449
legacy,1,a_N100_V3+3D,5.321291042491794
legacy,1,a_N100_V3+3D,5.369500024244189
legacy,1,a_N100_V3+3D,5.329083069227636
legacy,1,a_N100_V3+3D,5.313917063176632
legacy,1,a_N100_V3+3D,5.746707902289927
legacy,1,a_N100_V3+3D,5.090333055704832
legacy,1,a_N100_V3+3D,5.14945900067687
legacy,1,a_N100_V3+3D,5.0996249774470925
legacy,1,a_N100_V3+3D,5.0503750098869205
legacy,1,a_N100_V3+3D,5.050000036135316
legacy,1,a_N100_V3+3D,5.0232079811394215
legacy,1,a_N100_V3+3D,5.0240420969203115
legacy,1,a_N100_V3+3D,5.015458911657333
legacy,1,a_N100_V3+3D,5.00212493352592
legacy,1,a_N100_V3+3D,5.032374989241362
legacy,1,a_N100_V3+3D,4.990458954125643
legacy,1,a_N100_V3+3D,4.9519159365445375
legacy,1,a_N100_V3+3D,4.966582986526191
legacy,1,a_N100_V3+3D,4.98087506275624
legacy,1,a_N100_V3+3D,4.992665955796838
legacy,1,a_N100_V3+3D,4.919167025946081
legacy,1,a_N100_V3+3D,4.972791066393256
legacy,1,a_N100_V3+3D,4.939250065945089
legacy,1,a_N100_V3+3D,4.95600001886487
legacy,1,a_N100_V3+3D,4.99225000385195
legacy,1,a_N100_V3+3D,4.959749989211559
legacy,1,a_N100_V3+3D,4.977542092092335
legacy,1,a_N100_V3+3D,4.981249920092523
legacy,1,a_N100_V3+3D,5.117374937981367
legacy,1,a_N100_V3+3D,4.971791990101337
legacy,1,a_N100_V3+3D,4.956874996423721
legacy,1,a_N100_V3+3D,4.970124922692776
legacy,1,a_N100_V3+3D,4.9718749942258
legacy,1,a_N100_V3+3D,4.95604204479605
legacy,1,a_N100_V3+3D,4.968082997947931
legacy,1,a_N100_V3+3D,5.003332975320518
legacy,1,a_N100_V3+3D,4.91991697344929
legacy,1,a_N100_V3+3D,4.959458019584417
legacy,1,a_N100_V3+3D,4.951082984916866
legacy,1,a_N100_V3+3D,4.960417049005628
legacy,1,a_N100_V3+3D,5.0428330432623625
legacy,1,a_N100_V3+3D,4.979292047210038
legacy,1,a_N100_V3+3D,4.951999988406897
legacy,1,a_N100_V3+3D,6.158375064842403
legacy,1,a_N100_V3+3D,5.160750006325543
legacy,1,a_N100_V3+3D,5.079708993434906
legacy,1,a_N100_V3+3D,5.116124986670911
legacy,1,a_N100_V3+3D,5.035417038016021
legacy,1,a_N100_V3+3D,5.009999964386225
legacy,1,a_N100_V3+3D,5.05412498023361
legacy,1,a_N100_V3+3D,5.008750013075769
legacy,1,a_N100_V3+3D,5.074625019915402
legacy,1,a_N100_V3+3D,4.965250031091273
legacy,1,a_N100_V3+3D,5.011292058043182
legacy,1,a_N100_V3+3D,4.970834008418024
legacy,1,a_N100_V3+3D,5.008290987461805
legacy,1,a_N100_V3+3D,4.993333015590906
legacy,1,a_N100_V3+3D,5.038874922320247
legacy,1,a_N100_V3+3D,4.980083089321852
legacy,1,a_N100_V3+3D,4.961957922205329
legacy,1,a_N100_V3+3D,4.932916956022382
legacy,1,a_N100_V3+3D,5.246124928817153
legacy,1,a_N100_V3+3D,4.97391598764807
legacy,1,a_N100_V3+3D,4.9862919840961695
legacy,1,a_N100_V3+3D,6.30458293017
legacy,1,a_N100_V3+3D,5.472832941450179
legacy,1,a_N100_V3+3D,6.186374928802252
legacy,1,a_N100_V3+3D,6.1724159168079495
legacy,1,a_N100_V3+3D,6.492416956461966
legacy,1,a_N100_V3+3D,6.640833918936551
legacy,1,a_N100_V3+3D,5.660332972183824
legacy,1,a_N100_V3+3D,5.524417036212981
legacy,1,a_N100_V3+3D,5.48670906573534
legacy,1,a_N100_V3+3D,5.455292062833905
legacy,1,a_N100_V3+3D,5.4815830662846565
legacy,1,a_N100_V3+3D,5.462584085762501
legacy,1,a_N100_V3+3D,5.483583081513643
legacy,1,a_N100_V3+3D,5.41416706983
legacy,1,a_N100_V3+3D,5.433249985799193
legacy,1,a_N100_V3+3D,5.461083026602864
legacy,1,a_N100_V3+3D,5.469957948662341
legacy,1,a_N100_V3+3D,5.442042020149529
legacy,1,a_N100_V3+3D,5.471832933835685
legacy,1,a_N100_V3+3D,5.404916941188276
legacy,1,a_N100_V3+3D,5.291583016514778
legacy,1,a_N100_V3+3D,5.39295794442296
legacy,1,a_N100_V3+3D,5.426375078968704
legacy,1,a_N100_V3+3D,5.393084022216499
legacy,1,a_N100_V3+3D,5.4022090043872595
legacy,1,a_N100_V3+3D,5.385417025536299
legacy,1,a_N100_V3+3D,5.432917037978768
legacy,1,a_N100_V3+3D,5.399167072027922
legacy,1,a_N100_V3+3D,5.5781659903004766
legacy,1,a_N100_V3+3D,5.39095897693187
legacy,1,a_N100_V3+3D,5.406375043094158
legacy,1,a_N100_V3+3D,5.402082926593721
legacy,1,a_N100_V3+3D,5.375250009819865
legacy,1,a_N100_V3+3D,5.446125054731965
legacy,1,a_N100_V3+3D,5.442832945846021
legacy,1,a_N100_V3+3D,5.389958969317377
legacy,1,a_N100_V3+3D,5.415332969278097
legacy,1,a_N100_V3+3D,5.388666992075741
legacy,1,a_N100_V3+3D,5.401417030952871
legacy,1,a_N100_V3+3D,5.406333017162979
legacy,1,a_N100_V3+3D,5.42254198808223
legacy,1,a_N100_V3+3D,5.366042023524642
legacy,1,a_N100_V3+3D,5.371332983486354
legacy,1,a_N100_V3+3D,5.373625084757805
legacy,1,a_N100_V3+3D,5.41804195381701
legacy,1,a_N100_V3+3D,5.390250007621944
legacy,1,a_N100_V3+3D,5.393916042521596
legacy,1,a_N100_V3+3D,5.400708992965519
legacy,1,a_N100_V3+3D,5.383915966376662
legacy,1,a_N100_V3+3D,5.38929202593863
legacy,1,a_N100_V3+3D,5.441125016659498
legacy,1,a_N100_V3+3D,5.396957974880934
legacy,1,a_N100_V3+3D,5.472457967698574
legacy,1,a_N100_V3+3D,5.396583001129329
legacy,1,a_N100_V3+3D,5.367708974517882
legacy,1,a_N100_V3+3D,5.364875076338649
legacy,1,a_N100_V3+3D,5.364834098145366
legacy,1,a_N100_V3+3D,5.360041046515107
legacy,1,a_N100_V3+3D,5.375000066123903
legacy,1,a_N100_V3+3D,5.317375063896179
legacy,1,a_N100_V3+3D,5.783666973002255
legacy,1,a_N100_V3+3D,5.07233408279717
legacy,1,a_N100_V3+3D,5.101999966427684
legacy,1,a_N100_V3+3D,5.016959039494395
legacy,1,a_N100_V3+3D,5.015540984459221
legacy,1,a_N100_V3+3D,5.495958030223846
legacy,1,a_N100_V3+3D,4.987583961337805
legacy,1,a_N100_V3+3D,4.95108391623944
legacy,1,a_N100_V3+3D,4.9562499625608325
legacy,1,a_N100_V3+3D,4.975458956323564
legacy,1,a_N100_V3+3D,4.940041922964156
legacy,1,a_N100_V3+3D,4.985000006854534
legacy,1,a_N100_V3+3D,4.968416993506253
legacy,1,a_N100_V3+3D,4.950333968736231
legacy,1,a_N100_V3+3D,4.9422080628573895
legacy,1,a_N100_V3+3D,4.96350007597357
legacy,1,a_N100_V3+3D,4.939667065627873
legacy,1,a_N100_V3+3D,4.933083080686629
legacy,1,a_N100_V3+3D,4.942167084664106
legacy,1,a_N100_V3+3D,4.920542007312179
legacy,1,a_N100_V3+3D,4.967333050444722
legacy,1,a_N100_V3+3D,4.935083910822868
legacy,1,a_N100_V3+3D,4.925334011204541
legacy,1,a_N100_V3+3D,4.962499951943755
legacy,1,a_N100_V3+3D,4.9536669394001365
legacy,1,a_N100_V3+3D,4.925041925162077
legacy,1,a_N100_V3+3D,5.0096670165658
legacy,1,a_N100_V3+3D,5.3076669573783875
legacy,1,a_N100_V3+3D,4.950915928930044
legacy,1,a_N100_V3+3D,4.949207999743521
legacy,1,a_N100_V3+3D,4.937333986163139
legacy,1,a_N100_V3+3D,4.945292021147907
legacy,1,a_N100_V3+3D,4.961082944646478
legacy,1,a_N100_V3+3D,4.987834021449089
legacy,1,a_N100_V3+3D,4.939125035889447
legacy,1,a_N100_V3+3D,4.933041054755449
legacy,1,a_N100_V3+3D,5.002458929084241
legacy,1,a_N100_V3+3D,4.9704170087352395
legacy,1,a_N100_V3+3D,4.974124953150749
legacy,1,a_N100_V3+3D,4.927834030240774
legacy,1,a_N100_V3+3D,4.931541974656284
legacy,1,a_N100_V3+3D,4.93874994572252
legacy,1,a_N100_V3+3D,4.958124947734177
legacy,1,a_N100_V3+3D,4.959500045515597
legacy,1,a_N100_V3+3D,4.938042024150491
legacy,1,a_N100_V3+3D,4.939042031764984
legacy,1,a_N100_V3+3D,4.956542048603296
legacy,1,a_N100_V3+3D,4.948958056047559
legacy,1,a_N100_V3+3D,4.931958043016493
legacy,1,a_N100_V3+3D,4.952499992214143
legacy,1,a_N100_V3+3D,4.966417094692588
legacy,1,a_N100_V3+3D,4.936459008604288
legacy,1,a_N100_V3+3D,4.919958999380469
legacy,1,a_N100_V3+3D,4.90399997215718
legacy,1,a_N100_V3+3D,4.938042024150491
legacy,1,a_N100_V3+3D,4.925666959024966
legacy,1,a_N100_V3+3D,4.969166941009462
legacy,1,a_N100_V3+3D,5.210959003306925
legacy,1,a_N100_V3+3D,4.959375015459955
legacy,1,a_N100_V3+3D,4.9461249727755785
legacy,1,a_N100_V3+3D,6.145374965853989
legacy,1,a_N100_V3+3D,5.429542041383684
legacy,1,a_N100_V3+3D,5.60054206289351
legacy,1,a_N100_V3+3D,5.419416003860533
legacy,1,a_N100_V3+3D,5.344875040464103
legacy,1,a_N100_V3+3D,5.337124923244119
legacy,1,a_N100_V3+3D,5.310458014719188
legacy,1,a_N100_V3+3D,5.330291925929487
legacy,1,a_N100_V3+3D,5.977916996926069
legacy,1,a_N100_V3+3D,5.328790983185172
legacy,1,a_N100_V3+3D,5.315916961990297
legacy,1,a_N100_V3+3D,5.345416953787208
legacy,1,a_N100_V3+3D,5.304957972839475
legacy,1,a_N100_V3+3D,5.308958003297448
legacy,1,a_N100_V3+3D,5.3125000558793545
legacy,1,a_N100_V3+3D,5.356041016057134
legacy,1,a_N100_V3+3D,5.29637502040714
legacy,1,a_N100_V3+3D,5.336125032044947
legacy,1,a_N100_V3+3D,5.28270797803998
legacy,1,a_N100_V3+3D,5.304333055391908
legacy,1,a_N100_V3+3D,5.32308395486325
legacy,1,a_N100_V3+3D,5.308374995365739
legacy,1,a_N100_V3+3D,5.281582940369844
legacy,1,a_N100_V3+3D,5.289040971547365
legacy,1,a_N100_V3+3D,5.28287491761148
legacy,1,a_N100_V3+3D,5.289540975354612
legacy,1,a_N100_V3+3D,5.3326670313254
legacy,1,a_N100_V3+3D,5.305125028826296
legacy,1,a_N100_V3+3D,5.2943750051781535
legacy,1,a_N100_V3+3D,5.279375007376075
legacy,1,a_N100_V3+3D,5.297916010022163
legacy,1,a_N100_V3+3D,5.290542030707002
legacy,1,a_N100_V3+3D,5.311832996085286
legacy,1,a_N100_V3+3D,5.38612506352365
legacy,1,a_N100_V3+3D,5.294292001053691
legacy,1,a_N100_V3+3D,5.313583998940885
legacy,1,a_N100_V3+3D,5.310375010594726
legacy,1,a_N100_V3+3D,5.276207928545773
legacy,1,a_N100_V3+3D,5.267416941933334
legacy,1,a_N100_V3+3D,5.304874968715012
legacy,1,a_N100_V3+3D,5.302208010107279
legacy,1,a_N100_V3+3D,5.3008339600637555
legacy,1,a_N100_V3+3D,5.287708016112447
legacy,1,a_N100_V3+3D,5.379542009904981
legacy,1,a_N100_V3+3D,5.2997920429334044
legacy,1,a_N100_V3+3D,5.315458052791655
legacy,1,a_N100_V3+3D,5.312458029948175
legacy,1,a_N100_V3+3D,5.345917074009776
legacy,1,a_N100_V3+3D,5.283875041641295
legacy,1,a_N100_V3+3D,5.392708000726998
legacy,1,a_N100_V3+3D,5.266916938126087
legacy,1,a_N100_V3+3D,5.264416104182601
legacy,1,a_N100_V3+3D,5.293582915328443
legacy,1,a_N100_V3+3D,5.2689589792862535
legacy,1,a_N100_V3+3D,5.268874927423894
legacy,1,a_N100_V3+3D,5.279999924823642
legacy,1,a_N100_V3+3D,5.271833972074091
legacy,1,a_N100_V3+3D,5.2910830127075315
legacy,1,a_N100_V3+3D,5.30145806260407
legacy,1,a_N100_V3+3D,5.289042019285262
legacy,1,a_N100_V3+3D,5.74908300768584
legacy,1,a_N100_V3+3D,5.058082984760404
legacy,1,a_N100_V3+3D,5.369459046050906
legacy,1,a_N100_V3+3D,5.0272500375285745
legacy,1,a_N100_V3+3D,4.973332979716361
legacy,1,a_N100_V3+3D,5.029499996453524
legacy,1,a_N100_V3+3D,4.983957973308861
legacy,1,a_N100_V3+3D,4.9906669883057475
legacy,1,a_N100_V3+3D,4.970167065039277
legacy,1,a_N100_V3+3D,4.9627909902483225
legacy,1,a_N100_V3+3D,4.934750031679869
legacy,1,a_N100_V3+3D,4.9225419061258435
legacy,1,a_N100_V3+3D,4.99675003811717
legacy,1,a_N100_V3+3D,4.943875013850629
legacy,1,a_N100_V3+3D,4.965625004842877
legacy,1,a_N100_V3+3D,5.034582922235131
legacy,1,a_N100_V3+3D,4.949667025357485
legacy,1,a_N100_V3+3D,4.98087506275624
legacy,1,a_N100_V3+3D,4.933624994009733
legacy,1,a_N100_V3+3D,4.947209032252431
legacy,1,a_N100_V3+3D,4.9642079975456
legacy,1,a_N100_V3+3D,4.945916007272899
legacy,1,a_N100_V3+3D,4.959666985087097
legacy,1,a_N100_V3+3D,6.005584029480815
legacy,1,a_N100_V3+3D,5.052500055171549
legacy,1,a_N100_V3+3D,4.988458007574081
legacy,1,a_N100_V3+3D,5.031417007558048
legacy,1,a_N100_V3+3D,4.962750012055039
legacy,1,a_N100_V3+3D,4.9681669333949685
legacy,1,a_N100_V3+3D,4.9664590042084455
legacy,1,a_N100_V3+3D,4.943541018292308
legacy,1,a_N100_V3+3D,4.975749994628131
legacy,1,a_N100_V3+3D,5.094374995678663
legacy,1,a_N100_V3+3D,4.9758750246837735
legacy,1,a_N100_V3+3D,4.963041981682181
legacy,1,a_N100_V3+3D,4.976833006367087
legacy,1,a_N100_V3+3D,4.989541019313037
legacy,1,a_N100_V3+3D,4.971417016349733
legacy,1,a_N100_V3+3D,4.992709029465914
legacy,1,a_N100_V3+3D,4.95750003028661
legacy,1,a_N100_V3+3D,4.952083108946681
legacy,1,a_N100_V3+3D,4.980041063390672
legacy,1,a_N100_V3+3D,4.9363329308107495
legacy,1,a_N100_V3+3D,5.156625062227249
legacy,1,a_N100_V3+3D,4.9656659830361605
legacy,1,a_N100_V3+3D,4.941415973007679
legacy,1,a_N100_V3+3D,4.9718329682946205
legacy,1,a_N100_V3+3D,5.000334000214934
legacy,1,a_N100_V3+3D,4.93466597981751
legacy,1,a_N100_V3+3D,4.95450000744313
legacy,1,a_N100_V3+3D,4.954042029567063
legacy,1,a_N100_V3+3D,4.965292057022452
legacy,1,a_N100_V3+3D,4.935916978865862
legacy,1,a_N100_V3+3D,4.957583034411073
legacy,1,a_N100_V3+3D,4.933624994009733
legacy,1,a_N100_V3+3D,5.473625031299889
legacy,1,a_N100_V3+3D,5.147208925336599
legacy,1,a_N100_V3+3D,5.3385409992188215
legacy,1,a_N100_V3+3D,5.032166023738682
legacy,1,a_N100_V3+3D,5.036332993768156
legacy,1,a_N100_V3+3D,6.255957996472716
legacy,1,a_N100_V3+3D,5.560000077821314
legacy,1,a_N100_V3+3D,5.640999996103346
legacy,1,a_N100_V3+3D,5.503708031028509
legacy,1,a_N100_V3+3D,5.416166968643665
legacy,1,a_N100_V3+3D,5.4474170319736
legacy,1,a_N100_V3+3D,5.4839159129187465
legacy,1,a_N100_V3+3D,5.4417080245912075
legacy,1,a_N100_V3+3D,5.348208942450583
legacy,1,a_N100_V3+3D,5.343665950931609
legacy,1,a_N100_V3+3D,5.429290933534503
legacy,1,a_N100_V3+3D,5.472499993629754
legacy,1,a_N100_V3+3D,5.394665990024805
legacy,1,a_N100_V3+3D,5.42295805644244
legacy,1,a_N100_V3+3D,5.366833996959031
legacy,1,a_N100_V3+3D,5.518667050637305
legacy,1,a_N100_V3+3D,5.428000004030764
legacy,1,a_N100_V3+3D,5.4507500026375055
legacy,1,a_N100_V3+3D,5.337625043466687
legacy,1,a_N100_V3+3D,5.416792002506554
legacy,1,a_N100_V3+3D,5.444082897156477
legacy,1,a_N100_V3+3D,5.4108749609440565
legacy,1,a_N100_V3+3D,5.301457946188748
legacy,1,a_N100_V3+3D,5.378584028221667
legacy,1,a_N100_V3+3D,5.328041967004538
legacy,1,a_N100_V3+3D,5.417375010438263
legacy,1,a_N100_V3+3D,5.459208972752094
legacy,1,a_N100_V3+3D,5.302250036038458
legacy,1,a_N100_V3+3D,5.316250026226044
legacy,1,a_N100_V3+3D,5.386791075579822
legacy,1,a_N100_V3+3D,5.314375041052699
legacy,1,a_N100_V3+3D,5.407417076639831
legacy,1,a_N100_V3+3D,5.482374923303723
legacy,1,a_N100_V3+3D,5.451791919767857
legacy,1,a_N100_V3+3D,5.4025419522076845
legacy,1,a_N100_V3+3D,5.445834016427398
legacy,1,a_N100_V3+3D,5.368040991015732
legacy,1,a_N100_V3+3D,5.41804195381701
legacy,1,a_N100_V3+3D,5.406457930803299
legacy,1,a_N100_V3+3D,5.423708003945649
legacy,1,a_N100_V3+3D,5.281624966301024
legacy,1,a_N100_V3+3D,5.416291998699307
legacy,1,a_N100_V3+3D,5.352791980840266
legacy,1,a_N100_V3+3D,5.367917008697987
legacy,1,a_N100_V3+3D,5.385542055591941
legacy,1,a_N100_V3+3D,5.415625055320561
legacy,1,a_N100_V3+3D,5.338957998901606
legacy,1,a_N100_V3+3D,5.455999984405935
legacy,1,a_N100_V3+3D,5.418791086412966
legacy,1,a_N100_V3+3D,5.401582922786474
legacy,1,a_N100_V3+3D,5.386375007219613
legacy,1,a_N100_V3+3D,5.410582991316915
legacy,1,a_N100_V3+3D,5.372749990783632
legacy,1,a_N100_V3+3D,5.369374994188547
legacy,1,a_N100_V3+3D,5.401958012953401
legacy,1,a_N100_V3+3D,5.363292060792446
legacy,1,a_N100_V3+3D,5.373375024646521
legacy,1,a_N100_V3+3D,5.440999986603856
legacy,1,a_N100_V3+3D,5.383500014431775
legacy,1,a_N100_V3+3D,5.410042009316385
legacy,1,a_N100_V3+3D,5.740374908782542
legacy,1,a_N100_V3+3D,5.060875089839101
legacy,1,a_N100_V3+3D,5.274791968986392
legacy,1,a_N100_V3+3D,5.064957891590893
legacy,1,a_N100_V3+3D,5.018832976929843
legacy,1,a_N100_V3+3D,4.998749936930835
legacy,1,a_N100_V3+3D,5.006582941859961
legacy,1,a_N100_V3+3D,4.9725830322131515
legacy,1,a_N100_V3+3D,5.012416979297996
legacy,1,a_N100_V3+3D,4.97487501706928
legacy,1,a_N100_V3+3D,5.001208046451211
legacy,1,a_N100_V3+3D,4.979499964974821
legacy,1,a_N100_V3+3D,4.977041971869767
legacy,1,a_N100_V3+3D,5.031583015806973
legacy,1,a_N100_V3+3D,5.009917076677084
legacy,1,a_N100_V3+3D,5.040083080530167
legacy,1,a_N100_V3+3D,5.011458997614682
legacy,1,a_N100_V3+3D,4.963250015862286
legacy,1,a_N100_V3+3D,5.035291891545057
legacy,1,a_N100_V3+3D,4.993957933038473
legacy,1,a_N100_V3+3D,4.96137491427362
legacy,1,a_N100_V3+3D,4.989999928511679
legacy,1,a_N100_V3+3D,4.9732920015230775
legacy,1,a_N100_V3+3D,5.005334038287401
legacy,1,a_N100_V3+3D,4.966125008650124
legacy,1,a_N100_V3+3D,4.975749994628131
legacy,1,a_N100_V3+3D,5.05508400965482
legacy,1,a_N100_V3+3D,4.991083987988532
legacy,1,a_N100_V3+3D,4.987915977835655
legacy,1,a_N100_V3+3D,5.009709042496979
legacy,1,a_N100_V3+3D,5.027833045460284
legacy,1,a_N100_V3+3D,5.0018749898299575
legacy,1,a_N100_V3+3D,5.0365839852020144
legacy,1,a_N100_V3+3D,5.024916958063841
legacy,1,a_N100_V3+3D,5.000749952159822
legacy,1,a_N100_V3+3D,5.021624965593219
legacy,1,a_N100_V3+3D,5.017500021494925
legacy,1,a_N100_V3+3D,5.016917013563216
legacy,1,a_N100_V3+3D,4.984833998605609
legacy,1,a_N100_V3+3D,4.988958011381328
legacy,1,a_N100_V3+3D,4.995750030502677
legacy,1,a_N100_V3+3D,5.002374993637204
legacy,1,a_N100_V3+3D,4.952250048518181
legacy,1,a_N100_V3+3D,4.973917035385966
legacy,1,a_N100_V3+3D,5.013875081203878
legacy,1,a_N100_V3+3D,4.980750032700598
legacy,1,a_N100_V3+3D,6.052374956198037
legacy,1,a_N100_V3+3D,5.265916930511594
legacy,1,a_N100_V3+3D,5.1013329066336155
legacy,1,a_N100_V3+3D,5.945707904174924
legacy,1,a_N100_V3+3D,5.471749929711223
legacy,1,a_N100_V3+3D,5.104457959532738
legacy,1,a_N100_V3+3D,5.137958098202944
legacy,1,a_N100_V3+3D,5.445041926577687
legacy,1,a_N100_V3+3D,5.538959056138992
legacy,1,a_N100_V3+3D,5.152625031769276
legacy,1,a_N100_V3+3D,5.124625051394105
legacy,1,a_N100_V3+3D,5.343459080904722
legacy,1,a_N100_V3+3D,5.084875039756298
legacy,1,a_N100_V3+3D,5.097834044136107
legacy,1,a_N100_V3+3D,6.132540991529822
legacy,1,a_N100_V3+3D,5.695333005860448
legacy,1,a_N100_V3+3D,6.025042035616934
legacy,1,a_N100_V3+3D,5.5194159504026175
legacy,1,a_N100_V3+3D,5.470833973959088
legacy,1,a_N100_V3+3D,5.415374995209277
legacy,1,a_N100_V3+3D,5.3866669768467546
legacy,1,a_N100_V3+3D,5.370749975554645
legacy,1,a_N100_V3+3D,5.3715420654043555
legacy,1,a_N100_V3+3D,5.353417014703155
legacy,1,a_N100_V3+3D,5.352291977033019
legacy,1,a_N100_V3+3D,5.3240840788930655
legacy,1,a_N100_V3+3D,5.393875064328313
legacy,1,a_N100_V3+3D,5.313042085617781
legacy,1,a_N100_V3+3D,5.3177919471636415
legacy,1,a_N100_V3+3D,5.358957918360829
legacy,1,a_N100_V3+3D,5.328667000867426
legacy,1,a_N100_V3+3D,5.324000027030706
legacy,1,a_N100_V3+3D,5.308999912813306
legacy,1,a_N100_V3+3D,5.288749933242798
legacy,1,a_N100_V3+3D,5.466041970066726
legacy,1,a_N100_V3+3D,5.322874989360571
legacy,1,a_N100_V3+3D,5.303999991156161
legacy,1,a_N100_V3+3D,5.344917066395283
legacy,1,a_N100_V3+3D,5.324291996657848
legacy,1,a_N100_V3+3D,5.31825004145503
legacy,1,a_N100_V3+3D,5.375834065489471
legacy,1,a_N100_V3+3D,5.300999968312681
legacy,1,a_N100_V3+3D,5.984958028420806
legacy,1,a_N100_V3+3D,5.946375080384314
legacy,1,a_N100_V3+3D,5.375166074372828
legacy,1,a_N100_V3+3D,5.4825840052217245
legacy,1,a_N100_V3+3D,5.359292030334473
legacy,1,a_N100_V3+3D,5.420374916866422
legacy,1,a_N100_V3+3D,5.272791953757405
legacy,1,a_N100_V3+3D,5.28966705314815
legacy,1,a_N100_V3+3D,5.316374939866364
legacy,1,a_N100_V3+3D,5.284292041324079
legacy,1,a_N100_V3+3D,5.268458975479007
legacy,1,a_N100_V3+3D,5.2509160013869405
legacy,1,a_N100_V3+3D,5.243208026513457
legacy,1,a_N100_V3+3D,5.277374992147088
legacy,1,a_N100_V3+3D,5.257542012259364
legacy,1,a_N100_V3+3D,5.286708008497953
legacy,1,a_N100_V3+3D,5.283250007778406
legacy,1,a_N100_V3+3D,5.288000102154911
legacy,1,a_N100_V3+3D,5.264166975393891
legacy,1,a_N100_V3+3D,5.29954198282212
legacy,1,a_N100_V3+3D,5.264665931463242
legacy,1,a_N100_V3+3D,5.276415962725878
legacy,1,a_N100_V3+3D,5.284084007143974
legacy,1,a_N100_V3+3D,5.239165970124304
legacy,1,a_N100_V3+3D,5.293666967190802
legacy,1,a_N100_V3+3D,5.286375060677528
legacy,1,a_N100_V3+3D,5.295625072903931
legacy,1,a_N100_V3+3D,5.655333050526679
legacy,1,a_N100_V3+3D,5.292917019687593
legacy,1,a_N100_V3+3D,5.633290973491967
legacy,1,a_N100_V3+3D,5.284500075504184
legacy,1,a_N100_V3+3D,5.260208039544523
legacy,1,a_N100_V3+3D,5.727084004320204
legacy,1,a_N100_V3+3D,5.102958995848894
legacy,1,a_N100_V3+3D,5.147000076249242
legacy,1,a_N100_V3+3D,5.004707956686616
legacy,1,a_N100_V3+3D,4.977333010174334
legacy,1,a_N100_V3+3D,5.120499990880489
legacy,1,a_N100_V3+3D,5.62908302526921
legacy,1,a_N100_V3+3D,5.110125057399273
legacy,1,a_N100_V3+3D,5.02837507519871
legacy,1,a_N100_V3+3D,5.029416992329061
legacy,1,a_N100_V3+3D,5.034333094954491
legacy,1,a_N100_V3+3D,4.987000022083521
legacy,1,a_N100_V3+3D,4.998707910999656
legacy,1,a_N100_V3+3D,4.969083005562425
legacy,1,a_N100_V3+3D,4.97958401683718
legacy,1,a_N100_V3+3D,5.068165948614478
legacy,1,a_N100_V3+3D,4.97487501706928
legacy,1,a_N100_V3+3D,4.961750004440546
legacy,1,a_N100_V3+3D,5.012833047658205
legacy,1,a_N100_V3+3D,4.956750082783401
legacy,1,a_N100_V3+3D,4.9241670640185475
legacy,1,a_N100_V3+3D,4.914083052426577
legacy,1,a_N100_V3+3D,4.962083068676293
legacy,1,a_N100_V3+3D,5.640583927743137
legacy,1,a_N100_V3+3D,4.963375045917928
legacy,1,a_N100_V3+3D,4.995584022253752
legacy,1,a_N100_V3+3D,4.979999968782067
legacy,1,a_N100_V3+3D,4.9541660118848085
legacy,1,a_N100_V3+3D,4.9241670640185475
legacy,1,a_N100_V3+3D,4.9432499799877405
legacy,1,a_N100_V3+3D,4.927749978378415
legacy,1,a_N100_V3+3D,5.067165940999985
legacy,1,a_N100_V3+3D,4.93562500923872
legacy,1,a_N100_V3+3D,4.912000033073127
legacy,1,a_N100_V3+3D,4.963833023793995
legacy,1,a_N100_V3+3D,4.909125040285289
legacy,1,a_N100_V3+3D,4.9310410395264626
legacy,1,a_N100_V3+3D,4.915958968922496
legacy,1,a_N100_V3+3D,4.934791941195726
legacy,1,a_N100_V3+3D,4.9128750106319785
legacy,1,a_N100_V3+3D,4.935291945002973
legacy,1,a_N100_V3+3D,4.9425410106778145
legacy,1,a_N100_V3+3D,4.902082961052656
legacy,1,a_N100_V3+3D,4.903333028778434
legacy,1,a_N100_V3+3D,4.92141698487103
legacy,1,a_N100_V3+3D,4.998125019483268
legacy,1,a_N100_V3+3D,4.928792011924088
legacy,1,a_N100_V3+3D,4.936333978548646
legacy,1,a_N100_V3+3D,4.9272909527644515
legacy,1,a_N100_V3+3D,4.933624994009733
legacy,1,a_N100_V3+3D,4.943209001794457
legacy,1,a_N100_V3+3D,4.94833302218467
legacy,1,a_N100_V3+3D,4.927083966322243
legacy,1,a_N100_V3+3D,4.92812495213002
legacy,1,a_N100_V3+3D,4.901750013232231
legacy,1,a_N100_V3+3D,4.98554203659296
legacy,1,a_N100_V3+3D,4.937666933983564
legacy,1,a_N100_V3+3D,5.22083300165832
legacy,1,a_N100_V3+3D,4.948833025991917
legacy,1,a_N100_V3+3D,4.916875041089952
legacy,1,a_N100_V3+3D,6.127125001512468
legacy,1,a_N100_V3+3D,5.491959047503769
legacy,1,a_N100_V3+3D,5.5596670135855675
legacy,1,a_N100_V3+3D,5.416291998699307
legacy,1,a_N100_V3+3D,5.383000010624528
legacy,1,a_N100_V3+3D,5.3871250711381435
legacy,1,a_N100_V3+3D,5.385083029977977
legacy,1,a_N100_V3+3D,5.335833062417805
legacy,1,a_N100_V3+3D,5.337916896678507
legacy,1,a_N100_V3+3D,5.40104100946337
legacy,1,a_N100_V3+3D,5.3337079007178545
legacy,1,a_N100_V3+3D,5.356541951186955
legacy,1,a_N100_V3+3D,5.336791975423694
legacy,1,a_N100_V3+3D,5.329250008799136
legacy,1,a_N100_V3+3D,5.3204579744488
legacy,1,a_N100_V3+3D,5.386417033150792
legacy,1,a_N100_V3+3D,5.3305840119719505
legacy,1,a_N100_V3+3D,5.376000073738396
legacy,1,a_N100_V3+3D,5.321625038050115
legacy,1,a_N100_V3+3D,5.306667066179216
legacy,1,a_N100_V3+3D,5.350874969735742
legacy,1,a_N100_V3+3D,5.3508339915424585
legacy,1,a_N100_V3+3D,5.317125003784895
legacy,1,a_N100_V3+3D,5.357249989174306
legacy,1,a_N100_V3+3D,5.2790839690715075
legacy,1,a_N100_V3+3D,5.950417020358145
legacy,1,a_N100_V3+3D,5.388166988268495
legacy,1,a_N100_V3+3D,5.350333987735212
legacy,1,a_N100_V3+3D,5.338959046639502
legacy,1,a_N100_V3+3D,5.375541979447007
legacy,1,a_N100_V3+3D,5.3088749991729856
legacy,1,a_N100_V3+3D,5.377209046855569
legacy,1,a_N100_V3+3D,5.344792036339641
legacy,1,a_N100_V3+3D,5.342749995179474
legacy,1,a_N100_V3+3D,5.311666987836361
legacy,1,a_N100_V3+3D,5.397167056798935
legacy,1,a_N100_V3+3D,5.381083930842578
legacy,1,a_N100_V3+3D,5.3034169832244515
legacy,1,a_N100_V3+3D,5.294249975122511
legacy,1,a_N100_V3+3D,5.333708948455751
legacy,1,a_N100_V3+3D,5.349916988052428
legacy,1,a_N100_V3+3D,5.360457929782569
legacy,1,a_N100_V3+3D,5.305749946273863
legacy,1,a_N100_V3+3D,5.286416970193386
legacy,1,a_N100_V3+3D,5.309875006787479
legacy,1,a_N100_V3+3D,5.330209038220346
legacy,1,a_N100_V3+3D,5.306334001943469
legacy,1,a_N100_V3+3D,5.3932080045342445
legacy,1,a_N100_V3+3D,5.300041986629367
legacy,1,a_N100_V3+3D,5.312917055562139
legacy,1,a_N100_V3+3D,5.292083020322025
legacy,1,a_N100_V3+3D,5.326916929334402
legacy,1,a_N100_V3+3D,5.302666919305921
legacy,1,a_N100_V3+3D,5.354291992262006
legacy,1,a_N100_V3+3D,5.339917028322816
legacy,1,a_N100_V3+3D,5.2804999286308885
legacy,1,a_N100_V3+3D,5.350082996301353
legacy,1,a_N100_V3+3D,5.362084018997848
legacy,1,a_N100_V3+3D,5.350167048163712
legacy,1,a_N100_V3+3D,5.360458046197891
legacy,1,a_N100_V3+3D,5.876541021279991
legacy,1,a_N100_V3+3D,5.195625009946525
legacy,1,a_N100_V3+3D,5.166666931472719
legacy,1,a_N100_V3+3D,5.097290966659784
legacy,1,a_N100_V3+3D,5.015124916099012
legacy,1,a_N100_V3+3D,5.120750050991774
legacy,1,a_N100_V3+3D,5.074790911749005
legacy,1,a_N100_V3+3D,5.103167030028999
legacy,1,a_N100_V3+3D,5.006792023777962
legacy,1,a_N100_V3+3D,5.072250030934811
legacy,1,a_N100_V3+3D,5.0835000583902
legacy,1,a_N100_V3+3D,5.0787500804290175
legacy,1,a_N100_V3+3D,5.2853330271318555
legacy,1,a_N100_V3+3D,5.08200004696846
legacy,1,a_N100_V3+3D,4.978374927304685
legacy,1,a_N100_V3+3D,4.980541067197919
legacy,1,a_N100_V3+3D,5.097791901789606
legacy,1,a_N100_V3+3D,5.080583970993757
legacy,1,a_N100_V3+3D,5.129415891133249
legacy,1,a_N100_V3+3D,5.198625032790005
legacy,1,a_N100_V3+3D,5.0825419602915645
legacy,1,a_N100_V3+3D,5.055333022028208
legacy,1,a_N100_V3+3D,5.096666980534792
legacy,1,a_N100_V3+3D,5.107417004182935
legacy,1,a_N100_V3+3D,4.938459023833275
legacy,1,a_N100_V3+3D,5.078791989944875
legacy,1,a_N100_V3+3D,5.1145420875400305
legacy,1,a_N100_V3+3D,5.07133302744478
legacy,1,a_N100_V3+3D,5.297416937537491
legacy,1,a_N100_V3+3D,5.080041941255331
legacy,1,a_N100_V3+3D,5.062916083261371
legacy,1,a_N100_V3+3D,5.304166930727661
legacy,1,a_N100_V3+3D,5.05204196088016
legacy,1,a_N100_V3+3D,5.0282079027965665
legacy,1,a_N100_V3+3D,5.058332928456366
legacy,1,a_N100_V3+3D,5.090167047455907
legacy,1,a_N100_V3+3D,5.129707977175713
legacy,1,a_N100_V3+3D,5.089249927550554
legacy,1,a_N100_V3+3D,5.057667032815516
legacy,1,a_N100_V3+3D,5.055375047959387
legacy,1,a_N100_V3+3D,4.941417020745575
legacy,1,a_N100_V3+3D,5.067542078904808
legacy,1,a_N100_V3+3D,5.1466659642755985
legacy,1,a_N100_V3+3D,5.0790420500561595
legacy,1,a_N100_V3+3D,5.743166897445917
legacy,1,a_N100_V3+3D,5.2863339660689235
legacy,1,a_N100_V3+3D,5.067791906185448
legacy,1,a_N100_V3+3D,5.181416985578835
legacy,1,a_N100_V3+3D,5.110999918542802
legacy,1,a_N100_V3+3D,5.035875015892088
legacy,1,a_N100_V3+3D,5.028999992646277
legacy,1,a_N100_V3+3D,5.080165923573077
legacy,1,a_N100_V3+3D,5.028832936659455
legacy,1,a_N100_V3+3D,5.033291992731392
legacy,1,a_N100_V3+3D,5.056333960965276
legacy,1,a_N100_V3+3D,5.023583071306348
legacy,1,a_N100_V3+3D,4.984833998605609
legacy,1,a_N100_V3+3D,5.311707966029644
legacy,1,a_N100_V3+3D,5.095750093460083
legacy,1,a_N100_V3+3D,5.110666970722377
legacy,1,a_N100_V3+3D,6.173667032271624
legacy,1,a_N100_V3+3D,5.473917000927031
legacy,1,a_N100_V3+3D,5.556833930313587
legacy,1,a_N100_V3+3D,5.486916983500123
legacy,1,a_N100_V3+3D,5.400291993282735
legacy,1,a_N100_V3+3D,5.379750044085085
legacy,1,a_N100_V3+3D,5.402249982580543
legacy,1,a_N100_V3+3D,5.404457915574312
legacy,1,a_N100_V3+3D,5.840957979671657
legacy,1,a_N100_V3+3D,5.460290936753154
legacy,1,a_N100_V3+3D,5.412750062532723
legacy,1,a_N100_V3+3D,5.397042026743293
legacy,1,a_N100_V3+3D,5.420124973170459
legacy,1,a_N100_V3+3D,5.372459068894386
legacy,1,a_N100_V3+3D,5.383667070418596
legacy,1,a_N100_V3+3D,5.395541898906231
legacy,1,a_N100_V3+3D,5.3641669219359756
legacy,1,a_N100_V3+3D,5.3756668930873275
legacy,1,a_N100_V3+3D,5.389333935454488
legacy,1,a_N100_V3+3D,5.361999967135489
legacy,1,a_N100_V3+3D,5.360124981962144
legacy,1,a_N100_V3+3D,5.3395419381558895
legacy,1,a_N100_V3+3D,5.340917035937309
legacy,1,a_N100_V3+3D,5.3204579744488
legacy,1,a_N100_V3+3D,5.3203749703243375
legacy,1,a_N100_V3+3D,5.272209062241018
legacy,1,a_N100_V3+3D,5.365667049773037
legacy,1,a_N100_V3+3D,5.311499931849539
legacy,1,a_N100_V3+3D,5.3483330411836505
legacy,1,a_N100_V3+3D,5.3027920657768846
legacy,1,a_N100_V3+3D,5.450416938401759
legacy,1,a_N100_V3+3D,5.335624911822379
legacy,1,a_N100_V3+3D,5.359416943974793
legacy,1,a_N100_V3+3D,5.3612079937011
legacy,1,a_N100_V3+3D,5.396333988755941
legacy,1,a_N100_V3+3D,5.335125024430454
legacy,1,a_N100_V3+3D,5.3649169858545065
legacy,1,a_N100_V3+3D,5.3417079616338015
legacy,1,a_N100_V3+3D,5.3255000384524465
legacy,1,a_N100_V3+3D,5.353666958399117
legacy,1,a_N100_V3+3D,5.334042012691498
legacy,1,a_N100_V3+3D,5.317333037965
legacy,1,a_N100_V3+3D,5.319082993082702
legacy,1,a_N100_V3+3D,5.322750075720251
legacy,1,a_N100_V3+3D,5.318499985150993
legacy,1,a_N100_V3+3D,5.3457500180229545
legacy,1,a_N100_V3+3D,5.341083975508809
legacy,1,a_N100_V3+3D,5.349332932382822
legacy,1,a_N100_V3+3D,5.701082991436124
legacy,1,a_N100_V3+3D,5.3464589873328805
legacy,1,a_N100_V3+3D,6.047208909876645
legacy,1,a_N100_V3+3D,5.504708969965577
legacy,1,a_N100_V3+3D,5.460417014546692
legacy,1,a_N100_V3+3D,5.437875050120056
legacy,1,a_N100_V3+3D,5.420166999101639
legacy,1,a_N100_V3+3D,5.428167060017586
legacy,1,a_N100_V3+3D,5.378208006732166
legacy,1,a_N100_V3+3D,5.4160000290721655
legacy,1,a_N100_V3+3D,5.361792049370706
legacy,1,a_N100_V3+3D,5.361958057619631
legacy,1,a_N100_V3+3D,5.759874940849841
legacy,1,a_N100_V3+3D,5.047667073085904
legacy,1,a_N100_V3+3D,5.156291997991502
legacy,1,a_N100_V3+3D,5.010500084608793
legacy,1,a_N100_V3+3D,4.967042012140155
legacy,1,a_N100_V3+3D,4.969541099853814
legacy,1,a_N100_V3+3D,4.938166937790811
legacy,1,a_N100_V3+3D,4.930291906930506
legacy,1,a_N100_V3+3D,4.933791933581233
legacy,1,a_N100_V3+3D,4.962750012055039
legacy,1,a_N100_V3+3D,4.931540926918387
legacy,1,a_N100_V3+3D,4.900916945189238
legacy,1,a_N100_V3+3D,4.908791976049542
legacy,1,a_N100_V3+3D,4.9234579782933
legacy,1,a_N100_V3+3D,4.93208400439471
legacy,1,a_N100_V3+3D,4.962041974067688
legacy,1,a_N100_V3+3D,4.912375006824732
legacy,1,a_N100_V3+3D,4.907292081043124
legacy,1,a_N100_V3+3D,4.907833063043654
legacy,1,a_N100_V3+3D,4.916333011351526
legacy,1,a_N100_V3+3D,4.900708911009133
legacy,1,a_N100_V3+3D,4.914916935376823
legacy,1,a_N100_V3+3D,4.901832900941372
legacy,1,a_N100_V3+3D,4.897958948276937
legacy,1,a_N100_V3+3D,4.9145829398185015
legacy,1,a_N100_V3+3D,4.899624967947602
legacy,1,a_N100_V3+3D,4.932875046506524
legacy,1,a_N100_V3+3D,4.9269580049440265
legacy,1,a_N100_V3+3D,4.930333001539111
legacy,1,a_N100_V3+3D,4.878084058873355
legacy,1,a_N100_V3+3D,4.92195796687156
legacy,1,a_N100_V3+3D,4.89466602448374
legacy,1,a_N100_V3+3D,4.8893330385908484
legacy,1,a_N100_V3+3D,4.911499912850559
legacy,1,a_N100_V3+3D,4.931167000904679
legacy,1,a_N100_V3+3D,4.887749906629324
legacy,1,a_N100_V3+3D,4.930416936986148
legacy,1,a_N100_V3+3D,4.921291023492813
legacy,1,a_N100_V3+3D,4.902167012915015
legacy,1,a_N100_V3+3D,4.923542030155659
legacy,1,a_N100_V3+3D,4.908707924187183
legacy,1,a_N100_V3+3D,4.953625029884279
legacy,1,a_N100_V3+3D,4.885624977760017
legacy,1,a_N100_V3+3D,4.913083044812083
legacy,1,a_N100_V3+3D,4.9316249787807465
legacy,1,a_N100_V3+3D,4.871041979640722
legacy,1,a_N100_V3+3D,4.896708065643907
legacy,1,a_N100_V3+3D,4.986957996152341
legacy,1,a_N100_V3+3D,4.895917023532093
legacy,1,a_N100_V3+3D,4.911083960905671
legacy,1,a_N100_V3+3D,4.88962500821799
legacy,1,a_N100_V3+3D,4.88679192494601
legacy,1,a_N100_V3+3D,4.916166071780026
legacy,1,a_N100_V3+3D,4.945624968968332
legacy,1,a_N100_V3+3D,4.894082900136709
legacy,1,a_N100_V3+3D,4.913416923955083
legacy,1,a_N100_V3+3D,4.978916957043111
legacy,1,a_N100_V3+3D,5.17695804592222
legacy,1,a_N100_V3+3D,4.978334065526724
legacy,1,a_N100_V3+3D,4.914875025860965
legacy,1,a_N100_V3+3D,6.09316595364362
legacy,1,a_N100_V3+3D,5.497333942912519
legacy,1,a_N100_V3+3D,5.458166939206421
legacy,1,a_N100_V3+3D,5.336959031410515
legacy,1,a_N100_V3+3D,5.3283339366316795
legacy,1,a_N100_V3+3D,5.39145793300122
legacy,1,a_N100_V3+3D,5.29187498614192
legacy,1,a_N100_V3+3D,5.578874959610403
legacy,1,a_N100_V3+3D,5.314792040735483
legacy,1,a_N100_V3+3D,5.299207987263799
legacy,1,a_N100_V3+3D,5.301874945871532
legacy,1,a_N100_V3+3D,5.317667033523321
legacy,1,a_N100_V3+3D,5.292125046253204
legacy,1,a_N100_V3+3D,5.302750039845705
legacy,1,a_N100_V3+3D,5.263333907350898
legacy,1,a_N100_V3+3D,5.3202910348773
legacy,1,a_N100_V3+3D,5.291834007948637
legacy,1,a_N100_V3+3D,5.318249925039709
legacy,1,a_N100_V3+3D,5.288499989546835
legacy,1,a_N100_V3+3D,5.274916999042034
legacy,1,a_N100_V3+3D,5.281749996356666
legacy,1,a_N100_V3+3D,5.516874953173101
legacy,1,a_N100_V3+3D,6.260833004489541
legacy,1,a_N100_V3+3D,5.539792007766664
legacy,1,a_N100_V3+3D,6.647374946624041
legacy,1,a_N100_V3+3D,6.515915971249342
legacy,1,a_N100_V3+3D,5.555415991693735
legacy,1,a_N100_V3+3D,5.44950005132705
legacy,1,a_N100_V3+3D,5.394125008024275
legacy,1,a_N100_V3+3D,5.357208079658449
legacy,1,a_N100_V3+3D,5.446333903819323
legacy,1,a_N100_V3+3D,5.354458931833506
legacy,1,a_N100_V3+3D,5.32333308365196
legacy,1,a_N100_V3+3D,5.408625002019107
legacy,1,a_N100_V3+3D,5.315667018294334
legacy,1,a_N100_V3+3D,5.328041967004538
legacy,1,a_N100_V3+3D,5.4235829738900065
legacy,1,a_N100_V3+3D,5.31995901837945
legacy,1,a_N100_V3+3D,5.311541957780719
legacy,1,a_N100_V3+3D,5.309458007104695
legacy,1,a_N100_V3+3D,5.303333979099989
legacy,1,a_N100_V3+3D,5.301791010424495
legacy,1,a_N100_V3+3D,5.3113329922780395
legacy,1,a_N100_V3+3D,5.419084103778005
legacy,1,a_N100_V3+3D,5.305208032950759
legacy,1,a_N100_V3+3D,5.322208977304399
legacy,1,a_N100_V3+3D,5.294709000736475
legacy,1,a_N100_V3+3D,5.3218749817460775
legacy,1,a_N100_V3+3D,5.317208939231932
legacy,1,a_N100_V3+3D,5.304916994646192
legacy,1,a_N100_V3+3D,5.305166007019579
legacy,1,a_N100_V3+3D,5.325834034010768
legacy,1,a_N100_V3+3D,5.2790839690715075
legacy,1,a_N100_V3+3D,5.289250053465366
legacy,1,a_N100_V3+3D,5.306124920025468
legacy,1,a_N100_V3+3D,5.2730420138686895
legacy,1,a_N100_V3+3D,5.294625065289438
legacy,1,a_N100_V3+3D,5.320583004504442
legacy,1,a_N100_V3+3D,5.2764160791412
legacy,1,a_N100_V3+3D,5.2607080433517694
legacy,1,a_N100_V3+3D,5.835333024151623
legacy,1,a_N100_V3+3D,5.15600002836436
legacy,1,a_N100_V3+3D,5.183583009056747
legacy,1,a_N100_V3+3D,4.993833950720727
legacy,1,a_N100_V3+3D,4.9613750306889415
legacy,1,a_N100_V3+3D,4.979124991223216
legacy,1,a_N100_V3+3D,5.019292002543807
legacy,1,a_N100_V3+3D,5.147541989572346
legacy,1,a_N100_V3+3D,5.0352910766378045
legacy,1,a_N100_V3+3D,5.006042076274753
legacy,1,a_N100_V3+3D,4.9982910277321935
legacy,1,a_N100_V3+3D,5.055542103946209
legacy,1,a_N100_V3+3D,5.025208927690983
legacy,1,a_N100_V3+3D,5.057416972704232
legacy,1,a_N100_V3+3D,5.007916945032775
legacy,1,a_N100_V3+3D,5.02849998883903
legacy,1,a_N100_V3+3D,4.9642089288681746
legacy,1,a_N100_V3+3D,5.00795803964138
legacy,1,a_N100_V3+3D,5.0059170462191105
legacy,1,a_N100_V3+3D,5.037582945078611
legacy,1,a_N100_V3+3D,5.002542049624026
legacy,1,a_N100_V3+3D,4.974666982889175
legacy,1,a_N100_V3+3D,4.983459017239511
legacy,1,a_N100_V3+3D,5.0189170287922025
legacy,1,a_N100_V3+3D,4.91975003387779
legacy,1,a_N100_V3+3D,4.904250032268465
legacy,1,a_N100_V3+3D,4.961667000316083
legacy,1,a_N100_V3+3D,4.985334002412856
legacy,1,a_N100_V3+3D,4.967167042195797
legacy,1,a_N100_V3+3D,5.048166960477829
legacy,1,a_N100_V3+3D,5.052457912825048
legacy,1,a_N100_V3+3D,5.026124999858439
legacy,1,a_N100_V3+3D,4.955249954946339
legacy,1,a_N100_V3+3D,4.977458040229976
legacy,1,a_N100_V3+3D,4.978292039595544
legacy,1,a_N100_V3+3D,5.001415964215994
legacy,1,a_N100_V3+3D,4.999709082767367
legacy,1,a_N100_V3+3D,5.053665954619646
legacy,1,a_N100_V3+3D,4.949250025674701
legacy,1,a_N100_V3+3D,5.0243750447407365
legacy,1,a_N100_V3+3D,4.986374988220632
legacy,1,a_N100_V3+3D,4.994958057068288
legacy,1,a_N100_V3+3D,4.962458973750472
legacy,1,a_N100_V3+3D,5.034541944041848
legacy,1,a_N100_V3+3D,4.961250000633299
legacy,1,a_N100_V3+3D,4.980499972589314
legacy,1,a_N100_V3+3D,5.155708990059793
legacy,1,a_N100_V3+3D,5.026708007790148
legacy,1,a_N100_V3+3D,4.951291950419545
legacy,1,a_N100_V3+3D,5.011792061850429
legacy,1,a_N100_V3+3D,4.929083050228655
legacy,1,a_N100_V3+3D,4.969500005245209
legacy,1,a_N100_V3+3D,4.9730000318959355
legacy,1,a_N100_V3+3D,4.989917040802538
legacy,1,a_N100_V3+3D,4.945625085383654
legacy,1,a_N100_V3+3D,4.979583085514605
legacy,1,a_N100_V3+3D,4.959208075888455
legacy,1,a_N100_V3+3D,5.225999979302287
legacy,1,a_N100_V3+3D,4.975708085112274
legacy,1,a_N100_V3+3D,4.984666942618787
legacy,1,a_N100_V3+3D,6.175750051625073
legacy,1,a_N100_V3+3D,5.496917059645057
legacy,1,a_N100_V3+3D,5.485625006258488
legacy,1,a_N100_V3+3D,5.439541069790721
legacy,1,a_N100_V3+3D,5.308207939378917
legacy,1,a_N100_V3+3D,5.442249937914312
legacy,1,a_N100_V3+3D,5.428332951851189
legacy,1,a_N100_V3+3D,5.42758300434798
legacy,1,a_N100_V3+3D,5.34554198384285
legacy,1,a_N100_V3+3D,5.400291993282735
legacy,1,a_N100_V3+3D,5.695417057722807
legacy,1,a_N100_V3+3D,5.456625018268824
legacy,1,a_N100_V3+3D,5.413208971731365
legacy,1,a_N100_V3+3D,5.446125054731965
legacy,1,a_N100_V3+3D,5.270791007205844
legacy,1,a_N100_V3+3D,5.412666010670364
legacy,1,a_N100_V3+3D,5.326375016011298
legacy,1,a_N100_V3+3D,5.389874917455018
legacy,1,a_N100_V3+3D,5.241999984718859
legacy,1,a_N100_V3+3D,5.373999942094088
legacy,1,a_N100_V3+3D,5.323917022906244
legacy,1,a_N100_V3+3D,5.374541971832514
legacy,1,a_N100_V3+3D,5.427374970167875
legacy,1,a_N100_V3+3D,5.525875021703541
legacy,1,a_N100_V3+3D,5.2853330271318555
legacy,1,a_N100_V3+3D,5.372665938921273
legacy,1,a_N100_V3+3D,5.415083025582135
legacy,1,a_N100_V3+3D,5.375082953833044
legacy,1,a_N100_V3+3D,5.393416970036924
legacy,1,a_N100_V3+3D,5.464417045004666
legacy,1,a_N100_V3+3D,5.233791074715555
legacy,1,a_N100_V3+3D,5.352458101697266
legacy,1,a_N100_V3+3D,5.390750011429191
legacy,1,a_N100_V3+3D,5.3769160294905305
legacy,1,a_N100_V3+3D,6.026500021107495
legacy,1,a_N100_V3+3D,5.5752500193193555
legacy,1,a_N100_V3+3D,5.845624953508377
legacy,1,a_N100_V3+3D,5.728124990127981
legacy,1,a_N100_V3+3D,5.546874948777258
legacy,1,a_N100_V3+3D,5.481624975800514
legacy,1,a_N100_V3+3D,5.391750019043684
legacy,1,a_N100_V3+3D,5.505750072188675
legacy,1,a_N100_V3+3D,5.517709068953991
legacy,1,a_N100_V3+3D,5.487542017363012
legacy,1,a_N100_V3+3D,5.353250075131655
legacy,1,a_N100_V3+3D,5.463958019390702
legacy,1,a_N100_V3+3D,5.441833985969424
legacy,1,a_N100_V3+3D,5.4740410996600986
legacy,1,a_N100_V3+3D,5.417458014562726
legacy,1,a_N100_V3+3D,5.454749916680157
legacy,1,a_N100_V3+3D,5.358209018595517
legacy,1,a_N100_V3+3D,5.432582926005125
legacy,1,a_N100_V3+3D,5.458166939206421
legacy,1,a_N100_V3+3D,5.437082960270345
legacy,1,a_N100_V3+3D,5.4865420097485185
legacy,1,a_N100_V3+3D,5.420166999101639
legacy,1,a_N100_V3+3D,5.355666973628104
legacy,1,a_N100_V3+3D,5.374250002205372
legacy,1,a_N100_V3+3D,5.487667047418654
legacy,1,a_N100_V3+3D,5.487750051543117
legacy,1,a_N100_V3+3D,5.754624959081411
legacy,1,a_N100_V3+3D,5.081583047285676
legacy,1,a_N100_V3+3D,5.462459055706859
legacy,1,a_N100_V3+3D,5.0059170462191105
legacy,1,a_N100_V3+3D,5.008417065255344
legacy,1,a_N100_V3+3D,4.985500010661781
legacy,1,a_N100_V3+3D,4.965208005160093
legacy,1,a_N100_V3+3D,4.964542109519243
legacy,1,a_N100_V3+3D,4.9715000204741955
legacy,1,a_N100_V3+3D,4.961624974384904
legacy,1,a_N100_V3+3D,4.976874915882945
legacy,1,a_N100_V3+3D,4.966291948221624
legacy,1,a_N100_V3+3D,4.991040914319456
legacy,1,a_N100_V3+3D,5.5611670250073075
legacy,1,a_N100_V3+3D,4.986707936041057
legacy,1,a_N100_V3+3D,4.9772500060498714
legacy,1,a_N100_V3+3D,4.945624968968332
legacy,1,a_N100_V3+3D,4.947541980072856
legacy,1,a_N100_V3+3D,4.9689169973134995
legacy,1,a_N100_V3+3D,4.980500089004636
legacy,1,a_N100_V3+3D,4.953667055815458
legacy,1,a_N100_V3+3D,4.965208005160093
legacy,1,a_N100_V3+3D,4.952582996338606
legacy,1,a_N100_V3+3D,4.934791941195726
legacy,1,a_N100_V3+3D,4.958000034093857
legacy,1,a_N100_V3+3D,4.93579194881022
legacy,1,a_N100_V3+3D,5.010833963751793
legacy,1,a_N100_V3+3D,4.929499933496118
legacy,1,a_N100_V3+3D,4.941832972690463
legacy,1,a_N100_V3+3D,4.9356670351698995
legacy,1,a_N100_V3+3D,4.946707980707288
legacy,1,a_N100_V3+3D,4.946417058818042
legacy,1,a_N100_V3+3D,4.925500019453466
legacy,1,a_N100_V3+3D,4.9302499974146485
legacy,1,a_N100_V3+3D,4.928083042614162
legacy,1,a_N100_V3+3D,4.91454207804054
legacy,1,a_N100_V3+3D,5.033708061091602
legacy,1,a_N100_V3+3D,4.934625001624227
legacy,1,a_N100_V3+3D,4.928041948005557
legacy,1,a_N100_V3+3D,4.929541959427297
legacy,1,a_N100_V3+3D,4.933957941830158
legacy,1,a_N100_V3+3D,4.924500011838973
legacy,1,a_N100_V3+3D,4.986042040400207
legacy,1,a_N100_V3+3D,4.960041958838701
legacy,1,a_N100_V3+3D,4.921708954498172
legacy,1,a_N100_V3+3D,4.951208014972508
legacy,1,a_N100_V3+3D,4.935125005431473
legacy,1,a_N100_V3+3D,4.95904206763953
legacy,1,a_N100_V3+3D,4.983999999240041
legacy,1,a_N100_V3+3D,4.935916978865862
legacy,1,a_N100_V3+3D,4.963207989931107
legacy,1,a_N100_V3+3D,4.97820891905576
legacy,1,a_N100_V3+3D,4.956415970809758
legacy,1,a_N100_V3+3D,4.920916981063783
legacy,1,a_N100_V3+3D,4.916250007227063
legacy,1,a_N100_V3+3D,4.925791989080608
legacy,1,a_N100_V3+3D,4.9215840408578515
legacy,1,a_N100_V3+3D,5.185957998037338
legacy,1,a_N100_V3+3D,5.02087501809001
legacy,1,a_N100_V3+3D,5.017374991439283
legacy,1,a_N100_V3+3D,6.141833029687405
legacy,1,a_N100_V3+3D,5.428583011962473
legacy,1,a_N100_V3+3D,5.523625062778592
legacy,1,a_N100_V3+3D,5.358167109079659
legacy,1,a_N100_V3+3D,5.399625049903989
legacy,1,a_N100_V3+3D,5.391625105403364
legacy,1,a_N100_V3+3D,5.345082958228886
legacy,1,a_N100_V3+3D,5.35150000359863
legacy,1,a_N100_V3+3D,5.366917001083493
legacy,1,a_N100_V3+3D,5.345332901924849
legacy,1,a_N100_V3+3D,5.37858298048377
legacy,1,a_N100_V3+3D,5.341292009688914
legacy,1,a_N100_V3+3D,5.317084025591612
legacy,1,a_N100_V3+3D,5.331833963282406
legacy,1,a_N100_V3+3D,5.332584027200937
legacy,1,a_N100_V3+3D,5.3483330411836505
legacy,1,a_N100_V3+3D,5.778042017482221
legacy,1,a_N100_V3+3D,5.391999962739646
legacy,1,a_N100_V3+3D,5.324250087141991
legacy,1,a_N100_V3+3D,5.328541970811784
legacy,1,a_N100_V3+3D,5.3382921032607555
legacy,1,a_N100_V3+3D,5.315333022736013
legacy,1,a_N100_V3+3D,5.353375105187297
legacy,1,a_N100_V3+3D,5.331708933226764
legacy,1,a_N100_V3+3D,5.341541953384876
legacy,1,a_N100_V3+3D,5.343416938558221
legacy,1,a_N100_V3+3D,5.395625019446015
legacy,1,a_N100_V3+3D,5.329124978743494
legacy,1,a_N100_V3+3D,5.38699992466718
legacy,1,a_N100_V3+3D,5.399459041655064
legacy,1,a_N100_V3+3D,5.321500007994473
legacy,1,a_N100_V3+3D,5.339125054888427
legacy,1,a_N100_V3+3D,5.3298750426620245
legacy,1,a_N100_V3+3D,5.3388329688459635
legacy,1,a_N100_V3+3D,5.351166008040309
legacy,1,a_N100_V3+3D,5.323084071278572
legacy,1,a_N100_V3+3D,5.3505830001086
legacy,1,a_N100_V3+3D,5.322542041540146
legacy,1,a_N100_V3+3D,5.336791044101119
legacy,1,a_N100_V3+3D,5.289541091769934
legacy,1,a_N100_V3+3D,5.341916927136481
legacy,1,a_N100_V3+3D,5.381333990953863
legacy,1,a_N100_V3+3D,5.33279194496572
legacy,1,a_N100_V3+3D,5.374166998080909
legacy,1,a_N100_V3+3D,5.349667044356465
legacy,1,a_N100_V3+3D,5.315082962624729
legacy,1,a_N100_V3+3D,5.361499963328242
legacy,1,a_N100_V3+3D,5.39129099342972
legacy,1,a_N100_V3+3D,5.375375039875507
legacy,1,a_N100_V3+3D,5.365667049773037
legacy,1,a_N100_V3+3D,5.369917023926973
legacy,1,a_N100_V3+3D,5.318708019331098
legacy,1,a_N100_V3+3D,5.358416005037725
legacy,1,a_N100_V3+3D,5.305083934217691
legacy,1,a_N100_V3+3D,5.324666970409453
legacy,1,a_N100_V3+3D,5.335125024430454
legacy,1,a_N100_V3+3D,5.316624999977648
legacy,1,a_N100_V3+3D,5.365082994103432
legacy,1,a_N100_V3+3D,5.350291961804032
legacy,1,a_N100_V3+3D,5.414290935732424
legacy,1,a_N100_V3+3D,5.888540996238589
legacy,1,a_N100_V3+3D,5.208624992519617
legacy,1,a_N100_V3+3D,5.278666969388723
legacy,1,a_N100_V3+3D,5.0623329589143395
legacy,1,a_N100_V3+3D,5.103625007905066
legacy,1,a_N100_V3+3D,5.095084081403911
legacy,1,a_N100_V3+3D,5.095208063721657
legacy,1,a_N100_V3+3D,4.9613750306889415
legacy,1,a_N100_V3+3D,5.076250061392784
legacy,1,a_N100_V3+3D,5.093833082355559
legacy,1,a_N100_V3+3D,5.09475008584559
legacy,1,a_N100_V3+3D,4.9475840060040355
legacy,1,a_N100_V3+3D,5.0894159357994795
legacy,1,a_N100_V3+3D,5.0179160898551345
legacy,1,a_N100_V3+3D,5.081875016912818
legacy,1,a_N100_V3+3D,5.141124944202602
legacy,1,a_N100_V3+3D,5.1014169584959745
legacy,1,a_N100_V3+3D,4.967167042195797
legacy,1,a_N100_V3+3D,5.083290976472199
legacy,1,a_N100_V3+3D,5.632749991491437
legacy,1,a_N100_V3+3D,5.081749986857176
legacy,1,a_N100_V3+3D,5.078166024759412
legacy,1,a_N100_V3+3D,5.065708071924746
legacy,1,a_N100_V3+3D,4.957666038535535
legacy,1,a_N100_V3+3D,5.070124985650182
legacy,1,a_N100_V3+3D,5.082666990347207
legacy,1,a_N100_V3+3D,5.104625015519559
legacy,1,a_N100_V3+3D,5.0322499591857195
legacy,1,a_N100_V3+3D,4.919541999697685
legacy,1,a_N100_V3+3D,5.033791996538639
legacy,1,a_N100_V3+3D,5.091915954835713
legacy,1,a_N100_V3+3D,5.095332977361977
legacy,1,a_N100_V3+3D,5.135584040544927
legacy,1,a_N100_V3+3D,5.012082983739674
legacy,1,a_N100_V3+3D,5.087665980681777
legacy,1,a_N100_V3+3D,5.002791061997414
legacy,1,a_N100_V3+3D,5.126166041009128
legacy,1,a_N100_V3+3D,5.077042034827173
legacy,1,a_N100_V3+3D,5.084749893285334
legacy,1,a_N100_V3+3D,4.953208030201495
legacy,1,a_N100_V3+3D,5.067583988420665
legacy,1,a_N100_V3+3D,5.1133339293301105
legacy,1,a_N100_V3+3D,5.138457985594869
legacy,1,a_N100_V3+3D,5.002791993319988
legacy,1,a_N100_V3+3D,5.108959041535854
legacy,1,a_N100_V3+3D,5.058709066361189
legacy,1,a_N100_V3+3D,5.100833019241691
legacy,1,a_N100_V3+3D,5.090666934847832
legacy,1,a_N100_V3+3D,5.108540994115174
legacy,1,a_N100_V3+3D,5.012125009670854
legacy,1,a_N100_V3+3D,5.098917055875063
legacy,1,a_N100_V3+3D,5.132207996211946
legacy,1,a_N100_V3+3D,5.040500080212951
legacy,1,a_N100_V3+3D,5.047833896242082
legacy,1,a_N100_V3+3D,5.122041911818087
legacy,1,a_N100_V3+3D,5.022332887165248
legacy,1,a_N100_V3+3D,5.092541920021176
legacy,1,a_N100_V3+3D,5.365582997910678
legacy,1,a_N100_V3+3D,5.065458011813462
legacy,1,a_N100_V3+3D,5.013584042899311
legacy,1,a_N100_V3+3D,6.239459034986794
legacy,1,a_N100_V3+3D,5.523249972611666
legacy,1,a_N100_V3+3D,5.5542089976370335
legacy,1,a_N100_V3+3D,5.403665942139924
legacy,1,a_N100_V3+3D,5.413791979663074
legacy,1,a_N100_V3+3D,5.427249940112233
legacy,1,a_N100_V3+3D,5.447249975986779
legacy,1,a_N100_V3+3D,5.340083036571741
legacy,1,a_N100_V3+3D,5.352791980840266
legacy,1,a_N100_V3+3D,5.3801670437678695
legacy,1,a_N100_V3+3D,5.360917071811855
legacy,1,a_N100_V3+3D,5.4333750158548355
legacy,1,a_N100_V3+3D,5.327166989445686
legacy,1,a_N100_V3+3D,5.320625030435622
legacy,1,a_N100_V3+3D,5.338749964721501
legacy,1,a_N100_V3+3D,5.363375064916909
legacy,1,a_N100_V3+3D,5.3327500354498625
legacy,1,a_N100_V3+3D,5.909500061534345
legacy,1,a_N100_V3+3D,5.434207967482507
legacy,1,a_N100_V3+3D,5.374791915528476
legacy,1,a_N100_V3+3D,5.386166973039508
legacy,1,a_N100_V3+3D,5.3505830001086
legacy,1,a_N100_V3+3D,5.396416992880404
legacy,1,a_N100_V3+3D,5.3479589987546206
legacy,1,a_N100_V3+3D,5.432332982309163
legacy,1,a_N100_V3+3D,5.4091670317575336
legacy,1,a_N100_V3+3D,5.451375036500394
legacy,1,a_N100_V3+3D,5.4036249639466405
legacy,1,a_N100_V3+3D,5.5054170079529285
legacy,1,a_N100_V3+3D,5.421124980784953
legacy,1,a_N100_V3+3D,5.438166903331876
legacy,1,a_N100_V3+3D,5.401332979090512
legacy,1,a_N100_V3+3D,5.343750002793968
legacy,1,a_N100_V3+3D,5.387290962971747
legacy,1,a_N100_V3+3D,5.3525419207289815
legacy,1,a_N100_V3+3D,5.360999959520996
legacy,1,a_N100_V3+3D,5.396790918894112
legacy,1,a_N100_V3+3D,5.374292028136551
legacy,1,a_N100_V3+3D,5.388292018324137
legacy,1,a_N100_V3+3D,5.408041994087398
legacy,1,a_N100_V3+3D,5.382250063121319
legacy,1,a_N100_V3+3D,5.384208983741701
legacy,1,a_N100_V3+3D,5.440833047032356
legacy,1,a_N100_V3+3D,5.426458898000419
legacy,1,a_N100_V3+3D,5.358874914236367
legacy,1,a_N100_V3+3D,5.403249990195036
legacy,1,a_N100_V3+3D,5.396541906520724
legacy,1,a_N100_V3+3D,5.399749963544309
legacy,1,a_N100_V3+3D,5.398540990427136
legacy,1,a_N100_V3+3D,5.348208011128008
legacy,1,a_N100_V3+3D,5.354124936275184
legacy,1,a_N100_V3+3D,5.376041983254254
legacy,1,a_N100_V3+3D,5.3931670263409615
legacy,1,a_N100_V3+3D,5.371334031224251
legacy,1,a_N100_V3+3D,5.373917054384947
legacy,1,a_N100_V3+3D,5.366625031456351
legacy,1,a_N100_V3+3D,5.353625048883259
legacy,1,a_N100_V3+3D,5.447249975986779
legacy,1,a_N100_V3+3D,5.769375013187528
legacy,1,a_N100_V3+3D,5.392333958297968
legacy,1,a_N100_V3+3D,5.736416904255748
legacy,1,a_N100_V3+3D,5.059957969933748
legacy,1,a_N100_V3+3D,5.172124947421253
legacy,1,a_N100_V3+3D,5.006166989915073
legacy,1,a_N100_V3+3D,4.984708037227392
legacy,1,a_N100_V3+3D,5.004375008866191
legacy,1,a_N100_V3+3D,4.971332964487374
legacy,1,a_N100_V3+3D,4.936375073157251
legacy,1,a_N100_V3+3D,4.9574170261621475
legacy,1,a_N100_V3+3D,4.950709058903158
legacy,1,a_N100_V3+3D,4.961917060427368
legacy,1,a_N100_V3+3D,4.945083986967802
legacy,1,a_N100_V3+3D,4.944875021465123
legacy,1,a_N100_V3+3D,4.982749931514263
legacy,1,a_N100_V3+3D,4.95245901402086
legacy,1,a_N100_V3+3D,4.993582959286869
legacy,1,a_N100_V3+3D,4.943041945807636
legacy,1,a_N100_V3+3D,4.949541995301843
legacy,1,a_N100_V3+3D,4.9464579205960035
legacy,1,a_N100_V3+3D,4.936125013045967
legacy,1,a_N100_V3+3D,4.901917069219053
legacy,1,a_N100_V3+3D,4.954374977387488
legacy,1,a_N100_V3+3D,4.914125078357756
legacy,1,a_N100_V3+3D,5.293875001370907
legacy,1,a_N100_V3+3D,4.953250056132674
legacy,1,a_N100_V3+3D,4.927625064738095
legacy,1,a_N100_V3+3D,4.984416998922825
legacy,1,a_N100_V3+3D,4.922708030790091
legacy,1,a_N100_V3+3D,5.033791996538639
legacy,1,a_N100_V3+3D,4.932874930091202
legacy,1,a_N100_V3+3D,4.934040945954621
legacy,1,a_N100_V3+3D,4.92904195562005
legacy,1,a_N100_V3+3D,4.922708962112665
legacy,1,a_N100_V3+3D,5.435999948531389
legacy,1,a_N100_V3+3D,5.132916965521872
legacy,1,a_N100_V3+3D,5.0591250183060765
legacy,1,a_N100_V3+3D,5.063290940597653
legacy,1,a_N100_V3+3D,5.024750018492341
legacy,1,a_N100_V3+3D,4.9918340519070625
legacy,1,a_N100_V3+3D,4.989332985132933
legacy,1,a_N100_V3+3D,4.988792003132403
legacy,1,a_N100_V3+3D,5.016291979700327
legacy,1,a_N100_V3+3D,4.9700409872457385
legacy,1,a_N100_V3+3D,4.945874912664294
legacy,1,a_N100_V3+3D,4.940749960951507
legacy,1,a_N100_V3+3D,4.953166004270315
legacy,1,a_N100_V3+3D,4.943375010043383
legacy,1,a_N100_V3+3D,4.989709006622434
legacy,1,a_N100_V3+3D,4.967749933712184
legacy,1,a_N100_V3+3D,4.930958035402
legacy,1,a_N100_V3+3D,4.97025006916374
legacy,1,a_N100_V3+3D,4.92495798971504
legacy,1,a_N100_V3+3D,4.928332986310124
legacy,1,a_N100_V3+3D,4.957625060342252
legacy,1,a_N100_V3+3D,4.957249970175326
legacy,1,a_N100_V3+3D,4.961500060744584
legacy,1,a_N100_V3+3D,4.935374949127436
legacy,1,a_N100_V3+3D,5.213750060647726
legacy,1,a_N100_V3+3D,4.9950419925153255
legacy,1,a_N100_V3+3D,4.970000009052455
legacy,1,a_N100_V3+3D,6.231707986444235
legacy,1,a_N100_V3+3D,5.476500024087727
legacy,1,a_N100_V3+3D,5.627500009723008
legacy,1,a_N100_V3+3D,5.394042003899813
legacy,1,a_N100_V3+3D,5.377958994358778
legacy,1,a_N100_V3+3D,5.380375077947974
legacy,1,a_N100_V3+3D,5.376250017434359
legacy,1,a_N100_V3+3D,5.357459071092308
legacy,1,a_N100_V3+3D,5.360583076253533
legacy,1,a_N100_V3+3D,5.362416966818273
legacy,1,a_N100_V3+3D,5.377833964303136
legacy,1,a_N100_V3+3D,5.369541933760047
legacy,1,a_N100_V3+3D,5.352000007405877
legacy,1,a_N100_V3+3D,5.334374960511923
legacy,1,a_N100_V3+3D,5.350832943804562
legacy,1,a_N100_V3+3D,5.372500047087669
legacy,1,a_N100_V3+3D,5.3421249613165855
legacy,1,a_N100_V3+3D,5.380999995395541
legacy,1,a_N100_V3+3D,5.313834059052169
legacy,1,a_N100_V3+3D,5.32050000037998
legacy,1,a_N100_V3+3D,5.566874984651804
legacy,1,a_N100_V3+3D,5.336957983672619
legacy,1,a_N100_V3+3D,5.3255000384524465
legacy,1,a_N100_V3+3D,5.31375000718981
legacy,1,a_N100_V3+3D,5.364249926060438
legacy,1,a_N100_V3+3D,5.295874900184572
legacy,1,a_N100_V3+3D,5.976832937449217
legacy,1,a_N100_V3+3D,5.315584014169872
legacy,1,a_N100_V3+3D,5.370458937250078
legacy,1,a_N100_V3+3D,5.289625027216971
legacy,1,a_N100_V3+3D,5.338083952665329
legacy,1,a_N100_V3+3D,5.328582949005067
legacy,1,a_N100_V3+3D,5.330958985723555
legacy,1,a_N100_V3+3D,5.340500036254525
legacy,1,a_N100_V3+3D,5.315041984431446
legacy,1,a_N100_V3+3D,5.3005830850452185
legacy,1,a_N100_V3+3D,5.681875045411289
legacy,1,a_N100_V3+3D,5.332584027200937
legacy,1,a_N100_V3+3D,5.32200001180172
legacy,1,a_N100_V3+3D,5.31858392059803
legacy,1,a_N100_V3+3D,5.309999920427799
legacy,1,a_N100_V3+3D,5.290333996526897
legacy,1,a_N100_V3+3D,5.278541939333081
legacy,1,a_N100_V3+3D,5.299124983139336
legacy,1,a_N100_V3+3D,5.352791980840266
legacy,1,a_N100_V3+3D,5.3512080339714885
legacy,1,a_N100_V3+3D,5.3869589464738965
legacy,1,a_N100_V3+3D,5.355749977752566
legacy,1,a_N100_V3+3D,5.315958056598902
legacy,1,a_N100_V3+3D,5.314999958500266
legacy,1,a_N100_V3+3D,5.29954198282212
legacy,1,a_N100_V3+3D,5.324209108948708
legacy,1,a_N100_V3+3D,5.546541069634259
legacy,1,a_N100_V3+3D,5.335916997864842
legacy,1,a_N100_V3+3D,5.310624954290688
legacy,1,a_N100_V3+3D,5.329584004357457
legacy,1,a_N100_V3+3D,5.393874947912991
legacy,1,a_N100_V3+3D,5.345041980035603
legacy,1,a_N100_V3+3D,5.417209002189338
legacy,1,a_N100_V3+3D,5.308207939378917
legacy,1,a_N100_V3+3D,5.825875094160438
legacy,1,a_N100_V3+3D,5.070416955277324
legacy,1,a_N100_V3+3D,5.183791974559426
legacy,1,a_N100_V3+3D,5.074082990176976
legacy,1,a_N100_V3+3D,5.077665904536843
legacy,1,a_N100_V3+3D,5.019292002543807
legacy,1,a_N100_V3+3D,5.047666025348008
legacy,1,a_N100_V3+3D,4.970457986928523
legacy,1,a_N100_V3+3D,5.032625049352646
legacy,1,a_N100_V3+3D,5.010375054553151
legacy,1,a_N100_V3+3D,5.032625049352646
legacy,1,a_N100_V3+3D,4.996417090296745
legacy,1,a_N100_V3+3D,5.0552081083878875
legacy,1,a_N100_V3+3D,4.963750019669533
legacy,1,a_N100_V3+3D,5.001624929718673
legacy,1,a_N100_V3+3D,5.063041928224266
legacy,1,a_N100_V3+3D,4.990041954442859
legacy,1,a_N100_V3+3D,4.986541927792132
legacy,1,a_N100_V3+3D,5.024124984629452
legacy,1,a_N100_V3+3D,4.958292003720999
legacy,1,a_N100_V3+3D,4.973583971150219
legacy,1,a_N100_V3+3D,4.978999961167574
legacy,1,a_N100_V3+3D,5.005417042411864
legacy,1,a_N100_V3+3D,5.0012500723823905
legacy,1,a_N100_V3+3D,5.061457981355488
legacy,1,a_N100_V3+3D,4.942459054291248
legacy,1,a_N100_V3+3D,5.0442920764908195
legacy,1,a_N100_V3+3D,5.03825000487268
legacy,1,a_N100_V3+3D,5.076708039268851
legacy,1,a_N100_V3+3D,5.521625047549605
legacy,1,a_N100_V3+3D,4.954832955263555
legacy,1,a_N100_V3+3D,4.948582965880632
legacy,1,a_N100_V3+3D,5.026208935305476
legacy,1,a_N100_V3+3D,4.9681669333949685
legacy,1,a_N100_V3+3D,4.976249998435378
legacy,1,a_N100_V3+3D,4.975583986379206
legacy,1,a_N100_V3+3D,5.052707972936332
legacy,1,a_N100_V3+3D,4.952499992214143
legacy,1,a_N100_V3+3D,4.981125006452203
legacy,1,a_N100_V3+3D,4.985374980606139
legacy,1,a_N100_V3+3D,4.999416996724904
legacy,1,a_N100_V3+3D,4.975084098987281
legacy,1,a_N100_V3+3D,5.007250001654029
legacy,1,a_N100_V3+3D,4.96354210190475
legacy,1,a_N100_V3+3D,4.968499997630715
legacy,1,a_N100_V3+3D,4.984124912880361
legacy,1,a_N100_V3+3D,5.022291908971965
legacy,1,a_N100_V3+3D,5.014791968278587
legacy,1,a_N100_V3+3D,4.928916925564408
legacy,1,a_N100_V3+3D,4.954707925207913
legacy,1,a_N100_V3+3D,4.986083949916065
legacy,1,a_N100_V3+3D,5.008917069062591
legacy,1,a_N100_V3+3D,5.020082928240299
legacy,1,a_N100_V3+3D,4.974666051566601
legacy,1,a_N100_V3+3D,4.987208056263626
legacy,1,a_N100_V3+3D,4.955208045430481
legacy,1,a_N100_V3+3D,4.98612504452467
legacy,1,a_N100_V3+3D,5.262708058580756
legacy,1,a_N100_V3+3D,5.119708017446101
legacy,1,a_N100_V3+3D,5.059499992057681
legacy,1,a_N100_V3+3D,6.174082984216511
legacy,1,a_N100_V3+3D,6.218124995939434
legacy,1,a_N100_V3+3D,5.786000052466989
legacy,1,a_N100_V3+3D,5.555292009375989
legacy,1,a_N100_V3+3D,5.521208047866821
legacy,1,a_N100_V3+3D,5.377958994358778
legacy,1,a_N100_V3+3D,5.423792055808008
legacy,1,a_N100_V3+3D,5.499665974639356
legacy,1,a_N100_V3+3D,5.477167083881795
legacy,1,a_N100_V3+3D,5.390167003497481
legacy,1,a_N100_V3+3D,5.467667011544108
legacy,1,a_N100_V3+3D,5.353541928343475
legacy,1,a_N100_V3+3D,5.482041975483298
legacy,1,a_N100_V3+3D,5.474583012983203
legacy,1,a_N100_V3+3D,5.5078750010579824
legacy,1,a_N100_V3+3D,5.384083022363484
legacy,1,a_N100_V3+3D,5.456665996462107
legacy,1,a_N100_V3+3D,5.490334006026387
legacy,1,a_N100_V3+3D,5.450624972581863
legacy,1,a_N100_V3+3D,5.401624948717654
legacy,1,a_N100_V3+3D,5.437582964077592
legacy,1,a_N100_V3+3D,5.3313750540837646
legacy,1,a_N100_V3+3D,5.485250032506883
legacy,1,a_N100_V3+3D,5.421917070634663
legacy,1,a_N100_V3+3D,5.493041011504829
legacy,1,a_N100_V3+3D,5.3582499967888
legacy,1,a_N100_V3+3D,5.517042009159923
legacy,1,a_N100_V3+3D,5.543416948057711
legacy,1,a_N100_V3+3D,5.501333042047918
legacy,1,a_N100_V3+3D,5.305749946273863
legacy,1,a_N100_V3+3D,5.352332955226302
legacy,1,a_N100_V3+3D,5.36491593811661
legacy,1,a_N100_V3+3D,5.980042042210698
legacy,1,a_N100_V3+3D,5.461500026285648
legacy,1,a_N100_V3+3D,5.46999997459352
legacy,1,a_N100_V3+3D,5.497582955285907
legacy,1,a_N100_V3+3D,5.504666012711823
legacy,1,a_N100_V3+3D,5.327500053681433
legacy,1,a_N100_V3+3D,5.424250033684075
legacy,1,a_N100_V3+3D,5.427457974292338
legacy,1,a_N100_V3+3D,5.458042025566101
legacy,1,a_N100_V3+3D,5.388625082559884
legacy,1,a_N100_V3+3D,5.447292001917958
legacy,1,a_N100_V3+3D,5.2937500877305865
legacy,1,a_N100_V3+3D,5.478083970956504
legacy,1,a_N100_V3+3D,5.4536249954253435
legacy,1,a_N100_V3+3D,5.46329200733453
legacy,1,a_N100_V3+3D,5.474874982610345
legacy,1,a_N100_V3+3D,5.436958046630025
legacy,1,a_N100_V3+3D,5.335583002306521
legacy,1,a_N100_V3+3D,5.401000031270087
legacy,1,a_N100_V3+3D,5.366874975152314
legacy,1,a_N100_V3+3D,5.452000070363283
legacy,1,a_N100_V3+3D,5.462417029775679
legacy,1,a_N100_V3+3D,5.45304105617106
legacy,1,a_N100_V3+3D,5.322750075720251
legacy,1,a_N100_V3+3D,5.436333012767136
legacy,1,a_N100_V3+3D,5.450916942209005
legacy,1,a_N100_V3+3D,5.457666935399175
legacy,1,a_N100_V3+3D,5.427791969850659
legacy,1,b_N100_V4,8.27658292837441
legacy,1,b_N100_V4,7.210375042632222
legacy,1,b_N100_V4,7.264334009960294
legacy,1,b_N100_V4,7.062625023536384
legacy,1,b_N100_V4,7.082582917064428
legacy,1,b_N100_V4,7.121333968825638
legacy,1,b_N100_V4,7.096207933500409
legacy,1,b_N100_V4,7.027499959804118
legacy,1,b_N100_V4,7.097041001543403
legacy,1,b_N100_V4,6.983750034123659
legacy,1,b_N100_V4,7.098249974660575
legacy,1,b_N100_V4,7.07495806273073
legacy,1,b_N100_V4,7.083541015163064
legacy,1,b_N100_V4,7.010417059063911
legacy,1,b_N100_V4,7.049125037156045
legacy,1,b_N100_V4,7.018499891273677
legacy,1,b_N100_V4,7.034042035229504
legacy,1,b_N100_V4,7.069375016726553
legacy,1,b_N100_V4,7.014458067715168
legacy,1,b_N100_V4,7.008999935351312
legacy,1,b_N100_V4,7.054749992676079
legacy,1,b_N100_V4,7.028832915239036
legacy,1,b_N100_V4,7.060374948196113
legacy,1,b_N100_V4,7.005500025115907
legacy,1,b_N100_V4,7.052249973639846
legacy,1,b_N100_V4,6.995083065703511
legacy,1,b_N100_V4,7.073207991197705
legacy,1,b_N100_V4,6.988666020333767
legacy,1,b_N100_V4,6.917249993421137
legacy,1,b_N100_V4,7.008709013462067
legacy,1,b_N100_V4,7.006124942563474
legacy,1,b_N100_V4,6.950292037799954
legacy,1,b_N100_V4,7.11229199077934
legacy,1,b_N100_V4,6.972957984544337
legacy,1,b_N100_V4,7.045708014629781
legacy,1,b_N100_V4,7.045916980132461
legacy,1,b_N100_V4,7.600249955430627
legacy,1,b_N100_V4,7.093291962519288
legacy,1,b_N100_V4,7.059375056996942
legacy,1,b_N100_V4,7.0020409766584635
legacy,1,b_N100_V4,7.03829200938344
legacy,1,b_N100_V4,6.99083402287215
legacy,1,b_N100_V4,6.981165963225067
legacy,1,b_N100_V4,7.075958070345223
legacy,1,b_N100_V4,7.0705420803278685
legacy,1,b_N100_V4,6.955874967388809
legacy,1,b_N100_V4,6.958792102523148
legacy,1,b_N100_V4,6.95358298253268
legacy,1,b_N100_V4,6.994249997660518
legacy,1,b_N100_V4,6.972749950364232
legacy,1,b_N100_V4,6.992209004238248
legacy,1,b_N100_V4,6.956708035431802
legacy,1,b_N100_V4,7.002166006714106
legacy,1,b_N100_V4,6.989166955463588
legacy,1,b_N100_V4,7.027999963611364
legacy,1,b_N100_V4,7.031209068372846
legacy,1,b_N100_V4,7.001459016464651
legacy,1,b_N100_V4,7.0426249876618385
legacy,1,b_N100_V4,7.064457982778549
legacy,1,b_N100_V4,7.0415830705314875
legacy,1,b_N100_V4,8.292416925542057
legacy,1,b_N100_V4,7.498749997466803
legacy,1,b_N100_V4,7.467583985999227
legacy,1,b_N100_V4,7.510417024604976
legacy,1,b_N100_V4,7.436458021402359
legacy,1,b_N100_V4,7.453166996128857
legacy,1,b_N100_V4,7.488458068110049
legacy,1,b_N100_V4,7.388000027276576
legacy,1,b_N100_V4,7.245625020004809
legacy,1,b_N100_V4,7.450875011272728
legacy,1,b_N100_V4,7.40112503990531
legacy,1,b_N100_V4,7.375000044703484
legacy,1,b_N100_V4,7.374791894108057
legacy,1,b_N100_V4,7.414832944050431
legacy,1,b_N100_V4,7.360249990597367
legacy,1,b_N100_V4,7.365374942310154
legacy,1,b_N100_V4,7.356374990195036
legacy,1,b_N100_V4,7.346458965912461
legacy,1,b_N100_V4,7.4099169578403234
legacy,1,b_N100_V4,7.351208012551069
legacy,1,b_N100_V4,7.431040983647108
legacy,1,b_N100_V4,7.318458054214716
legacy,1,b_N100_V4,7.337416987866163
legacy,1,b_N100_V4,7.380124996416271
legacy,1,b_N100_V4,7.3521250160411
legacy,1,b_N100_V4,7.2985830483958125
legacy,1,b_N100_V4,7.3904580203816295
legacy,1,b_N100_V4,7.378166890703142
legacy,1,b_N100_V4,7.367041893303394
legacy,1,b_N100_V4,7.221458945423365
legacy,1,b_N100_V4,7.344875019043684
legacy,1,b_N100_V4,7.309249951504171
legacy,1,b_N100_V4,7.401666953228414
legacy,1,b_N100_V4,7.439458044245839
legacy,1,b_N100_V4,7.377916947007179
legacy,1,b_N100_V4,7.378584006801248
legacy,1,b_N100_V4,7.355332956649363
legacy,1,b_N100_V4,7.313958019949496
legacy,1,b_N100_V4,7.389417034573853
legacy,1,b_N100_V4,7.377333007752895
legacy,1,b_N100_V4,7.377875037491322
legacy,1,b_N100_V4,7.324791047722101
legacy,1,b_N100_V4,7.403041934594512
legacy,1,b_N100_V4,7.358624949119985
legacy,1,b_N100_V4,7.420375011861324
legacy,1,b_N100_V4,8.232125081121922
legacy,1,b_N100_V4,7.421375019475818
legacy,1,b_N100_V4,7.329125073738396
legacy,1,b_N100_V4,7.327417028136551
legacy,1,b_N100_V4,7.436000043526292
legacy,1,b_N100_V4,7.390041020698845
legacy,1,b_N100_V4,7.434542058035731
legacy,1,b_N100_V4,7.395582972094417
legacy,1,b_N100_V4,7.325250073336065
legacy,1,b_N100_V4,7.651417050510645
legacy,1,b_N100_V4,7.368708960711956
legacy,1,b_N100_V4,7.382082985714078
legacy,1,b_N100_V4,7.4425829807296395
legacy,1,b_N100_V4,7.403707946650684
legacy,1,b_N100_V4,7.3423340218141675
legacy,1,b_N100_V4,7.858374970965087
legacy,1,b_N100_V4,7.11120804771781
legacy,1,b_N100_V4,7.055417052470148
legacy,1,b_N100_V4,7.166334078647196
legacy,1,b_N100_V4,7.022292003966868
legacy,1,b_N100_V4,6.987249944359064
legacy,1,b_N100_V4,7.083458011038601
legacy,1,b_N100_V4,6.9643749156966805
legacy,1,b_N100_V4,6.935999961569905
legacy,1,b_N100_V4,6.9876250345259905
legacy,1,b_N100_V4,6.971042021177709
legacy,1,b_N100_V4,7.1110420394688845
legacy,1,b_N100_V4,7.0309999864548445
legacy,1,b_N100_V4,6.993582937866449
legacy,1,b_N100_V4,6.988542038016021
legacy,1,b_N100_V4,6.946000037714839
legacy,1,b_N100_V4,7.062750053592026
legacy,1,b_N100_V4,6.9623340386897326
legacy,1,b_N100_V4,7.000832934863865
legacy,1,b_N100_V4,7.0010831113904715
legacy,1,b_N100_V4,6.948874914087355
legacy,1,b_N100_V4,6.927125039510429
legacy,1,b_N100_V4,6.952166906557977
legacy,1,b_N100_V4,6.972124916501343
legacy,1,b_N100_V4,6.8905840162187815
legacy,1,b_N100_V4,7.288124994374812
legacy,1,b_N100_V4,7.53941701259464
legacy,1,b_N100_V4,7.230708957649767
legacy,1,b_N100_V4,7.1237500524148345
legacy,1,b_N100_V4,7.111667073331773
legacy,1,b_N100_V4,7.014165981672704
legacy,1,b_N100_V4,7.063040975481272
legacy,1,b_N100_V4,7.014291011728346
legacy,1,b_N100_V4,7.2052080649882555
legacy,1,b_N100_V4,7.071458036080003
legacy,1,b_N100_V4,7.081166957505047
legacy,1,b_N100_V4,7.124208030290902
legacy,1,b_N100_V4,7.091082981787622
legacy,1,b_N100_V4,7.029915926977992
legacy,1,b_N100_V4,7.013084017671645
legacy,1,b_N100_V4,7.011124980635941
legacy,1,b_N100_V4,7.052790955640376
legacy,1,b_N100_V4,7.449917029589415
legacy,1,b_N100_V4,7.052958011627197
legacy,1,b_N100_V4,7.125415955670178
legacy,1,b_N100_V4,6.993500050157309
legacy,1,b_N100_V4,7.101917057298124
legacy,1,b_N100_V4,6.998542114160955
legacy,1,b_N100_V4,7.044165977276862
legacy,1,b_N100_V4,6.989208050072193
legacy,1,b_N100_V4,6.976416916586459
legacy,1,b_N100_V4,6.976291071623564
legacy,1,b_N100_V4,7.041291915811598
legacy,1,b_N100_V4,6.92704098764807
legacy,1,b_N100_V4,7.0066669723019
legacy,1,b_N100_V4,6.992541952058673
legacy,1,b_N100_V4,6.973374984227121
legacy,1,b_N100_V4,6.955874967388809
legacy,1,b_N100_V4,7.086417055688798
legacy,1,b_N100_V4,6.962915998883545
legacy,1,b_N100_V4,8.161874953657389
legacy,1,b_N100_V4,7.415957981720567
legacy,1,b_N100_V4,7.498416933231056
legacy,1,b_N100_V4,7.416582899168134
legacy,1,b_N100_V4,7.320042001083493
legacy,1,b_N100_V4,7.3090000078082085
legacy,1,b_N100_V4,7.311958004720509
legacy,1,b_N100_V4,7.2992920177057385
legacy,1,b_N100_V4,7.345249992795289
legacy,1,b_N100_V4,7.281083962880075
legacy,1,b_N100_V4,7.3277909541502595
legacy,1,b_N100_V4,7.281959056854248
legacy,1,b_N100_V4,7.335958071053028
legacy,1,b_N100_V4,7.302500074729323
legacy,1,b_N100_V4,7.466791896149516
legacy,1,b_N100_V4,7.937874994240701
legacy,1,b_N100_V4,7.339249947108328
legacy,1,b_N100_V4,7.3325419798493385
legacy,1,b_N100_V4,7.303624995984137
legacy,1,b_N100_V4,7.263000006787479
legacy,1,b_N100_V4,7.250000024214387
legacy,1,b_N100_V4,7.293707923963666
legacy,1,b_N100_V4,7.319791009649634
legacy,1,b_N100_V4,7.300792029127479
legacy,1,b_N100_V4,7.312959060072899
legacy,1,b_N100_V4,7.30150006711483
legacy,1,b_N100_V4,7.309667067602277
legacy,1,b_N100_V4,7.278583012521267
legacy,1,b_N100_V4,7.352375076152384
legacy,1,b_N100_V4,7.290333975106478
legacy,1,b_N100_V4,7.595958071760833
legacy,1,b_N100_V4,7.279166951775551
legacy,1,b_N100_V4,7.308749947696924
legacy,1,b_N100_V4,7.3422909481450915
legacy,1,b_N100_V4,7.34308292157948
legacy,1,b_N100_V4,7.27979198563844
legacy,1,b_N100_V4,7.298249984160066
legacy,1,b_N100_V4,7.288832915946841
legacy,1,b_N100_V4,7.264167070388794
legacy,1,b_N100_V4,7.392541971057653
legacy,1,b_N100_V4,7.304458995349705
legacy,1,b_N100_V4,7.324084057472646
legacy,1,b_N100_V4,7.300790981389582
legacy,1,b_N100_V4,7.285458035767078
legacy,1,b_N100_V4,7.334292051382363
legacy,1,b_N100_V4,7.360749994404614
legacy,1,b_N100_V4,7.860957994125783
legacy,1,b_N100_V4,7.751459022983909
legacy,1,b_N100_V4,7.472332916222513
legacy,1,b_N100_V4,7.372083025984466
legacy,1,b_N100_V4,7.478042040020227
legacy,1,b_N100_V4,7.297499920241535
legacy,1,b_N100_V4,7.342875003814697
legacy,1,b_N100_V4,7.356708985753357
legacy,1,b_N100_V4,7.374625070951879
legacy,1,b_N100_V4,7.367082987911999
legacy,1,b_N100_V4,7.410417078062892
legacy,1,b_N100_V4,7.3133750120177865
legacy,1,b_N100_V4,7.311000023037195
legacy,1,b_N100_V4,7.314791902899742
legacy,1,b_N100_V4,7.876333897002041
legacy,1,b_N100_V4,7.0437079994007945
legacy,1,b_N100_V4,7.416166947223246
legacy,1,b_N100_V4,7.088457932695746
legacy,1,b_N100_V4,6.967709050513804
legacy,1,b_N100_V4,6.967333029024303
legacy,1,b_N100_V4,7.059292052872479
legacy,1,b_N100_V4,6.94687501527369
legacy,1,b_N100_V4,7.018874981440604
legacy,1,b_N100_V4,6.893750047311187
legacy,1,b_N100_V4,6.937334081158042
legacy,1,b_N100_V4,7.005500025115907
legacy,1,b_N100_V4,7.0089580258354545
legacy,1,b_N100_V4,6.926667061634362
legacy,1,b_N100_V4,6.914958939887583
legacy,1,b_N100_V4,6.946291890926659
legacy,1,b_N100_V4,6.951499963179231
legacy,1,b_N100_V4,6.909749936312437
legacy,1,b_N100_V4,7.150499965064228
legacy,1,b_N100_V4,6.9535409566015005
legacy,1,b_N100_V4,6.914875004440546
legacy,1,b_N100_V4,6.917041959241033
legacy,1,b_N100_V4,6.9827919360250235
legacy,1,b_N100_V4,6.934041972272098
legacy,1,b_N100_V4,6.94387499243021
legacy,1,b_N100_V4,6.92183303181082
legacy,1,b_N100_V4,6.934709032066166
legacy,1,b_N100_V4,6.914583034813404
legacy,1,b_N100_V4,6.925167050212622
legacy,1,b_N100_V4,6.925083929672837
legacy,1,b_N100_V4,6.940082996152341
legacy,1,b_N100_V4,6.9223749451339245
legacy,1,b_N100_V4,6.897208979353309
legacy,1,b_N100_V4,7.002874976024032
legacy,1,b_N100_V4,6.890041986480355
legacy,1,b_N100_V4,6.922791944816709
legacy,1,b_N100_V4,6.985125015489757
legacy,1,b_N100_V4,6.8743330193683505
legacy,1,b_N100_V4,6.972708972170949
legacy,1,b_N100_V4,6.900083040818572
legacy,1,b_N100_V4,6.906833034008741
legacy,1,b_N100_V4,6.907542003318667
legacy,1,b_N100_V4,7.018416072241962
legacy,1,b_N100_V4,6.977042066864669
legacy,1,b_N100_V4,6.917749997228384
legacy,1,b_N100_V4,6.935916957445443
legacy,1,b_N100_V4,6.895374972373247
legacy,1,b_N100_V4,6.961209001019597
legacy,1,b_N100_V4,6.92349998280406
legacy,1,b_N100_V4,6.875167018733919
legacy,1,b_N100_V4,7.537625031545758
legacy,1,b_N100_V4,6.922625005245209
legacy,1,b_N100_V4,7.061582989990711
legacy,1,b_N100_V4,7.0169169921427965
legacy,1,b_N100_V4,6.930124945938587
legacy,1,b_N100_V4,6.99904200155288
legacy,1,b_N100_V4,7.000292069278657
legacy,1,b_N100_V4,6.989791058003902
legacy,1,b_N100_V4,6.960000027902424
legacy,1,b_N100_V4,6.947666988708079
legacy,1,b_N100_V4,8.201583987101912
legacy,1,b_N100_V4,7.529916940256953
legacy,1,b_N100_V4,7.514624972827733
legacy,1,b_N100_V4,7.582916994579136
legacy,1,b_N100_V4,7.398625020869076
legacy,1,b_N100_V4,7.467500050552189
legacy,1,b_N100_V4,7.394667016342282
legacy,1,b_N100_V4,8.430249989032745
legacy,1,b_N100_V4,7.580667035654187
legacy,1,b_N100_V4,7.488083094358444
legacy,1,b_N100_V4,7.362208096310496
legacy,1,b_N100_V4,7.409958983771503
legacy,1,b_N100_V4,7.305791950784624
legacy,1,b_N100_V4,7.396416971459985
legacy,1,b_N100_V4,7.428959012031555
legacy,1,b_N100_V4,7.475207909010351
legacy,1,b_N100_V4,7.353957975283265
legacy,1,b_N100_V4,7.395499967969954
legacy,1,b_N100_V4,7.354917004704475
legacy,1,b_N100_V4,7.433749968186021
legacy,1,b_N100_V4,7.4219160014763474
legacy,1,b_N100_V4,7.42762500885874
legacy,1,b_N100_V4,7.739458000287414
legacy,1,b_N100_V4,8.310625096783042
legacy,1,b_N100_V4,8.550792001187801
legacy,1,b_N100_V4,9.478749940171838
legacy,1,b_N100_V4,8.181541925296187
legacy,1,b_N100_V4,7.512207957915962
legacy,1,b_N100_V4,8.076875004917383
legacy,1,b_N100_V4,8.099916973151267
legacy,1,b_N100_V4,9.066791972145438
legacy,1,b_N100_V4,8.869417011737823
legacy,1,b_N100_V4,7.694917032495141
legacy,1,b_N100_V4,7.54895806312561
legacy,1,b_N100_V4,7.94670800678432
legacy,1,b_N100_V4,7.933709071949124
legacy,1,b_N100_V4,8.156125084497035
legacy,1,b_N100_V4,7.784208049997687
legacy,1,b_N100_V4,7.6645000372081995
legacy,1,b_N100_V4,7.537708035670221
legacy,1,b_N100_V4,7.404917036183178
legacy,1,b_N100_V4,7.4114169692620635
legacy,1,b_N100_V4,7.460832945071161
legacy,1,b_N100_V4,7.503542001359165
legacy,1,b_N100_V4,7.505208952352405
legacy,1,b_N100_V4,7.520457962527871
legacy,1,b_N100_V4,7.356000016443431
legacy,1,b_N100_V4,7.375209010206163
legacy,1,b_N100_V4,7.523250067606568
legacy,1,b_N100_V4,7.4599169893190265
legacy,1,b_N100_V4,7.408834062516689
legacy,1,b_N100_V4,7.565416977740824
legacy,1,b_N100_V4,7.3852080386132
legacy,1,b_N100_V4,7.5046670390293
legacy,1,b_N100_V4,7.619583047926426
legacy,1,b_N100_V4,7.5070420280098915
legacy,1,b_N100_V4,7.4168749852105975
legacy,1,b_N100_V4,7.464124937541783
legacy,1,b_N100_V4,7.364249904640019
legacy,1,b_N100_V4,7.4863339541479945
legacy,1,b_N100_V4,7.983167073689401
legacy,1,b_N100_V4,7.188583025708795
legacy,1,b_N100_V4,6.999334087595344
legacy,1,b_N100_V4,7.134416024200618
legacy,1,b_N100_V4,7.135165971703827
legacy,1,b_N100_V4,7.12983391713351
legacy,1,b_N100_V4,7.147750002332032
legacy,1,b_N100_V4,7.026624982245266
legacy,1,b_N100_V4,6.986290914937854
legacy,1,b_N100_V4,7.073499960824847
legacy,1,b_N100_V4,6.933292024768889
legacy,1,b_N100_V4,7.060459000058472
legacy,1,b_N100_V4,7.191874901764095
legacy,1,b_N100_V4,7.112166960723698
legacy,1,b_N100_V4,6.957208970561624
legacy,1,b_N100_V4,6.992207956500351
legacy,1,b_N100_V4,7.021417026408017
legacy,1,b_N100_V4,7.078167051076889
legacy,1,b_N100_V4,7.111250073648989
legacy,1,b_N100_V4,7.04637507442385
legacy,1,b_N100_V4,6.941958912648261
legacy,1,b_N100_V4,7.09025003015995
legacy,1,b_N100_V4,7.029999978840351
legacy,1,b_N100_V4,7.021417026408017
legacy,1,b_N100_V4,6.959582911804318
legacy,1,b_N100_V4,7.100707967765629
legacy,1,b_N100_V4,7.0093750255182385
legacy,1,b_N100_V4,7.0512499660253525
legacy,1,b_N100_V4,7.0595829747617245
legacy,1,b_N100_V4,7.062084041535854
legacy,1,b_N100_V4,6.960915983654559
legacy,1,b_N100_V4,7.0307080168277025
legacy,1,b_N100_V4,7.040917058475316
legacy,1,b_N100_V4,6.998708005994558
legacy,1,b_N100_V4,6.955667049624026
legacy,1,b_N100_V4,7.026708917692304
legacy,1,b_N100_V4,6.958791054785252
legacy,1,b_N100_V4,7.040624972432852
legacy,1,b_N100_V4,6.9984589936211705
legacy,1,b_N100_V4,7.052290951833129
legacy,1,b_N100_V4,6.951499963179231
legacy,1,b_N100_V4,7.022709003649652
legacy,1,b_N100_V4,7.0483749732375145
legacy,1,b_N100_V4,7.060040952637792
legacy,1,b_N100_V4,6.979790981858969
legacy,1,b_N100_V4,7.019749958999455
legacy,1,b_N100_V4,6.9445830304175615
legacy,1,b_N100_V4,7.0057500852271914
legacy,1,b_N100_V4,7.013541064225137
legacy,1,b_N100_V4,7.0111670065671206
legacy,1,b_N100_V4,7.088458980433643
legacy,1,b_N100_V4,7.169791031628847
legacy,1,b_N100_V4,6.97229104116559
legacy,1,b_N100_V4,7.031083921901882
legacy,1,b_N100_V4,7.022249978035688
legacy,1,b_N100_V4,7.130875019356608
legacy,1,b_N100_V4,6.931916926987469
legacy,1,b_N100_V4,7.044165977276862
legacy,1,b_N100_V4,7.002083002589643
legacy,1,b_N100_V4,7.073500077240169
legacy,1,b_N100_V4,8.236667024903
legacy,1,b_N100_V4,7.441457943059504
legacy,1,b_N100_V4,7.398042012937367
legacy,1,b_N100_V4,7.395416032522917
legacy,1,b_N100_V4,7.53329205326736
legacy,1,b_N100_V4,7.3911669896915555
legacy,1,b_N100_V4,7.332207984291017
legacy,1,b_N100_V4,7.439292035996914
legacy,1,b_N100_V4,7.3669590055942535
legacy,1,b_N100_V4,7.38970807287842
legacy,1,b_N100_V4,7.283207960426807
legacy,1,b_N100_V4,7.336125010624528
legacy,1,b_N100_V4,7.3570829117670655
legacy,1,b_N100_V4,7.395499967969954
legacy,1,b_N100_V4,7.350167026743293
legacy,1,b_N100_V4,7.303999969735742
legacy,1,b_N100_V4,7.3066659970209
legacy,1,b_N100_V4,7.359917042776942
legacy,1,b_N100_V4,7.284000050276518
legacy,1,b_N100_V4,7.43733299896121
legacy,1,b_N100_V4,7.3050420032814145
legacy,1,b_N100_V4,7.321916054934263
legacy,1,b_N100_V4,7.25920801050961
legacy,1,b_N100_V4,7.331416942179203
legacy,1,b_N100_V4,7.293416070751846
legacy,1,b_N100_V4,7.414082996547222
legacy,1,b_N100_V4,7.303458987735212
legacy,1,b_N100_V4,7.459457963705063
legacy,1,b_N100_V4,7.240416947752237
legacy,1,b_N100_V4,7.320832926779985
legacy,1,b_N100_V4,7.27058295160532
legacy,1,b_N100_V4,7.364541990682483
legacy,1,b_N100_V4,7.322999997995794
legacy,1,b_N100_V4,7.251124945469201
legacy,1,b_N100_V4,7.9352500615641475
legacy,1,b_N100_V4,7.716375053860247
legacy,1,b_N100_V4,7.545916014350951
legacy,1,b_N100_V4,7.526875007897615
legacy,1,b_N100_V4,7.401749957352877
legacy,1,b_N100_V4,7.467583985999227
legacy,1,b_N100_V4,7.387707941234112
legacy,1,b_N100_V4,7.468792027793825
legacy,1,b_N100_V4,7.395665976218879
legacy,1,b_N100_V4,7.450582925230265
legacy,1,b_N100_V4,7.3372089536860585
legacy,1,b_N100_V4,7.427832926623523
legacy,1,b_N100_V4,7.354042027145624
legacy,1,b_N100_V4,7.408250006847084
legacy,1,b_N100_V4,7.349999970756471
legacy,1,b_N100_V4,7.436000043526292
legacy,1,b_N100_V4,7.2992079658433795
legacy,1,b_N100_V4,7.403208059258759
legacy,1,b_N100_V4,7.277917000465095
legacy,1,b_N100_V4,7.392374915070832
legacy,1,b_N100_V4,7.348207989707589
legacy,1,b_N100_V4,7.4237079825252295
legacy,1,b_N100_V4,7.382333977147937
legacy,1,b_N100_V4,7.425167015753686
legacy,1,b_N100_V4,7.272624992765486
legacy,1,b_N100_V4,7.48129200655967
legacy,1,b_N100_V4,7.90170906111598
legacy,1,b_N100_V4,7.098749978467822
legacy,1,b_N100_V4,7.199999992735684
legacy,1,b_N100_V4,7.057750015519559
legacy,1,b_N100_V4,7.085542078129947
legacy,1,b_N100_V4,7.085833931341767
legacy,1,b_N100_V4,7.0665000239387155
legacy,1,b_N100_V4,7.042124983854592
legacy,1,b_N100_V4,6.96345791220665
legacy,1,b_N100_V4,6.9648330099880695
legacy,1,b_N100_V4,6.903041969053447
legacy,1,b_N100_V4,6.977334036491811
legacy,1,b_N100_V4,6.899832980707288
legacy,1,b_N100_V4,6.897166953422129
legacy,1,b_N100_V4,6.9206670159474015
legacy,1,b_N100_V4,6.985167041420937
legacy,1,b_N100_V4,7.039666990749538
legacy,1,b_N100_V4,6.998292054049671
legacy,1,b_N100_V4,7.499833940528333
legacy,1,b_N100_V4,7.427665987052023
legacy,1,b_N100_V4,7.160291890613735
legacy,1,b_N100_V4,7.198291947133839
legacy,1,b_N100_V4,7.096916087903082
legacy,1,b_N100_V4,7.078666938468814
legacy,1,b_N100_V4,7.02445802744478
legacy,1,b_N100_V4,7.013457943685353
legacy,1,b_N100_V4,6.977875018492341
legacy,1,b_N100_V4,6.971583003178239
legacy,1,b_N100_V4,6.978292018175125
legacy,1,b_N100_V4,6.9825840182602406
legacy,1,b_N100_V4,7.0527089992538095
legacy,1,b_N100_V4,7.002874976024032
legacy,1,b_N100_V4,6.9593749940395355
legacy,1,b_N100_V4,6.991832982748747
legacy,1,b_N100_V4,7.007666979916394
legacy,1,b_N100_V4,6.954166921786964
legacy,1,b_N100_V4,6.936416961252689
legacy,1,b_N100_V4,6.939291954040527
legacy,1,b_N100_V4,6.960124941542745
legacy,1,b_N100_V4,6.955542019568384
legacy,1,b_N100_V4,7.0039170095697045
legacy,1,b_N100_V4,6.937667028978467
legacy,1,b_N100_V4,6.937332917004824
legacy,1,b_N100_V4,6.963540916331112
legacy,1,b_N100_V4,6.944583961740136
legacy,1,b_N100_V4,6.950541981495917
legacy,1,b_N100_V4,6.911791977472603
legacy,1,b_N100_V4,6.984499981626868
legacy,1,b_N100_V4,6.949707982130349
legacy,1,b_N100_V4,6.9295420544222
legacy,1,b_N100_V4,6.934374920092523
legacy,1,b_N100_V4,6.927916896529496
legacy,1,b_N100_V4,6.933041964657605
legacy,1,b_N100_V4,6.9404999958351254
legacy,1,b_N100_V4,6.951957941055298
legacy,1,b_N100_V4,6.980582955293357
legacy,1,b_N100_V4,6.923208944499493
legacy,1,b_N100_V4,6.942708045244217
legacy,1,b_N100_V4,6.916166981682181
legacy,1,b_N100_V4,6.937792059034109
legacy,1,b_N100_V4,8.181167067959905
legacy,1,b_N100_V4,7.459792075678706
legacy,1,b_N100_V4,8.081208914518356
legacy,1,b_N100_V4,7.470832904800773
legacy,1,b_N100_V4,7.536874967627227
legacy,1,b_N100_V4,7.4417919386178255
legacy,1,b_N100_V4,7.352042011916637
legacy,1,b_N100_V4,7.4122080113738775
legacy,1,b_N100_V4,7.422750000841916
legacy,1,b_N100_V4,7.418417022563517
legacy,1,b_N100_V4,7.3449170449748635
legacy,1,b_N100_V4,7.322499994188547
legacy,1,b_N100_V4,7.299625081941485
legacy,1,b_N100_V4,7.305625011213124
legacy,1,b_N100_V4,7.323084049858153
legacy,1,b_N100_V4,7.336165988817811
legacy,1,b_N100_V4,8.221750031225383
legacy,1,b_N100_V4,7.487541995942593
legacy,1,b_N100_V4,7.367333979345858
legacy,1,b_N100_V4,7.367125013843179
legacy,1,b_N100_V4,7.342708995565772
legacy,1,b_N100_V4,7.344249985180795
legacy,1,b_N100_V4,7.322499994188547
legacy,1,b_N100_V4,7.314875023439527
legacy,1,b_N100_V4,7.330041960813105
legacy,1,b_N100_V4,7.300541969016194
legacy,1,b_N100_V4,7.300041033886373
legacy,1,b_N100_V4,7.31583300512284
legacy,1,b_N100_V4,7.29383307043463
legacy,1,b_N100_V4,7.309750071726739
legacy,1,b_N100_V4,7.318207994103432
legacy,1,b_N100_V4,7.409167010337114
legacy,1,b_N100_V4,7.344833924435079
legacy,1,b_N100_V4,7.340083015151322
legacy,1,b_N100_V4,7.629791973158717
legacy,1,b_N100_V4,7.336916984058917
legacy,1,b_N100_V4,7.338082999922335
legacy,1,b_N100_V4,7.373917032964528
legacy,1,b_N100_V4,7.327583967708051
legacy,1,b_N100_V4,7.8422080259770155
legacy,1,b_N100_V4,7.44354201015085
legacy,1,b_N100_V4,7.347958046011627
legacy,1,b_N100_V4,7.310250075533986
legacy,1,b_N100_V4,7.319167023524642
legacy,1,b_N100_V4,7.299917051568627
legacy,1,b_N100_V4,7.3429589392617345
legacy,1,b_N100_V4,7.327333092689514
legacy,1,b_N100_V4,7.330541964620352
legacy,1,b_N100_V4,7.336749928072095
legacy,1,b_N100_V4,7.352541899308562
legacy,1,b_N100_V4,7.301584002561867
legacy,1,b_N100_V4,7.276542019098997
legacy,1,b_N100_V4,7.296541938558221
legacy,1,b_N100_V4,7.30333395767957
legacy,1,b_N100_V4,7.307333056814969
legacy,1,b_N100_V4,7.32708303257823
legacy,1,b_N100_V4,7.282500038854778
legacy,1,b_N100_V4,7.324042031541467
legacy,1,b_N100_V4,7.261457969434559
legacy,1,b_N100_V4,7.289667031727731
legacy,1,b_N100_V4,7.819540915079415
legacy,1,b_N100_V4,7.102250005118549
legacy,1,b_N100_V4,7.022875011898577
legacy,1,b_N100_V4,7.079166942276061
legacy,1,b_N100_V4,7.00954208150506
legacy,1,b_N100_V4,7.083499920554459
legacy,1,b_N100_V4,7.0364580024033785
legacy,1,b_N100_V4,7.037416915409267
legacy,1,b_N100_V4,7.090582977980375
legacy,1,b_N100_V4,7.092999992892146
legacy,1,b_N100_V4,6.952667026780546
legacy,1,b_N100_V4,6.980417063459754
legacy,1,b_N100_V4,6.992749986238778
legacy,1,b_N100_V4,6.971208029426634
legacy,1,b_N100_V4,6.958459038287401
legacy,1,b_N100_V4,7.031416054815054
legacy,1,b_N100_V4,6.962458021007478
legacy,1,b_N100_V4,6.976375007070601
legacy,1,b_N100_V4,6.935750017873943
legacy,1,b_N100_V4,6.999750039540231
legacy,1,b_N100_V4,6.961333914659917
legacy,1,b_N100_V4,7.0208749966695905
legacy,1,b_N100_V4,6.9814169546589255
legacy,1,b_N100_V4,7.0255419705063105
legacy,1,b_N100_V4,6.960417027585208
legacy,1,b_N100_V4,7.012374931946397
legacy,1,b_N100_V4,6.940416991710663
legacy,1,b_N100_V4,7.096749963238835
legacy,1,b_N100_V4,6.912083015777171
legacy,1,b_N100_V4,6.9543750723823905
legacy,1,b_N100_V4,7.0035000098869205
legacy,1,b_N100_V4,7.0223750080913305
legacy,1,b_N100_V4,6.9377090549096465
legacy,1,b_N100_V4,7.010333938524127
legacy,1,b_N100_V4,6.976208067499101
legacy,1,b_N100_V4,7.028458057902753
legacy,1,b_N100_V4,6.982708000577986
legacy,1,b_N100_V4,7.054041023366153
legacy,1,b_N100_V4,7.092749932780862
legacy,1,b_N100_V4,7.061208016239107
legacy,1,b_N100_V4,6.935582961887121
legacy,1,b_N100_V4,7.002084050327539
legacy,1,b_N100_V4,6.966250017285347
legacy,1,b_N100_V4,7.016082992777228
legacy,1,b_N100_V4,6.968417088501155
legacy,1,b_N100_V4,7.01925007160753
legacy,1,b_N100_V4,6.952665979042649
legacy,1,b_N100_V4,6.947792018763721
legacy,1,b_N100_V4,6.981207989156246
legacy,1,b_N100_V4,6.969917099922895
legacy,1,b_N100_V4,6.953833973966539
legacy,1,b_N100_V4,6.978707970120013
legacy,1,b_N100_V4,6.961624952964485
legacy,1,b_N100_V4,6.948292022570968
legacy,1,b_N100_V4,6.971249938942492
legacy,1,b_N100_V4,6.9886669516563416
legacy,1,b_N100_V4,6.960959057323635
legacy,1,b_N100_V4,7.00108299497515
legacy,1,b_N100_V4,6.946083041839302
legacy,1,b_N100_V4,7.035291055217385
legacy,1,b_N100_V4,8.22291593067348
legacy,1,b_N100_V4,7.463916903361678
legacy,1,b_N100_V4,7.39508296828717
legacy,1,b_N100_V4,7.400500006042421
legacy,1,b_N100_V4,7.361874915659428
legacy,1,b_N100_V4,7.4517079629004
legacy,1,b_N100_V4,7.421834045089781
legacy,1,b_N100_V4,7.356832968071103
legacy,1,b_N100_V4,7.3318330105394125
legacy,1,b_N100_V4,7.299124961718917
legacy,1,b_N100_V4,7.392624975182116
legacy,1,b_N100_V4,7.313792011700571
legacy,1,b_N100_V4,7.361082942225039
legacy,1,b_N100_V4,7.372959051281214
legacy,1,b_N100_V4,7.398916990496218
legacy,1,b_N100_V4,7.357041933573782
legacy,1,b_N100_V4,7.36595899797976
legacy,1,b_N100_V4,7.330332999117672
legacy,1,b_N100_V4,7.308291969820857
legacy,1,b_N100_V4,7.3038749396800995
legacy,1,b_N100_V4,7.315457914955914
legacy,1,b_N100_V4,7.338625029660761
legacy,1,b_N100_V4,7.353249937295914
legacy,1,b_N100_V4,7.313709007576108
legacy,1,b_N100_V4,7.239250000566244
legacy,1,b_N100_V4,7.3810419999063015
legacy,1,b_N100_V4,7.324457983486354
legacy,1,b_N100_V4,7.3354169726371765
legacy,1,b_N100_V4,7.330709020607173
legacy,1,b_N100_V4,7.378083071671426
legacy,1,b_N100_V4,7.2879999643191695
legacy,1,b_N100_V4,7.63887504581362
legacy,1,b_N100_V4,7.291082991287112
legacy,1,b_N100_V4,7.326874998398125
legacy,1,b_N100_V4,7.339333998970687
legacy,1,b_N100_V4,7.438541972078383
legacy,1,b_N100_V4,7.3361670365557075
legacy,1,b_N100_V4,7.302333950065076
legacy,1,b_N100_V4,7.287750020623207
legacy,1,b_N100_V4,7.341042044572532
legacy,1,b_N100_V4,7.348750019446015
legacy,1,b_N100_V4,7.3771250899881124
legacy,1,b_N100_V4,7.335916976444423
legacy,1,b_N100_V4,7.3625840013846755
legacy,1,b_N100_V4,7.345792022533715
legacy,1,b_N100_V4,7.350583910010755
legacy,1,b_N100_V4,7.312874891795218
legacy,1,b_N100_V4,7.346457918174565
legacy,1,b_N100_V4,7.31287500821054
legacy,1,b_N100_V4,7.318916963413358
legacy,1,b_N100_V4,7.302499958314002
legacy,1,b_N100_V4,7.378833019174635
legacy,1,b_N100_V4,7.346999947912991
legacy,1,b_N100_V4,7.337208022363484
legacy,1,b_N100_V4,7.337125018239021
legacy,1,b_N100_V4,7.367625017650425
legacy,1,b_N100_V4,7.346166996285319
legacy,1,b_N100_V4,7.3821659898385406
legacy,1,b_N100_V4,7.416167063638568
legacy,1,b_N100_V4,7.428625016473234
legacy,1,b_N100_V4,7.814833079464734
legacy,1,b_N100_V4,7.094374974258244
legacy,1,b_N100_V4,7.043832913041115
legacy,1,b_N100_V4,7.370915962383151
legacy,1,b_N100_V4,7.031125016510487
legacy,1,b_N100_V4,7.11545895319432
legacy,1,b_N100_V4,6.990790949203074
legacy,1,b_N100_V4,7.012624992057681
legacy,1,b_N100_V4,6.958667072467506
legacy,1,b_N100_V4,6.948709022253752
legacy,1,b_N100_V4,6.950124981813133
legacy,1,b_N100_V4,6.89120905008167
legacy,1,b_N100_V4,6.987457978539169
legacy,1,b_N100_V4,7.120750029571354
legacy,1,b_N100_V4,6.964499945752323
legacy,1,b_N100_V4,6.984582985751331
legacy,1,b_N100_V4,6.957041914574802
legacy,1,b_N100_V4,6.959541933611035
legacy,1,b_N100_V4,6.9894170155748725
legacy,1,b_N100_V4,6.902040913701057
legacy,1,b_N100_V4,6.981041980907321
legacy,1,b_N100_V4,6.9749579997733235
legacy,1,b_N100_V4,6.86466705519706
legacy,1,b_N100_V4,6.884625065140426
legacy,1,b_N100_V4,6.858541979454458
legacy,1,b_N100_V4,6.889790995046496
legacy,1,b_N100_V4,6.867334013804793
legacy,1,b_N100_V4,7.046167040243745
legacy,1,b_N100_V4,6.952541996724904
legacy,1,b_N100_V4,7.000458077527583
legacy,1,b_N100_V4,7.012500078417361
legacy,1,b_N100_V4,6.970166927203536
legacy,1,b_N100_V4,6.938542006537318
legacy,1,b_N100_V4,6.947499932721257
legacy,1,b_N100_V4,6.933750002644956
legacy,1,b_N100_V4,7.250334019772708
legacy,1,b_N100_V4,6.952415918931365
legacy,1,b_N100_V4,6.953874952159822
legacy,1,b_N100_V4,6.94375007878989
legacy,1,b_N100_V4,6.974666961468756
legacy,1,b_N100_V4,6.9720830069854856
legacy,1,b_N100_V4,6.942917010746896
legacy,1,b_N100_V4,7.024583057500422
legacy,1,b_N100_V4,7.573500042781234
legacy,1,b_N100_V4,6.989958928897977
legacy,1,b_N100_V4,7.068333099596202
legacy,1,b_N100_V4,6.996499956585467
legacy,1,b_N100_V4,6.966084009036422
legacy,1,b_N100_V4,6.981832906603813
legacy,1,b_N100_V4,6.979166995733976
legacy,1,b_N100_V4,6.954084034077823
legacy,1,b_N100_V4,7.055750000290573
legacy,1,b_N100_V4,6.92950002849102
legacy,1,b_N100_V4,6.93416700232774
legacy,1,b_N100_V4,6.95137504953891
legacy,1,b_N100_V4,6.927457987330854
legacy,1,b_N100_V4,6.9218340795487165
legacy,1,b_N100_V4,7.004750077612698
legacy,1,b_N100_V4,7.016916060820222
legacy,1,b_N100_V4,6.944791995920241
legacy,1,b_N100_V4,8.094916003756225
legacy,1,b_N100_V4,8.806333993561566
legacy,1,b_N100_V4,7.423250004649162
legacy,1,b_N100_V4,7.406624965369701
legacy,1,b_N100_V4,7.3434170335531235
legacy,1,b_N100_V4,7.492791977711022
legacy,1,b_N100_V4,7.344083045609295
legacy,1,b_N100_V4,7.29700003284961
legacy,1,b_N100_V4,7.319334079511464
legacy,1,b_N100_V4,7.28779099881649
legacy,1,b_N100_V4,7.335208007134497
legacy,1,b_N100_V4,7.43587501347065
legacy,1,b_N100_V4,7.289208006113768
legacy,1,b_N100_V4,7.284874911420047
legacy,1,b_N100_V4,7.244333974085748
legacy,1,b_N100_V4,7.365708006545901
legacy,1,b_N100_V4,7.259750040248036
legacy,1,b_N100_V4,7.3035419918596745
legacy,1,b_N100_V4,7.228499976918101
legacy,1,b_N100_V4,7.344792014919221
legacy,1,b_N100_V4,7.2489590384066105
legacy,1,b_N100_V4,7.251125061884522
legacy,1,b_N100_V4,7.282083039171994
legacy,1,b_N100_V4,7.5751671101897955
legacy,1,b_N100_V4,7.2540410328656435
legacy,1,b_N100_V4,7.23870808724314
legacy,1,b_N100_V4,7.268875022418797
legacy,1,b_N100_V4,7.233125041238964
legacy,1,b_N100_V4,7.193833007477224
legacy,1,b_N100_V4,7.242999970912933
legacy,1,b_N100_V4,7.215540972538292
legacy,1,b_N100_V4,7.225207984447479
legacy,1,b_N100_V4,7.208624971099198
legacy,1,b_N100_V4,7.222792017273605
legacy,1,b_N100_V4,7.233167067170143
legacy,1,b_N100_V4,7.307082996703684
legacy,1,b_N100_V4,7.253790972754359
legacy,1,b_N100_V4,7.283458020538092
legacy,1,b_N100_V4,7.264375104568899
legacy,1,b_N100_V4,7.230833056382835
legacy,1,b_N100_V4,7.217292091809213
legacy,1,b_N100_V4,7.251624949276447
legacy,1,b_N100_V4,7.1979580679908395
legacy,1,b_N100_V4,7.2293339762836695
legacy,1,b_N100_V4,7.231333991512656
legacy,1,b_N100_V4,7.27524992544204
legacy,1,b_N100_V4,7.191500044427812
legacy,1,b_N100_V4,7.317124982364476
legacy,1,b_N100_V4,7.286833017133176
legacy,1,b_N100_V4,7.3343750555068254
legacy,1,b_N100_V4,7.210500072687864
legacy,1,b_N100_V4,7.194083067588508
legacy,1,b_N100_V4,7.228791946545243
legacy,1,b_N100_V4,7.2957080556079745
legacy,1,b_N100_V4,7.219500024802983
legacy,1,b_N100_V4,7.343708071857691
legacy,1,b_N100_V4,7.204083958640695
legacy,1,b_N100_V4,7.1965830866247416
legacy,1,b_N100_V4,7.207124959677458
legacy,1,b_N100_V4,7.272999966517091
legacy,1,b_N100_V4,7.694291998632252
legacy,1,b_N100_V4,7.018125033937395
legacy,1,b_N100_V4,6.92279206123203
legacy,1,b_N100_V4,6.8927089450880885
legacy,1,b_N100_V4,6.880124914459884
legacy,1,b_N100_V4,7.0581670152023435
legacy,1,b_N100_V4,6.916166981682181
legacy,1,b_N100_V4,6.88683392945677
legacy,1,b_N100_V4,6.897583021782339
legacy,1,b_N100_V4,6.876084022223949
legacy,1,b_N100_V4,6.917292019352317
legacy,1,b_N100_V4,6.882083020173013
legacy,1,b_N100_V4,6.855332991108298
legacy,1,b_N100_V4,6.921084015630186
legacy,1,b_N100_V4,6.850750069133937
legacy,1,b_N100_V4,6.890625110827386
legacy,1,b_N100_V4,6.848542019724846
legacy,1,b_N100_V4,6.881041917949915
legacy,1,b_N100_V4,6.83154200669378
legacy,1,b_N100_V4,7.941874908283353
legacy,1,b_N100_V4,6.997041986323893
legacy,1,b_N100_V4,6.897208979353309
legacy,1,b_N100_V4,6.950167007744312
legacy,1,b_N100_V4,6.879832944832742
legacy,1,b_N100_V4,6.9018329959362745
legacy,1,b_N100_V4,7.014084025286138
legacy,1,b_N100_V4,6.868917029350996
legacy,1,b_N100_V4,6.837500026449561
legacy,1,b_N100_V4,6.8272079806774855
legacy,1,b_N100_V4,6.8341250298544765
legacy,1,b_N100_V4,6.8041670601814985
legacy,1,b_N100_V4,6.855125073343515
legacy,1,b_N100_V4,6.856749998405576
legacy,1,b_N100_V4,6.837833905592561
legacy,1,b_N100_V4,6.8203749833628535
legacy,1,b_N100_V4,7.091374951414764
legacy,1,b_N100_V4,6.880834000185132
legacy,1,b_N100_V4,6.84129202272743
legacy,1,b_N100_V4,6.822500028647482
legacy,1,b_N100_V4,6.899375002831221
legacy,1,b_N100_V4,6.8463749485090375
legacy,1,b_N100_V4,7.0411249762400985
legacy,1,b_N100_V4,6.892667035572231
legacy,1,b_N100_V4,6.842207978479564
legacy,1,b_N100_V4,6.845041993074119
legacy,1,b_N100_V4,6.832084036432207
legacy,1,b_N100_V4,6.857084110379219
legacy,1,b_N100_V4,6.952292053028941
legacy,1,b_N100_V4,7.218250073492527
legacy,1,b_N100_V4,9.021167061291635
legacy,1,b_N100_V4,8.329042000696063
legacy,1,b_N100_V4,7.361624971963465
legacy,1,b_N100_V4,7.11904198396951
legacy,1,b_N100_V4,7.229708018712699
legacy,1,b_N100_V4,7.015874958597124
legacy,1,b_N100_V4,6.922040949575603
legacy,1,b_N100_V4,6.909916992299259
legacy,1,b_N100_V4,7.004625047557056
legacy,1,b_N100_V4,6.882250076159835
legacy,1,b_N100_V4,6.889624986797571
legacy,1,b_N100_V4,8.233417058363557
legacy,1,b_N100_V4,7.412708015181124
legacy,1,b_N100_V4,7.485875044949353
legacy,1,b_N100_V4,7.333833025768399
legacy,1,b_N100_V4,7.41491699591279
legacy,1,b_N100_V4,7.425333955325186
legacy,1,b_N100_V4,7.507083006203175
legacy,1,b_N100_V4,7.329291081987321
legacy,1,b_N100_V4,7.4697500094771385
legacy,1,b_N100_V4,7.343375007621944
legacy,1,b_N100_V4,7.450666977092624
legacy,1,b_N100_V4,7.4596250196918845
legacy,1,b_N100_V4,7.4495000299066305
legacy,1,b_N100_V4,7.305499981157482
legacy,1,b_N100_V4,7.460667053237557
legacy,1,b_N100_V4,7.41700001526624
legacy,1,b_N100_V4,7.488665985874832
legacy,1,b_N100_V4,7.340625044889748
legacy,1,b_N100_V4,7.403041934594512
legacy,1,b_N100_V4,7.308042026124895
legacy,1,b_N100_V4,7.410958991385996
legacy,1,b_N100_V4,7.405207958072424
legacy,1,b_N100_V4,7.646333076991141
legacy,1,b_N100_V4,7.467458955943584
legacy,1,b_N100_V4,7.432707934640348
legacy,1,b_N100_V4,7.343624951317906
legacy,1,b_N100_V4,7.395750028081238
legacy,1,b_N100_V4,7.388083031401038
legacy,1,b_N100_V4,7.429791963659227
legacy,1,b_N100_V4,7.420875015668571
legacy,1,b_N100_V4,7.274750038050115
legacy,1,b_N100_V4,7.382708019576967
legacy,1,b_N100_V4,7.430500001646578
legacy,1,b_N100_V4,7.306542014703155
legacy,1,b_N100_V4,7.404583040624857
legacy,1,b_N100_V4,7.3074589017778635
legacy,1,b_N100_V4,7.473208010196686
legacy,1,b_N100_V4,7.422458031214774
legacy,1,b_N100_V4,7.45004101190716
legacy,1,b_N100_V4,7.281249971129
legacy,1,b_N100_V4,7.375624962151051
legacy,1,b_N100_V4,7.415542029775679
legacy,1,b_N100_V4,7.350208004936576
legacy,1,b_N100_V4,7.409165962599218
legacy,1,b_N100_V4,7.47008400503546
legacy,1,b_N100_V4,7.346750004217029
legacy,1,b_N100_V4,7.430125027894974
legacy,1,b_N100_V4,7.46691704262048
legacy,1,b_N100_V4,7.418917026370764
legacy,1,b_N100_V4,7.286500069312751
legacy,1,b_N100_V4,7.411167025566101
legacy,1,b_N100_V4,7.292791968211532
legacy,1,b_N100_V4,7.4109579436481
legacy,1,b_N100_V4,7.4015839491039515
legacy,1,b_N100_V4,7.445832947269082
legacy,1,b_N100_V4,7.34608294442296
legacy,1,b_N100_V4,7.9728750279173255
legacy,1,b_N100_V4,7.285207975655794
legacy,1,b_N100_V4,7.282249978743494
legacy,1,b_N100_V4,7.615083013661206
legacy,1,b_N100_V4,8.453625021502376
legacy,1,b_N100_V4,7.98929191660136
legacy,1,b_N100_V4,7.326874998398125
legacy,1,b_N100_V4,7.195541984401643
legacy,1,b_N100_V4,7.133541977964342
legacy,1,b_N100_V4,7.013249909505248
legacy,1,b_N100_V4,7.193875033408403
legacy,1,b_N100_V4,7.142749964259565
legacy,1,b_N100_V4,7.135791005566716
legacy,1,b_N100_V4,7.116166991181672
legacy,1,b_N100_V4,7.093959022313356
legacy,1,b_N100_V4,6.943667074665427
legacy,1,b_N100_V4,7.042999961413443
legacy,1,b_N100_V4,7.136749918572605
legacy,1,b_N100_V4,7.091207895427942
legacy,1,b_N100_V4,7.16141692828387
legacy,1,b_N100_V4,7.073458982631564
legacy,1,b_N100_V4,7.030208013020456
legacy,1,b_N100_V4,7.109332946129143
legacy,1,b_N100_V4,7.0112090324983
legacy,1,b_N100_V4,7.139457971788943
legacy,1,b_N100_V4,7.103082956746221
legacy,1,b_N100_V4,7.121542003005743
legacy,1,b_N100_V4,6.979500059969723
legacy,1,b_N100_V4,7.110957987606525
legacy,1,b_N100_V4,6.954582990147173
legacy,1,b_N100_V4,7.196083082817495
legacy,1,b_N100_V4,7.127333898097277
legacy,1,b_N100_V4,7.070916006341577
legacy,1,b_N100_V4,8.360957959666848
legacy,1,b_N100_V4,7.182167028076947
legacy,1,b_N100_V4,7.176875020377338
legacy,1,b_N100_V4,7.978249923326075
legacy,1,b_N100_V4,6.988917011767626
legacy,1,b_N100_V4,7.094291970133781
legacy,1,b_N100_V4,6.947332993149757
legacy,1,b_N100_V4,7.27158400695771
legacy,1,b_N100_V4,7.145125069655478
legacy,1,b_N100_V4,7.135167019441724
legacy,1,b_N100_V4,6.922750035300851
legacy,1,b_N100_V4,7.068584091030061
legacy,1,b_N100_V4,6.9561670534312725
legacy,1,b_N100_V4,7.0816249353811145
legacy,1,b_N100_V4,7.040958967991173
legacy,1,b_N100_V4,7.123833987861872
legacy,1,b_N100_V4,6.949124974198639
legacy,1,b_N100_V4,6.959917023777962
legacy,1,b_N100_V4,7.061542011797428
legacy,1,b_N100_V4,7.065959041938186
legacy,1,b_N100_V4,7.025707978755236
legacy,1,b_N100_V4,7.061582989990711
legacy,1,b_N100_V4,7.341542048379779
legacy,1,b_N100_V4,7.547709043137729
legacy,1,b_N100_V4,7.2373750153928995
legacy,1,b_N100_V4,7.21025001257658
legacy,1,b_N100_V4,7.0799170061945915
legacy,1,b_N100_V4,7.486250018700957
legacy,1,b_N100_V4,7.056499947793782
legacy,1,b_N100_V4,7.1279589319601655
legacy,1,b_N100_V4,7.166708004660904
legacy,1,b_N100_V4,8.135249954648316
legacy,1,b_N100_V4,7.459791959263384
legacy,1,b_N100_V4,7.483292021788657
legacy,1,b_N100_V4,7.370125036686659
legacy,1,b_N100_V4,7.402874995023012
legacy,1,b_N100_V4,7.444584043696523
legacy,1,b_N100_V4,7.430208032019436
legacy,1,b_N100_V4,7.7007079962641
legacy,1,b_N100_V4,7.395041990093887
legacy,1,b_N100_V4,7.341832970269024
legacy,1,b_N100_V4,7.373707951046526
legacy,1,b_N100_V4,7.350167026743293
legacy,1,b_N100_V4,7.31808296404779
legacy,1,b_N100_V4,7.331082946620882
legacy,1,b_N100_V4,7.365250028669834
legacy,1,b_N100_V4,7.385166012682021
legacy,1,b_N100_V4,7.304041995666921
legacy,1,b_N100_V4,7.350499974563718
legacy,1,b_N100_V4,7.350040948949754
legacy,1,b_N100_V4,7.3017500108107924
legacy,1,b_N100_V4,7.369167055003345
legacy,1,b_N100_V4,7.447416079230607
legacy,1,b_N100_V4,7.357875001616776
legacy,1,b_N100_V4,7.2626249166205525
legacy,1,b_N100_V4,7.319166092202067
legacy,1,b_N100_V4,7.298582931980491
legacy,1,b_N100_V4,7.336084032431245
legacy,1,b_N100_V4,7.332374923862517
legacy,1,b_N100_V4,7.434624945744872
legacy,1,b_N100_V4,7.298041949979961
legacy,1,b_N100_V4,7.363957935012877
legacy,1,b_N100_V4,7.289125001989305
legacy,1,b_N100_V4,7.311708992347121
legacy,1,b_N100_V4,7.325874990783632
legacy,1,b_N100_V4,7.314541027881205
legacy,1,b_N100_V4,7.30916706379503
legacy,1,b_N100_V4,7.4089160189032555
legacy,1,b_N100_V4,7.336833048611879
legacy,1,b_N100_V4,7.379792048595846
legacy,1,b_N100_V4,7.405875017866492
legacy,1,b_N100_V4,7.305499981157482
legacy,1,b_N100_V4,7.273916970007122
legacy,1,b_N100_V4,7.319082971662283
legacy,1,b_N100_V4,7.348832907155156
legacy,1,b_N100_V4,7.307708961889148
legacy,1,b_N100_V4,7.3144580237567425
legacy,1,b_N100_V4,7.299666991457343
legacy,1,b_N100_V4,7.298041949979961
legacy,1,b_N100_V4,7.308500004000962
legacy,1,b_N100_V4,7.309250067919493
legacy,1,b_N100_V4,7.368459017015994
legacy,1,b_N100_V4,7.286707987077534
legacy,1,b_N100_V4,7.323875091969967
legacy,1,b_N100_V4,7.321959012188017
legacy,1,b_N100_V4,7.362250005826354
legacy,1,b_N100_V4,7.264916901476681
legacy,1,b_N100_V4,7.224750006571412
legacy,1,b_N100_V4,7.385415956377983
legacy,1,b_N100_V4,7.344916928559542
legacy,1,b_N100_V4,7.268916931934655
legacy,1,b_N100_V4,7.816291996277869
legacy,1,b_N100_V4,6.981167010962963
legacy,1,b_N100_V4,6.985125015489757
legacy,1,b_N100_V4,6.941749947145581
legacy,1,b_N100_V4,7.009041961282492
legacy,1,b_N100_V4,6.914249970577657
legacy,1,b_N100_V4,6.990583031438291
legacy,1,b_N100_V4,6.892999983392656
legacy,1,b_N100_V4,6.912374985404313
legacy,1,b_N100_V4,6.937833037227392
legacy,1,b_N100_V4,6.898500025272369
legacy,1,b_N100_V4,6.933084107004106
legacy,1,b_N100_V4,6.937916041351855
legacy,1,b_N100_V4,6.907665985636413
legacy,1,b_N100_V4,6.863500108011067
legacy,1,b_N100_V4,6.884292000904679
legacy,1,b_N100_V4,6.8807079223915935
legacy,1,b_N100_V4,6.870124954730272
legacy,1,b_N100_V4,6.866166018880904
legacy,1,b_N100_V4,6.954749929718673
legacy,1,b_N100_V4,6.870166980661452
legacy,1,b_N100_V4,6.883832975290716
legacy,1,b_N100_V4,6.8395830458030105
legacy,1,b_N100_V4,6.835084059275687
legacy,1,b_N100_V4,6.845375057309866
legacy,1,b_N100_V4,6.9018329959362745
legacy,1,b_N100_V4,6.86354108620435
legacy,1,b_N100_V4,6.8953330628573895
legacy,1,b_N100_V4,6.857750006020069
legacy,1,b_N100_V4,6.899667088873684
legacy,1,b_N100_V4,6.909208022989333
legacy,1,b_N100_V4,6.9329580292105675
legacy,1,b_N100_V4,7.209707982838154
legacy,1,b_N100_V4,7.202624925412238
legacy,1,b_N100_V4,6.959000020287931
legacy,1,b_N100_V4,6.895584054291248
legacy,1,b_N100_V4,7.112707942724228
legacy,1,b_N100_V4,6.888125091791153
legacy,1,b_N100_V4,6.904584006406367
legacy,1,b_N100_V4,6.9272080436348915
legacy,1,b_N100_V4,6.857875036075711
legacy,1,b_N100_V4,6.904875044710934
legacy,1,b_N100_V4,6.871166056953371
legacy,1,b_N100_V4,6.879750057123601
legacy,1,b_N100_V4,6.948874914087355
legacy,1,b_N100_V4,6.912916083820164
legacy,1,b_N100_V4,6.990249967202544
legacy,1,b_N100_V4,7.277416996657848
legacy,1,b_N100_V4,6.970499991439283
legacy,1,b_N100_V4,6.979166995733976
legacy,1,b_N100_V4,6.858709035441279
legacy,1,b_N100_V4,6.867374991998076
legacy,1,b_N100_V4,6.864957977086306
legacy,1,b_N100_V4,6.869959062896669
legacy,1,b_N100_V4,6.846625008620322
legacy,1,b_N100_V4,6.8486250238493085
legacy,1,b_N100_V4,6.916500045917928
legacy,1,b_N100_V4,6.879208027385175
legacy,1,b_N100_V4,7.185792084783316
legacy,1,b_N100_V4,6.965042091906071
legacy,1,b_N100_V4,8.194916998036206
legacy,1,b_N100_V4,7.396083092316985
legacy,1,b_N100_V4,7.4345419416204095
legacy,1,b_N100_V4,7.9008330358192325
legacy,1,b_N100_V4,7.336084032431245
legacy,1,b_N100_V4,7.312666974030435
legacy,1,b_N100_V4,7.48349993955344
legacy,1,b_N100_V4,7.34929193276912
legacy,1,b_N100_V4,7.277374970726669
legacy,1,b_N100_V4,7.311666035093367
legacy,1,b_N100_V4,7.33491696882993
legacy,1,b_N100_V4,7.310542045161128
legacy,1,b_N100_V4,7.324708974920213
legacy,1,b_N100_V4,7.30220798868686
legacy,1,b_N100_V4,7.299334043636918
legacy,1,b_N100_V4,7.297915988601744
legacy,1,b_N100_V4,7.324125035665929
legacy,1,b_N100_V4,7.282292004674673
legacy,1,b_N100_V4,7.321791024878621
legacy,1,b_N100_V4,7.287916028872132
legacy,1,b_N100_V4,7.271207985468209
legacy,1,b_N100_V4,7.258040946908295
legacy,1,b_N100_V4,7.28933303616941
legacy,1,b_N100_V4,7.314124959520996
legacy,1,b_N100_V4,7.283249986357987
legacy,1,b_N100_V4,7.309707929380238
legacy,1,b_N100_V4,7.3057920671999454
legacy,1,b_N100_V4,7.260959013365209
legacy,1,b_N100_V4,7.282083039171994
legacy,1,b_N100_V4,7.282292004674673
legacy,1,b_N100_V4,7.288833032362163
legacy,1,b_N100_V4,7.247125031426549
legacy,1,b_N100_V4,7.295916904695332
legacy,1,b_N100_V4,7.318041054531932
legacy,1,b_N100_V4,7.271624985150993
legacy,1,b_N100_V4,7.371334009803832
legacy,1,b_N100_V4,7.417540997266769
legacy,1,b_N100_V4,7.32516695279628
legacy,1,b_N100_V4,7.256584009155631
legacy,1,b_N100_V4,7.239209022372961
legacy,1,b_N100_V4,7.290082983672619
legacy,1,b_N100_V4,7.259333971887827
legacy,1,b_N100_V4,7.263167062774301
legacy,1,b_N100_V4,7.277917000465095
legacy,1,b_N100_V4,7.261125021614134
legacy,1,b_N100_V4,7.242207997478545
legacy,1,b_N100_V4,7.288583088666201
legacy,1,b_N100_V4,7.379708928056061
legacy,1,b_N100_V4,7.266375003382564
legacy,1,b_N100_V4,7.269707974046469
legacy,1,b_N100_V4,7.243333966471255
legacy,1,b_N100_V4,7.282499922439456
legacy,1,b_N100_V4,7.267958950251341
legacy,1,b_N100_V4,7.237000041641295
legacy,1,b_N100_V4,7.236541947349906
legacy,1,b_N100_V4,7.3053749511018395
legacy,1,b_N100_V4,7.2220839792862535
legacy,1,b_N100_V4,7.240500068292022
legacy,1,b_N100_V4,7.257792050950229
legacy,1,b_N100_V4,7.241250015795231
legacy,1,b_N100_V4,7.915916969068348
legacy,1,b_N100_V4,7.083958014845848
legacy,1,b_N100_V4,7.061999989673495
legacy,1,b_N100_V4,6.997500080615282
legacy,1,b_N100_V4,7.023041951470077
legacy,1,b_N100_V4,6.9324999349191785
legacy,1,b_N100_V4,6.988124921917915
legacy,1,b_N100_V4,7.0675419410690665
legacy,1,b_N100_V4,7.009917055256665
legacy,1,b_N100_V4,7.023207959719002
legacy,1,b_N100_V4,6.991249974817038
legacy,1,b_N100_V4,6.925499998033047
legacy,1,b_N100_V4,6.935165962204337
legacy,1,b_N100_V4,6.934500066563487
legacy,1,b_N100_V4,6.869084085337818
legacy,1,b_N100_V4,8.574334089644253
legacy,1,b_N100_V4,7.186583010479808
legacy,1,b_N100_V4,7.070082938298583
legacy,1,b_N100_V4,7.086874917149544
legacy,1,b_N100_V4,7.015332928858697
legacy,1,b_N100_V4,7.037792005576193
legacy,1,b_N100_V4,6.984415929764509
legacy,1,b_N100_V4,7.047874969430268
legacy,1,b_N100_V4,6.981999962590635
legacy,1,b_N100_V4,7.047208957374096
legacy,1,b_N100_V4,6.99583301320672
legacy,1,b_N100_V4,7.014334085397422
legacy,1,b_N100_V4,6.9810840068385005
legacy,1,b_N100_V4,7.000833051279187
legacy,1,b_N100_V4,6.922791013494134
legacy,1,b_N100_V4,6.866957992315292
legacy,1,b_N100_V4,6.9655830739066005
legacy,1,b_N100_V4,6.994916941039264
legacy,1,b_N100_V4,6.96929101832211
legacy,1,b_N100_V4,6.926707923412323
legacy,1,b_N100_V4,6.885999930091202
legacy,1,b_N100_V4,6.89995801076293
legacy,1,b_N100_V4,6.889707990922034
legacy,1,b_N100_V4,6.87083404045552
legacy,1,b_N100_V4,7.081959047354758
legacy,1,b_N100_V4,6.867542047984898
legacy,1,b_N100_V4,6.8711250787600875
legacy,1,b_N100_V4,6.851957994513214
legacy,1,b_N100_V4,6.85770798008889
legacy,1,b_N100_V4,6.833875086158514
legacy,1,b_N100_V4,6.883457885123789
legacy,1,b_N100_V4,6.886125076562166
legacy,1,b_N100_V4,6.837374996393919
legacy,1,b_N100_V4,6.855915999040008
legacy,1,b_N100_V4,6.847958080470562
legacy,1,b_N100_V4,6.873584003187716
legacy,1,b_N100_V4,6.936832913197577
legacy,1,b_N100_V4,6.977375014685094
legacy,1,b_N100_V4,6.951416959054768
legacy,1,b_N100_V4,6.952250027097762
legacy,1,b_N100_V4,6.940291961655021
legacy,1,b_N100_V4,8.183625061064959
legacy,1,b_N100_V4,7.6385000720620155
legacy,1,b_N100_V4,7.020625052973628
legacy,1,b_N100_V4,6.970875081606209
legacy,1,b_N100_V4,8.254082989878953
legacy,1,b_N100_V4,7.473875069990754
legacy,1,b_N100_V4,7.391042076051235
legacy,1,b_N100_V4,7.243625004775822
legacy,1,b_N100_V4,7.240374921821058
legacy,1,b_N100_V4,7.347499951720238
legacy,1,b_N100_V4,7.362624979577959
legacy,1,b_N100_V4,7.4472499545663595
legacy,1,b_N100_V4,7.465082919225097
legacy,1,b_N100_V4,7.321125012822449
legacy,1,b_N100_V4,7.435666979290545
legacy,1,b_N100_V4,7.285292027518153
legacy,1,b_N100_V4,7.354917004704475
legacy,1,b_N100_V4,7.324167061597109
legacy,1,b_N100_V4,7.310666027478874
legacy,1,b_N100_V4,7.392583996988833
legacy,1,b_N100_V4,7.401709095574915
legacy,1,b_N100_V4,7.315792026929557
legacy,1,b_N100_V4,7.352124899625778
legacy,1,b_N100_V4,7.318916963413358
legacy,1,b_N100_V4,7.314916932955384
legacy,1,b_N100_V4,7.311999914236367
legacy,1,b_N100_V4,7.37866701092571
legacy,1,b_N100_V4,7.651375024579465
legacy,1,b_N100_V4,8.327124989591539
legacy,1,b_N100_V4,8.83341592270881
legacy,1,b_N100_V4,7.851334055885673
legacy,1,b_N100_V4,8.289125049486756
legacy,1,b_N100_V4,7.576292031444609
legacy,1,b_N100_V4,7.621375028975308
legacy,1,b_N100_V4,7.475582999177277
legacy,1,b_N100_V4,7.365625002421439
legacy,1,b_N100_V4,7.398042012937367
legacy,1,b_N100_V4,7.254041964188218
legacy,1,b_N100_V4,7.275666925124824
legacy,1,b_N100_V4,7.360624964348972
legacy,1,b_N100_V4,7.445625029504299
legacy,1,b_N100_V4,7.480541942641139
legacy,1,b_N100_V4,7.382208947092295
legacy,1,b_N100_V4,7.3735000332817435
legacy,1,b_N100_V4,7.841916987672448
legacy,1,b_N100_V4,7.558541954495013
legacy,1,b_N100_V4,7.506791967898607
legacy,1,b_N100_V4,7.481792010366917
legacy,1,b_N100_V4,7.45791697409004
legacy,1,b_N100_V4,7.419250090606511
legacy,1,b_N100_V4,7.397125009447336
legacy,1,b_N100_V4,7.393542095087469
legacy,1,b_N100_V4,7.364499964751303
legacy,1,b_N100_V4,7.440624991431832
legacy,1,b_N100_V4,7.419375004246831
legacy,1,b_N100_V4,7.37716699950397
legacy,1,b_N100_V4,7.435707957483828
legacy,1,b_N100_V4,7.411208003759384
legacy,1,b_N100_V4,7.394624990411103
legacy,1,b_N100_V4,7.38387496676296
legacy,1,b_N100_V4,7.709207944571972
legacy,1,b_N100_V4,7.404083968140185
legacy,1,b_N100_V4,7.43383402004838
legacy,1,b_N100_V4,7.401417009532452
legacy,1,b_N100_V4,7.879166048951447
legacy,1,b_N100_V4,7.133916020393372
legacy,1,b_N100_V4,7.0599999744445086
legacy,1,b_N100_V4,7.026834064163268
legacy,1,b_N100_V4,6.998250028118491
legacy,1,b_N100_V4,6.9951670011505485
legacy,1,b_N100_V4,7.039083982817829
legacy,1,b_N100_V4,7.057458045892417
legacy,1,b_N100_V4,6.97716698050499
legacy,1,b_N100_V4,6.933249998837709
legacy,1,b_N100_V4,6.9822079967707396
legacy,1,b_N100_V4,6.912499899044633
legacy,1,b_N100_V4,6.903250003233552
legacy,1,b_N100_V4,6.90258399117738
legacy,1,b_N100_V4,7.0012499345466495
legacy,1,b_N100_V4,6.967499968595803
legacy,1,b_N100_V4,6.9669169606640935
legacy,1,b_N100_V4,7.028374937362969
legacy,1,b_N100_V4,6.918375031091273
legacy,1,b_N100_V4,6.954333977773786
legacy,1,b_N100_V4,6.963249994441867
legacy,1,b_N100_V4,6.994209019467235
legacy,1,b_N100_V4,7.02708400785923
legacy,1,b_N100_V4,6.911208969540894
legacy,1,b_N100_V4,6.943457992747426
legacy,1,b_N100_V4,6.9572500651702285
legacy,1,b_N100_V4,6.926374975591898
legacy,1,b_N100_V4,6.957334000617266
legacy,1,b_N100_V4,7.321542012505233
legacy,1,b_N100_V4,7.012333022430539
legacy,1,b_N100_V4,6.9722909247502685
legacy,1,b_N100_V4,6.959415972232819
legacy,1,b_N100_V4,6.873750011436641
legacy,1,b_N100_V4,6.863542017526925
legacy,1,b_N100_V4,6.873000063933432
legacy,1,b_N100_V4,6.932707969099283
legacy,1,b_N100_V4,6.960042053833604
legacy,1,b_N100_V4,7.005625055171549
legacy,1,b_N100_V4,6.9292919943109155
legacy,1,b_N100_V4,6.96412508841604
legacy,1,b_N100_V4,7.026500068604946
legacy,1,b_N100_V4,6.937124999240041
legacy,1,b_N100_V4,6.926458911038935
legacy,1,b_N100_V4,7.0382499834522605
legacy,1,b_N100_V4,6.976124946959317
legacy,1,b_N100_V4,6.877084029838443
legacy,1,b_N100_V4,7.033834001049399
legacy,1,b_N100_V4,6.923792068846524
legacy,1,b_N100_V4,6.975000025704503
legacy,1,b_N100_V4,6.917083985172212
legacy,1,b_N100_V4,6.922875065356493
legacy,1,b_N100_V4,6.983333034440875
legacy,1,b_N100_V4,6.988959037698805
legacy,1,b_N100_V4,6.951916962862015
legacy,1,b_N100_V4,6.92366692237556
legacy,1,b_N100_V4,6.9130409974604845
legacy,1,b_N100_V4,6.925541907548904
legacy,1,b_N100_V4,6.938374950550497
legacy,1,b_N100_V4,6.964499945752323
legacy,1,b_N100_V4,6.958374986425042
legacy,1,b_N100_V4,8.108666981570423
legacy,1,b_N100_V4,7.413209066726267
legacy,1,b_N100_V4,7.356957998126745
legacy,1,b_N100_V4,7.331333006732166
legacy,1,b_N100_V4,7.379542104899883
legacy,1,b_N100_V4,7.305708015337586
legacy,1,b_N100_V4,7.319000083953142
legacy,1,b_N100_V4,7.406791904941201
legacy,1,b_N100_V4,7.266832981258631
legacy,1,b_N100_V4,7.270375033840537
legacy,1,b_N100_V4,7.301584002561867
legacy,1,b_N100_V4,7.277583004906774
legacy,1,b_N100_V4,7.282666978426278
legacy,1,b_N100_V4,7.296374998986721
legacy,1,b_N100_V4,7.371957995928824
legacy,1,b_N100_V4,7.281166035681963
legacy,1,b_N100_V4,7.552209077402949
legacy,1,b_N100_V4,7.992458064109087
legacy,1,b_N100_V4,7.3420420521870255
legacy,1,b_N100_V4,7.3072080267593265
legacy,1,b_N100_V4,7.426124997437
legacy,1,b_N100_V4,7.27770896628499
legacy,1,b_N100_V4,7.2466249112039804
legacy,1,b_N100_V4,7.235916913487017
legacy,1,b_N100_V4,7.2495839558541775
legacy,1,b_N100_V4,7.24654202349484
legacy,1,b_N100_V4,8.144499966874719
legacy,1,b_N100_V4,7.4124999810010195
legacy,1,b_N100_V4,7.320250035263598
legacy,1,b_N100_V4,7.299959077499807
legacy,1,b_N100_V4,7.248125039041042
legacy,1,b_N100_V4,7.287500076927245
legacy,1,b_N100_V4,7.695541018620133
legacy,1,b_N100_V4,7.302124984562397
legacy,1,b_N100_V4,7.271875045262277
legacy,1,b_N100_V4,7.289792061783373
legacy,1,b_N100_V4,7.340000011026859
legacy,1,b_N100_V4,7.435749983415008
legacy,1,b_N100_V4,7.265249965712428
legacy,1,b_N100_V4,7.266124943271279
legacy,1,b_N100_V4,7.243708940222859
legacy,1,b_N100_V4,7.23212503362447
legacy,1,b_N100_V4,7.384749944321811
legacy,1,b_N100_V4,8.297833963297307
legacy,1,b_N100_V4,7.417332963086665
legacy,1,b_N100_V4,7.330959080718458
legacy,1,b_N100_V4,7.4155000038445
legacy,1,b_N100_V4,7.32724997214973
legacy,1,b_N100_V4,7.354459026828408
legacy,1,b_N100_V4,7.541042054072022
legacy,1,b_N100_V4,7.283458020538092
legacy,1,b_N100_V4,7.298541953787208
legacy,1,b_N100_V4,7.390416925773025
legacy,1,b_N100_V4,7.304416969418526
legacy,1,b_N100_V4,7.304208935238421
legacy,1,b_N100_V4,7.314041955396533
legacy,1,b_N100_V4,7.283958024345338
legacy,1,b_N100_V4,7.320084027014673
legacy,1,b_N100_V4,7.296042051166296
legacy,1,b_N100_V4,7.277708034962416
legacy,1,b_N100_V4,7.725083036348224
legacy,1,b_N100_V4,7.003249949775636
legacy,1,b_N100_V4,7.067541009746492
legacy,1,b_N100_V4,7.007958018220961
legacy,1,b_N100_V4,6.9261250318959355
legacy,1,b_N100_V4,6.9637090200558305
legacy,1,b_N100_V4,6.929583032615483
legacy,1,b_N100_V4,6.950707989744842
legacy,1,b_N100_V4,6.983750034123659
legacy,1,b_N100_V4,6.915166042745113
legacy,1,b_N100_V4,6.893582991324365
legacy,1,b_N100_V4,7.002333994023502
legacy,1,b_N100_V4,6.885041017085314
legacy,1,b_N100_V4,6.877541076391935
legacy,1,b_N100_V4,6.9224589969962835
legacy,1,b_N100_V4,6.870499928481877
legacy,1,b_N100_V4,6.884916918352246
legacy,1,b_N100_V4,6.908791954629123
legacy,1,b_N100_V4,6.916875019669533
legacy,1,b_N100_V4,6.896583014167845
legacy,1,b_N100_V4,6.875750026665628
legacy,1,b_N100_V4,6.959249963983893
legacy,1,b_N100_V4,6.885458016768098
legacy,1,b_N100_V4,6.874124985188246
legacy,1,b_N100_V4,6.922375061549246
legacy,1,b_N100_V4,6.84950000140816
legacy,1,b_N100_V4,6.930291070602834
legacy,1,b_N100_V4,6.89229101408273
legacy,1,b_N100_V4,6.9600839633494616
legacy,1,b_N100_V4,6.886749994009733
legacy,1,b_N100_V4,6.9613748928532
legacy,1,b_N100_V4,6.851499900221825
legacy,1,b_N100_V4,6.875375052914023
legacy,1,b_N100_V4,6.89991598483175
legacy,1,b_N100_V4,6.8512080470100045
legacy,1,b_N100_V4,6.833999999798834
legacy,1,b_N100_V4,7.113749976269901
legacy,1,b_N100_V4,6.889333017170429
legacy,1,b_N100_V4,6.9909170269966125
legacy,1,b_N100_V4,6.88254099804908
legacy,1,b_N100_V4,6.9116250379011035
legacy,1,b_N100_V4,6.90779194701463
legacy,1,b_N100_V4,6.884000031277537
legacy,1,b_N100_V4,6.874749902635813
legacy,1,b_N100_V4,6.857458967715502
legacy,1,b_N100_V4,6.834832951426506
legacy,1,b_N100_V4,6.920167012140155
legacy,1,b_N100_V4,6.885666982270777
legacy,1,b_N100_V4,6.8872079718858
legacy,1,b_N100_V4,6.962832994759083
legacy,1,b_N100_V4,6.851125042885542
legacy,1,b_N100_V4,6.839458015747368
legacy,1,b_N100_V4,7.374292006716132
legacy,1,b_N100_V4,6.957750068977475
legacy,1,b_N100_V4,6.925416993908584
legacy,1,b_N100_V4,6.910875090397894
legacy,1,b_N100_V4,6.843291921541095
legacy,1,b_N100_V4,6.870166049338877
legacy,1,b_N100_V4,6.856666994281113
legacy,1,b_N100_V4,6.857083993963897
legacy,1,b_N100_V4,8.194707916118205
legacy,1,b_N100_V4,7.458416046574712
legacy,1,b_N100_V4,7.341583026573062
legacy,1,b_N100_V4,7.389083970338106
legacy,1,b_N100_V4,7.318874937482178
legacy,1,b_N100_V4,7.392999948933721
legacy,1,b_N100_V4,7.36129202414304
legacy,1,b_N100_V4,7.374958018772304
legacy,1,b_N100_V4,7.41029204800725
legacy,1,b_N100_V4,7.422375027090311
legacy,1,b_N100_V4,7.459875079803169
legacy,1,b_N100_V4,7.368082995526493
legacy,1,b_N100_V4,7.316541974432766
legacy,1,b_N100_V4,7.392792031168938
legacy,1,b_N100_V4,7.369583006948233
legacy,1,b_N100_V4,7.4005830101668835
legacy,1,b_N100_V4,7.325958926230669
legacy,1,b_N100_V4,7.444457965902984
legacy,1,b_N100_V4,7.359334034845233
legacy,1,b_N100_V4,7.390666985884309
legacy,1,b_N100_V4,7.383291958831251
legacy,1,b_N100_V4,7.368791964836419
legacy,1,b_N100_V4,7.254958036355674
legacy,1,b_N100_V4,7.378124981187284
legacy,1,b_N100_V4,7.896665949374437
legacy,1,b_N100_V4,7.432374986819923
legacy,1,b_N100_V4,7.375958026386797
legacy,1,b_N100_V4,7.41545797791332
legacy,1,b_N100_V4,7.326209102757275
legacy,1,b_N100_V4,7.377750007435679
legacy,1,b_N100_V4,7.401708979159594
legacy,1,b_N100_V4,7.406541961245239
legacy,1,b_N100_V4,7.3180419858545065
legacy,1,b_N100_V4,7.363041979260743
legacy,1,b_N100_V4,7.373249973170459
legacy,1,b_N100_V4,7.3882079450413585
legacy,1,b_N100_V4,7.354417000897229
legacy,1,b_N100_V4,7.3700409848243
legacy,1,b_N100_V4,7.3774580378085375
legacy,1,b_N100_V4,7.42916704621166
legacy,1,b_N100_V4,7.421749993227422
legacy,1,b_N100_V4,7.435542065650225
legacy,1,b_N100_V4,7.24933308083564
legacy,1,b_N100_V4,7.3654589941725135
legacy,1,b_N100_V4,7.298791082575917
legacy,1,b_N100_V4,7.39154196344316
legacy,1,b_N100_V4,7.414958905428648
legacy,1,b_N100_V4,7.418832974508405
legacy,1,b_N100_V4,7.319916971027851
legacy,1,b_N100_V4,7.348833954893053
legacy,1,b_N100_V4,7.418541936203837
legacy,1,b_N100_V4,7.471750024706125
legacy,1,b_N100_V4,7.391249993816018
legacy,1,b_N100_V4,7.387291989289224
legacy,1,b_N100_V4,7.345917052589357
legacy,1,b_N100_V4,7.385708042420447
legacy,1,b_N100_V4,7.431917008943856
legacy,1,b_N100_V4,7.393624982796609
legacy,1,b_N100_V4,7.409583078697324
legacy,1,b_N100_V4,7.389208069071174
legacy,1,b_N100_V4,7.835916941985488
legacy,1,b_N100_V4,7.149374927394092
legacy,1,b_N100_V4,7.138042012229562
legacy,1,b_N100_V4,7.099209004081786
legacy,1,b_N100_V4,6.943291984498501
legacy,1,b_N100_V4,7.0509170182049274
legacy,1,b_N100_V4,7.087541976943612
legacy,1,b_N100_V4,7.072499953210354
legacy,1,b_N100_V4,7.185291964560747
legacy,1,b_N100_V4,7.046708022244275
legacy,1,b_N100_V4,6.919041043147445
legacy,1,b_N100_V4,7.0549590745940804
legacy,1,b_N100_V4,7.030540960840881
legacy,1,b_N100_V4,7.00858305208385
legacy,1,b_N100_V4,6.957334000617266
legacy,1,b_N100_V4,7.061750045977533
legacy,1,b_N100_V4,6.969582987949252
legacy,1,b_N100_V4,7.084290962666273
legacy,1,b_N100_V4,7.091499981470406
legacy,1,b_N100_V4,7.050666958093643
legacy,1,b_N100_V4,6.845791009254754
legacy,1,b_N100_V4,7.048625033348799
legacy,1,b_N100_V4,7.021875004284084
legacy,1,b_N100_V4,7.045375066809356
legacy,1,b_N100_V4,6.886583985760808
legacy,1,b_N100_V4,7.001542020589113
legacy,1,b_N100_V4,6.91679201554507
legacy,1,b_N100_V4,7.072207983583212
legacy,1,b_N100_V4,7.028499967418611
legacy,1,b_N100_V4,7.658499991521239
legacy,1,b_N100_V4,7.1694579673931
legacy,1,b_N100_V4,7.194041972979903
legacy,1,b_N100_V4,7.058374932967126
legacy,1,b_N100_V4,7.133167004212737
legacy,1,b_N100_V4,7.038332987576723
legacy,1,b_N100_V4,7.1194160263985395
legacy,1,b_N100_V4,6.957125035114586
legacy,1,b_N100_V4,7.077499991282821
legacy,1,b_N100_V4,7.2059170342981815
legacy,1,b_N100_V4,7.132665952667594
legacy,1,b_N100_V4,7.026250008493662
legacy,1,b_N100_V4,7.105792057700455
legacy,1,b_N100_V4,6.969999987632036
legacy,1,b_N100_V4,7.0719580398872495
legacy,1,b_N100_V4,7.0871670031920075
legacy,1,b_N100_V4,7.134124985896051
legacy,1,b_N100_V4,7.035082904621959
legacy,1,b_N100_V4,7.081334013491869
legacy,1,b_N100_V4,6.94537500385195
legacy,1,b_N100_V4,7.052041939459741
legacy,1,b_N100_V4,7.078208960592747
legacy,1,b_N100_V4,7.098083035089076
legacy,1,b_N100_V4,6.930041941814125
legacy,1,b_N100_V4,6.926708039827645
legacy,1,b_N100_V4,7.054958026856184
legacy,1,b_N100_V4,7.076167035847902
legacy,1,b_N100_V4,6.976208998821676
legacy,1,b_N100_V4,7.205291069112718
legacy,1,b_N100_V4,6.990458001382649
legacy,1,b_N100_V4,7.068042061291635
legacy,1,b_N100_V4,8.350583957508206
legacy,1,b_N100_V4,7.3974170954898
legacy,1,b_N100_V4,7.3632089188322425
legacy,1,b_N100_V4,7.362791919149458
legacy,1,b_N100_V4,7.370374980382621
legacy,1,b_N100_V4,7.36966694239527
legacy,1,b_N100_V4,7.302624988369644
legacy,1,b_N100_V4,7.428667042404413
legacy,1,b_N100_V4,7.339042029343545
legacy,1,b_N100_V4,7.3122079484164715
legacy,1,b_N100_V4,7.2938340017572045
legacy,1,b_N100_V4,7.331583998166025
legacy,1,b_N100_V4,7.279915967956185
legacy,1,b_N100_V4,7.275250041857362
legacy,1,b_N100_V4,7.261375081725419
legacy,1,b_N100_V4,7.301375037059188
legacy,1,b_N100_V4,7.539457990787923
legacy,1,b_N100_V4,7.2691249661147594
legacy,1,b_N100_V4,7.316999952308834
legacy,1,b_N100_V4,7.307957974262536
legacy,1,b_N100_V4,7.3599589522928
legacy,1,b_N100_V4,7.334833033382893
legacy,1,b_N100_V4,7.342665921896696
legacy,1,b_N100_V4,7.244374952279031
legacy,1,b_N100_V4,7.241916027851403
legacy,1,b_N100_V4,7.268000044859946
legacy,1,b_N100_V4,7.249834015965462
legacy,1,b_N100_V4,7.277416065335274
legacy,1,b_N100_V4,7.951708044856787
legacy,1,b_N100_V4,7.595584029331803
legacy,1,b_N100_V4,7.435625069774687
legacy,1,b_N100_V4,7.378583075478673
legacy,1,b_N100_V4,7.317250012420118
legacy,1,b_N100_V4,7.395916967652738
legacy,1,b_N100_V4,7.357583963312209
legacy,1,b_N100_V4,7.337084040045738
legacy,1,b_N100_V4,7.32054200489074
legacy,1,b_N100_V4,7.370250066742301
legacy,1,b_N100_V4,7.396542001515627
legacy,1,b_N100_V4,7.375082932412624
legacy,1,b_N100_V4,7.342375000007451
legacy,1,b_N100_V4,7.380458991974592
legacy,1,b_N100_V4,7.303333026356995
legacy,1,b_N100_V4,7.357625057920814
legacy,1,b_N100_V4,7.366916048340499
legacy,1,b_N100_V4,7.346083060838282
legacy,1,b_N100_V4,7.319625001400709
legacy,1,b_N100_V4,7.308750064112246
legacy,1,b_N100_V4,7.27058295160532
legacy,1,b_N100_V4,7.914332905784249
legacy,1,b_N100_V4,7.524459040723741
legacy,1,b_N100_V4,7.561958045698702
legacy,1,b_N100_V4,7.508249953389168
legacy,1,b_N100_V4,7.462125038728118
legacy,1,b_N100_V4,7.403624942526221
legacy,1,b_N100_V4,7.401332957670093
legacy,1,b_N100_V4,7.405500044114888
legacy,1,b_N100_V4,7.400874979794025
legacy,1,b_N100_V4,7.390708080492914
legacy,1,b_N100_V4,7.404417032375932
legacy,1,b_N100_V4,7.834917050786316
legacy,1,b_N100_V4,7.157167070545256
legacy,1,b_N100_V4,7.0524170296266675
legacy,1,b_N100_V4,7.048208033666015
legacy,1,b_N100_V4,7.068832986988127
legacy,1,b_N100_V4,7.627542014233768
legacy,1,b_N100_V4,7.18633399810642
legacy,1,b_N100_V4,7.125208037905395
legacy,1,b_N100_V4,7.1938339387997985
legacy,1,b_N100_V4,7.0900419959798455
legacy,1,b_N100_V4,7.092874962836504
legacy,1,b_N100_V4,7.083834032528102
legacy,1,b_N100_V4,7.047540973871946
legacy,1,b_N100_V4,7.063457975164056
legacy,1,b_N100_V4,7.064917008392513
legacy,1,b_N100_V4,7.56704097148031
legacy,1,b_N100_V4,7.084707962349057
legacy,1,b_N100_V4,7.059041992761195
legacy,1,b_N100_V4,7.019625045359135
legacy,1,b_N100_V4,7.028333027847111
legacy,1,b_N100_V4,7.051708991639316
legacy,1,b_N100_V4,7.107375073246658
legacy,1,b_N100_V4,7.031082990579307
legacy,1,b_N100_V4,7.021500030532479
legacy,1,b_N100_V4,7.034874986857176
legacy,1,b_N100_V4,7.03362503554672
legacy,1,b_N100_V4,7.023958023637533
legacy,1,b_N100_V4,7.0107500068843365
legacy,1,b_N100_V4,7.043207995593548
legacy,1,b_N100_V4,7.00258300639689
legacy,1,b_N100_V4,6.9882499519735575
legacy,1,b_N100_V4,7.04950001090765
legacy,1,b_N100_V4,7.088000071235001
legacy,1,b_N100_V4,7.012500078417361
legacy,1,b_N100_V4,6.997958058491349
legacy,1,b_N100_V4,7.090708939358592
legacy,1,b_N100_V4,6.978416000492871
legacy,1,b_N100_V4,6.963249994441867
legacy,1,b_N100_V4,7.11529201362282
legacy,1,b_N100_V4,7.060915930196643
legacy,1,b_N100_V4,6.973291980102658
legacy,1,b_N100_V4,6.980916950851679
legacy,1,b_N100_V4,6.9804160157218575
legacy,1,b_N100_V4,7.0151250110939145
legacy,1,b_N100_V4,6.987584056332707
legacy,1,b_N100_V4,6.9763329811394215
legacy,1,b_N100_V4,7.001208025030792
legacy,1,b_N100_V4,6.960875005461276
legacy,1,b_N100_V4,6.970499991439283
legacy,1,b_N100_V4,6.93716702517122
legacy,1,b_N100_V4,6.964291911572218
legacy,1,b_N100_V4,6.956375087611377
legacy,1,b_N100_V4,6.9394169840961695
legacy,1,b_N100_V4,6.937584024854004
legacy,1,b_N100_V4,6.951624993234873
legacy,1,b_N100_V4,6.946417037397623
legacy,1,b_N100_V4,6.980916950851679
legacy,1,b_N100_V4,6.999040953814983
legacy,1,b_N100_V4,7.020708057098091
legacy,1,b_N100_V4,6.954833981581032
legacy,1,b_N100_V4,8.294875035062432
legacy,1,b_N100_V4,7.498416933231056
legacy,1,b_N100_V4,7.4902919586747885
legacy,1,b_N100_V4,7.438792032189667
legacy,1,b_N100_V4,8.163666003383696
legacy,1,b_N100_V4,7.470750017091632
legacy,1,b_N100_V4,7.367584039457142
legacy,1,b_N100_V4,7.452000048942864
legacy,1,b_N100_V4,7.378416019491851
legacy,1,b_N100_V4,7.513332995586097
legacy,1,b_N100_V4,7.376209017820656
legacy,1,b_N100_V4,7.40929099265486
legacy,1,b_N100_V4,7.384624914266169
legacy,1,b_N100_V4,7.3785410495474935
legacy,1,b_N100_V4,7.366416975855827
legacy,1,b_N100_V4,7.364041986875236
legacy,1,b_N100_V4,7.351125008426607
legacy,1,b_N100_V4,7.423082948662341
legacy,1,b_N100_V4,7.390915998257697
legacy,1,b_N100_V4,7.43437500204891
legacy,1,b_N100_V4,7.381084025837481
legacy,1,b_N100_V4,7.382084033451974
legacy,1,b_N100_V4,7.358666975051165
legacy,1,b_N100_V4,7.401457987725735
legacy,1,b_N100_V4,7.376541965641081
legacy,1,b_N100_V4,7.419875008054078
legacy,1,b_N100_V4,7.361542084254324
legacy,1,b_N100_V4,7.436583982780576
legacy,1,b_N100_V4,7.416541920974851
legacy,1,b_N100_V4,7.41545797791332
legacy,1,b_N100_V4,7.360166986472905
legacy,1,b_N100_V4,7.419334026053548
legacy,1,b_N100_V4,7.424167008139193
legacy,1,b_N100_V4,7.374499924480915
legacy,1,b_N100_V4,7.430291967466474
legacy,1,b_N100_V4,7.42933398578316
legacy,1,b_N100_V4,7.389249978587031
legacy,1,b_N100_V4,7.437000051140785
legacy,1,b_N100_V4,7.4635830242186785
legacy,1,b_N100_V4,7.49029207509011
legacy,1,b_N100_V4,7.40574998781085
legacy,1,b_N100_V4,7.465667091310024
legacy,1,b_N100_V4,7.43095891084522
legacy,1,b_N100_V4,7.476958096958697
legacy,1,b_N100_V4,7.503166911192238
legacy,1,b_N100_V4,7.486124988645315
legacy,1,b_N100_V4,7.439291919581592
legacy,1,b_N100_V4,7.414208026602864
legacy,1,b_N100_V4,7.3755839839577675
legacy,1,b_N100_V4,7.454292033798993
legacy,1,b_N100_V4,7.478625047951937
legacy,1,b_N100_V4,7.417750079184771
legacy,1,b_N100_V4,7.3966250056400895
legacy,1,b_N100_V4,7.362458040006459
legacy,1,b_N100_V4,7.370291976258159
legacy,1,b_N100_V4,7.3763750260695815
legacy,1,b_N100_V4,7.393208099529147
legacy,1,b_N100_V4,7.423541974276304
legacy,1,b_N100_V4,7.420209003612399
legacy,1,b_N100_V4,7.400917005725205
legacy,1,b_N100_V4,7.872999995015562
legacy,1,b_N100_V4,7.146458025090396
legacy,1,b_N100_V4,7.395459106191993
legacy,1,b_N100_V4,7.160583045333624
legacy,1,b_N100_V4,7.152667036280036
legacy,1,b_N100_V4,7.143666967749596
legacy,1,b_N100_V4,7.071082945913076
legacy,1,b_N100_V4,7.067458936944604
legacy,1,b_N100_V4,7.078166934661567
legacy,1,b_N100_V4,7.103915908373892
legacy,1,b_N100_V4,8.317542029544711
legacy,1,b_N100_V4,8.579208981245756
legacy,1,b_N100_V4,9.183082962408662
legacy,1,b_N100_V4,9.022332960739732
legacy,1,b_N100_V4,9.276584023609757
legacy,1,b_N100_V4,9.214958059601486
legacy,1,b_N100_V4,9.262333041988313
legacy,1,b_N100_V4,9.042208082973957
legacy,1,b_N100_V4,8.940999978221953
legacy,1,b_N100_V4,8.9261659886688
legacy,1,b_N100_V4,8.827249985188246
legacy,1,b_N100_V4,9.194541024044156
legacy,1,b_N100_V4,9.047083090990782
legacy,1,b_N100_V4,7.608792046085
legacy,1,b_N100_V4,8.669583010487258
legacy,1,b_N100_V4,8.124874904751778
legacy,1,b_N100_V4,7.064917008392513
legacy,1,b_N100_V4,7.047625025734305
legacy,1,b_N100_V4,7.068707956932485
legacy,1,b_N100_V4,7.289667031727731
legacy,1,b_N100_V4,7.034500013105571
legacy,1,b_N100_V4,7.059457944706082
legacy,1,b_N100_V4,7.076459005475044
legacy,1,b_N100_V4,7.11433298420161
legacy,1,b_N100_V4,7.034250069409609
legacy,1,b_N100_V4,6.949833012185991
legacy,1,b_N100_V4,6.97850005235523
legacy,1,b_N100_V4,7.033500005491078
legacy,1,b_N100_V4,6.998208933509886
legacy,1,b_N100_V4,6.9532080087810755
legacy,1,b_N100_V4,7.170874974690378
legacy,1,b_N100_V4,7.063833996653557
legacy,1,b_N100_V4,7.022665929980576
legacy,1,b_N100_V4,7.029041997157037
legacy,1,b_N100_V4,7.003708044067025
legacy,1,b_N100_V4,6.922499975189567
legacy,1,b_N100_V4,6.9434590404853225
legacy,1,b_N100_V4,7.009541033767164
legacy,1,b_N100_V4,6.921916035935283
legacy,1,b_N100_V4,6.977667100727558
legacy,1,b_N100_V4,6.919708102941513
legacy,1,b_N100_V4,6.924416986294091
legacy,1,b_N100_V4,7.074332912452519
legacy,1,b_N100_V4,7.021666970103979
legacy,1,b_N100_V4,6.938499980606139
legacy,1,b_N100_V4,7.081166957505047
legacy,1,b_N100_V4,8.441917016170919
legacy,1,b_N100_V4,7.1056250017136335
legacy,1,b_N100_V4,7.014457951299846
legacy,1,b_N100_V4,6.991084082983434
legacy,1,b_N100_V4,8.276040898635983
legacy,1,b_N100_V4,8.59137496445328
legacy,1,b_N100_V4,8.272708975709975
legacy,1,b_N100_V4,7.511749980039895
legacy,1,b_N100_V4,7.489167037419975
legacy,1,b_N100_V4,7.40204204339534
legacy,1,b_N100_V4,7.506040972657502
legacy,1,b_N100_V4,9.996209060773253
legacy,1,b_N100_V4,8.935417048633099
legacy,1,b_N100_V4,7.918750052340329
legacy,1,b_N100_V4,7.440207991749048
legacy,1,b_N100_V4,8.062500040978193
legacy,1,b_N100_V4,7.821875042282045
legacy,1,b_N100_V4,7.6670420821756124
legacy,1,b_N100_V4,7.57283391430974
legacy,1,b_N100_V4,7.408999954350293
legacy,1,b_N100_V4,7.304166909307241
legacy,1,b_N100_V4,7.385791977867484
legacy,1,b_N100_V4,7.370166014879942
legacy,1,b_N100_V4,7.286416948772967
legacy,1,b_N100_V4,7.314666989259422
legacy,1,b_N100_V4,7.306208019144833
legacy,1,b_N100_V4,7.324708043597639
legacy,1,b_N100_V4,7.303292048163712
legacy,1,b_N100_V4,7.31133297085762
legacy,1,b_N100_V4,7.291375077329576
legacy,1,b_N100_V4,7.305875071324408
legacy,1,b_N100_V4,7.2928330628201365
legacy,1,b_N100_V4,7.266083033755422
legacy,1,b_N100_V4,7.354250061325729
legacy,1,b_N100_V4,7.318416028283536
legacy,1,b_N100_V4,7.393957930617034
legacy,1,b_N100_V4,7.281582918949425
legacy,1,b_N100_V4,7.272999966517091
legacy,1,b_N100_V4,7.270833011716604
legacy,1,b_N100_V4,7.260542013682425
legacy,1,b_N100_V4,7.273999974131584
legacy,1,b_N100_V4,7.25716701708734
legacy,1,b_N100_V4,7.274209056049585
legacy,1,b_N100_V4,7.397082983516157
legacy,1,b_N100_V4,7.268666056916118
legacy,1,b_N100_V4,7.287207990884781
legacy,1,b_N100_V4,7.306458079256117
legacy,1,b_N100_V4,7.3171250987797976
legacy,1,b_N100_V4,7.272499962709844
legacy,1,b_N100_V4,7.2728750528767705
legacy,1,b_N100_V4,7.285707979463041
legacy,1,b_N100_V4,7.24595901556313
legacy,1,b_N100_V4,7.296082912944257
legacy,1,b_N100_V4,7.225292036309838
legacy,1,b_N100_V4,7.237834041006863
legacy,1,b_N100_V4,7.248290930874646
legacy,1,b_N100_V4,7.231542025692761
legacy,1,b_N100_V4,7.289999979548156
legacy,1,b_N100_V4,7.31283298227936
legacy,1,b_N100_V4,7.284000050276518
legacy,1,b_N100_V4,7.239375030621886
legacy,1,b_N100_V4,7.263584062457085
legacy,1,b_N100_V4,7.27945810649544
legacy,1,b_N100_V4,7.308041909709573
legacy,1,b_N100_V4,7.76816694997251
legacy,1,b_N100_V4,6.990083027631044
legacy,1,b_N100_V4,6.989834015257657
legacy,1,b_N100_V4,6.9636659463867545
legacy,1,b_N100_V4,6.942042033188045
legacy,1,b_N100_V4,6.937541998922825
legacy,1,b_N100_V4,6.911374977789819
legacy,1,b_N100_V4,6.940792081877589
legacy,1,b_N100_V4,6.964000058360398
legacy,1,b_N100_V4,7.012416026555002
legacy,1,b_N100_V4,6.928708055056632
legacy,1,b_N100_V4,6.935584009625018
legacy,1,b_N100_V4,6.938333041034639
legacy,1,b_N100_V4,6.896457984112203
legacy,1,b_N100_V4,6.8652089685201645
legacy,1,b_N100_V4,6.939165992662311
legacy,1,b_N100_V4,6.913583027198911
legacy,1,b_N100_V4,6.902709021233022
legacy,1,b_N100_V4,6.897207931615412
legacy,1,b_N100_V4,6.879750057123601
legacy,1,b_N100_V4,6.8942500511184335
legacy,1,b_N100_V4,6.889790995046496
legacy,1,b_N100_V4,6.905000074766576
legacy,1,b_N100_V4,6.91516709048301
legacy,1,b_N100_V4,6.863333052024245
legacy,1,b_N100_V4,6.89833308570087
legacy,1,b_N100_V4,6.89379102550447
legacy,1,b_N100_V4,6.869916105642915
legacy,1,b_N100_V4,7.27304199244827
legacy,1,b_N100_V4,6.946624955162406
legacy,1,b_N100_V4,6.960958009585738
legacy,1,b_N100_V4,6.912666955031455
legacy,1,b_N100_V4,6.931958952918649
legacy,1,b_N100_V4,6.927624926902354
legacy,1,b_N100_V4,6.929125054739416
legacy,1,b_N100_V4,6.894999998621643
legacy,1,b_N100_V4,6.862999987788498
legacy,1,b_N100_V4,6.875250022858381
legacy,1,b_N100_V4,6.91212504170835
legacy,1,b_N100_V4,7.012791000306606
legacy,1,b_N100_V4,6.88258302398026
legacy,1,b_N100_V4,6.879583932459354
legacy,1,b_N100_V4,7.666957913897932
legacy,1,b_N100_V4,7.0287499111145735
legacy,1,b_N100_V4,6.936167017556727
legacy,1,b_N100_V4,6.956540979444981
legacy,1,b_N100_V4,7.442082976922393
legacy,1,b_N100_V4,6.909708958119154
legacy,1,b_N100_V4,6.911125034093857
legacy,1,b_N100_V4,7.416166947223246
legacy,1,b_N100_V4,7.048166007734835
legacy,1,b_N100_V4,6.993583054281771
legacy,1,b_N100_V4,6.996707990765572
legacy,1,b_N100_V4,6.949750008061528
legacy,1,b_N100_V4,6.9076670333743095
legacy,1,b_N100_V4,6.938749924302101
legacy,1,b_N100_V4,6.953542004339397
legacy,1,b_N100_V4,6.94704195484519
legacy,1,b_N100_V4,6.9492500042542815
legacy,1,b_N100_V4,7.0252500008791685
legacy,1,b_N100_V4,8.127375040203333
legacy,1,b_N100_V4,7.419582922011614
legacy,1,b_N100_V4,7.339834002777934
legacy,1,b_N100_V4,7.3509999783709645
legacy,1,b_N100_V4,7.3061250150203705
legacy,1,b_N100_V4,7.2934579802677035
legacy,1,b_N100_V4,7.317000068724155
legacy,1,b_N100_V4,7.291042013093829
legacy,1,b_N100_V4,7.247917004860938
legacy,1,b_N100_V4,7.264999905601144
legacy,1,b_N100_V4,7.871665991842747
legacy,1,b_N100_V4,7.461666013114154
legacy,1,b_N100_V4,7.371041923761368
legacy,1,b_N100_V4,7.368791964836419
legacy,1,b_N100_V4,7.431083009578288
legacy,1,b_N100_V4,7.359166978858411
legacy,1,b_N100_V4,7.29716697242111
legacy,1,b_N100_V4,7.335750036872923
legacy,1,b_N100_V4,7.349833962507546
legacy,1,b_N100_V4,7.379584014415741
legacy,1,b_N100_V4,7.373917032964528
legacy,1,b_N100_V4,7.4263750575482845
legacy,1,b_N100_V4,7.355874986387789
legacy,1,b_N100_V4,7.3680420173332095
legacy,1,b_N100_V4,7.30779196601361
legacy,1,b_N100_V4,7.209000061266124
legacy,1,b_N100_V4,7.332082954235375
legacy,1,b_N100_V4,7.289542001672089
legacy,1,b_N100_V4,7.352042011916637
legacy,1,b_N100_V4,7.303291000425816
legacy,1,b_N100_V4,7.301209028810263
legacy,1,b_N100_V4,7.338959025219083
legacy,1,b_N100_V4,7.365749916061759
legacy,1,b_N100_V4,7.4060410261154175
legacy,1,b_N100_V4,7.3481249855831265
legacy,1,b_N100_V4,7.3665829841047525
legacy,1,b_N100_V4,7.37045903224498
legacy,1,b_N100_V4,7.368875085376203
legacy,1,b_N100_V4,7.378624984994531
legacy,1,b_N100_V4,7.329791900701821
legacy,1,b_N100_V4,7.500250008888543
legacy,1,b_N100_V4,7.483083056285977
legacy,1,b_N100_V4,7.419124944135547
legacy,1,b_N100_V4,7.4111249996349216
legacy,1,b_N100_V4,7.379499962553382
legacy,1,b_N100_V4,7.403749972581863
legacy,1,b_N100_V4,7.404500036500394
legacy,1,b_N100_V4,7.321916986256838
legacy,1,b_N100_V4,7.715709041804075
legacy,1,b_N100_V4,7.549250032752752
legacy,1,b_N100_V4,7.425750023685396
legacy,1,b_N100_V4,7.4168749852105975
legacy,1,b_N100_V4,7.373917032964528
legacy,1,b_N100_V4,7.3789170710369945
legacy,1,b_N100_V4,7.357333088293672
legacy,1,b_N100_V4,7.398292073048651
legacy,1,b_N100_V4,7.404582924209535
legacy,1,b_N100_V4,7.3860419215634465
legacy,1,b_N100_V4,7.4277089443057775
legacy,1,b_N100_V4,7.369041093625128
legacy,1,b_N100_V4,7.785665919072926
legacy,1,b_N100_V4,7.070916006341577
legacy,1,b_N100_V4,7.102874922566116
legacy,1,b_N100_V4,7.10150005761534
legacy,1,b_N100_V4,7.102874922566116
legacy,1,b_N100_V4,7.045999984256923
legacy,1,b_N100_V4,7.004874991253018
legacy,1,b_N100_V4,6.941749947145581
legacy,1,b_N100_V4,7.040624972432852
legacy,1,b_N100_V4,7.01133394613862
legacy,1,b_N100_V4,7.097749970853329
legacy,1,b_N100_V4,6.94220804143697
legacy,1,b_N100_V4,7.008709013462067
legacy,1,b_N100_V4,7.045042002573609
legacy,1,b_N100_V4,7.0122090401127934
legacy,1,b_N100_V4,6.947249989025295
legacy,1,b_N100_V4,6.97083305567503
legacy,1,b_N100_V4,6.969249923713505
legacy,1,b_N100_V4,6.928957998752594
legacy,1,b_N100_V4,6.995374918915331
legacy,1,b_N100_V4,7.026041974313557
legacy,1,b_N100_V4,6.8991659209132195
legacy,1,b_N100_V4,7.110707927495241
legacy,1,b_N100_V4,7.014125003479421
legacy,1,b_N100_V4,7.701582973822951
legacy,1,b_N100_V4,7.192332996055484
legacy,1,b_N100_V4,7.025875034742057
legacy,1,b_N100_V4,7.242833962664008
legacy,1,b_N100_V4,7.047374965623021
legacy,1,b_N100_V4,7.801084080711007
legacy,1,b_N100_V4,7.119166082702577
legacy,1,b_N100_V4,7.053999928757548
legacy,1,b_N100_V4,7.115833926945925
legacy,1,b_N100_V4,7.061665994115174
legacy,1,b_N100_V4,7.070207968354225
legacy,1,b_N100_V4,7.076999987475574
legacy,1,b_N100_V4,7.069457904435694
legacy,1,b_N100_V4,7.044708007015288
legacy,1,b_N100_V4,7.092499989084899
legacy,1,b_N100_V4,7.049625040963292
legacy,1,b_N100_V4,7.239333004690707
legacy,1,b_N100_V4,7.000999990850687
legacy,1,b_N100_V4,7.032332941889763
legacy,1,b_N100_V4,7.039124961011112
legacy,1,b_N100_V4,7.030750042758882
legacy,1,b_N100_V4,6.933166063390672
legacy,1,b_N100_V4,7.008249987848103
legacy,1,b_N100_V4,6.976958946324885
legacy,1,b_N100_V4,7.028250023722649
legacy,1,b_N100_V4,6.971708033233881
legacy,1,b_N100_V4,7.028624997474253
legacy,1,b_N100_V4,6.947082933038473
legacy,1,b_N100_V4,7.020832970738411
legacy,1,b_N100_V4,7.581291953101754
legacy,1,b_N100_V4,7.077459013089538
legacy,1,b_N100_V4,6.974125048145652
legacy,1,b_N100_V4,7.049791980534792
legacy,1,b_N100_V4,7.001208956353366
legacy,1,b_N100_V4,6.998750031925738
legacy,1,b_N100_V4,7.012833026237786
legacy,1,b_N100_V4,8.338541025295854
legacy,1,b_N100_V4,7.405624957755208
legacy,1,b_N100_V4,7.4715840164572
legacy,1,b_N100_V4,7.454207981936634
legacy,1,b_N100_V4,7.371667074039578
legacy,1,b_N100_V4,7.348167011514306
legacy,1,b_N100_V4,7.514125085435808
legacy,1,b_N100_V4,7.49400001950562
legacy,1,b_N100_V4,7.389458944089711
legacy,1,b_N100_V4,7.420457899570465
legacy,1,b_N100_V4,7.548499968834221
legacy,1,b_N100_V4,7.401749957352877
legacy,1,b_N100_V4,7.489708950743079
legacy,1,b_N100_V4,7.322542020119727
legacy,1,b_N100_V4,7.498124963603914
legacy,1,b_N100_V4,7.368082995526493
legacy,1,b_N100_V4,7.467000046744943
legacy,1,b_N100_V4,7.424292038194835
legacy,1,b_N100_V4,7.498541031964123
legacy,1,b_N100_V4,7.305082981474698
legacy,1,b_N100_V4,7.412209059111774
legacy,1,b_N100_V4,7.333375047892332
legacy,1,b_N100_V4,7.432250073179603
legacy,1,b_N100_V4,7.43062503170222
legacy,1,b_N100_V4,7.469791918992996
legacy,1,b_N100_V4,7.816250086762011
legacy,1,b_N100_V4,7.4186249403283
legacy,1,b_N100_V4,7.3027919279411435
legacy,1,b_N100_V4,7.4208329897373915
legacy,1,b_N100_V4,7.448041928000748
legacy,1,b_N100_V4,7.3590000392869115
legacy,1,b_N100_V4,7.355583016760647
legacy,1,b_N100_V4,7.475374964997172
legacy,1,b_N100_V4,7.40274996496737
legacy,1,b_N100_V4,7.4487499659881
legacy,1,b_N100_V4,7.311000023037195
legacy,1,b_N100_V4,7.450375007465482
legacy,1,b_N100_V4,7.310291985049844
legacy,1,b_N100_V4,7.423790986649692
legacy,1,b_N100_V4,7.443916983902454
legacy,1,b_N100_V4,7.534332922659814
legacy,1,b_N100_V4,7.3328339494764805
legacy,1,b_N100_V4,7.285290979780257
legacy,1,b_N100_V4,7.37116695381701
legacy,1,b_N100_V4,7.404541946016252
legacy,1,b_N100_V4,7.268332992680371
legacy,1,b_N100_V4,7.3035419918596745
legacy,1,b_N100_V4,7.2691249661147594
legacy,1,b_N100_V4,7.312542060390115
legacy,1,b_N100_V4,7.299042074009776
legacy,1,b_N100_V4,7.349624997004867
legacy,1,b_N100_V4,7.278458098880947
legacy,1,b_N100_V4,7.314208894968033
legacy,1,b_N100_V4,7.375208893790841
legacy,1,b_N100_V4,7.339625037275255
legacy,1,b_N100_V4,7.430707919411361
legacy,1,b_N100_V4,7.770791999064386
legacy,1,b_N100_V4,7.358124945312738
legacy,1,b_N100_V4,7.288667024113238
legacy,1,b_N100_V4,7.384290918707848
legacy,1,b_N100_V4,7.819000049494207
legacy,1,b_N100_V4,7.028750027529895
legacy,1,b_N100_V4,6.976042059250176
legacy,1,b_N100_V4,7.005500025115907
legacy,1,b_N100_V4,6.958291050978005
legacy,1,b_N100_V4,6.941083003766835
legacy,1,b_N100_V4,7.001458085142076
legacy,1,b_N100_V4,7.0437079994007945
legacy,1,b_N100_V4,7.01641698833555
legacy,1,b_N100_V4,6.9952079793438315
legacy,1,b_N100_V4,7.045749924145639
legacy,1,b_N100_V4,7.064540986903012
legacy,1,b_N100_V4,7.041082950308919
legacy,1,b_N100_V4,6.99437502771616
legacy,1,b_N100_V4,7.007042062468827
legacy,1,b_N100_V4,6.944958004169166
legacy,1,b_N100_V4,7.050791988149285
legacy,1,b_N100_V4,7.040207972750068
legacy,1,b_N100_V4,6.960667087696493
legacy,1,b_N100_V4,7.280500023625791
legacy,1,b_N100_V4,7.066250080242753
legacy,1,b_N100_V4,6.970125017687678
legacy,1,b_N100_V4,6.927625043317676
legacy,1,b_N100_V4,7.021125056780875
legacy,1,b_N100_V4,7.025957922451198
legacy,1,b_N100_V4,6.9506249856203794
legacy,1,b_N100_V4,6.884083966724575
legacy,1,b_N100_V4,6.91745791118592
legacy,1,b_N100_V4,7.0563750341534615
legacy,1,b_N100_V4,7.0578750455752015
legacy,1,b_N100_V4,6.928666029125452
legacy,1,b_N100_V4,6.948083057068288
legacy,1,b_N100_V4,7.6702500227838755
legacy,1,b_N100_V4,6.955375079996884
legacy,1,b_N100_V4,7.068666978739202
legacy,1,b_N100_V4,6.919917068444192
legacy,1,b_N100_V4,7.057624985463917
legacy,1,b_N100_V4,6.867874995805323
legacy,1,b_N100_V4,7.051374996080995
legacy,1,b_N100_V4,7.049166946671903
legacy,1,b_N100_V4,7.132124970667064
legacy,1,b_N100_V4,6.869375007227063
legacy,1,b_N100_V4,6.972625036723912
legacy,1,b_N100_V4,7.009457913227379
legacy,1,b_N100_V4,7.032874971628189
legacy,1,b_N100_V4,7.039292016997933
legacy,1,b_N100_V4,6.943374988622963
legacy,1,b_N100_V4,6.973832962103188
legacy,1,b_N100_V4,6.93716702517122
legacy,1,b_N100_V4,6.951458053663373
legacy,1,b_N100_V4,7.029375061392784
legacy,1,b_N100_V4,6.899792002514005
legacy,1,b_N100_V4,7.039583055302501
legacy,1,b_N100_V4,6.881791981868446
legacy,1,b_N100_V4,7.049749954603612
legacy,1,b_N100_V4,7.03079195227474
legacy,1,b_N100_V4,7.007000036537647
legacy,1,b_N100_V4,6.994082941673696
legacy,1,b_N100_V4,7.1913329884409904
legacy,1,b_N100_V4,7.065291982144117
legacy,1,b_N100_V4,8.138290955685079
legacy,1,b_N100_V4,7.385375094600022
legacy,1,b_N100_V4,7.360000046901405
legacy,1,b_N100_V4,7.314415997825563
legacy,1,b_N100_V4,7.313333102501929
legacy,1,b_N100_V4,7.3082499438896775
legacy,1,b_N100_V4,7.325333077460527
legacy,1,b_N100_V4,7.254875032231212
legacy,1,b_N100_V4,7.330875028856099
legacy,1,b_N100_V4,7.2688329964876175
legacy,1,b_N100_V4,7.432083948515356
legacy,1,b_N100_V4,7.751583005301654
legacy,1,b_N100_V4,7.349957944825292
legacy,1,b_N100_V4,7.310249959118664
legacy,1,b_N100_V4,7.298917043954134
legacy,1,b_N100_V4,7.266458007507026
legacy,1,b_N100_V4,7.308167056180537
legacy,1,b_N100_V4,7.265000022016466
legacy,1,b_N100_V4,7.23512505646795
legacy,1,b_N100_V4,7.309375097975135
legacy,1,b_N100_V4,7.282375008799136
legacy,1,b_N100_V4,7.285250001586974
legacy,1,b_N100_V4,7.301707984879613
legacy,1,b_N100_V4,7.377624977380037
legacy,1,b_N100_V4,7.29358394164592
legacy,1,b_N100_V4,7.92945793364197
legacy,1,b_N100_V4,7.239250000566244
legacy,1,b_N100_V4,7.25937495008111
legacy,1,b_N100_V4,7.240082952193916
legacy,1,b_N100_V4,7.243292056955397
legacy,1,b_N100_V4,7.290792069397867
legacy,1,b_N100_V4,7.235208060592413
legacy,1,b_N100_V4,7.224834058433771
legacy,1,b_N100_V4,7.24950002040714
legacy,1,b_N100_V4,7.2857920313254
legacy,1,b_N100_V4,7.257999968715012
legacy,1,b_N100_V4,7.248625042848289
legacy,1,b_N100_V4,7.2564579313620925
legacy,1,b_N100_V4,7.302291924133897
legacy,1,b_N100_V4,7.22145801410079
legacy,1,b_N100_V4,7.331458036787808
legacy,1,b_N100_V4,7.249959046021104
legacy,1,b_N100_V4,7.252249983139336
legacy,1,b_N100_V4,7.223833003081381
legacy,1,b_N100_V4,7.225000066682696
legacy,1,b_N100_V4,7.264000014401972
legacy,1,b_N100_V4,7.208249997347593
legacy,1,b_N100_V4,7.305542007088661
legacy,1,b_N100_V4,7.259499980136752
legacy,1,b_N100_V4,7.270125090144575
legacy,1,b_N100_V4,7.240291102789342
legacy,1,b_N100_V4,7.320583099499345
legacy,1,b_N100_V4,7.2812080616131425
legacy,1,b_N100_V4,7.297334028407931
legacy,1,b_N100_V4,7.218290935270488
legacy,1,b_N100_V4,7.233707932755351
legacy,1,b_N100_V4,7.238541962578893
legacy,1,b_N100_V4,7.244249922223389
legacy,1,b_N100_V4,7.242750027216971
legacy,1,b_N100_V4,7.22762499935925
legacy,1,b_N100_V4,7.758959080092609
legacy,1,b_N100_V4,6.977917044423521
legacy,1,b_N100_V4,6.98629196267575
legacy,1,b_N100_V4,6.969708018004894
legacy,1,b_N100_V4,6.960000027902424
legacy,1,b_N100_V4,6.908582989126444
legacy,1,b_N100_V4,6.92349998280406
legacy,1,b_N100_V4,6.9651249796152115
legacy,1,b_N100_V4,6.924541085027158
legacy,1,b_N100_V4,6.913082906976342
legacy,1,b_N100_V4,7.6344580156728625
legacy,1,b_N100_V4,7.137125008739531
legacy,1,b_N100_V4,6.979499943554401
legacy,1,b_N100_V4,6.949667003937066
legacy,1,b_N100_V4,6.949333008378744
legacy,1,b_N100_V4,6.977709010243416
legacy,1,b_N100_V4,6.90462498459965
legacy,1,b_N100_V4,6.926791975274682
legacy,1,b_N100_V4,6.952584022656083
legacy,1,b_N100_V4,6.879292079247534
legacy,1,b_N100_V4,6.944083026610315
legacy,1,b_N100_V4,6.91599992569536
legacy,1,b_N100_V4,7.010166998952627
legacy,1,b_N100_V4,6.9651249796152115
legacy,1,b_N100_V4,6.928458926267922
legacy,1,b_N100_V4,6.919999956153333
legacy,1,b_N100_V4,6.901249988004565
legacy,1,b_N100_V4,6.928874994628131
legacy,1,b_N100_V4,6.903833942487836
legacy,1,b_N100_V4,6.892499979585409
legacy,1,b_N100_V4,7.447334006428719
legacy,1,b_N100_V4,7.0657499600201845
legacy,1,b_N100_V4,7.013916969299316
legacy,1,b_N100_V4,6.956333993002772
legacy,1,b_N100_V4,7.022083038464189
legacy,1,b_N100_V4,6.982541992329061
legacy,1,b_N100_V4,6.948874914087355
legacy,1,b_N100_V4,7.025667000561953
legacy,1,b_N100_V4,6.958624930121005
legacy,1,b_N100_V4,6.919833947904408
legacy,1,b_N100_V4,6.970625021494925
legacy,1,b_N100_V4,6.992499926127493
legacy,1,b_N100_V4,6.943542044609785
legacy,1,b_N100_V4,6.935250014066696
legacy,1,b_N100_V4,6.936082965694368
legacy,1,b_N100_V4,6.907499977387488
legacy,1,b_N100_V4,6.989208050072193
legacy,1,b_N100_V4,6.903541972860694
legacy,1,b_N100_V4,6.895500002428889
legacy,1,b_N100_V4,6.946209003217518
legacy,1,b_N100_V4,6.925208959728479
legacy,1,b_N100_V4,7.022166973911226
legacy,1,b_N100_V4,6.928083952516317
legacy,1,b_N100_V4,6.932457908987999
legacy,1,b_N100_V4,6.942165899090469
legacy,1,b_N100_V4,6.941874977201223
legacy,1,b_N100_V4,6.896000006236136
legacy,1,b_N100_V4,6.87354092951864
legacy,1,b_N100_V4,6.896457984112203
legacy,1,b_N100_V4,6.958542042411864
legacy,1,b_N100_V4,8.215832989662886
legacy,1,b_N100_V4,7.427459000609815
legacy,1,b_N100_V4,7.464583031833172
legacy,1,b_N100_V4,7.375541958026588
legacy,1,b_N100_V4,7.3926670011132956
legacy,1,b_N100_V4,7.881416007876396
legacy,1,b_N100_V4,7.4184580007568
legacy,1,b_N100_V4,7.366832927800715
legacy,1,b_N100_V4,7.4052499840036035
legacy,1,b_N100_V4,7.3296669870615005
legacy,1,b_N100_V4,7.374582928605378
legacy,1,b_N100_V4,7.407333003357053
legacy,1,b_N100_V4,7.374417036771774
legacy,1,b_N100_V4,7.392375031486154
legacy,1,b_N100_V4,7.396416971459985
legacy,1,b_N100_V4,7.324792095459998
legacy,1,b_N100_V4,7.334000081755221
legacy,1,b_N100_V4,7.330000051297247
legacy,1,b_N100_V4,7.375874905847013
legacy,1,b_N100_V4,7.289333967491984
legacy,1,b_N100_V4,7.335499976761639
legacy,1,b_N100_V4,7.357749971561134
legacy,1,b_N100_V4,7.299083983525634
legacy,1,b_N100_V4,7.41041696164757
legacy,1,b_N100_V4,7.3420420521870255
legacy,1,b_N100_V4,7.344749988988042
legacy,1,b_N100_V4,7.382667041383684
legacy,1,b_N100_V4,7.366833044216037
legacy,1,b_N100_V4,7.36487505491823
legacy,1,b_N100_V4,7.313249981962144
legacy,1,b_N100_V4,7.368875085376203
legacy,1,b_N100_V4,7.330666063353419
legacy,1,b_N100_V4,7.35345808789134
legacy,1,b_N100_V4,7.283124956302345
legacy,1,b_N100_V4,7.33958394266665
legacy,1,b_N100_V4,7.38908292260021
legacy,1,b_N100_V4,7.359083974733949
legacy,1,b_N100_V4,7.387708988972008
legacy,1,b_N100_V4,7.371417013928294
legacy,1,b_N100_V4,7.3090840596705675
legacy,1,b_N100_V4,7.330666994675994
legacy,1,b_N100_V4,7.41341698449105
legacy,1,b_N100_V4,7.353959023021162
legacy,1,b_N100_V4,7.356334012001753
legacy,1,b_N100_V4,7.410667021758854
legacy,1,b_N100_V4,7.356584072113037
legacy,1,b_N100_V4,7.352417102083564
legacy,1,b_N100_V4,7.361625088378787
legacy,1,b_N100_V4,7.381708943285048
legacy,1,b_N100_V4,7.330624968744814
legacy,1,b_N100_V4,7.424582960084081
legacy,1,b_N100_V4,7.3212499264627695
legacy,1,b_N100_V4,7.296041934750974
legacy,1,b_N100_V4,7.356832968071103
legacy,1,b_N100_V4,7.37045903224498
legacy,1,b_N100_V4,7.292874972335994
legacy,1,b_N100_V4,7.316875038668513
legacy,1,b_N100_V4,7.317958050407469
legacy,1,b_N100_V4,7.341208984144032
legacy,1,b_N100_V4,7.355500012636185
legacy,1,b_N100_V4,7.86429108120501
legacy,1,b_N100_V4,7.123874966055155
legacy,1,b_N100_V4,7.152332924306393
legacy,1,b_N100_V4,7.053833920508623
legacy,1,b_N100_V4,7.085875025950372
legacy,1,b_N100_V4,7.043041987344623
legacy,1,b_N100_V4,7.062999997287989
legacy,1,b_N100_V4,7.011624984443188
legacy,1,b_N100_V4,7.112749968655407
legacy,1,b_N100_V4,7.055875030346215
legacy,1,b_N100_V4,6.943000014871359
legacy,1,b_N100_V4,7.046875078231096
legacy,1,b_N100_V4,7.097374997101724
legacy,1,b_N100_V4,7.019792101345956
legacy,1,b_N100_V4,7.033125031739473
legacy,1,b_N100_V4,7.004457991570234
legacy,1,b_N100_V4,7.0622500497847795
legacy,1,b_N100_V4,7.277457974851131
legacy,1,b_N100_V4,7.502791937440634
legacy,1,b_N100_V4,7.4384999461472034
legacy,1,b_N100_V4,7.09641701541841
legacy,1,b_N100_V4,7.021875004284084
legacy,1,b_N100_V4,7.02091702260077
legacy,1,b_N100_V4,7.001625024713576
legacy,1,b_N100_V4,7.0483749732375145
legacy,1,b_N100_V4,6.988749955780804
legacy,1,b_N100_V4,7.0004170993343
legacy,1,b_N100_V4,7.036583032459021
legacy,1,b_N100_V4,6.968582980334759
legacy,1,b_N100_V4,6.980333011597395
legacy,1,b_N100_V4,7.051666965708137
legacy,1,b_N100_V4,7.013375055976212
legacy,1,b_N100_V4,7.0157499285414815
legacy,1,b_N100_V4,6.991292000748217
legacy,1,b_N100_V4,7.058208924718201
legacy,1,b_N100_V4,7.026582956314087
legacy,1,b_N100_V4,7.028582971543074
legacy,1,b_N100_V4,6.998833967372775
legacy,1,b_N100_V4,7.037249975837767
legacy,1,b_N100_V4,6.9891250459477305
legacy,1,b_N100_V4,6.918500061146915
legacy,1,b_N100_V4,7.124583004042506
legacy,1,b_N100_V4,7.02895806171
legacy,1,b_N100_V4,6.973792100325227
legacy,1,b_N100_V4,6.963708088733256
legacy,1,b_N100_V4,6.9874589098617435
legacy,1,b_N100_V4,6.997416960075498
legacy,1,b_N100_V4,7.0066669723019
legacy,1,b_N100_V4,7.03879096545279
legacy,1,b_N100_V4,7.035208982415497
legacy,1,b_N100_V4,7.012124988250434
legacy,1,b_N100_V4,6.993666989728808
legacy,1,b_N100_V4,6.980083999224007
legacy,1,b_N100_V4,6.9919159868732095
legacy,1,b_N100_V4,7.004500017501414
legacy,1,b_N100_V4,6.954916985705495
legacy,1,b_N100_V4,7.0168329402804375
legacy,1,b_N100_V4,6.998041993938386
legacy,1,b_N100_V4,6.9789590779691935
legacy,1,b_N100_V4,6.980917067267001
legacy,1,b_N100_V4,8.193582994863391
legacy,1,b_N100_V4,7.421125075779855
legacy,1,b_N100_V4,7.516584009863436
legacy,1,b_N100_V4,7.420792011544108
legacy,1,b_N100_V4,7.3647500248625875
legacy,1,b_N100_V4,7.395042106509209
legacy,1,b_N100_V4,7.293458911590278
legacy,1,b_N100_V4,7.396333967335522
legacy,1,b_N100_V4,7.317707990296185
legacy,1,b_N100_V4,7.3321249801665545
legacy,1,b_N100_V4,7.328875013627112
legacy,1,b_N100_V4,7.557166973128915
legacy,1,b_N100_V4,7.7047080267220736
legacy,1,b_N100_V4,7.362667005509138
legacy,1,b_N100_V4,7.335333037190139
legacy,1,b_N100_V4,7.371334009803832
legacy,1,b_N100_V4,7.329375017434359
legacy,1,b_N100_V4,7.334624999202788
legacy,1,b_N100_V4,7.370708044618368
legacy,1,b_N100_V4,7.356542046181858
legacy,1,b_N100_V4,7.3224169900640845
legacy,1,b_N100_V4,7.310666958801448
legacy,1,b_N100_V4,7.377458969131112
legacy,1,b_N100_V4,7.363832904957235
legacy,1,b_N100_V4,7.310291985049844
legacy,1,b_N100_V4,7.3459160048514605
legacy,1,b_N100_V4,7.335667032748461
legacy,1,b_N100_V4,7.298083044588566
legacy,1,b_N100_V4,7.347834063693881
legacy,1,b_N100_V4,7.312583038583398
legacy,1,b_N100_V4,7.278834003955126
legacy,1,b_N100_V4,7.291459012776613
legacy,1,b_N100_V4,7.297417032532394
legacy,1,b_N100_V4,7.317207986488938
legacy,1,b_N100_V4,7.316792034544051
legacy,1,b_N100_V4,7.313292007893324
legacy,1,b_N100_V4,7.299624965526164
legacy,1,b_N100_V4,7.317833951674402
legacy,1,b_N100_V4,7.369249942712486
legacy,1,b_N100_V4,7.233124924823642
legacy,1,b_N100_V4,7.3610839899629354
legacy,1,b_N100_V4,7.418541936203837
legacy,1,b_N100_V4,7.300209021195769
legacy,1,b_N100_V4,7.419708999805152
legacy,1,b_N100_V4,7.317833020351827
legacy,1,b_N100_V4,7.301292032934725
legacy,1,b_N100_V4,7.320082979276776
legacy,1,b_N100_V4,7.4309579795226455
legacy,1,b_N100_V4,7.32808408793062
legacy,1,b_N100_V4,7.361000054515898
legacy,1,b_N100_V4,7.395458058454096
legacy,1,b_N100_V4,7.384458906017244
legacy,1,b_N100_V4,7.391374907456338
legacy,1,b_N100_V4,7.3766669956967235
legacy,1,b_N100_V4,7.35512503888458
legacy,1,b_N100_V4,8.119874983094633
legacy,1,b_N100_V4,7.622540928423405
legacy,1,b_N100_V4,7.5132090132683516
legacy,1,b_N100_V4,7.548499968834221
legacy,1,b_N100_V4,7.495832978747785
legacy,1,b_N100_V4,8.008374948985875
legacy,1,b_N100_V4,7.115707965567708
legacy,1,b_N100_V4,7.1704169968143106
legacy,1,b_N100_V4,7.083417032845318
legacy,1,b_N100_V4,7.0744170807302
legacy,1,b_N100_V4,7.0281249936670065
legacy,1,b_N100_V4,7.095957989804447
legacy,1,b_N100_V4,6.968457950279117
legacy,1,b_N100_V4,7.040458964183927
legacy,1,b_N100_V4,7.038124953396618
legacy,1,b_N100_V4,7.054082932882011
legacy,1,b_N100_V4,6.976541015319526
legacy,1,b_N100_V4,7.122125010937452
legacy,1,b_N100_V4,7.001459016464651
legacy,1,b_N100_V4,7.197625003755093
legacy,1,b_N100_V4,7.043750025331974
legacy,1,b_N100_V4,7.059833034873009
legacy,1,b_N100_V4,7.028709049336612
legacy,1,b_N100_V4,6.966291926801205
legacy,1,b_N100_V4,7.002208032645285
legacy,1,b_N100_V4,7.016708957962692
legacy,1,b_N100_V4,7.002457976341248
legacy,1,b_N100_V4,7.066291989758611
legacy,1,b_N100_V4,7.062999997287989
legacy,1,b_N100_V4,7.0577909937128425
legacy,1,b_N100_V4,6.9944169372320175
legacy,1,b_N100_V4,6.961875013075769
legacy,1,b_N100_V4,6.96945795789361
legacy,1,b_N100_V4,6.963292020373046
legacy,1,b_N100_V4,6.958834012039006
legacy,1,b_N100_V4,6.979834055528045
legacy,1,b_N100_V4,7.000082987360656
legacy,1,b_N100_V4,7.001709076575935
legacy,1,b_N100_V4,6.977250101044774
legacy,1,b_N100_V4,7.0552920224145055
legacy,1,b_N100_V4,6.946209003217518
legacy,1,b_N100_V4,6.946166977286339
legacy,1,b_N100_V4,6.940999999642372
legacy,1,b_N100_V4,6.991583970375359
legacy,1,b_N100_V4,7.028333027847111
legacy,1,b_N100_V4,6.998832919634879
legacy,1,b_N100_V4,6.990542053245008
legacy,1,b_N100_V4,7.114166975952685
legacy,1,b_N100_V4,6.958332960493863
legacy,1,b_N100_V4,7.001625024713576
legacy,1,b_N100_V4,6.947208079509437
legacy,1,b_N100_V4,7.26320908870548
legacy,1,b_N100_V4,6.971542024984956
legacy,1,b_N100_V4,6.923042004927993
legacy,1,b_N100_V4,6.938292062841356
legacy,1,b_N100_V4,7.002333994023502
legacy,1,b_N100_V4,6.952708004973829
legacy,1,b_N100_V4,6.974457995966077
legacy,1,b_N100_V4,6.991624948568642
legacy,1,b_N100_V4,7.027957937680185
legacy,1,b_N100_V4,6.9657500134781
legacy,1,b_N100_V4,6.967667024582624
legacy,1,b_N100_V4,6.949333008378744
legacy,1,b_N100_V4,6.957417004741728
legacy,1,b_N100_V4,6.933249998837709
legacy,1,b_N100_V4,8.191209053620696
legacy,1,b_N100_V4,7.425833027809858
legacy,1,b_N100_V4,7.438000058755279
legacy,1,b_N100_V4,7.479541003704071
legacy,1,b_N100_V4,7.451500045135617
legacy,1,b_N100_V4,7.370749954134226
legacy,1,b_N100_V4,7.3315000627189875
legacy,1,b_N100_V4,7.329416926950216
legacy,1,b_N100_V4,7.410791935399175
legacy,1,b_N100_V4,7.35529197845608
legacy,1,b_N100_V4,7.390666985884309
legacy,1,b_N100_V4,7.340583950281143
legacy,1,b_N100_V4,7.430915953591466
legacy,1,b_N100_V4,7.335708010941744
legacy,1,b_N100_V4,7.414542022161186
legacy,1,b_N100_V4,7.460915949195623
legacy,1,b_N100_V4,7.382416981272399
legacy,1,b_N100_V4,7.337459013797343
legacy,1,b_N100_V4,7.5410830322653055
legacy,1,b_N100_V4,7.327500032261014
legacy,1,b_N100_V4,7.3393749771639705
legacy,1,b_N100_V4,7.312541012652218
legacy,1,b_N100_V4,7.292291964404285
legacy,1,b_N100_V4,7.3324159020558
legacy,1,b_N100_V4,7.3853329522535205
legacy,1,b_N100_V4,7.3455419624224305
legacy,1,b_N100_V4,7.317250012420118
legacy,1,b_N100_V4,7.333874935284257
legacy,1,b_N100_V4,7.434000028297305
legacy,1,b_N100_V4,7.363207987509668
legacy,1,b_N100_V4,7.404000032693148
legacy,1,b_N100_V4,7.3376670479774475
legacy,1,b_N100_V4,7.323292084038258
legacy,1,b_N100_V4,7.325167069211602
legacy,1,b_N100_V4,7.3680420173332095
legacy,1,b_N100_V4,7.303708931431174
legacy,1,b_N100_V4,7.330541033297777
legacy,1,b_N100_V4,7.320042001083493
legacy,1,b_N100_V4,7.2992920177057385
legacy,1,b_N100_V4,7.311415974982083
legacy,1,b_N100_V4,7.345458026975393
legacy,1,b_N100_V4,7.320999982766807
legacy,1,b_N100_V4,7.423250004649162
legacy,1,b_N100_V4,7.316916948184371
legacy,1,b_N100_V4,7.402167073450983
legacy,1,b_N100_V4,7.355415960773826
legacy,1,b_N100_V4,7.31899996753782
legacy,1,b_N100_V4,7.311708992347121
legacy,1,b_N100_V4,7.330458029173315
legacy,1,b_N100_V4,7.319333031773567
legacy,1,b_N100_V4,7.757249986752868
legacy,1,b_N100_V4,7.3558330768719316
legacy,1,b_N100_V4,7.381249917671084
legacy,1,b_N100_V4,7.354374974966049
legacy,1,b_N100_V4,7.4027079390361905
legacy,1,b_N100_V4,7.349624997004867
legacy,1,b_N100_V4,7.293959031812847
legacy,1,b_N100_V4,7.323457975871861
legacy,1,b_N100_V4,7.305333041585982
legacy,1,b_N100_V4,7.350292056798935
legacy,1,b_N100_V4,7.886334089562297
legacy,1,b_N100_V4,7.1795000694692135
legacy,1,b_N100_V4,7.136333966627717
legacy,1,b_N100_V4,7.122208015061915
legacy,1,b_N100_V4,7.089541992172599
legacy,1,b_N100_V4,7.084375014528632
legacy,1,b_N100_V4,7.326541934162378
legacy,1,b_N100_V4,7.095291977748275
legacy,1,b_N100_V4,7.070166990160942
legacy,1,b_N100_V4,6.970625021494925
legacy,1,b_N100_V4,6.98166701477021
legacy,1,b_N100_V4,7.029041997157037
legacy,1,b_N100_V4,7.099209004081786
legacy,1,b_N100_V4,7.016040966846049
legacy,1,b_N100_V4,7.0720420917496085
legacy,1,b_N100_V4,7.039333111606538
legacy,1,b_N100_V4,6.975125055760145
legacy,1,b_N100_V4,7.031249930150807
legacy,1,b_N100_V4,6.9625419564545155
legacy,1,b_N100_V4,7.013749913312495
legacy,1,b_N100_V4,7.011792040430009
legacy,1,b_N100_V4,7.355417008511722
legacy,1,b_N100_V4,7.33191694598645
legacy,1,b_N100_V4,7.0212919963523746
legacy,1,b_N100_V4,7.003749953582883
legacy,1,b_N100_V4,7.016542018391192
legacy,1,b_N100_V4,6.959667080081999
legacy,1,b_N100_V4,7.04633304849267
legacy,1,b_N100_V4,6.996792042627931
legacy,1,b_N100_V4,7.082584081217647
legacy,1,b_N100_V4,7.052958942949772
legacy,1,b_N100_V4,7.043667021207511
legacy,1,b_N100_V4,6.976666976697743
legacy,1,b_N100_V4,7.028125110082328
legacy,1,b_N100_V4,7.01475003734231
legacy,1,b_N100_V4,7.055416936054826
legacy,1,b_N100_V4,7.037875009700656
legacy,1,b_N100_V4,7.078167051076889
legacy,1,b_N100_V4,7.0752090541645885
legacy,1,b_N100_V4,7.057041977532208
legacy,1,b_N100_V4,7.05400004517287
legacy,1,b_N100_V4,7.0711669977754354
legacy,1,b_N100_V4,7.129624951630831
legacy,1,b_N100_V4,7.165375049225986
legacy,1,b_N100_V4,6.995417061261833
legacy,1,b_N100_V4,7.129583042114973
legacy,1,b_N100_V4,7.042541052214801
legacy,1,b_N100_V4,7.04649998806417
legacy,1,b_N100_V4,7.05100002232939
legacy,1,b_N100_V4,7.112124934792519
legacy,1,b_N100_V4,6.9744589272886515
legacy,1,b_N100_V4,7.047249935567379
legacy,1,b_N100_V4,8.088832953944802
legacy,1,b_N100_V4,7.8885420225560665
legacy,1,b_N100_V4,7.501875050365925
legacy,1,b_N100_V4,7.357208989560604
legacy,1,b_N100_V4,7.144166971556842
legacy,1,b_N100_V4,7.073833025060594
legacy,1,b_N100_V4,7.058583083562553
legacy,1,b_N100_V4,7.072084001265466
legacy,1,b_N100_V4,8.283125003799796
legacy,1,b_N100_V4,7.65925005543977
legacy,1,b_N100_V4,7.575458963401616
legacy,1,b_N100_V4,7.564708008430898
legacy,1,b_N100_V4,7.475791964679956
legacy,1,b_N100_V4,7.611583918333054
legacy,1,b_N100_V4,7.474791957065463
legacy,1,b_N100_V4,7.596957962960005
legacy,1,b_N100_V4,7.4907500529661775
legacy,1,b_N100_V4,7.539249956607819
legacy,1,b_N100_V4,7.341459044255316
legacy,1,b_N100_V4,7.490209070965648
legacy,1,b_N100_V4,7.577709038741887
legacy,1,b_N100_V4,7.550792070105672
legacy,1,b_N100_V4,7.341125048696995
legacy,1,b_N100_V4,7.49233306851238
legacy,1,b_N100_V4,7.459458080120385
legacy,1,b_N100_V4,7.5044590048491955
legacy,1,b_N100_V4,7.420125068165362
legacy,1,b_N100_V4,7.490666932426393
legacy,1,b_N100_V4,7.396291941404343
legacy,1,b_N100_V4,7.533332915045321
legacy,1,b_N100_V4,7.527082925662398
legacy,1,b_N100_V4,7.519833976402879
legacy,1,b_N100_V4,7.4857090367004275
legacy,1,b_N100_V4,7.560041965916753
legacy,1,b_N100_V4,7.42783397436142
legacy,1,b_N100_V4,7.536999997682869
legacy,1,b_N100_V4,7.4772919761016965
legacy,1,b_N100_V4,7.504875073209405
legacy,1,b_N100_V4,7.355750072747469
legacy,1,b_N100_V4,7.481708074919879
legacy,1,b_N100_V4,7.361708907410502
legacy,1,b_N100_V4,7.428665994666517
legacy,1,b_N100_V4,7.4674999341368675
legacy,1,b_N100_V4,7.499375031329691
legacy,1,b_N100_V4,7.361582946032286
legacy,1,b_N100_V4,7.450666977092624
legacy,1,b_N100_V4,7.49250000808388
legacy,1,b_N100_V4,7.492791977711022
legacy,1,b_N100_V4,7.357458001933992
legacy,1,b_N100_V4,8.199959062039852
legacy,1,b_N100_V4,7.658167043700814
legacy,1,b_N100_V4,7.526749977841973
legacy,1,b_N100_V4,7.430457975715399
legacy,1,b_N100_V4,7.4936250457540154
legacy,1,b_N100_V4,7.334665977396071
legacy,1,b_N100_V4,7.4688749155029655
legacy,1,b_N100_V4,7.442333037033677
legacy,1,b_N100_V4,7.366791018284857
legacy,1,b_N100_V4,8.281041984446347
legacy,1,b_N100_V4,9.438082925044
legacy,1,b_N100_V4,9.105749893933535
legacy,1,b_N100_V4,7.871999987401068
legacy,1,b_N100_V4,7.73945904802531
legacy,1,b_N100_V4,7.671333034522831
legacy,1,b_N100_V4,7.514917058870196
legacy,1,b_N100_V4,7.687333971261978
legacy,1,b_N100_V4,7.5552500784397125
legacy,1,b_N100_V4,7.86966597661376
legacy,1,b_N100_V4,7.909541018307209
legacy,1,b_N100_V4,7.2590840281918645
legacy,1,b_N100_V4,7.1266250452026725
legacy,1,b_N100_V4,7.226542104035616
legacy,1,b_N100_V4,7.081667077727616
legacy,1,b_N100_V4,6.9912089966237545
legacy,1,b_N100_V4,7.692417013458908
legacy,1,b_N100_V4,7.80049990862608
legacy,1,b_N100_V4,7.517957943491638
legacy,1,b_N100_V4,7.20574997831136
legacy,1,b_N100_V4,7.225582958199084
legacy,1,b_N100_V4,7.122499984689057
legacy,1,b_N100_V4,7.082917029038072
legacy,1,b_N100_V4,7.145832991227508
legacy,1,b_N100_V4,7.15362501796335
legacy,1,b_N100_V4,7.171042030677199
legacy,1,b_N100_V4,7.0835420629009604
legacy,1,b_N100_V4,7.132417056709528
legacy,1,b_N100_V4,6.981583079323173
legacy,1,b_N100_V4,7.170625030994415
legacy,1,b_N100_V4,7.026084000244737
legacy,1,b_N100_V4,7.127499906346202
legacy,1,b_N100_V4,7.039541960693896
legacy,1,b_N100_V4,7.0698750205338
legacy,1,b_N100_V4,7.131999940611422
legacy,1,b_N100_V4,7.542749983258545
legacy,1,b_N100_V4,7.213499979116023
legacy,1,b_N100_V4,7.1595830377191305
legacy,1,b_N100_V4,7.074792054481804
legacy,1,b_N100_V4,7.117583998478949
legacy,1,b_N100_V4,7.062582997605205
legacy,1,b_N100_V4,7.15045805554837
legacy,1,b_N100_V4,7.095916080288589
legacy,1,b_N100_V4,7.161875022575259
legacy,1,b_N100_V4,7.002957980148494
legacy,1,b_N100_V4,7.098458940163255
legacy,1,b_N100_V4,7.053999928757548
legacy,1,b_N100_V4,7.091082981787622
legacy,1,b_N100_V4,7.075833971612155
legacy,1,b_N100_V4,7.063332945108414
legacy,1,b_N100_V4,6.959291989915073
legacy,1,b_N100_V4,7.184959016740322
legacy,1,b_N100_V4,7.233207928948104
legacy,1,b_N100_V4,7.162624970078468
legacy,1,b_N100_V4,6.950875045731664
legacy,1,b_N100_V4,7.117707980796695
legacy,1,b_N100_V4,7.088458049111068
legacy,1,b_N100_V4,7.110209087841213
legacy,1,b_N100_V4,7.100417045876384
legacy,1,b_N100_V4,7.104833028279245
legacy,1,b_N100_V4,6.9580830167979
legacy,1,b_N100_V4,7.1642500115558505
legacy,1,b_N100_V4,8.027917006984353
legacy,1,b_N100_V4,8.253749925643206
legacy,1,b_N100_V4,8.399999933317304
legacy,1,b_N100_V4,7.883624988608062
legacy,1,b_N100_V4,7.320042001083493
legacy,1,b_N100_V4,7.338874973356724
legacy,1,b_N100_V4,7.2182080475613475
legacy,1,b_N100_V4,7.731041987426579
legacy,1,b_N100_V4,8.301542024128139
legacy,1,b_N100_V4,7.55979202222079
legacy,1,b_N100_V4,7.460459019057453
legacy,1,b_N100_V4,7.465332979336381
legacy,1,b_N100_V4,7.38316704519093
legacy,1,b_N100_V4,7.3626660741865635
legacy,1,b_N100_V4,7.389458012767136
legacy,1,b_N100_V4,7.38837500102818
legacy,1,b_N100_V4,7.415749947540462
legacy,1,b_N100_V4,7.375083048827946
legacy,1,b_N100_V4,7.353708031587303
legacy,1,b_N100_V4,7.349250023253262
legacy,1,b_N100_V4,7.471374934539199
legacy,1,b_N100_V4,7.3683749651536345
legacy,1,b_N100_V4,7.3579170275479555
legacy,1,b_N100_V4,7.326290942728519
legacy,1,b_N100_V4,7.339832955040038
legacy,1,b_N100_V4,7.3674590094015
legacy,1,b_N100_V4,7.321625016629696
legacy,1,b_N100_V4,7.336667040362954
legacy,1,b_N100_V4,7.312917034141719
legacy,1,b_N100_V4,7.274125004187226
legacy,1,b_N100_V4,7.2464169934391975
legacy,1,b_N100_V4,7.28466606233269
legacy,1,b_N100_V4,7.312500034458935
legacy,1,b_N100_V4,7.334124995395541
legacy,1,b_N100_V4,7.2680419543758035
legacy,1,b_N100_V4,7.270040921866894
legacy,1,b_N100_V4,7.323249941691756
legacy,1,b_N100_V4,7.310374989174306
legacy,1,b_N100_V4,7.32258299831301
legacy,1,b_N100_V4,7.374917040579021
legacy,1,b_N100_V4,7.347124977968633
legacy,1,b_N100_V4,7.34291598200798
legacy,1,b_N100_V4,7.282124948687851
legacy,1,b_N100_V4,7.306582992896438
legacy,1,b_N100_V4,7.28412508033216
legacy,1,b_N100_V4,7.281333091668785
legacy,1,b_N100_V4,7.306416984647512
legacy,1,b_N100_V4,7.39004195202142
legacy,1,b_N100_V4,7.303083082661033
legacy,1,b_N100_V4,7.288124994374812
legacy,1,b_N100_V4,7.348833023570478
legacy,1,b_N100_V4,7.363250013440847
legacy,1,b_N100_V4,7.3813339695334435
legacy,1,b_N100_V4,7.308791973628104
legacy,1,b_N100_V4,7.3926670011132956
legacy,1,b_N100_V4,7.393834064714611
legacy,1,b_N100_V4,7.310749962925911
legacy,1,b_N100_V4,7.302250014618039
legacy,1,b_N100_V4,7.316875038668513
legacy,1,b_N100_V4,7.333458052016795
legacy,1,b_N100_V4,7.348750019446015
legacy,1,b_N100_V4,7.321833982132375
legacy,1,b_N100_V4,7.3357910150662065
legacy,1,b_N100_V4,7.316999952308834
legacy,1,b_N100_V4,7.346667000092566
legacy,1,b_N100_V4,7.294249953702092
legacy,1,b_N100_V4,7.276457967236638
legacy,1,b_N100_V4,7.2995839873328805
legacy,1,b_N100_V4,7.835792028345168
legacy,1,b_N100_V4,7.0430830819532275
legacy,1,b_N100_V4,7.0451670326292515
legacy,1,b_N100_V4,7.028582971543074
legacy,1,b_N100_V4,6.988042034208775
legacy,1,b_N100_V4,6.982375052757561
legacy,1,b_N100_V4,6.9622499868273735
legacy,1,b_N100_V4,6.955457967706025
legacy,1,b_N100_V4,6.971125025302172
legacy,1,b_N100_V4,6.985457963310182
legacy,1,b_N100_V4,6.931500043720007
legacy,1,b_N100_V4,6.916959071531892
legacy,1,b_N100_V4,6.90129108261317
legacy,1,b_N100_V4,6.964375032112002
legacy,1,b_N100_V4,6.943708984181285
legacy,1,b_N100_V4,6.9257080322131515
legacy,1,b_N100_V4,6.978375022299588
legacy,1,b_N100_V4,6.914583966135979
legacy,1,b_N100_V4,6.950541981495917
legacy,1,b_N100_V4,6.936624995432794
legacy,1,b_N100_V4,6.936375051736832
legacy,1,b_N100_V4,6.895708036608994
legacy,1,b_N100_V4,6.923708016984165
legacy,1,b_N100_V4,6.94387499243021
legacy,1,b_N100_V4,7.390915998257697
legacy,1,b_N100_V4,6.972000002861023
legacy,1,b_N100_V4,6.928459042683244
legacy,1,b_N100_V4,6.936458055861294
legacy,1,b_N100_V4,6.93104206584394
legacy,1,b_N100_V4,6.949667003937066
legacy,1,b_N100_V4,6.927416077814996
legacy,1,b_N100_V4,6.957541918382049
legacy,1,b_N100_V4,6.968250032514334
legacy,1,b_N100_V4,6.9318750174716115
legacy,1,b_N100_V4,6.902707973495126
legacy,1,b_N100_V4,6.892167031764984
legacy,1,b_N100_V4,6.917207967489958
legacy,1,b_N100_V4,6.900875014252961
legacy,1,b_N100_V4,6.919209030456841
legacy,1,b_N100_V4,6.870332988910377
legacy,1,b_N100_V4,6.933792028576136
legacy,1,b_N100_V4,6.90558401402086
legacy,1,b_N100_V4,6.898583029396832
legacy,1,b_N100_V4,6.9622499868273735
legacy,1,b_N100_V4,6.889125099405646
legacy,1,b_N100_V4,6.918791099451482
legacy,1,b_N100_V4,6.891625002026558
legacy,1,b_N100_V4,6.8862499902024865
legacy,1,b_N100_V4,6.86216598842293
legacy,1,b_N100_V4,6.935292039997876
legacy,1,b_N100_V4,6.9093749625608325
legacy,1,b_N100_V4,6.892625009641051
legacy,1,b_N100_V4,6.913917022757232
legacy,1,b_N100_V4,6.907584029249847
legacy,1,b_N100_V4,6.889541051350534
legacy,1,b_N100_V4,6.944750086404383
legacy,1,b_N100_V4,6.923334090970457
legacy,1,b_N100_V4,6.867708056233823
legacy,1,b_N100_V4,6.8765830947086215
legacy,1,b_N100_V4,6.890958989970386
legacy,1,b_N100_V4,8.21779202669859
legacy,1,b_N100_V4,7.466749986633658
legacy,1,b_N100_V4,7.416708976961672
legacy,1,b_N100_V4,7.412582985125482
legacy,1,b_N100_V4,7.408041972666979
legacy,1,b_N100_V4,7.379624992609024
legacy,1,b_N100_V4,8.033124962821603
legacy,1,b_N100_V4,7.547416957095265
legacy,1,b_N100_V4,7.380917086265981
legacy,1,b_N100_V4,8.15595907624811
legacy,1,b_N100_V4,7.480375003069639
legacy,1,b_N100_V4,7.516917074099183
legacy,1,b_N100_V4,7.4422500329092145
legacy,1,b_N100_V4,7.530750008299947
legacy,1,b_N100_V4,7.383374962955713
legacy,1,b_N100_V4,7.492083008401096
legacy,1,b_N100_V4,7.372541935183108
legacy,1,b_N100_V4,7.433583959937096
legacy,1,b_N100_V4,7.42666597943753
legacy,1,b_N100_V4,7.402332965284586
legacy,1,b_N100_V4,7.3872089851647615
legacy,1,b_N100_V4,7.41791701875627
legacy,1,b_N100_V4,7.4122080113738775
legacy,1,b_N100_V4,7.377583999186754
legacy,1,b_N100_V4,7.412416045553982
legacy,1,b_N100_V4,7.368291029706597
legacy,1,b_N100_V4,7.382084033451974
legacy,1,b_N100_V4,7.46075005736202
legacy,1,b_N100_V4,7.3730830335989594
legacy,1,b_N100_V4,7.445082999765873
legacy,1,b_N100_V4,7.419375004246831
legacy,1,b_N100_V4,7.412291946820915
legacy,1,b_N100_V4,7.386374985799193
legacy,1,b_N100_V4,7.393499952740967
legacy,1,b_N100_V4,7.362875039689243
legacy,1,b_N100_V4,7.364375051110983
legacy,1,b_N100_V4,7.378707989118993
legacy,1,b_N100_V4,7.3886249447241426
legacy,1,b_N100_V4,7.435209001414478
legacy,1,b_N100_V4,7.403374998830259
legacy,1,b_N100_V4,7.38375005312264
legacy,1,b_N100_V4,7.36262509599328
legacy,1,b_N100_V4,7.360417046584189
legacy,1,b_N100_V4,7.9479580745100975
legacy,1,b_N100_V4,7.551083923317492
legacy,1,b_N100_V4,7.636957918293774
legacy,1,b_N100_V4,7.488749921321869
legacy,1,b_N100_V4,7.34912499319762
legacy,1,b_N100_V4,7.386374985799193
legacy,1,b_N100_V4,7.383125019259751
legacy,1,b_N100_V4,7.37416697666049
legacy,1,b_N100_V4,7.36129202414304
legacy,1,b_N100_V4,7.349458057433367
legacy,1,b_N100_V4,7.387459045276046
legacy,1,b_N100_V4,7.3688330594450235
legacy,1,b_N100_V4,7.368957973085344
legacy,1,b_N100_V4,7.354917004704475
legacy,1,b_N100_V4,7.699917070567608
legacy,1,b_N100_V4,7.586833089590073
legacy,1,b_N100_V4,7.432249956764281
