tool,replicate,config,sub_ms
legacy,2,a_N100_V3+3D,5.961333052255213
legacy,2,a_N100_V3+3D,5.909124971367419
legacy,2,a_N100_V3+3D,5.193207995034754
legacy,2,a_N100_V3+3D,5.266290972940624
legacy,2,a_N100_V3+3D,5.155958002433181
legacy,2,a_N100_V3+3D,5.058166920207441
legacy,2,a_N100_V3+3D,5.2053340477868915
legacy,2,a_N100_V3+3D,5.003458936698735
legacy,2,a_N100_V3+3D,5.069124978035688
legacy,2,a_N100_V3+3D,5.05112495739013
legacy,2,a_N100_V3+3D,5.081624956801534
legacy,2,a_N100_V3+3D,5.009540938772261
legacy,2,a_N100_V3+3D,5.077083013020456
legacy,2,a_N100_V3+3D,4.9972920678555965
legacy,2,a_N100_V3+3D,5.058833048678935
legacy,2,a_N100_V3+3D,5.077333888038993
legacy,2,a_N100_V3+3D,5.0430839182808995
legacy,2,a_N100_V3+3D,5.034499918110669
legacy,2,a_N100_V3+3D,5.054541979916394
legacy,2,a_N100_V3+3D,5.03000000026077
legacy,2,a_N100_V3+3D,5.025915917940438
legacy,2,a_N100_V3+3D,5.0036669708788395
legacy,2,a_N100_V3+3D,5.036249989643693
legacy,2,a_N100_V3+3D,5.014249938540161
legacy,2,a_N100_V3+3D,5.013999994844198
legacy,2,a_N100_V3+3D,5.0119999796152115
legacy,2,a_N100_V3+3D,5.023667006753385
legacy,2,a_N100_V3+3D,5.022875033318996
legacy,2,a_N100_V3+3D,5.029540974646807
legacy,2,a_N100_V3+3D,5.010917084291577
legacy,2,a_N100_V3+3D,4.9276669742539525
legacy,2,a_N100_V3+3D,4.979999968782067
legacy,2,a_N100_V3+3D,5.020499927923083
legacy,2,a_N100_V3+3D,5.203292006626725
legacy,2,a_N100_V3+3D,5.0018749898299575
legacy,2,a_N100_V3+3D,4.979250021278858
legacy,2,a_N100_V3+3D,4.991666995920241
legacy,2,a_N100_V3+3D,4.946250002831221
legacy,2,a_N100_V3+3D,5.031125037930906
legacy,2,a_N100_V3+3D,4.9160829512402415
legacy,2,a_N100_V3+3D,4.995584022253752
legacy,2,a_N100_V3+3D,4.944166983477771
legacy,2,a_N100_V3+3D,4.974959068931639
legacy,2,a_N100_V3+3D,4.932375042699277
legacy,2,a_N100_V3+3D,4.941000021062791
legacy,2,a_N100_V3+3D,5.050874897278845
legacy,2,a_N100_V3+3D,5.033583962358534
legacy,2,a_N100_V3+3D,5.003291997127235
legacy,2,a_N100_V3+3D,4.999374970793724
legacy,2,a_N100_V3+3D,4.928249982185662
legacy,2,a_N100_V3+3D,4.951042006723583
legacy,2,a_N100_V3+3D,4.9403340090066195
legacy,2,a_N100_V3+3D,4.970917012542486
legacy,2,a_N100_V3+3D,4.958875011652708
legacy,2,a_N100_V3+3D,5.015832954086363
legacy,2,a_N100_V3+3D,5.35150000359863
legacy,2,a_N100_V3+3D,5.07379206828773
legacy,2,a_N100_V3+3D,4.949624999426305
legacy,2,a_N100_V3+3D,5.229333997704089
legacy,2,a_N100_V3+3D,4.95583307929337
legacy,2,a_N100_V3+3D,6.239374983124435
legacy,2,a_N100_V3+3D,5.581249948590994
legacy,2,a_N100_V3+3D,5.476625054143369
legacy,2,a_N100_V3+3D,5.571166984736919
legacy,2,a_N100_V3+3D,5.52983395755291
legacy,2,a_N100_V3+3D,5.315624992363155
legacy,2,a_N100_V3+3D,5.3877499885857105
legacy,2,a_N100_V3+3D,5.4818750359117985
legacy,2,a_N100_V3+3D,5.460166954435408
legacy,2,a_N100_V3+3D,5.47820795327425
legacy,2,a_N100_V3+3D,5.343000055290759
legacy,2,a_N100_V3+3D,5.311208078637719
legacy,2,a_N100_V3+3D,5.343375029042363
legacy,2,a_N100_V3+3D,5.4579590214416385
legacy,2,a_N100_V3+3D,5.435417057015002
legacy,2,a_N100_V3+3D,5.4847089340910316
legacy,2,a_N100_V3+3D,5.322541925124824
legacy,2,a_N100_V3+3D,5.468207993544638
legacy,2,a_N100_V3+3D,5.453250021673739
legacy,2,a_N100_V3+3D,5.460917018353939
legacy,2,a_N100_V3+3D,5.372875020839274
legacy,2,a_N100_V3+3D,5.432417034171522
legacy,2,a_N100_V3+3D,5.306208971887827
legacy,2,a_N100_V3+3D,5.436041974462569
legacy,2,a_N100_V3+3D,5.446291994303465
legacy,2,a_N100_V3+3D,5.446084076538682
legacy,2,a_N100_V3+3D,5.415583029389381
legacy,2,a_N100_V3+3D,5.418000044301152
legacy,2,a_N100_V3+3D,5.313875037245452
legacy,2,a_N100_V3+3D,5.418458022177219
legacy,2,a_N100_V3+3D,5.404750001616776
legacy,2,a_N100_V3+3D,5.436333944089711
legacy,2,a_N100_V3+3D,5.320416996255517
legacy,2,a_N100_V3+3D,5.454584024846554
legacy,2,a_N100_V3+3D,5.458416999317706
legacy,2,a_N100_V3+3D,5.45779091771692
legacy,2,a_N100_V3+3D,5.44441700913012
legacy,2,a_N100_V3+3D,5.420124973170459
legacy,2,a_N100_V3+3D,5.320415948517621
legacy,2,a_N100_V3+3D,5.43841696344316
legacy,2,a_N100_V3+3D,5.37191703915596
legacy,2,a_N100_V3+3D,5.448249983601272
legacy,2,a_N100_V3+3D,5.39804098661989
legacy,2,a_N100_V3+3D,5.399459041655064
legacy,2,a_N100_V3+3D,5.3504579700529575
legacy,2,a_N100_V3+3D,5.3934999741613865
legacy,2,a_N100_V3+3D,5.381916998885572
legacy,2,a_N100_V3+3D,5.4655419662594795
legacy,2,a_N100_V3+3D,5.249749985523522
legacy,2,a_N100_V3+3D,5.924709024839103
legacy,2,a_N100_V3+3D,5.929207894951105
legacy,2,a_N100_V3+3D,6.12737494520843
legacy,2,a_N100_V3+3D,5.551417008973658
legacy,2,a_N100_V3+3D,5.638333037495613
legacy,2,a_N100_V3+3D,5.607582977972925
legacy,2,a_N100_V3+3D,5.844042054377496
legacy,2,a_N100_V3+3D,5.528417066670954
legacy,2,a_N100_V3+3D,5.618790979497135
legacy,2,a_N100_V3+3D,5.552917020395398
legacy,2,a_N100_V3+3D,5.50924998242408
legacy,2,a_N100_V3+3D,5.773582961410284
legacy,2,a_N100_V3+3D,5.092874984256923
legacy,2,a_N100_V3+3D,5.167583003640175
legacy,2,a_N100_V3+3D,5.130542092956603
legacy,2,a_N100_V3+3D,5.061333999037743
legacy,2,a_N100_V3+3D,5.008082953281701
legacy,2,a_N100_V3+3D,4.974416922777891
legacy,2,a_N100_V3+3D,5.004541948437691
legacy,2,a_N100_V3+3D,5.003541940823197
legacy,2,a_N100_V3+3D,4.968833993189037
legacy,2,a_N100_V3+3D,4.937208956107497
legacy,2,a_N100_V3+3D,4.955374985001981
legacy,2,a_N100_V3+3D,4.995124996639788
legacy,2,a_N100_V3+3D,5.028916988521814
legacy,2,a_N100_V3+3D,4.983291961252689
legacy,2,a_N100_V3+3D,5.0250840140506625
legacy,2,a_N100_V3+3D,5.00145903788507
legacy,2,a_N100_V3+3D,4.977916949428618
legacy,2,a_N100_V3+3D,4.961291910149157
legacy,2,a_N100_V3+3D,4.937999998219311
legacy,2,a_N100_V3+3D,5.025833030231297
legacy,2,a_N100_V3+3D,4.977708915248513
legacy,2,a_N100_V3+3D,5.574958981014788
legacy,2,a_N100_V3+3D,5.292999907396734
legacy,2,a_N100_V3+3D,5.120374960824847
legacy,2,a_N100_V3+3D,5.077334004454315
legacy,2,a_N100_V3+3D,5.158332991413772
legacy,2,a_N100_V3+3D,5.065249977633357
legacy,2,a_N100_V3+3D,5.040041985921562
legacy,2,a_N100_V3+3D,5.04125002771616
legacy,2,a_N100_V3+3D,5.0131670432165265
legacy,2,a_N100_V3+3D,5.001834011636674
legacy,2,a_N100_V3+3D,5.056624999269843
legacy,2,a_N100_V3+3D,5.067458958365023
legacy,2,a_N100_V3+3D,5.035000038333237
legacy,2,a_N100_V3+3D,5.0018749898299575
legacy,2,a_N100_V3+3D,5.0112089375033975
legacy,2,a_N100_V3+3D,4.965041996911168
legacy,2,a_N100_V3+3D,5.249165929853916
legacy,2,a_N100_V3+3D,5.005958955734968
legacy,2,a_N100_V3+3D,5.02554199192673
legacy,2,a_N100_V3+3D,5.0076249754056334
legacy,2,a_N100_V3+3D,5.028333980590105
legacy,2,a_N100_V3+3D,4.994833958335221
legacy,2,a_N100_V3+3D,5.085333017632365
legacy,2,a_N100_V3+3D,4.996709059923887
legacy,2,a_N100_V3+3D,4.999457974918187
legacy,2,a_N100_V3+3D,5.033291992731392
legacy,2,a_N100_V3+3D,4.999874974600971
legacy,2,a_N100_V3+3D,5.398750072345138
legacy,2,a_N100_V3+3D,5.075832945294678
legacy,2,a_N100_V3+3D,4.993084003217518
legacy,2,a_N100_V3+3D,5.022750003263354
legacy,2,a_N100_V3+3D,5.023167002946138
legacy,2,a_N100_V3+3D,5.477834027260542
legacy,2,a_N100_V3+3D,5.136291962116957
legacy,2,a_N100_V3+3D,5.102667026221752
legacy,2,a_N100_V3+3D,5.304291960783303
legacy,2,a_N100_V3+3D,5.104459007270634
legacy,2,a_N100_V3+3D,5.06312504876405
legacy,2,a_N100_V3+3D,6.147040985524654
legacy,2,a_N100_V3+3D,5.582917015999556
legacy,2,a_N100_V3+3D,5.6547499261796474
legacy,2,a_N100_V3+3D,5.490749957971275
legacy,2,a_N100_V3+3D,5.503707914613187
legacy,2,a_N100_V3+3D,5.40383392944932
legacy,2,a_N100_V3+3D,5.506457993760705
legacy,2,a_N100_V3+3D,5.4948750184848905
legacy,2,a_N100_V3+3D,5.500041996128857
legacy,2,a_N100_V3+3D,5.440499982796609
legacy,2,a_N100_V3+3D,5.502208019606769
legacy,2,a_N100_V3+3D,5.402166047133505
legacy,2,a_N100_V3+3D,5.344541044905782
legacy,2,a_N100_V3+3D,5.308042047545314
legacy,2,a_N100_V3+3D,5.4392090532928705
legacy,2,a_N100_V3+3D,5.465042078867555
legacy,2,a_N100_V3+3D,5.445625050924718
legacy,2,a_N100_V3+3D,5.37204195279628
legacy,2,a_N100_V3+3D,5.449375021271408
legacy,2,a_N100_V3+3D,5.4438329534605145
legacy,2,a_N100_V3+3D,5.428583943285048
legacy,2,a_N100_V3+3D,5.3967919666320086
legacy,2,a_N100_V3+3D,5.455832928419113
legacy,2,a_N100_V3+3D,5.3149169543758035
legacy,2,a_N100_V3+3D,5.402624956332147
legacy,2,a_N100_V3+3D,5.448749987408519
legacy,2,a_N100_V3+3D,5.4877090733498335
legacy,2,a_N100_V3+3D,5.3421249613165855
legacy,2,a_N100_V3+3D,5.47750003170222
legacy,2,a_N100_V3+3D,5.4116660030558705
legacy,2,a_N100_V3+3D,5.438958061859012
legacy,2,a_N100_V3+3D,5.461292108520865
legacy,2,a_N100_V3+3D,5.484249908477068
legacy,2,a_N100_V3+3D,5.311707966029644
legacy,2,a_N100_V3+3D,5.444332957267761
legacy,2,a_N100_V3+3D,5.462124943733215
legacy,2,a_N100_V3+3D,5.490000010468066
legacy,2,a_N100_V3+3D,5.431291996501386
legacy,2,a_N100_V3+3D,5.4449590388685465
legacy,2,a_N100_V3+3D,5.32566593028605
legacy,2,a_N100_V3+3D,5.4015000350773335
legacy,2,a_N100_V3+3D,5.472999997437
legacy,2,a_N100_V3+3D,5.422665970399976
legacy,2,a_N100_V3+3D,5.301708937622607
legacy,2,a_N100_V3+3D,5.969792022369802
legacy,2,a_N100_V3+3D,5.499624996446073
legacy,2,a_N100_V3+3D,5.506915971636772
legacy,2,a_N100_V3+3D,5.525499931536615
legacy,2,a_N100_V3+3D,5.3202910348773
legacy,2,a_N100_V3+3D,5.33729197923094
legacy,2,a_N100_V3+3D,5.468374933116138
legacy,2,a_N100_V3+3D,5.471625016070902
legacy,2,a_N100_V3+3D,5.451458040624857
legacy,2,a_N100_V3+3D,5.349584040232003
legacy,2,a_N100_V3+3D,5.458457977510989
legacy,2,a_N100_V3+3D,5.429374985396862
legacy,2,a_N100_V3+3D,5.460374988615513
legacy,2,a_N100_V3+3D,5.531957955099642
legacy,2,a_N100_V3+3D,5.439582979306579
legacy,2,a_N100_V3+3D,5.350833060219884
legacy,2,a_N100_V3+3D,5.801582941785455
legacy,2,a_N100_V3+3D,5.103458999656141
legacy,2,a_N100_V3+3D,5.220207967795432
legacy,2,a_N100_V3+3D,5.042582983151078
legacy,2,a_N100_V3+3D,5.012125009670854
legacy,2,a_N100_V3+3D,5.009041982702911
legacy,2,a_N100_V3+3D,5.01283397898078
legacy,2,a_N100_V3+3D,5.057708942331374
legacy,2,a_N100_V3+3D,4.970124922692776
legacy,2,a_N100_V3+3D,4.998874966986477
legacy,2,a_N100_V3+3D,4.99708391726017
legacy,2,a_N100_V3+3D,4.985583014786243
legacy,2,a_N100_V3+3D,4.957541939802468
legacy,2,a_N100_V3+3D,5.112917046062648
legacy,2,a_N100_V3+3D,4.9634999595582485
legacy,2,a_N100_V3+3D,5.0018749898299575
legacy,2,a_N100_V3+3D,4.975500050932169
legacy,2,a_N100_V3+3D,5.032125045545399
legacy,2,a_N100_V3+3D,4.937792080454528
legacy,2,a_N100_V3+3D,4.906209069304168
legacy,2,a_N100_V3+3D,5.160708096809685
legacy,2,a_N100_V3+3D,5.726458039134741
legacy,2,a_N100_V3+3D,5.620208918116987
legacy,2,a_N100_V3+3D,5.124625051394105
legacy,2,a_N100_V3+3D,4.972749971784651
legacy,2,a_N100_V3+3D,4.999500000849366
legacy,2,a_N100_V3+3D,5.003165919333696
legacy,2,a_N100_V3+3D,4.972166963852942
legacy,2,a_N100_V3+3D,4.9660420045256615
legacy,2,a_N100_V3+3D,5.803916952572763
legacy,2,a_N100_V3+3D,5.170249962247908
legacy,2,a_N100_V3+3D,5.0882090581581
legacy,2,a_N100_V3+3D,5.099124973639846
legacy,2,a_N100_V3+3D,5.044916993938386
legacy,2,a_N100_V3+3D,5.028209066949785
legacy,2,a_N100_V3+3D,5.022708093747497
legacy,2,a_N100_V3+3D,5.037916940636933
legacy,2,a_N100_V3+3D,5.025166901759803
legacy,2,a_N100_V3+3D,4.977957927621901
legacy,2,a_N100_V3+3D,4.969166941009462
legacy,2,a_N100_V3+3D,4.9747920129448175
legacy,2,a_N100_V3+3D,4.95520792901516
legacy,2,a_N100_V3+3D,4.986583953723311
legacy,2,a_N100_V3+3D,4.977167001925409
legacy,2,a_N100_V3+3D,4.988207947462797
legacy,2,a_N100_V3+3D,4.96533396653831
legacy,2,a_N100_V3+3D,4.966250038705766
legacy,2,a_N100_V3+3D,4.983667051419616
legacy,2,a_N100_V3+3D,4.993500071577728
legacy,2,a_N100_V3+3D,5.012750043533742
legacy,2,a_N100_V3+3D,4.994292045012116
legacy,2,a_N100_V3+3D,4.957083961926401
legacy,2,a_N100_V3+3D,4.960541031323373
legacy,2,a_N100_V3+3D,4.993584007024765
legacy,2,a_N100_V3+3D,4.958709003403783
legacy,2,a_N100_V3+3D,4.9525839276611805
legacy,2,a_N100_V3+3D,4.957541939802468
legacy,2,a_N100_V3+3D,5.247708992101252
legacy,2,a_N100_V3+3D,4.971332964487374
legacy,2,a_N100_V3+3D,4.984332947060466
legacy,2,a_N100_V3+3D,6.082625011913478
legacy,2,a_N100_V3+3D,5.4215420968830585
legacy,2,a_N100_V3+3D,5.545124993659556
legacy,2,a_N100_V3+3D,5.361083894968033
legacy,2,a_N100_V3+3D,5.333083914592862
legacy,2,a_N100_V3+3D,5.300041986629367
legacy,2,a_N100_V3+3D,5.307417013682425
legacy,2,a_N100_V3+3D,5.358041962608695
legacy,2,a_N100_V3+3D,5.310165928676724
legacy,2,a_N100_V3+3D,5.309332977049053
legacy,2,a_N100_V3+3D,5.301082972437143
legacy,2,a_N100_V3+3D,5.2882080199196935
legacy,2,a_N100_V3+3D,5.330082960426807
legacy,2,a_N100_V3+3D,5.332875065505505
legacy,2,a_N100_V3+3D,5.355542059987783
legacy,2,a_N100_V3+3D,5.371625069528818
legacy,2,a_N100_V3+3D,5.3396670846268535
legacy,2,a_N100_V3+3D,5.337833077646792
legacy,2,a_N100_V3+3D,5.349583923816681
legacy,2,a_N100_V3+3D,5.982333910651505
legacy,2,a_N100_V3+3D,5.31841698102653
legacy,2,a_N100_V3+3D,5.318125011399388
legacy,2,a_N100_V3+3D,5.308583960868418
legacy,2,a_N100_V3+3D,5.306707927957177
legacy,2,a_N100_V3+3D,5.296792020089924
legacy,2,a_N100_V3+3D,5.303250043652952
legacy,2,a_N100_V3+3D,5.3255000384524465
legacy,2,a_N100_V3+3D,5.313624977134168
legacy,2,a_N100_V3+3D,5.326917045749724
legacy,2,a_N100_V3+3D,5.676875007338822
legacy,2,a_N100_V3+3D,5.339500028640032
legacy,2,a_N100_V3+3D,5.488167051225901
legacy,2,a_N100_V3+3D,5.502375075593591
legacy,2,a_N100_V3+3D,5.324958940036595
legacy,2,a_N100_V3+3D,5.312666995450854
legacy,2,a_N100_V3+3D,5.321207921952009
legacy,2,a_N100_V3+3D,5.329499952495098
legacy,2,a_N100_V3+3D,5.308417021296918
legacy,2,a_N100_V3+3D,5.260540987364948
legacy,2,a_N100_V3+3D,5.279292003251612
legacy,2,a_N100_V3+3D,5.287499981932342
legacy,2,a_N100_V3+3D,5.361624993383884
legacy,2,a_N100_V3+3D,5.277374992147088
legacy,2,a_N100_V3+3D,5.262417020276189
legacy,2,a_N100_V3+3D,5.279708071611822
legacy,2,a_N100_V3+3D,5.264459061436355
legacy,2,a_N100_V3+3D,5.289959022775292
legacy,2,a_N100_V3+3D,5.312583060003817
legacy,2,a_N100_V3+3D,5.268291919492185
legacy,2,a_N100_V3+3D,5.289666005410254
legacy,2,a_N100_V3+3D,5.283000064082444
legacy,2,a_N100_V3+3D,5.332959000952542
legacy,2,a_N100_V3+3D,5.303374957293272
legacy,2,a_N100_V3+3D,5.308500025421381
legacy,2,a_N100_V3+3D,5.322208977304399
legacy,2,a_N100_V3+3D,5.2919170120731
legacy,2,a_N100_V3+3D,5.275042029097676
legacy,2,a_N100_V3+3D,5.290874978527427
legacy,2,a_N100_V3+3D,5.272125010378659
legacy,2,a_N100_V3+3D,5.28350006788969
legacy,2,a_N100_V3+3D,5.710750003345311
legacy,2,a_N100_V3+3D,5.150499986484647
legacy,2,a_N100_V3+3D,5.235375021584332
legacy,2,a_N100_V3+3D,4.968750057742
legacy,2,a_N100_V3+3D,4.971583024598658
legacy,2,a_N100_V3+3D,5.482791922986507
legacy,2,a_N100_V3+3D,5.164916976355016
legacy,2,a_N100_V3+3D,5.050541018135846
legacy,2,a_N100_V3+3D,5.02399995457381
legacy,2,a_N100_V3+3D,5.008790991269052
legacy,2,a_N100_V3+3D,5.038707982748747
legacy,2,a_N100_V3+3D,4.962916951626539
legacy,2,a_N100_V3+3D,5.1032910123467445
legacy,2,a_N100_V3+3D,4.9873749958351254
legacy,2,a_N100_V3+3D,4.9387919716537
legacy,2,a_N100_V3+3D,5.022999946959317
legacy,2,a_N100_V3+3D,4.962082952260971
legacy,2,a_N100_V3+3D,4.944249987602234
legacy,2,a_N100_V3+3D,4.981834092177451
legacy,2,a_N100_V3+3D,4.94329200591892
legacy,2,a_N100_V3+3D,4.912833916023374
legacy,2,a_N100_V3+3D,4.945541033521295
legacy,2,a_N100_V3+3D,5.607791943475604
legacy,2,a_N100_V3+3D,4.962250008247793
legacy,2,a_N100_V3+3D,4.944415995851159
legacy,2,a_N100_V3+3D,4.93412499781698
legacy,2,a_N100_V3+3D,5.064500030130148
legacy,2,a_N100_V3+3D,4.922374966554344
legacy,2,a_N100_V3+3D,4.915999947115779
legacy,2,a_N100_V3+3D,4.963624989613891
legacy,2,a_N100_V3+3D,4.950916976667941
legacy,2,a_N100_V3+3D,4.961417056620121
legacy,2,a_N100_V3+3D,5.020792013965547
legacy,2,a_N100_V3+3D,4.923583008348942
legacy,2,a_N100_V3+3D,4.922833060845733
legacy,2,a_N100_V3+3D,4.914458957500756
legacy,2,a_N100_V3+3D,5.382833071053028
legacy,2,a_N100_V3+3D,4.918874939903617
legacy,2,a_N100_V3+3D,4.913041950203478
legacy,2,a_N100_V3+3D,4.918999969959259
legacy,2,a_N100_V3+3D,4.92945802398026
legacy,2,a_N100_V3+3D,4.918999969959259
legacy,2,a_N100_V3+3D,4.9356670351698995
legacy,2,a_N100_V3+3D,5.0020000198856
legacy,2,a_N100_V3+3D,4.917875048704445
legacy,2,a_N100_V3+3D,4.910500021651387
legacy,2,a_N100_V3+3D,4.938540980219841
legacy,2,a_N100_V3+3D,4.9770420882850885
legacy,2,a_N100_V3+3D,4.947875044308603
legacy,2,a_N100_V3+3D,4.936416982673109
legacy,2,a_N100_V3+3D,4.906333051621914
legacy,2,a_N100_V3+3D,4.9298329977318645
legacy,2,a_N100_V3+3D,5.330333951860666
legacy,2,a_N100_V3+3D,4.9409999046474695
legacy,2,a_N100_V3+3D,4.99591592233628
legacy,2,a_N100_V3+3D,4.939459031447768
legacy,2,a_N100_V3+3D,4.934374941512942
legacy,2,a_N100_V3+3D,5.216541001573205
legacy,2,a_N100_V3+3D,5.0674580270424485
legacy,2,a_N100_V3+3D,4.952499992214143
legacy,2,a_N100_V3+3D,6.200292031280696
legacy,2,a_N100_V3+3D,5.548667046241462
legacy,2,a_N100_V3+3D,5.603750003501773
legacy,2,a_N100_V3+3D,5.481624975800514
legacy,2,a_N100_V3+3D,5.423666909337044
legacy,2,a_N100_V3+3D,5.412708967924118
legacy,2,a_N100_V3+3D,5.416041938588023
legacy,2,a_N100_V3+3D,5.393250030465424
legacy,2,a_N100_V3+3D,5.418000044301152
legacy,2,a_N100_V3+3D,5.42924995534122
legacy,2,a_N100_V3+3D,5.362625000998378
legacy,2,a_N100_V3+3D,5.408041994087398
legacy,2,a_N100_V3+3D,5.396750057116151
legacy,2,a_N100_V3+3D,5.408417084254324
legacy,2,a_N100_V3+3D,5.392167018726468
legacy,2,a_N100_V3+3D,5.456125014461577
legacy,2,a_N100_V3+3D,5.365042015910149
legacy,2,a_N100_V3+3D,5.403083981946111
legacy,2,a_N100_V3+3D,5.351374973542988
legacy,2,a_N100_V3+3D,5.380749935284257
legacy,2,a_N100_V3+3D,5.4097919492051005
legacy,2,a_N100_V3+3D,5.429832963272929
legacy,2,a_N100_V3+3D,5.329582956619561
legacy,2,a_N100_V3+3D,5.406041978858411
legacy,2,a_N100_V3+3D,5.387042067013681
legacy,2,a_N100_V3+3D,5.459791980683804
legacy,2,a_N100_V3+3D,5.446917028166354
legacy,2,a_N100_V3+3D,5.414249957539141
legacy,2,a_N100_V3+3D,6.219667033292353
legacy,2,a_N100_V3+3D,5.527667002752423
legacy,2,a_N100_V3+3D,5.430292105302215
legacy,2,a_N100_V3+3D,5.4775420576334
legacy,2,a_N100_V3+3D,5.435208906419575
legacy,2,a_N100_V3+3D,5.349791957996786
legacy,2,a_N100_V3+3D,5.401416914537549
legacy,2,a_N100_V3+3D,5.401417030952871
legacy,2,a_N100_V3+3D,5.412291968241334
legacy,2,a_N100_V3+3D,5.360167007893324
legacy,2,a_N100_V3+3D,5.327458959072828
legacy,2,a_N100_V3+3D,5.368457990698516
legacy,2,a_N100_V3+3D,5.39804098661989
legacy,2,a_N100_V3+3D,5.399917019531131
legacy,2,a_N100_V3+3D,5.364874959923327
legacy,2,a_N100_V3+3D,5.37095800973475
legacy,2,a_N100_V3+3D,5.344790988601744
legacy,2,a_N100_V3+3D,5.395208019763231
legacy,2,a_N100_V3+3D,5.372417042963207
legacy,2,a_N100_V3+3D,5.422374932095408
legacy,2,a_N100_V3+3D,5.351166939362884
legacy,2,a_N100_V3+3D,5.354749970138073
legacy,2,a_N100_V3+3D,5.320791970007122
legacy,2,a_N100_V3+3D,5.387041950598359
legacy,2,a_N100_V3+3D,5.380749935284257
legacy,2,a_N100_V3+3D,5.397417000494897
legacy,2,a_N100_V3+3D,5.338415969163179
legacy,2,a_N100_V3+3D,5.330333020538092
legacy,2,a_N100_V3+3D,5.331250024028122
legacy,2,a_N100_V3+3D,5.468250019475818
legacy,2,a_N100_V3+3D,5.3802080219611526
legacy,2,a_N100_V3+3D,5.370625061914325
legacy,2,a_N100_V3+3D,5.878875032067299
legacy,2,a_N100_V3+3D,5.23837492801249
legacy,2,a_N100_V3+3D,5.33637497574091
legacy,2,a_N100_V3+3D,5.074959015473723
legacy,2,a_N100_V3+3D,5.132750025950372
legacy,2,a_N100_V3+3D,5.062625044956803
legacy,2,a_N100_V3+3D,5.0681669963523746
legacy,2,a_N100_V3+3D,5.113458959385753
legacy,2,a_N100_V3+3D,5.102750030346215
legacy,2,a_N100_V3+3D,5.0834170542657375
legacy,2,a_N100_V3+3D,5.078584072180092
legacy,2,a_N100_V3+3D,4.935333039611578
legacy,2,a_N100_V3+3D,5.076333996839821
legacy,2,a_N100_V3+3D,5.093208979815245
legacy,2,a_N100_V3+3D,5.110082915052772
legacy,2,a_N100_V3+3D,5.1487499149516225
legacy,2,a_N100_V3+3D,5.11224998626858
legacy,2,a_N100_V3+3D,4.989458015188575
legacy,2,a_N100_V3+3D,5.076208966784179
legacy,2,a_N100_V3+3D,5.051334039308131
legacy,2,a_N100_V3+3D,5.073957960121334
legacy,2,a_N100_V3+3D,4.95504098944366
legacy,2,a_N100_V3+3D,4.8897500382736325
legacy,2,a_N100_V3+3D,4.946665954776108
legacy,2,a_N100_V3+3D,4.918667022138834
legacy,2,a_N100_V3+3D,4.898542072623968
legacy,2,a_N100_V3+3D,4.935167031362653
legacy,2,a_N100_V3+3D,5.081416922621429
legacy,2,a_N100_V3+3D,5.60070900246501
legacy,2,a_N100_V3+3D,5.241125007160008
legacy,2,a_N100_V3+3D,5.155791994184256
legacy,2,a_N100_V3+3D,5.03674999345094
legacy,2,a_N100_V3+3D,5.091416998766363
legacy,2,a_N100_V3+3D,5.139749962836504
legacy,2,a_N100_V3+3D,5.091166938655078
legacy,2,a_N100_V3+3D,5.045457975938916
legacy,2,a_N100_V3+3D,5.13262499589473
legacy,2,a_N100_V3+3D,5.087709054350853
legacy,2,a_N100_V3+3D,4.925291985273361
legacy,2,a_N100_V3+3D,4.913792014122009
legacy,2,a_N100_V3+3D,4.928459064103663
legacy,2,a_N100_V3+3D,4.896083031781018
legacy,2,a_N100_V3+3D,4.9020410515367985
legacy,2,a_N100_V3+3D,4.923458909615874
legacy,2,a_N100_V3+3D,4.916666890494525
legacy,2,a_N100_V3+3D,5.0239169504493475
legacy,2,a_N100_V3+3D,4.905083915218711
legacy,2,a_N100_V3+3D,4.93279192596674
legacy,2,a_N100_V3+3D,5.055790999904275
legacy,2,a_N100_V3+3D,5.095875007100403
legacy,2,a_N100_V3+3D,5.060624913312495
legacy,2,a_N100_V3+3D,4.915624973364174
legacy,2,a_N100_V3+3D,5.0692090298980474
legacy,2,a_N100_V3+3D,5.06162503734231
legacy,2,a_N100_V3+3D,5.083792028017342
legacy,2,a_N100_V3+3D,5.036249989643693
legacy,2,a_N100_V3+3D,5.094083026051521
legacy,2,a_N100_V3+3D,5.166916991584003
legacy,2,a_N100_V3+3D,5.084999953396618
legacy,2,a_N100_V3+3D,5.055124987848103
legacy,2,a_N100_V3+3D,6.191832944750786
legacy,2,a_N100_V3+3D,5.550458910875022
legacy,2,a_N100_V3+3D,5.497167003341019
legacy,2,a_N100_V3+3D,5.528416950255632
legacy,2,a_N100_V3+3D,5.584166967310011
legacy,2,a_N100_V3+3D,5.497916950844228
legacy,2,a_N100_V3+3D,5.310459062457085
legacy,2,a_N100_V3+3D,5.368834012188017
legacy,2,a_N100_V3+3D,5.300750024616718
legacy,2,a_N100_V3+3D,5.327124963514507
legacy,2,a_N100_V3+3D,5.310875014401972
legacy,2,a_N100_V3+3D,5.323083023540676
legacy,2,a_N100_V3+3D,5.283249891363084
legacy,2,a_N100_V3+3D,5.328041035681963
legacy,2,a_N100_V3+3D,5.368832964450121
legacy,2,a_N100_V3+3D,5.374041968025267
legacy,2,a_N100_V3+3D,5.322624929249287
legacy,2,a_N100_V3+3D,5.3822079207748175
legacy,2,a_N100_V3+3D,5.291417008265853
legacy,2,a_N100_V3+3D,5.33433398231864
legacy,2,a_N100_V3+3D,5.263542057946324
legacy,2,a_N100_V3+3D,5.281041958369315
legacy,2,a_N100_V3+3D,5.300624994561076
legacy,2,a_N100_V3+3D,5.321042030118406
legacy,2,a_N100_V3+3D,5.33879199065268
legacy,2,a_N100_V3+3D,5.347167025320232
legacy,2,a_N100_V3+3D,5.341041018255055
legacy,2,a_N100_V3+3D,5.347249913029373
legacy,2,a_N100_V3+3D,5.30941691249609
legacy,2,a_N100_V3+3D,5.364541080780327
legacy,2,a_N100_V3+3D,5.338417016901076
legacy,2,a_N100_V3+3D,5.448833922855556
legacy,2,a_N100_V3+3D,5.33937499858439
legacy,2,a_N100_V3+3D,5.367124918848276
legacy,2,a_N100_V3+3D,5.341458949260414
legacy,2,a_N100_V3+3D,5.335291964001954
legacy,2,a_N100_V3+3D,5.366833996959031
legacy,2,a_N100_V3+3D,5.384959047660232
legacy,2,a_N100_V3+3D,5.33937499858439
legacy,2,a_N100_V3+3D,5.356249981559813
legacy,2,a_N100_V3+3D,5.354917026124895
legacy,2,a_N100_V3+3D,5.336417001672089
legacy,2,a_N100_V3+3D,5.305541912093759
legacy,2,a_N100_V3+3D,5.387416924349964
legacy,2,a_N100_V3+3D,5.308833089657128
legacy,2,a_N100_V3+3D,5.2599579794332385
legacy,2,a_N100_V3+3D,5.236541968770325
legacy,2,a_N100_V3+3D,5.297416006214917
legacy,2,a_N100_V3+3D,5.505334003828466
legacy,2,a_N100_V3+3D,5.52350003272295
legacy,2,a_N100_V3+3D,5.291125038638711
legacy,2,a_N100_V3+3D,5.25058398488909
legacy,2,a_N100_V3+3D,5.253667011857033
legacy,2,a_N100_V3+3D,5.313667003065348
legacy,2,a_N100_V3+3D,5.340707954019308
legacy,2,a_N100_V3+3D,5.325707956217229
legacy,2,a_N100_V3+3D,5.349292070604861
legacy,2,a_N100_V3+3D,5.385749973356724
legacy,2,a_N100_V3+3D,5.328499944880605
legacy,2,a_N100_V3+3D,5.316166905686259
legacy,2,a_N100_V3+3D,5.732959019951522
legacy,2,a_N100_V3+3D,5.031457985751331
legacy,2,a_N100_V3+3D,5.10854204185307
legacy,2,a_N100_V3+3D,4.982750047929585
legacy,2,a_N100_V3+3D,4.969583009369671
legacy,2,a_N100_V3+3D,4.954000003635883
legacy,2,a_N100_V3+3D,4.944207961671054
legacy,2,a_N100_V3+3D,4.935208009555936
legacy,2,a_N100_V3+3D,4.961709026247263
legacy,2,a_N100_V3+3D,4.928707960061729
legacy,2,a_N100_V3+3D,4.918375052511692
legacy,2,a_N100_V3+3D,4.919208004139364
legacy,2,a_N100_V3+3D,4.97037498280406
legacy,2,a_N100_V3+3D,4.917166079394519
legacy,2,a_N100_V3+3D,4.909917013719678
legacy,2,a_N100_V3+3D,4.971790942363441
legacy,2,a_N100_V3+3D,4.931707982905209
legacy,2,a_N100_V3+3D,4.927749978378415
legacy,2,a_N100_V3+3D,4.923083004541695
legacy,2,a_N100_V3+3D,4.925625049509108
legacy,2,a_N100_V3+3D,4.903750028461218
legacy,2,a_N100_V3+3D,4.89320803899318
legacy,2,a_N100_V3+3D,4.881917033344507
legacy,2,a_N100_V3+3D,4.911250085569918
legacy,2,a_N100_V3+3D,4.892166005447507
legacy,2,a_N100_V3+3D,4.901083069853485
legacy,2,a_N100_V3+3D,4.940083948895335
legacy,2,a_N100_V3+3D,4.88062493968755
legacy,2,a_N100_V3+3D,4.89470805041492
legacy,2,a_N100_V3+3D,4.880708991549909
legacy,2,a_N100_V3+3D,4.932207986712456
legacy,2,a_N100_V3+3D,4.899292020127177
legacy,2,a_N100_V3+3D,4.9620409263297915
legacy,2,a_N100_V3+3D,4.897583043202758
legacy,2,a_N100_V3+3D,4.898458020761609
legacy,2,a_N100_V3+3D,4.890792071819305
legacy,2,a_N100_V3+3D,4.974207957275212
legacy,2,a_N100_V3+3D,4.895542049780488
legacy,2,a_N100_V3+3D,4.905125009827316
legacy,2,a_N100_V3+3D,4.896542057394981
legacy,2,a_N100_V3+3D,4.879457992501557
legacy,2,a_N100_V3+3D,4.884374910034239
legacy,2,a_N100_V3+3D,4.888416966423392
legacy,2,a_N100_V3+3D,4.8675419529899955
legacy,2,a_N100_V3+3D,4.889499978162348
legacy,2,a_N100_V3+3D,4.8871670151129365
legacy,2,a_N100_V3+3D,4.895332967862487
legacy,2,a_N100_V3+3D,4.906625021249056
legacy,2,a_N100_V3+3D,4.923042026348412
legacy,2,a_N100_V3+3D,4.877166938968003
legacy,2,a_N100_V3+3D,4.879084066487849
legacy,2,a_N100_V3+3D,4.913375014439225
legacy,2,a_N100_V3+3D,4.8784579848870635
legacy,2,a_N100_V3+3D,4.878709092736244
legacy,2,a_N100_V3+3D,4.890875075943768
legacy,2,a_N100_V3+3D,4.8842920223250985
legacy,2,a_N100_V3+3D,4.8634998966008425
legacy,2,a_N100_V3+3D,5.133041995577514
legacy,2,a_N100_V3+3D,4.937874968163669
legacy,2,a_N100_V3+3D,4.903541994281113
legacy,2,a_N100_V3+3D,6.12258305773139
legacy,2,a_N100_V3+3D,5.3988330764696
legacy,2,a_N100_V3+3D,5.455374950543046
legacy,2,a_N100_V3+3D,5.389874917455018
legacy,2,a_N100_V3+3D,5.408957949839532
legacy,2,a_N100_V3+3D,5.333416978828609
legacy,2,a_N100_V3+3D,5.3134579211473465
legacy,2,a_N100_V3+3D,5.3099170327186584
legacy,2,a_N100_V3+3D,5.30087505467236
legacy,2,a_N100_V3+3D,5.287291947752237
legacy,2,a_N100_V3+3D,5.280417040921748
legacy,2,a_N100_V3+3D,5.272499984130263
legacy,2,a_N100_V3+3D,6.715000024996698
legacy,2,a_N100_V3+3D,5.446415976621211
legacy,2,a_N100_V3+3D,5.34854200668633
legacy,2,a_N100_V3+3D,5.3917079931125045
legacy,2,a_N100_V3+3D,5.395167041569948
legacy,2,a_N100_V3+3D,5.292499903589487
legacy,2,a_N100_V3+3D,5.3088749991729856
legacy,2,a_N100_V3+3D,5.276040988974273
legacy,2,a_N100_V3+3D,5.288083921186626
legacy,2,a_N100_V3+3D,5.277374992147088
legacy,2,a_N100_V3+3D,5.79824997112155
legacy,2,a_N100_V3+3D,5.3015840239822865
legacy,2,a_N100_V3+3D,5.308708059601486
legacy,2,a_N100_V3+3D,5.283707985654473
legacy,2,a_N100_V3+3D,5.330458981916308
legacy,2,a_N100_V3+3D,5.277959047816694
legacy,2,a_N100_V3+3D,5.287750042043626
legacy,2,a_N100_V3+3D,5.278208991512656
legacy,2,a_N100_V3+3D,5.356542067602277
legacy,2,a_N100_V3+3D,5.264083039946854
legacy,2,a_N100_V3+3D,5.294166970998049
legacy,2,a_N100_V3+3D,5.248375004157424
legacy,2,a_N100_V3+3D,5.256957956589758
legacy,2,a_N100_V3+3D,5.391416954807937
legacy,2,a_N100_V3+3D,5.318542011082172
legacy,2,a_N100_V3+3D,5.261874990537763
legacy,2,a_N100_V3+3D,5.477541941218078
legacy,2,a_N100_V3+3D,5.2715420024469495
legacy,2,a_N100_V3+3D,5.27816591784358
legacy,2,a_N100_V3+3D,5.271875066682696
legacy,2,a_N100_V3+3D,5.308500025421381
legacy,2,a_N100_V3+3D,5.2469579968601465
legacy,2,a_N100_V3+3D,5.366792087443173
legacy,2,a_N100_V3+3D,5.292040994390845
legacy,2,a_N100_V3+3D,5.2665420807898045
legacy,2,a_N100_V3+3D,5.300499964505434
legacy,2,a_N100_V3+3D,5.279832985252142
legacy,2,a_N100_V3+3D,5.268167005851865
legacy,2,a_N100_V3+3D,5.267416941933334
legacy,2,a_N100_V3+3D,5.230457987636328
legacy,2,a_N100_V3+3D,5.234749987721443
legacy,2,a_N100_V3+3D,5.282541969791055
legacy,2,a_N100_V3+3D,5.444457987323403
legacy,2,a_N100_V3+3D,5.259874975308776
legacy,2,a_N100_V3+3D,5.280334036797285
legacy,2,a_N100_V3+3D,5.282375030219555
legacy,2,a_N100_V3+3D,5.237250006757677
legacy,2,a_N100_V3+3D,5.278625059872866
legacy,2,a_N100_V3+3D,5.833875038661063
legacy,2,a_N100_V3+3D,5.089999991469085
legacy,2,a_N100_V3+3D,5.17041701823473
legacy,2,a_N100_V3+3D,5.046583013609052
legacy,2,a_N100_V3+3D,5.0373750273138285
legacy,2,a_N100_V3+3D,5.026209051720798
legacy,2,a_N100_V3+3D,5.082332994788885
legacy,2,a_N100_V3+3D,5.056375055573881
legacy,2,a_N100_V3+3D,4.9527500523254275
legacy,2,a_N100_V3+3D,5.002832971513271
legacy,2,a_N100_V3+3D,4.9955000868067145
legacy,2,a_N100_V3+3D,4.9961250042542815
legacy,2,a_N100_V3+3D,4.953332943841815
legacy,2,a_N100_V3+3D,5.005874903872609
legacy,2,a_N100_V3+3D,4.960875026881695
legacy,2,a_N100_V3+3D,5.003583035431802
legacy,2,a_N100_V3+3D,4.954208037815988
legacy,2,a_N100_V3+3D,4.9812920624390244
legacy,2,a_N100_V3+3D,4.9808749463409185
legacy,2,a_N100_V3+3D,4.957458004355431
legacy,2,a_N100_V3+3D,4.932375042699277
legacy,2,a_N100_V3+3D,4.9345409497618675
legacy,2,a_N100_V3+3D,4.966792068444192
legacy,2,a_N100_V3+3D,4.918459104374051
legacy,2,a_N100_V3+3D,4.933624994009733
legacy,2,a_N100_V3+3D,4.953667055815458
legacy,2,a_N100_V3+3D,5.4700420005247
legacy,2,a_N100_V3+3D,5.13116701040417
legacy,2,a_N100_V3+3D,5.0851249834522605
legacy,2,a_N100_V3+3D,5.050541018135846
legacy,2,a_N100_V3+3D,5.1024159183725715
legacy,2,a_N100_V3+3D,5.052875028923154
legacy,2,a_N100_V3+3D,4.985834006220102
legacy,2,a_N100_V3+3D,5.015790928155184
legacy,2,a_N100_V3+3D,4.995333030819893
legacy,2,a_N100_V3+3D,4.985500010661781
legacy,2,a_N100_V3+3D,5.0189170287922025
legacy,2,a_N100_V3+3D,4.935958073474467
legacy,2,a_N100_V3+3D,5.039542098529637
legacy,2,a_N100_V3+3D,4.99975006096065
legacy,2,a_N100_V3+3D,4.996708012185991
legacy,2,a_N100_V3+3D,4.992291913367808
legacy,2,a_N100_V3+3D,5.005375016480684
legacy,2,a_N100_V3+3D,5.039124982431531
legacy,2,a_N100_V3+3D,4.935542005114257
legacy,2,a_N100_V3+3D,4.982291953638196
legacy,2,a_N100_V3+3D,4.9602079670876265
legacy,2,a_N100_V3+3D,5.008624983020127
legacy,2,a_N100_V3+3D,5.000042030587792
legacy,2,a_N100_V3+3D,5.047874990850687
legacy,2,a_N100_V3+3D,4.954333999194205
legacy,2,a_N100_V3+3D,4.9743750132620335
legacy,2,a_N100_V3+3D,4.966208012774587
legacy,2,a_N100_V3+3D,4.969917004927993
legacy,2,a_N100_V3+3D,4.986166022717953
legacy,2,a_N100_V3+3D,4.974958021193743
legacy,2,a_N100_V3+3D,4.9361661076545715
legacy,2,a_N100_V3+3D,5.2339580142870545
legacy,2,a_N100_V3+3D,5.003749975003302
legacy,2,a_N100_V3+3D,4.962250008247793
legacy,2,a_N100_V3+3D,6.251791957765818
legacy,2,a_N100_V3+3D,5.414166022092104
legacy,2,a_N100_V3+3D,5.5771250044927
legacy,2,a_N100_V3+3D,5.431666038930416
legacy,2,a_N100_V3+3D,5.4562080185860395
legacy,2,a_N100_V3+3D,5.386333912611008
legacy,2,a_N100_V3+3D,5.446916096843779
legacy,2,a_N100_V3+3D,5.425125011242926
legacy,2,a_N100_V3+3D,5.424125003628433
legacy,2,a_N100_V3+3D,5.365624907426536
legacy,2,a_N100_V3+3D,5.4120420245453715
legacy,2,a_N100_V3+3D,5.448583979159594
legacy,2,a_N100_V3+3D,5.46233297791332
legacy,2,a_N100_V3+3D,5.687542026862502
legacy,2,a_N100_V3+3D,5.426792078651488
legacy,2,a_N100_V3+3D,5.514082964509726
legacy,2,a_N100_V3+3D,5.414042039774358
legacy,2,a_N100_V3+3D,5.451290984638035
legacy,2,a_N100_V3+3D,5.451375036500394
legacy,2,a_N100_V3+3D,5.392624996602535
legacy,2,a_N100_V3+3D,5.399541929364204
legacy,2,a_N100_V3+3D,5.376790999434888
legacy,2,a_N100_V3+3D,5.411999998614192
legacy,2,a_N100_V3+3D,5.3146249847486615
legacy,2,a_N100_V3+3D,5.4365829564630985
legacy,2,a_N100_V3+3D,5.385666969232261
legacy,2,a_N100_V3+3D,5.4406250128522515
legacy,2,a_N100_V3+3D,5.3714580135419965
legacy,2,a_N100_V3+3D,5.409250035881996
legacy,2,a_N100_V3+3D,5.38012501783669
legacy,2,a_N100_V3+3D,5.423375056125224
legacy,2,a_N100_V3+3D,5.410667043179274
legacy,2,a_N100_V3+3D,5.398334003984928
legacy,2,a_N100_V3+3D,5.293541005812585
legacy,2,a_N100_V3+3D,5.400083027780056
legacy,2,a_N100_V3+3D,5.43391692917794
legacy,2,a_N100_V3+3D,5.436125095002353
legacy,2,a_N100_V3+3D,5.397458095103502
legacy,2,a_N100_V3+3D,5.401541944593191
legacy,2,a_N100_V3+3D,5.597874987870455
legacy,2,a_N100_V3+3D,5.413624923676252
legacy,2,a_N100_V3+3D,5.328750004991889
legacy,2,a_N100_V3+3D,5.333874956704676
legacy,2,a_N100_V3+3D,5.255167023278773
legacy,2,a_N100_V3+3D,5.2772919880226254
legacy,2,a_N100_V3+3D,5.280915996991098
legacy,2,a_N100_V3+3D,5.258792079985142
legacy,2,a_N100_V3+3D,5.283292033709586
legacy,2,a_N100_V3+3D,5.259457975625992
legacy,2,a_N100_V3+3D,5.238958052359521
legacy,2,a_N100_V3+3D,5.247208988294005
legacy,2,a_N100_V3+3D,5.250458954833448
legacy,2,a_N100_V3+3D,5.351750063709915
legacy,2,a_N100_V3+3D,5.423333961516619
legacy,2,a_N100_V3+3D,5.4093749495223165
legacy,2,a_N100_V3+3D,5.291749956086278
legacy,2,a_N100_V3+3D,5.422499962151051
legacy,2,a_N100_V3+3D,5.441208020783961
legacy,2,a_N100_V3+3D,5.396291962824762
legacy,2,a_N100_V3+3D,5.4452919866889715
legacy,2,a_N100_V3+3D,5.8336249785497785
legacy,2,a_N100_V3+3D,5.092417006380856
legacy,2,a_N100_V3+3D,5.211250041611493
legacy,2,a_N100_V3+3D,5.0461250357329845
legacy,2,a_N100_V3+3D,5.03754208330065
legacy,2,a_N100_V3+3D,5.062166950665414
legacy,2,a_N100_V3+3D,5.073583102785051
legacy,2,a_N100_V3+3D,5.034999921917915
legacy,2,a_N100_V3+3D,5.006124963983893
legacy,2,a_N100_V3+3D,5.022041965276003
legacy,2,a_N100_V3+3D,5.0195419462397695
legacy,2,a_N100_V3+3D,5.078500020317733
legacy,2,a_N100_V3+3D,5.024082958698273
legacy,2,a_N100_V3+3D,4.92125004529953
legacy,2,a_N100_V3+3D,5.0070000579580665
legacy,2,a_N100_V3+3D,5.067417048849165
legacy,2,a_N100_V3+3D,5.005083046853542
legacy,2,a_N100_V3+3D,5.193083081394434
legacy,2,a_N100_V3+3D,5.00800006557256
legacy,2,a_N100_V3+3D,5.167000112123787
legacy,2,a_N100_V3+3D,5.2287919679656625
legacy,2,a_N100_V3+3D,4.966249922290444
legacy,2,a_N100_V3+3D,4.951791022904217
legacy,2,a_N100_V3+3D,4.912375006824732
legacy,2,a_N100_V3+3D,4.9038330325856805
legacy,2,a_N100_V3+3D,4.948332905769348
legacy,2,a_N100_V3+3D,5.010541994124651
legacy,2,a_N100_V3+3D,4.955749958753586
legacy,2,a_N100_V3+3D,5.017957999370992
legacy,2,a_N100_V3+3D,5.044459016062319
legacy,2,a_N100_V3+3D,5.005500046536326
legacy,2,a_N100_V3+3D,5.014416994526982
legacy,2,a_N100_V3+3D,4.978625103831291
legacy,2,a_N100_V3+3D,5.005167098715901
legacy,2,a_N100_V3+3D,5.006250110454857
legacy,2,a_N100_V3+3D,5.029208958148956
legacy,2,a_N100_V3+3D,4.992916947230697
legacy,2,a_N100_V3+3D,5.023750010877848
legacy,2,a_N100_V3+3D,4.971708985976875
legacy,2,a_N100_V3+3D,5.001332960091531
legacy,2,a_N100_V3+3D,4.978082957677543
legacy,2,a_N100_V3+3D,4.993041977286339
legacy,2,a_N100_V3+3D,5.056291003711522
legacy,2,a_N100_V3+3D,5.043791956268251
legacy,2,a_N100_V3+3D,4.971542046405375
legacy,2,a_N100_V3+3D,5.005832994356751
legacy,2,a_N100_V3+3D,5.016708048060536
legacy,2,a_N100_V3+3D,5.038750008679926
legacy,2,a_N100_V3+3D,4.982875077985227
legacy,2,a_N100_V3+3D,5.533624906092882
legacy,2,a_N100_V3+3D,5.143041955307126
legacy,2,a_N100_V3+3D,5.053208093158901
legacy,2,a_N100_V3+3D,5.02216606400907
legacy,2,a_N100_V3+3D,5.011542001739144
legacy,2,a_N100_V3+3D,5.02533302642405
legacy,2,a_N100_V3+3D,5.575124989263713
legacy,2,a_N100_V3+3D,5.124834016896784
legacy,2,a_N100_V3+3D,5.4723749635741115
legacy,2,a_N100_V3+3D,5.098333000205457
legacy,2,a_N100_V3+3D,5.031209089793265
legacy,2,a_N100_V3+3D,6.1137499287724495
legacy,2,a_N100_V3+3D,5.3862499771639705
legacy,2,a_N100_V3+3D,5.453417077660561
legacy,2,a_N100_V3+3D,5.33616601023823
legacy,2,a_N100_V3+3D,5.616875016130507
legacy,2,a_N100_V3+3D,5.341209005564451
legacy,2,a_N100_V3+3D,5.311666987836361
legacy,2,a_N100_V3+3D,5.3123749094083905
legacy,2,a_N100_V3+3D,5.311041953973472
legacy,2,a_N100_V3+3D,5.296707968227565
legacy,2,a_N100_V3+3D,5.312541965395212
legacy,2,a_N100_V3+3D,5.2798750111833215
legacy,2,a_N100_V3+3D,5.307208048179746
legacy,2,a_N100_V3+3D,5.288542015478015
legacy,2,a_N100_V3+3D,5.343166994862258
legacy,2,a_N100_V3+3D,5.330082960426807
legacy,2,a_N100_V3+3D,5.285124992951751
legacy,2,a_N100_V3+3D,5.307750077918172
legacy,2,a_N100_V3+3D,5.271167028695345
legacy,2,a_N100_V3+3D,5.2850000793114305
legacy,2,a_N100_V3+3D,5.272042006254196
legacy,2,a_N100_V3+3D,5.255832918919623
legacy,2,a_N100_V3+3D,5.259749945253134
legacy,2,a_N100_V3+3D,5.261334008537233
legacy,2,a_N100_V3+3D,5.273499991744757
legacy,2,a_N100_V3+3D,5.263207945972681
legacy,2,a_N100_V3+3D,5.305917002260685
legacy,2,a_N100_V3+3D,5.262583028525114
legacy,2,a_N100_V3+3D,5.2712500328198075
legacy,2,a_N100_V3+3D,5.309832980856299
legacy,2,a_N100_V3+3D,5.265166983008385
legacy,2,a_N100_V3+3D,5.288375075906515
legacy,2,a_N100_V3+3D,5.287959007546306
legacy,2,a_N100_V3+3D,5.278708063997328
legacy,2,a_N100_V3+3D,5.295625072903931
legacy,2,a_N100_V3+3D,5.264124949462712
legacy,2,a_N100_V3+3D,5.289583001285791
legacy,2,a_N100_V3+3D,5.248416913673282
legacy,2,a_N100_V3+3D,5.2585420198738575
legacy,2,a_N100_V3+3D,5.233332980424166
legacy,2,a_N100_V3+3D,5.287667037919164
legacy,2,a_N100_V3+3D,5.272750044241548
legacy,2,a_N100_V3+3D,5.258333054371178
legacy,2,a_N100_V3+3D,5.277290940284729
legacy,2,a_N100_V3+3D,5.256084026768804
legacy,2,a_N100_V3+3D,5.757583072409034
legacy,2,a_N100_V3+3D,5.254541989415884
legacy,2,a_N100_V3+3D,5.302209057845175
legacy,2,a_N100_V3+3D,5.2510000532492995
legacy,2,a_N100_V3+3D,5.2660839864984155
legacy,2,a_N100_V3+3D,5.310416920110583
legacy,2,a_N100_V3+3D,5.280166980810463
legacy,2,a_N100_V3+3D,5.28070901054889
legacy,2,a_N100_V3+3D,5.2770000183954835
legacy,2,a_N100_V3+3D,5.321917007677257
legacy,2,a_N100_V3+3D,5.252290982753038
legacy,2,a_N100_V3+3D,5.264375009573996
legacy,2,a_N100_V3+3D,5.298707983456552
legacy,2,a_N100_V3+3D,5.245374981313944
legacy,2,a_N100_V3+3D,5.284124985337257
legacy,2,a_N100_V3+3D,5.693207960575819
legacy,2,a_N100_V3+3D,4.999083001166582
legacy,2,a_N100_V3+3D,5.1014580531045794
legacy,2,a_N100_V3+3D,4.969459027051926
legacy,2,a_N100_V3+3D,4.945917055010796
legacy,2,a_N100_V3+3D,4.924917011521757
legacy,2,a_N100_V3+3D,4.970624926500022
legacy,2,a_N100_V3+3D,4.984083934687078
legacy,2,a_N100_V3+3D,5.134457955136895
legacy,2,a_N100_V3+3D,4.935082979500294
legacy,2,a_N100_V3+3D,4.9009999493137
legacy,2,a_N100_V3+3D,4.896917031146586
legacy,2,a_N100_V3+3D,4.910791991278529
legacy,2,a_N100_V3+3D,4.9251660238951445
legacy,2,a_N100_V3+3D,4.926832974888384
legacy,2,a_N100_V3+3D,4.945749999023974
legacy,2,a_N100_V3+3D,4.926250083371997
legacy,2,a_N100_V3+3D,4.9320830730721354
legacy,2,a_N100_V3+3D,5.012959009036422
legacy,2,a_N100_V3+3D,4.8948751064017415
legacy,2,a_N100_V3+3D,4.909917013719678
legacy,2,a_N100_V3+3D,4.892291966825724
legacy,2,a_N100_V3+3D,4.882249981164932
legacy,2,a_N100_V3+3D,4.873791942372918
legacy,2,a_N100_V3+3D,4.881624947302043
legacy,2,a_N100_V3+3D,4.8947089817374945
legacy,2,a_N100_V3+3D,4.925541928969324
legacy,2,a_N100_V3+3D,4.912583972327411
legacy,2,a_N100_V3+3D,4.888875060714781
legacy,2,a_N100_V3+3D,4.942708066664636
legacy,2,a_N100_V3+3D,4.895208985544741
legacy,2,a_N100_V3+3D,4.880874999798834
legacy,2,a_N100_V3+3D,4.866000032052398
legacy,2,a_N100_V3+3D,4.883625078946352
legacy,2,a_N100_V3+3D,4.941542050801218
legacy,2,a_N100_V3+3D,4.891583928838372
legacy,2,a_N100_V3+3D,4.91020898334682
legacy,2,a_N100_V3+3D,4.906542017124593
legacy,2,a_N100_V3+3D,4.931667004711926
legacy,2,a_N100_V3+3D,4.884666996076703
legacy,2,a_N100_V3+3D,4.88200003746897
legacy,2,a_N100_V3+3D,4.894000012427568
legacy,2,a_N100_V3+3D,4.886334063485265
legacy,2,a_N100_V3+3D,4.938750062137842
legacy,2,a_N100_V3+3D,4.930917057208717
legacy,2,a_N100_V3+3D,4.8883340787142515
legacy,2,a_N100_V3+3D,4.876250051893294
legacy,2,a_N100_V3+3D,4.959666985087097
legacy,2,a_N100_V3+3D,5.367667065002024
legacy,2,a_N100_V3+3D,4.881542059592903
legacy,2,a_N100_V3+3D,4.882625071331859
legacy,2,a_N100_V3+3D,4.929833929054439
legacy,2,a_N100_V3+3D,4.892749944701791
legacy,2,a_N100_V3+3D,4.8767500557005405
legacy,2,a_N100_V3+3D,4.880041931755841
legacy,2,a_N100_V3+3D,4.9034589901566505
legacy,2,a_N100_V3+3D,5.797958001494408
legacy,2,a_N100_V3+3D,5.385583965107799
legacy,2,a_N100_V3+3D,5.028708023019135
legacy,2,a_N100_V3+3D,5.092000006698072
legacy,2,a_N100_V3+3D,6.120083038695157
legacy,2,a_N100_V3+3D,5.456374958157539
legacy,2,a_N100_V3+3D,5.519708036445081
legacy,2,a_N100_V3+3D,5.340749979950488
legacy,2,a_N100_V3+3D,5.371083039790392
legacy,2,a_N100_V3+3D,5.34633407369256
legacy,2,a_N100_V3+3D,5.346250021830201
legacy,2,a_N100_V3+3D,5.355708999559283
legacy,2,a_N100_V3+3D,5.347084021195769
legacy,2,a_N100_V3+3D,5.335292080417275
legacy,2,a_N100_V3+3D,5.37054194137454
legacy,2,a_N100_V3+3D,5.3211660124361515
legacy,2,a_N100_V3+3D,5.336707923561335
legacy,2,a_N100_V3+3D,5.308249965310097
legacy,2,a_N100_V3+3D,5.337542039342225
legacy,2,a_N100_V3+3D,5.352749954909086
legacy,2,a_N100_V3+3D,5.314082955010235
legacy,2,a_N100_V3+3D,5.313250003382564
legacy,2,a_N100_V3+3D,5.320292082615197
legacy,2,a_N100_V3+3D,5.2867920603603125
legacy,2,a_N100_V3+3D,5.3943340899422765
legacy,2,a_N100_V3+3D,5.329124978743494
legacy,2,a_N100_V3+3D,5.331792053766549
legacy,2,a_N100_V3+3D,5.320417112670839
legacy,2,a_N100_V3+3D,5.357167101465166
legacy,2,a_N100_V3+3D,5.328250001184642
legacy,2,a_N100_V3+3D,5.38945896551013
legacy,2,a_N100_V3+3D,5.318916984833777
legacy,2,a_N100_V3+3D,5.94458298292011
legacy,2,a_N100_V3+3D,5.51299995277077
legacy,2,a_N100_V3+3D,5.475500016473234
legacy,2,a_N100_V3+3D,5.443790927529335
legacy,2,a_N100_V3+3D,5.370083963498473
legacy,2,a_N100_V3+3D,5.3968330612406135
legacy,2,a_N100_V3+3D,5.388207966461778
legacy,2,a_N100_V3+3D,5.372459068894386
legacy,2,a_N100_V3+3D,5.389666999690235
legacy,2,a_N100_V3+3D,5.371749983169138
legacy,2,a_N100_V3+3D,5.358084104955196
legacy,2,a_N100_V3+3D,5.328625091351569
legacy,2,a_N100_V3+3D,5.3197500528767705
legacy,2,a_N100_V3+3D,5.338000017218292
legacy,2,a_N100_V3+3D,5.355707951821387
legacy,2,a_N100_V3+3D,5.412708036601543
legacy,2,a_N100_V3+3D,5.572040914557874
legacy,2,a_N100_V3+3D,5.396874970756471
legacy,2,a_N100_V3+3D,5.340958014130592
legacy,2,a_N100_V3+3D,5.367584060877562
legacy,2,a_N100_V3+3D,5.356167093850672
legacy,2,a_N100_V3+3D,5.374375032261014
legacy,2,a_N100_V3+3D,5.331917083822191
legacy,2,a_N100_V3+3D,5.512916017323732
legacy,2,a_N100_V3+3D,5.3486250108107924
legacy,2,a_N100_V3+3D,5.318000097759068
legacy,2,a_N100_V3+3D,5.310000036843121
legacy,2,a_N100_V3+3D,5.3451251005753875
legacy,2,a_N100_V3+3D,5.3262090077623725
legacy,2,a_N100_V3+3D,5.332125001586974
legacy,2,a_N100_V3+3D,5.418832995928824
legacy,2,a_N100_V3+3D,5.326582933776081
legacy,2,a_N100_V3+3D,5.815290962345898
legacy,2,a_N100_V3+3D,5.053250002674758
legacy,2,a_N100_V3+3D,5.2484170300886035
legacy,2,a_N100_V3+3D,4.997833049856126
legacy,2,a_N100_V3+3D,5.1169169601053
legacy,2,a_N100_V3+3D,5.059833987616003
legacy,2,a_N100_V3+3D,5.082332994788885
legacy,2,a_N100_V3+3D,4.948833025991917
legacy,2,a_N100_V3+3D,5.06108405534178
legacy,2,a_N100_V3+3D,4.928666050545871
legacy,2,a_N100_V3+3D,5.08216698653996
legacy,2,a_N100_V3+3D,5.003041937015951
legacy,2,a_N100_V3+3D,5.028082989156246
legacy,2,a_N100_V3+3D,5.034000030718744
legacy,2,a_N100_V3+3D,5.040457937866449
legacy,2,a_N100_V3+3D,4.951415932737291
legacy,2,a_N100_V3+3D,5.026416969485581
legacy,2,a_N100_V3+3D,5.066792014986277
legacy,2,a_N100_V3+3D,5.039040930569172
legacy,2,a_N100_V3+3D,4.947958048433065
legacy,2,a_N100_V3+3D,5.039624986238778
legacy,2,a_N100_V3+3D,5.050917039625347
legacy,2,a_N100_V3+3D,4.944375017657876
legacy,2,a_N100_V3+3D,5.061125033535063
legacy,2,a_N100_V3+3D,5.0688330084085464
legacy,2,a_N100_V3+3D,4.964082967489958
legacy,2,a_N100_V3+3D,5.100749898701906
legacy,2,a_N100_V3+3D,5.0629168981686234
legacy,2,a_N100_V3+3D,5.049541941843927
legacy,2,a_N100_V3+3D,4.96983400080353
legacy,2,a_N100_V3+3D,5.054375040344894
legacy,2,a_N100_V3+3D,5.00062492210418
legacy,2,a_N100_V3+3D,5.066541023552418
legacy,2,a_N100_V3+3D,4.915041965432465
legacy,2,a_N100_V3+3D,5.0428330432623625
legacy,2,a_N100_V3+3D,4.916709032841027
legacy,2,a_N100_V3+3D,5.092083010822535
legacy,2,a_N100_V3+3D,5.010833032429218
legacy,2,a_N100_V3+3D,5.682124989107251
legacy,2,a_N100_V3+3D,5.179041065275669
legacy,2,a_N100_V3+3D,5.170415970496833
legacy,2,a_N100_V3+3D,5.120708025060594
legacy,2,a_N100_V3+3D,5.1322500221431255
legacy,2,a_N100_V3+3D,5.106374970637262
legacy,2,a_N100_V3+3D,5.1372089656069875
legacy,2,a_N100_V3+3D,4.944875021465123
legacy,2,a_N100_V3+3D,4.965457948856056
legacy,2,a_N100_V3+3D,4.99229202978313
legacy,2,a_N100_V3+3D,5.0282919546589255
legacy,2,a_N100_V3+3D,5.0710419891402125
legacy,2,a_N100_V3+3D,5.090084043331444
legacy,2,a_N100_V3+3D,5.714833037927747
legacy,2,a_N100_V3+3D,5.167584051378071
legacy,2,a_N100_V3+3D,5.26466709561646
legacy,2,a_N100_V3+3D,5.121540976688266
legacy,2,a_N100_V3+3D,5.043292068876326
legacy,2,a_N100_V3+3D,5.07783389184624
legacy,2,a_N100_V3+3D,5.370041937567294
legacy,2,a_N100_V3+3D,5.160875036381185
legacy,2,a_N100_V3+3D,5.110999918542802
legacy,2,a_N100_V3+3D,6.205042009241879
legacy,2,a_N100_V3+3D,5.537500022910535
legacy,2,a_N100_V3+3D,5.575374932959676
legacy,2,a_N100_V3+3D,5.596374976448715
legacy,2,a_N100_V3+3D,5.390124977566302
legacy,2,a_N100_V3+3D,5.444791982881725
legacy,2,a_N100_V3+3D,5.46687503810972
legacy,2,a_N100_V3+3D,5.468083079904318
legacy,2,a_N100_V3+3D,5.440417095087469
legacy,2,a_N100_V3+3D,5.389583064243197
legacy,2,a_N100_V3+3D,5.419542081654072
legacy,2,a_N100_V3+3D,5.421791924163699
legacy,2,a_N100_V3+3D,5.400916910730302
legacy,2,a_N100_V3+3D,5.473457975313067
legacy,2,a_N100_V3+3D,5.422084010206163
legacy,2,a_N100_V3+3D,5.459500011056662
legacy,2,a_N100_V3+3D,5.388166988268495
legacy,2,a_N100_V3+3D,5.408541997894645
legacy,2,a_N100_V3+3D,5.38179196882993
legacy,2,a_N100_V3+3D,5.438333027996123
legacy,2,a_N100_V3+3D,5.375750013627112
legacy,2,a_N100_V3+3D,5.38329198025167
legacy,2,a_N100_V3+3D,5.401666043326259
legacy,2,a_N100_V3+3D,5.592250032350421
legacy,2,a_N100_V3+3D,5.776458070613444
legacy,2,a_N100_V3+3D,5.428083008155227
legacy,2,a_N100_V3+3D,5.438083899207413
legacy,2,a_N100_V3+3D,5.39316690992564
legacy,2,a_N100_V3+3D,5.452374927699566
legacy,2,a_N100_V3+3D,5.401875008828938
legacy,2,a_N100_V3+3D,5.355749977752566
legacy,2,a_N100_V3+3D,5.371624953113496
legacy,2,a_N100_V3+3D,5.358541966415942
legacy,2,a_N100_V3+3D,5.403041956014931
legacy,2,a_N100_V3+3D,5.368332960642874
legacy,2,a_N100_V3+3D,5.423499969765544
legacy,2,a_N100_V3+3D,5.394458072260022
legacy,2,a_N100_V3+3D,5.375124979764223
legacy,2,a_N100_V3+3D,5.3367920918390155
legacy,2,a_N100_V3+3D,5.430541001260281
legacy,2,a_N100_V3+3D,5.38616708945483
legacy,2,a_N100_V3+3D,5.376208922825754
legacy,2,a_N100_V3+3D,5.34399994648993
legacy,2,a_N100_V3+3D,5.356999929063022
legacy,2,a_N100_V3+3D,5.356999929063022
legacy,2,a_N100_V3+3D,5.296832998283207
legacy,2,a_N100_V3+3D,5.366374971345067
legacy,2,a_N100_V3+3D,5.427667056210339
legacy,2,a_N100_V3+3D,5.342083051800728
legacy,2,a_N100_V3+3D,5.342707969248295
legacy,2,a_N100_V3+3D,5.386709002777934
legacy,2,a_N100_V3+3D,5.367708043195307
legacy,2,a_N100_V3+3D,5.353457992896438
legacy,2,a_N100_V3+3D,5.395042011514306
legacy,2,a_N100_V3+3D,5.3500409703701735
legacy,2,a_N100_V3+3D,5.343583063222468
legacy,2,a_N100_V3+3D,5.436208914034069
legacy,2,a_N100_V3+3D,5.397583008743823
legacy,2,a_N100_V3+3D,5.43825002387166
legacy,2,a_N100_V3+3D,5.329374922439456
legacy,2,a_N100_V3+3D,5.746250040829182
legacy,2,a_N100_V3+3D,5.044542020186782
legacy,2,a_N100_V3+3D,5.106917000375688
legacy,2,a_N100_V3+3D,5.003708996810019
legacy,2,a_N100_V3+3D,4.986791987903416
legacy,2,a_N100_V3+3D,4.970916896127164
legacy,2,a_N100_V3+3D,4.961833939887583
legacy,2,a_N100_V3+3D,4.937666933983564
legacy,2,a_N100_V3+3D,4.9345409497618675
legacy,2,a_N100_V3+3D,4.952625022269785
legacy,2,a_N100_V3+3D,4.954374977387488
legacy,2,a_N100_V3+3D,4.933624994009733
legacy,2,a_N100_V3+3D,4.9092089757323265
legacy,2,a_N100_V3+3D,4.909000010229647
legacy,2,a_N100_V3+3D,4.91358304861933
legacy,2,a_N100_V3+3D,4.950000089593232
legacy,2,a_N100_V3+3D,4.9055420095101
legacy,2,a_N100_V3+3D,4.934833035804331
legacy,2,a_N100_V3+3D,4.944333923049271
legacy,2,a_N100_V3+3D,4.917999962344766
legacy,2,a_N100_V3+3D,4.952082992531359
legacy,2,a_N100_V3+3D,4.931416944600642
legacy,2,a_N100_V3+3D,4.91374998819083
legacy,2,a_N100_V3+3D,4.931541974656284
legacy,2,a_N100_V3+3D,4.915333003737032
legacy,2,a_N100_V3+3D,4.937667050398886
legacy,2,a_N100_V3+3D,4.965582978911698
legacy,2,a_N100_V3+3D,5.0157500663772225
legacy,2,a_N100_V3+3D,4.980584024451673
legacy,2,a_N100_V3+3D,4.931458039209247
legacy,2,a_N100_V3+3D,4.919875063933432
legacy,2,a_N100_V3+3D,4.911500029265881
legacy,2,a_N100_V3+3D,4.942583036608994
legacy,2,a_N100_V3+3D,4.889959003776312
legacy,2,a_N100_V3+3D,4.916708916425705
legacy,2,a_N100_V3+3D,4.916832898743451
legacy,2,a_N100_V3+3D,4.977624979801476
legacy,2,a_N100_V3+3D,4.925500019453466
legacy,2,a_N100_V3+3D,4.932957934215665
legacy,2,a_N100_V3+3D,4.9464589683339
legacy,2,a_N100_V3+3D,4.9204169772565365
legacy,2,a_N100_V3+3D,4.922290914691985
legacy,2,a_N100_V3+3D,4.905082983896136
legacy,2,a_N100_V3+3D,4.91991697344929
legacy,2,a_N100_V3+3D,4.974625073373318
legacy,2,a_N100_V3+3D,4.962584003806114
legacy,2,a_N100_V3+3D,4.930042079649866
legacy,2,a_N100_V3+3D,4.953083000145853
legacy,2,a_N100_V3+3D,4.911250085569918
legacy,2,a_N100_V3+3D,4.902624990791082
legacy,2,a_N100_V3+3D,4.932124982587993
legacy,2,a_N100_V3+3D,4.9120839685201645
legacy,2,a_N100_V3+3D,4.923666943795979
legacy,2,a_N100_V3+3D,4.913582932204008
legacy,2,a_N100_V3+3D,4.965791944414377
legacy,2,a_N100_V3+3D,4.910249961540103
legacy,2,a_N100_V3+3D,4.90758300293237
legacy,2,a_N100_V3+3D,5.1648750668391585
legacy,2,a_N100_V3+3D,5.001334007829428
legacy,2,a_N100_V3+3D,4.944458021782339
legacy,2,a_N100_V3+3D,6.081625004298985
legacy,2,a_N100_V3+3D,5.3993340115994215
legacy,2,a_N100_V3+3D,5.518542020581663
legacy,2,a_N100_V3+3D,5.371375009417534
legacy,2,a_N100_V3+3D,5.382959032431245
legacy,2,a_N100_V3+3D,5.319040967151523
legacy,2,a_N100_V3+3D,5.341833923012018
legacy,2,a_N100_V3+3D,5.323542049154639
legacy,2,a_N100_V3+3D,5.351582891307771
legacy,2,a_N100_V3+3D,5.321458913385868
legacy,2,a_N100_V3+3D,5.314250010997057
legacy,2,a_N100_V3+3D,5.32512494828552
legacy,2,a_N100_V3+3D,5.307083949446678
legacy,2,a_N100_V3+3D,5.298458971083164
legacy,2,a_N100_V3+3D,5.3034169832244515
legacy,2,a_N100_V3+3D,5.329334060661495
legacy,2,a_N100_V3+3D,5.275084055028856
legacy,2,a_N100_V3+3D,5.277958000078797
legacy,2,a_N100_V3+3D,5.330750020220876
legacy,2,a_N100_V3+3D,5.2805839804932475
legacy,2,a_N100_V3+3D,5.290042026899755
legacy,2,a_N100_V3+3D,5.283499951474369
legacy,2,a_N100_V3+3D,5.26966608595103
legacy,2,a_N100_V3+3D,5.286665982566774
legacy,2,a_N100_V3+3D,5.373916937969625
legacy,2,a_N100_V3+3D,5.295792012475431
legacy,2,a_N100_V3+3D,5.333625013008714
legacy,2,a_N100_V3+3D,5.374707980081439
legacy,2,a_N100_V3+3D,5.323459045030177
legacy,2,a_N100_V3+3D,5.294500035233796
legacy,2,a_N100_V3+3D,6.042500026524067
legacy,2,a_N100_V3+3D,5.294166039675474
legacy,2,a_N100_V3+3D,5.302333040162921
legacy,2,a_N100_V3+3D,5.283290985971689
legacy,2,a_N100_V3+3D,5.367209087125957
legacy,2,a_N100_V3+3D,5.251125083304942
legacy,2,a_N100_V3+3D,5.33799990080297
legacy,2,a_N100_V3+3D,5.2885840414091945
legacy,2,a_N100_V3+3D,5.418166983872652
legacy,2,a_N100_V3+3D,5.271832924336195
legacy,2,a_N100_V3+3D,5.343041964806616
legacy,2,a_N100_V3+3D,5.30591607093811
legacy,2,a_N100_V3+3D,5.298250005580485
legacy,2,a_N100_V3+3D,5.3203749703243375
legacy,2,a_N100_V3+3D,5.286208004690707
legacy,2,a_N100_V3+3D,5.306000006385148
legacy,2,a_N100_V3+3D,5.304125021211803
legacy,2,a_N100_V3+3D,5.328917060978711
legacy,2,a_N100_V3+3D,5.297417053952813
legacy,2,a_N100_V3+3D,5.270250025205314
legacy,2,a_N100_V3+3D,5.320875090546906
legacy,2,a_N100_V3+3D,5.282666999846697
legacy,2,a_N100_V3+3D,5.289959022775292
legacy,2,a_N100_V3+3D,5.2859579445794225
legacy,2,a_N100_V3+3D,5.276083014905453
legacy,2,a_N100_V3+3D,5.270708934403956
legacy,2,a_N100_V3+3D,5.378125002607703
legacy,2,a_N100_V3+3D,5.360375042073429
legacy,2,a_N100_V3+3D,5.533459014259279
legacy,2,a_N100_V3+3D,5.286750034429133
legacy,2,a_N100_V3+3D,5.787875037640333
legacy,2,a_N100_V3+3D,5.126708070747554
legacy,2,a_N100_V3+3D,5.223417072556913
legacy,2,a_N100_V3+3D,5.111999926157296
legacy,2,a_N100_V3+3D,5.044208955951035
legacy,2,a_N100_V3+3D,5.030374974012375
legacy,2,a_N100_V3+3D,5.08529192302376
legacy,2,a_N100_V3+3D,5.047707934863865
legacy,2,a_N100_V3+3D,5.027625011280179
legacy,2,a_N100_V3+3D,5.049583967775106
legacy,2,a_N100_V3+3D,4.991124966181815
legacy,2,a_N100_V3+3D,5.0307079218328
legacy,2,a_N100_V3+3D,4.994334070943296
legacy,2,a_N100_V3+3D,5.020375014282763
legacy,2,a_N100_V3+3D,5.016250070184469
legacy,2,a_N100_V3+3D,5.117083084769547
legacy,2,a_N100_V3+3D,4.996458999812603
legacy,2,a_N100_V3+3D,5.0272910157218575
legacy,2,a_N100_V3+3D,4.978833021596074
legacy,2,a_N100_V3+3D,4.999916069209576
legacy,2,a_N100_V3+3D,4.977374919690192
legacy,2,a_N100_V3+3D,5.046500009484589
legacy,2,a_N100_V3+3D,5.600457894615829
legacy,2,a_N100_V3+3D,5.1527919713407755
legacy,2,a_N100_V3+3D,5.045416997745633
legacy,2,a_N100_V3+3D,5.020792013965547
legacy,2,a_N100_V3+3D,5.070457933470607
legacy,2,a_N100_V3+3D,5.101124988868833
legacy,2,a_N100_V3+3D,5.001708981581032
legacy,2,a_N100_V3+3D,5.0576659850776196
legacy,2,a_N100_V3+3D,5.43320900760591
legacy,2,a_N100_V3+3D,5.1347920671105385
legacy,2,a_N100_V3+3D,5.104792071506381
legacy,2,a_N100_V3+3D,5.035624955780804
legacy,2,a_N100_V3+3D,5.065916921012104
legacy,2,a_N100_V3+3D,5.033916910178959
legacy,2,a_N100_V3+3D,5.06645895075053
legacy,2,a_N100_V3+3D,5.043374956585467
legacy,2,a_N100_V3+3D,5.009957938455045
legacy,2,a_N100_V3+3D,5.043667042627931
legacy,2,a_N100_V3+3D,4.973749979399145
legacy,2,a_N100_V3+3D,5.060374969616532
legacy,2,a_N100_V3+3D,5.0275829853489995
legacy,2,a_N100_V3+3D,4.99545899219811
legacy,2,a_N100_V3+3D,4.986250074580312
legacy,2,a_N100_V3+3D,5.025792052038014
legacy,2,a_N100_V3+3D,5.466792033985257
legacy,2,a_N100_V3+3D,5.223583080805838
legacy,2,a_N100_V3+3D,5.111583974212408
legacy,2,a_N100_V3+3D,5.106124910525978
legacy,2,a_N100_V3+3D,5.052874912507832
legacy,2,a_N100_V3+3D,5.05708297714591
legacy,2,a_N100_V3+3D,5.023499950766563
legacy,2,a_N100_V3+3D,5.108707933686674
legacy,2,a_N100_V3+3D,5.018959054723382
legacy,2,a_N100_V3+3D,5.057874950580299
legacy,2,a_N100_V3+3D,4.9859159626066685
legacy,2,a_N100_V3+3D,5.335457972250879
legacy,2,a_N100_V3+3D,5.033291061408818
legacy,2,a_N100_V3+3D,5.063874996267259
legacy,2,a_N100_V3+3D,6.274541956372559
legacy,2,a_N100_V3+3D,5.393875064328313
legacy,2,a_N100_V3+3D,5.6764999171718955
legacy,2,a_N100_V3+3D,5.528624984435737
legacy,2,a_N100_V3+3D,5.490500014275312
legacy,2,a_N100_V3+3D,5.403583985753357
legacy,2,a_N100_V3+3D,5.35454205237329
legacy,2,a_N100_V3+3D,5.47600002028048
legacy,2,a_N100_V3+3D,5.508834030479193
legacy,2,a_N100_V3+3D,5.357541027478874
legacy,2,a_N100_V3+3D,5.461583030410111
legacy,2,a_N100_V3+3D,5.362875061109662
legacy,2,a_N100_V3+3D,5.433000042103231
legacy,2,a_N100_V3+3D,5.397083004936576
legacy,2,a_N100_V3+3D,5.493999924510717
legacy,2,a_N100_V3+3D,5.367999896407127
legacy,2,a_N100_V3+3D,5.957458051852882
legacy,2,a_N100_V3+3D,5.527750006876886
legacy,2,a_N100_V3+3D,5.5151249980553985
legacy,2,a_N100_V3+3D,5.343166994862258
legacy,2,a_N100_V3+3D,5.487542017363012
legacy,2,a_N100_V3+3D,5.361375049687922
legacy,2,a_N100_V3+3D,5.478917038999498
legacy,2,a_N100_V3+3D,5.462625063955784
legacy,2,a_N100_V3+3D,5.447917035780847
legacy,2,a_N100_V3+3D,5.340792005881667
legacy,2,a_N100_V3+3D,5.521042039617896
legacy,2,a_N100_V3+3D,5.526334047317505
legacy,2,a_N100_V3+3D,5.447333096526563
legacy,2,a_N100_V3+3D,5.438291933387518
legacy,2,a_N100_V3+3D,5.434624967165291
legacy,2,a_N100_V3+3D,5.343249998986721
legacy,2,a_N100_V3+3D,5.475707934238017
legacy,2,a_N100_V3+3D,5.468374933116138
legacy,2,a_N100_V3+3D,5.435541970655322
legacy,2,a_N100_V3+3D,5.3012080024927855
legacy,2,a_N100_V3+3D,5.666458047926426
legacy,2,a_N100_V3+3D,5.374582950025797
legacy,2,a_N100_V3+3D,5.497417063452303
legacy,2,a_N100_V3+3D,5.49337500706315
legacy,2,a_N100_V3+3D,5.47137507237494
legacy,2,a_N100_V3+3D,5.3085420513525605
legacy,2,a_N100_V3+3D,5.421167006716132
legacy,2,a_N100_V3+3D,5.410750047303736
legacy,2,a_N100_V3+3D,5.462124943733215
legacy,2,a_N100_V3+3D,5.374207976274192
legacy,2,a_N100_V3+3D,5.319625022821128
legacy,2,a_N100_V3+3D,5.342209013178945
legacy,2,a_N100_V3+3D,5.451082950457931
legacy,2,a_N100_V3+3D,5.418166983872652
legacy,2,a_N100_V3+3D,5.939166992902756
legacy,2,a_N100_V3+3D,5.436499952338636
legacy,2,a_N100_V3+3D,5.514415912330151
legacy,2,a_N100_V3+3D,5.519917001947761
legacy,2,a_N100_V3+3D,5.478749983012676
legacy,2,a_N100_V3+3D,5.399208050221205
legacy,2,a_N100_V3+3D,5.485625006258488
legacy,2,a_N100_V3+3D,5.400791997089982
legacy,2,a_N100_V3+3D,5.454958067275584
legacy,2,a_N100_V3+3D,5.432624951936305
legacy,2,a_N100_V3+3D,5.753959063440561
legacy,2,a_N100_V3+3D,5.08833397179842
legacy,2,a_N100_V3+3D,5.165249924175441
legacy,2,a_N100_V3+3D,5.10291603859514
legacy,2,a_N100_V3+3D,5.037875031121075
legacy,2,a_N100_V3+3D,5.03058300819248
legacy,2,a_N100_V3+3D,4.951042006723583
legacy,2,a_N100_V3+3D,5.042457953095436
legacy,2,a_N100_V3+3D,5.01095806248486
legacy,2,a_N100_V3+3D,5.025667021982372
legacy,2,a_N100_V3+3D,4.988375003449619
legacy,2,a_N100_V3+3D,4.994458053261042
legacy,2,a_N100_V3+3D,4.994833958335221
legacy,2,a_N100_V3+3D,4.991458961740136
legacy,2,a_N100_V3+3D,4.959749989211559
legacy,2,a_N100_V3+3D,4.9501670291647315
legacy,2,a_N100_V3+3D,4.990416928194463
legacy,2,a_N100_V3+3D,4.920625011436641
legacy,2,a_N100_V3+3D,4.9178749322891235
legacy,2,a_N100_V3+3D,4.881375003606081
legacy,2,a_N100_V3+3D,4.908167058601975
legacy,2,a_N100_V3+3D,4.936167038977146
legacy,2,a_N100_V3+3D,4.925915971398354
legacy,2,a_N100_V3+3D,4.915917059406638
legacy,2,a_N100_V3+3D,4.916292033158243
legacy,2,a_N100_V3+3D,4.926000023260713
legacy,2,a_N100_V3+3D,4.961000056937337
legacy,2,a_N100_V3+3D,4.921875079162419
legacy,2,a_N100_V3+3D,4.975749994628131
legacy,2,a_N100_V3+3D,4.978916957043111
legacy,2,a_N100_V3+3D,4.938208963721991
legacy,2,a_N100_V3+3D,4.946041968651116
legacy,2,a_N100_V3+3D,4.962541977874935
legacy,2,a_N100_V3+3D,4.955874988809228
legacy,2,a_N100_V3+3D,4.919499973766506
legacy,2,a_N100_V3+3D,4.999166005291045
legacy,2,a_N100_V3+3D,4.959332989528775
legacy,2,a_N100_V3+3D,4.95904206763953
legacy,2,a_N100_V3+3D,4.9226670525968075
legacy,2,a_N100_V3+3D,5.623916978947818
legacy,2,a_N100_V3+3D,4.964417079463601
legacy,2,a_N100_V3+3D,4.943415988236666
legacy,2,a_N100_V3+3D,4.962125094607472
legacy,2,a_N100_V3+3D,4.945208900608122
legacy,2,a_N100_V3+3D,4.92304190993309
legacy,2,a_N100_V3+3D,4.9664590042084455
legacy,2,a_N100_V3+3D,4.904584027826786
legacy,2,a_N100_V3+3D,4.958582925610244
legacy,2,a_N100_V3+3D,4.9327920423820615
legacy,2,a_N100_V3+3D,4.964209045283496
legacy,2,a_N100_V3+3D,4.956332966685295
legacy,2,a_N100_V3+3D,4.964500083588064
legacy,2,a_N100_V3+3D,4.91975003387779
legacy,2,a_N100_V3+3D,4.923708038404584
legacy,2,a_N100_V3+3D,4.908957984298468
legacy,2,a_N100_V3+3D,4.935000091791153
legacy,2,a_N100_V3+3D,5.068458034656942
legacy,2,a_N100_V3+3D,5.214791977778077
legacy,2,a_N100_V3+3D,4.953833995386958
legacy,2,a_N100_V3+3D,4.966416978277266
legacy,2,a_N100_V3+3D,6.067542009986937
legacy,2,a_N100_V3+3D,5.373833002522588
legacy,2,a_N100_V3+3D,5.432208999991417
legacy,2,a_N100_V3+3D,5.320208030752838
legacy,2,a_N100_V3+3D,5.297292023897171
legacy,2,a_N100_V3+3D,5.306834005750716
legacy,2,a_N100_V3+3D,5.316624999977648
legacy,2,a_N100_V3+3D,5.2994170691818
legacy,2,a_N100_V3+3D,5.303583922795951
legacy,2,a_N100_V3+3D,5.299000069499016
legacy,2,a_N100_V3+3D,5.288582993671298
legacy,2,a_N100_V3+3D,5.290249944664538
legacy,2,a_N100_V3+3D,5.296957911923528
legacy,2,a_N100_V3+3D,5.280624958686531
legacy,2,a_N100_V3+3D,5.272291949950159
legacy,2,a_N100_V3+3D,5.332208005711436
legacy,2,a_N100_V3+3D,5.34249993506819
legacy,2,a_N100_V3+3D,5.2668750286102295
legacy,2,a_N100_V3+3D,5.265582934953272
legacy,2,a_N100_V3+3D,5.280375014990568
legacy,2,a_N100_V3+3D,5.273416987620294
legacy,2,a_N100_V3+3D,5.282624973915517
legacy,2,a_N100_V3+3D,5.270458059385419
legacy,2,a_N100_V3+3D,5.287624895572662
legacy,2,a_N100_V3+3D,5.226750043220818
legacy,2,a_N100_V3+3D,5.26312505826354
legacy,2,a_N100_V3+3D,5.3460829658433795
legacy,2,a_N100_V3+3D,5.275915958918631
legacy,2,a_N100_V3+3D,5.245083011686802
legacy,2,a_N100_V3+3D,5.260417005047202
legacy,2,a_N100_V3+3D,5.270292051136494
legacy,2,a_N100_V3+3D,5.258999997749925
legacy,2,a_N100_V3+3D,5.250083049759269
legacy,2,a_N100_V3+3D,5.254582967609167
legacy,2,a_N100_V3+3D,5.252000060863793
legacy,2,a_N100_V3+3D,5.273709073662758
legacy,2,a_N100_V3+3D,5.297375028021634
legacy,2,a_N100_V3+3D,5.259542027488351
legacy,2,a_N100_V3+3D,5.2747499430552125
legacy,2,a_N100_V3+3D,5.258499993942678
legacy,2,a_N100_V3+3D,5.244458094239235
legacy,2,a_N100_V3+3D,5.2657920168712735
legacy,2,a_N100_V3+3D,5.9114579344168305
legacy,2,a_N100_V3+3D,5.267667002044618
legacy,2,a_N100_V3+3D,5.241667036898434
legacy,2,a_N100_V3+3D,5.253999959677458
legacy,2,a_N100_V3+3D,5.249332985840738
legacy,2,a_N100_V3+3D,5.276334006339312
legacy,2,a_N100_V3+3D,5.247624940238893
legacy,2,a_N100_V3+3D,5.276332958601415
legacy,2,a_N100_V3+3D,5.260084057226777
legacy,2,a_N100_V3+3D,5.259208031930029
legacy,2,a_N100_V3+3D,5.266666994430125
legacy,2,a_N100_V3+3D,5.260625039227307
legacy,2,a_N100_V3+3D,5.281249992549419
legacy,2,a_N100_V3+3D,5.277832970023155
legacy,2,a_N100_V3+3D,5.302084027789533
legacy,2,a_N100_V3+3D,5.330457934178412
legacy,2,a_N100_V3+3D,5.273708025924861
legacy,2,a_N100_V3+3D,5.242165992967784
legacy,2,a_N100_V3+3D,5.664791911840439
legacy,2,a_N100_V3+3D,5.008332896977663
legacy,2,a_N100_V3+3D,5.095083964988589
legacy,2,a_N100_V3+3D,4.949750029481947
legacy,2,a_N100_V3+3D,5.063165910542011
legacy,2,a_N100_V3+3D,5.457625025883317
legacy,2,a_N100_V3+3D,5.353291984647512
legacy,2,a_N100_V3+3D,5.04945800639689
legacy,2,a_N100_V3+3D,5.00295904930681
legacy,2,a_N100_V3+3D,4.9860000144690275
legacy,2,a_N100_V3+3D,4.997750045731664
legacy,2,a_N100_V3+3D,4.959917045198381
legacy,2,a_N100_V3+3D,4.93466597981751
legacy,2,a_N100_V3+3D,4.931833012960851
legacy,2,a_N100_V3+3D,5.034250090830028
legacy,2,a_N100_V3+3D,4.979957942850888
legacy,2,a_N100_V3+3D,4.928499925881624
legacy,2,a_N100_V3+3D,4.921291954815388
legacy,2,a_N100_V3+3D,4.921125015243888
legacy,2,a_N100_V3+3D,4.9016670091077685
legacy,2,a_N100_V3+3D,4.963750019669533
legacy,2,a_N100_V3+3D,4.9298329977318645
legacy,2,a_N100_V3+3D,4.9160829512402415
legacy,2,a_N100_V3+3D,4.902209038846195
legacy,2,a_N100_V3+3D,4.916458041407168
legacy,2,a_N100_V3+3D,4.887916031293571
legacy,2,a_N100_V3+3D,5.1163340685889125
legacy,2,a_N100_V3+3D,4.92575007956475
legacy,2,a_N100_V3+3D,4.923625034280121
legacy,2,a_N100_V3+3D,4.919916042126715
legacy,2,a_N100_V3+3D,4.906416987068951
legacy,2,a_N100_V3+3D,4.910249961540103
legacy,2,a_N100_V3+3D,4.888416966423392
legacy,2,a_N100_V3+3D,4.895917023532093
legacy,2,a_N100_V3+3D,4.895999911241233
legacy,2,a_N100_V3+3D,4.889499978162348
legacy,2,a_N100_V3+3D,4.971249960362911
legacy,2,a_N100_V3+3D,4.914917051792145
legacy,2,a_N100_V3+3D,4.903791006654501
legacy,2,a_N100_V3+3D,4.928625072352588
legacy,2,a_N100_V3+3D,4.9700840609148145
legacy,2,a_N100_V3+3D,4.919709055684507
legacy,2,a_N100_V3+3D,4.914166056551039
legacy,2,a_N100_V3+3D,4.888833034783602
legacy,2,a_N100_V3+3D,4.899916937574744
legacy,2,a_N100_V3+3D,5.590999964624643
legacy,2,a_N100_V3+3D,4.926958936266601
legacy,2,a_N100_V3+3D,5.025208927690983
legacy,2,a_N100_V3+3D,4.895124933682382
legacy,2,a_N100_V3+3D,4.896792001090944
legacy,2,a_N100_V3+3D,4.886167007498443
legacy,2,a_N100_V3+3D,4.892457975074649
legacy,2,a_N100_V3+3D,4.907625028863549
legacy,2,a_N100_V3+3D,4.898917046375573
legacy,2,a_N100_V3+3D,4.903708002530038
legacy,2,a_N100_V3+3D,4.8864580458030105
legacy,2,a_N100_V3+3D,4.9687090795487165
legacy,2,a_N100_V3+3D,5.193665972910821
legacy,2,a_N100_V3+3D,4.937458084896207
legacy,2,a_N100_V3+3D,4.928292008116841
legacy,2,a_N100_V3+3D,6.152084097266197
legacy,2,a_N100_V3+3D,5.492291995324194
legacy,2,a_N100_V3+3D,5.559124983847141
legacy,2,a_N100_V3+3D,5.405584000982344
legacy,2,a_N100_V3+3D,5.444040987640619
legacy,2,a_N100_V3+3D,5.420416942797601
legacy,2,a_N100_V3+3D,5.367042031139135
legacy,2,a_N100_V3+3D,5.398790934123099
legacy,2,a_N100_V3+3D,5.348457954823971
legacy,2,a_N100_V3+3D,5.3928750567138195
legacy,2,a_N100_V3+3D,5.391209037043154
legacy,2,a_N100_V3+3D,5.4047920275479555
legacy,2,a_N100_V3+3D,5.358958034776151
legacy,2,a_N100_V3+3D,5.395250045694411
legacy,2,a_N100_V3+3D,5.3838330786675215
legacy,2,a_N100_V3+3D,5.395916989073157
legacy,2,a_N100_V3+3D,5.319250049069524
legacy,2,a_N100_V3+3D,5.439374945126474
legacy,2,a_N100_V3+3D,5.396916996687651
legacy,2,a_N100_V3+3D,5.392582970671356
legacy,2,a_N100_V3+3D,5.370041937567294
legacy,2,a_N100_V3+3D,5.405667005106807
legacy,2,a_N100_V3+3D,5.411916994489729
legacy,2,a_N100_V3+3D,5.396208027377725
legacy,2,a_N100_V3+3D,5.3623749408870935
legacy,2,a_N100_V3+3D,5.391624988988042
legacy,2,a_N100_V3+3D,5.493332981131971
legacy,2,a_N100_V3+3D,5.363250034861267
legacy,2,a_N100_V3+3D,5.373167106881738
legacy,2,a_N100_V3+3D,5.368791986256838
legacy,2,a_N100_V3+3D,5.330541986040771
legacy,2,a_N100_V3+3D,5.366583936847746
legacy,2,a_N100_V3+3D,5.358499940484762
legacy,2,a_N100_V3+3D,5.3709999192506075
legacy,2,a_N100_V3+3D,5.3710839711129665
legacy,2,a_N100_V3+3D,5.372375017032027
legacy,2,a_N100_V3+3D,5.375792039558291
legacy,2,a_N100_V3+3D,5.382749950513244
legacy,2,a_N100_V3+3D,5.341458017937839
legacy,2,a_N100_V3+3D,5.351708037778735
legacy,2,a_N100_V3+3D,5.381125025451183
legacy,2,a_N100_V3+3D,5.385583033785224
legacy,2,a_N100_V3+3D,5.358290974982083
legacy,2,a_N100_V3+3D,5.4602090967819095
legacy,2,a_N100_V3+3D,5.393040948547423
legacy,2,a_N100_V3+3D,5.36458392161876
legacy,2,a_N100_V3+3D,5.384583957493305
legacy,2,a_N100_V3+3D,5.451416014693677
legacy,2,a_N100_V3+3D,5.512209027074277
legacy,2,a_N100_V3+3D,5.3854999132454395
legacy,2,a_N100_V3+3D,5.338374990969896
legacy,2,a_N100_V3+3D,5.377584020607173
legacy,2,a_N100_V3+3D,5.370624945499003
legacy,2,a_N100_V3+3D,5.377416964620352
legacy,2,a_N100_V3+3D,5.330582964234054
legacy,2,a_N100_V3+3D,5.369708058424294
legacy,2,a_N100_V3+3D,5.885915947146714
legacy,2,a_N100_V3+3D,5.445874994620681
legacy,2,a_N100_V3+3D,5.350250052288175
legacy,2,a_N100_V3+3D,5.366083001717925
legacy,2,a_N100_V3+3D,5.708958022296429
legacy,2,a_N100_V3+3D,5.034458008594811
legacy,2,a_N100_V3+3D,5.126417032442987
legacy,2,a_N100_V3+3D,4.982832935638726
legacy,2,a_N100_V3+3D,4.985749954357743
legacy,2,a_N100_V3+3D,4.97054192237556
legacy,2,a_N100_V3+3D,4.978957935236394
legacy,2,a_N100_V3+3D,4.971957998350263
legacy,2,a_N100_V3+3D,4.945917055010796
legacy,2,a_N100_V3+3D,4.96270798612386
legacy,2,a_N100_V3+3D,4.966499982401729
legacy,2,a_N100_V3+3D,4.948417074047029
legacy,2,a_N100_V3+3D,4.950458067469299
legacy,2,a_N100_V3+3D,4.950125003233552
legacy,2,a_N100_V3+3D,4.91004204377532
legacy,2,a_N100_V3+3D,4.955708049237728
legacy,2,a_N100_V3+3D,4.908417002297938
legacy,2,a_N100_V3+3D,4.966416978277266
legacy,2,a_N100_V3+3D,4.9331249902024865
legacy,2,a_N100_V3+3D,4.921999992802739
legacy,2,a_N100_V3+3D,5.428417003713548
legacy,2,a_N100_V3+3D,5.122208036482334
legacy,2,a_N100_V3+3D,5.028332932852209
legacy,2,a_N100_V3+3D,5.004875012673438
legacy,2,a_N100_V3+3D,4.9905829364433885
legacy,2,a_N100_V3+3D,4.9798330292105675
legacy,2,a_N100_V3+3D,5.0131670432165265
legacy,2,a_N100_V3+3D,4.967958084307611
legacy,2,a_N100_V3+3D,4.993124981410801
legacy,2,a_N100_V3+3D,4.997375071980059
legacy,2,a_N100_V3+3D,4.971083020791411
legacy,2,a_N100_V3+3D,4.945790977217257
legacy,2,a_N100_V3+3D,4.9549160758033395
legacy,2,a_N100_V3+3D,4.973875009454787
legacy,2,a_N100_V3+3D,4.9461249727755785
legacy,2,a_N100_V3+3D,5.267250002361834
legacy,2,a_N100_V3+3D,4.994833027012646
legacy,2,a_N100_V3+3D,4.954166943207383
legacy,2,a_N100_V3+3D,4.931833944283426
legacy,2,a_N100_V3+3D,4.929207963868976
legacy,2,a_N100_V3+3D,4.940166953019798
legacy,2,a_N100_V3+3D,4.909125040285289
legacy,2,a_N100_V3+3D,4.974666982889175
legacy,2,a_N100_V3+3D,4.9099159659817815
legacy,2,a_N100_V3+3D,4.930500057525933
legacy,2,a_N100_V3+3D,4.9437080742791295
legacy,2,a_N100_V3+3D,4.937833058647811
legacy,2,a_N100_V3+3D,4.943749983794987
legacy,2,a_N100_V3+3D,4.941166960634291
legacy,2,a_N100_V3+3D,4.914082936011255
legacy,2,a_N100_V3+3D,4.965499974787235
legacy,2,a_N100_V3+3D,5.296334042213857
legacy,2,a_N100_V3+3D,4.962041974067688
legacy,2,a_N100_V3+3D,4.907333990558982
legacy,2,a_N100_V3+3D,4.948458052240312
legacy,2,a_N100_V3+3D,5.049042054452002
legacy,2,a_N100_V3+3D,4.967584041878581
legacy,2,a_N100_V3+3D,5.208041984587908
legacy,2,a_N100_V3+3D,4.963917075656354
legacy,2,a_N100_V3+3D,4.974292009137571
legacy,2,a_N100_V3+3D,6.112374947406352
legacy,2,a_N100_V3+3D,5.498667014762759
legacy,2,a_N100_V3+3D,5.483791930601001
legacy,2,a_N100_V3+3D,5.375916953198612
legacy,2,a_N100_V3+3D,5.373375024646521
legacy,2,a_N100_V3+3D,5.379667039960623
legacy,2,a_N100_V3+3D,5.331458058208227
legacy,2,a_N100_V3+3D,5.306749953888357
legacy,2,a_N100_V3+3D,5.34537504427135
legacy,2,a_N100_V3+3D,5.29637502040714
legacy,2,a_N100_V3+3D,5.335874971933663
legacy,2,a_N100_V3+3D,5.377209046855569
legacy,2,a_N100_V3+3D,5.3262910805642605
legacy,2,a_N100_V3+3D,5.31079201027751
legacy,2,a_N100_V3+3D,5.3374170092865825
legacy,2,a_N100_V3+3D,5.3613330237567425
legacy,2,a_N100_V3+3D,5.3192079067230225
legacy,2,a_N100_V3+3D,5.30462502501905
legacy,2,a_N100_V3+3D,5.284624989144504
legacy,2,a_N100_V3+3D,5.298792035318911
legacy,2,a_N100_V3+3D,5.309417028911412
legacy,2,a_N100_V3+3D,5.327749997377396
legacy,2,a_N100_V3+3D,5.283875041641295
legacy,2,a_N100_V3+3D,6.128959008492529
legacy,2,a_N100_V3+3D,5.5553329875692725
legacy,2,a_N100_V3+3D,5.537040997296572
legacy,2,a_N100_V3+3D,5.49862498883158
legacy,2,a_N100_V3+3D,5.406875046901405
legacy,2,a_N100_V3+3D,5.371875013224781
legacy,2,a_N100_V3+3D,5.438208929263055
legacy,2,a_N100_V3+3D,5.344416946172714
legacy,2,a_N100_V3+3D,5.362541996873915
legacy,2,a_N100_V3+3D,5.339582916349173
legacy,2,a_N100_V3+3D,5.359999951906502
legacy,2,a_N100_V3+3D,5.341665935702622
legacy,2,a_N100_V3+3D,5.380667047575116
legacy,2,a_N100_V3+3D,5.367000005207956
legacy,2,a_N100_V3+3D,5.421916954219341
legacy,2,a_N100_V3+3D,5.339834024198353
legacy,2,a_N100_V3+3D,5.3044999949634075
legacy,2,a_N100_V3+3D,5.293667083606124
legacy,2,a_N100_V3+3D,5.343666998669505
legacy,2,a_N100_V3+3D,5.312417051754892
legacy,2,a_N100_V3+3D,5.39545901119709
legacy,2,a_N100_V3+3D,5.316749913617969
legacy,2,a_N100_V3+3D,5.314582958817482
legacy,2,a_N100_V3+3D,5.310624954290688
legacy,2,a_N100_V3+3D,5.371249979361892
legacy,2,a_N100_V3+3D,5.319582996889949
legacy,2,a_N100_V3+3D,5.91154198627919
legacy,2,a_N100_V3+3D,5.6039170594885945
legacy,2,a_N100_V3+3D,5.380999995395541
legacy,2,a_N100_V3+3D,5.393041996285319
legacy,2,a_N100_V3+3D,5.440167034976184
legacy,2,a_N100_V3+3D,5.327166058123112
legacy,2,a_N100_V3+3D,5.379333044402301
legacy,2,a_N100_V3+3D,5.317625007592142
legacy,2,a_N100_V3+3D,5.789375049062073
legacy,2,a_N100_V3+3D,5.446208058856428
legacy,2,a_N100_V3+3D,5.420499946922064
legacy,2,a_N100_V3+3D,5.75358304195106
legacy,2,a_N100_V3+3D,5.0382079789415
legacy,2,a_N100_V3+3D,5.1227499498054385
legacy,2,a_N100_V3+3D,4.985917010344565
legacy,2,a_N100_V3+3D,5.004709004424512
legacy,2,a_N100_V3+3D,4.981125006452203
legacy,2,a_N100_V3+3D,4.9538330640643835
legacy,2,a_N100_V3+3D,4.9140420742332935
legacy,2,a_N100_V3+3D,4.908124916255474
legacy,2,a_N100_V3+3D,4.90741606336087
legacy,2,a_N100_V3+3D,4.905207897536457
legacy,2,a_N100_V3+3D,4.900083993561566
legacy,2,a_N100_V3+3D,4.900665953755379
legacy,2,a_N100_V3+3D,4.904708010144532
legacy,2,a_N100_V3+3D,4.914209013804793
legacy,2,a_N100_V3+3D,4.963790997862816
legacy,2,a_N100_V3+3D,4.890540963970125
legacy,2,a_N100_V3+3D,4.926000023260713
legacy,2,a_N100_V3+3D,4.89466602448374
legacy,2,a_N100_V3+3D,4.912749980576336
legacy,2,a_N100_V3+3D,4.8970000352710485
legacy,2,a_N100_V3+3D,4.930666065774858
legacy,2,a_N100_V3+3D,4.928708076477051
legacy,2,a_N100_V3+3D,4.911458934657276
legacy,2,a_N100_V3+3D,4.935833043418825
legacy,2,a_N100_V3+3D,4.941249964758754
legacy,2,a_N100_V3+3D,4.9551669508218765
legacy,2,a_N100_V3+3D,4.937332938425243
legacy,2,a_N100_V3+3D,4.898458020761609
legacy,2,a_N100_V3+3D,4.89283399656415
legacy,2,a_N100_V3+3D,4.9091249238699675
legacy,2,a_N100_V3+3D,4.883917048573494
legacy,2,a_N100_V3+3D,4.879291984252632
legacy,2,a_N100_V3+3D,4.88554104231298
legacy,2,a_N100_V3+3D,4.899792023934424
legacy,2,a_N100_V3+3D,4.908042028546333
legacy,2,a_N100_V3+3D,4.935709061101079
legacy,2,a_N100_V3+3D,4.917207988910377
legacy,2,a_N100_V3+3D,4.888208932243288
legacy,2,a_N100_V3+3D,4.892708035185933
legacy,2,a_N100_V3+3D,4.898832994513214
legacy,2,a_N100_V3+3D,4.928790964186192
legacy,2,a_N100_V3+3D,4.912458010949194
legacy,2,a_N100_V3+3D,4.895040998235345
legacy,2,a_N100_V3+3D,4.87900001462549
legacy,2,a_N100_V3+3D,4.886833019554615
legacy,2,a_N100_V3+3D,4.900792031548917
legacy,2,a_N100_V3+3D,4.934167023748159
legacy,2,a_N100_V3+3D,4.917999962344766
legacy,2,a_N100_V3+3D,4.863374982960522
legacy,2,a_N100_V3+3D,4.886917071416974
legacy,2,a_N100_V3+3D,4.91354102268815
legacy,2,a_N100_V3+3D,4.926249966956675
legacy,2,a_N100_V3+3D,4.902084008790553
legacy,2,a_N100_V3+3D,4.9337499076500535
legacy,2,a_N100_V3+3D,4.9385830061510205
legacy,2,a_N100_V3+3D,4.954374977387488
legacy,2,a_N100_V3+3D,5.162040935829282
legacy,2,a_N100_V3+3D,4.961333004757762
legacy,2,a_N100_V3+3D,4.947041976265609
legacy,2,a_N100_V3+3D,6.090832990594208
legacy,2,a_N100_V3+3D,5.473708966746926
legacy,2,a_N100_V3+3D,5.550167057663202
legacy,2,a_N100_V3+3D,5.466834059916437
legacy,2,a_N100_V3+3D,5.352374981157482
legacy,2,a_N100_V3+3D,5.421833018772304
legacy,2,a_N100_V3+3D,5.357416928745806
legacy,2,a_N100_V3+3D,5.5078750010579824
legacy,2,a_N100_V3+3D,5.423958064056933
legacy,2,a_N100_V3+3D,5.3833749843761325
legacy,2,a_N100_V3+3D,5.291083944030106
legacy,2,a_N100_V3+3D,5.348416976630688
legacy,2,a_N100_V3+3D,5.355208995752037
legacy,2,a_N100_V3+3D,5.366584053263068
legacy,2,a_N100_V3+3D,5.657208035700023
legacy,2,a_N100_V3+3D,5.399417015723884
legacy,2,a_N100_V3+3D,5.314707988873124
legacy,2,a_N100_V3+3D,5.343583063222468
legacy,2,a_N100_V3+3D,5.339749972335994
legacy,2,a_N100_V3+3D,5.328042083419859
legacy,2,a_N100_V3+3D,5.283750011585653
legacy,2,a_N100_V3+3D,5.293624941259623
legacy,2,a_N100_V3+3D,5.308999912813306
legacy,2,a_N100_V3+3D,5.324707948602736
legacy,2,a_N100_V3+3D,5.424749921076
legacy,2,a_N100_V3+3D,5.3540419321507215
legacy,2,a_N100_V3+3D,5.351625033654273
legacy,2,a_N100_V3+3D,5.379125010222197
legacy,2,a_N100_V3+3D,5.354665918275714
legacy,2,a_N100_V3+3D,5.328499944880605
legacy,2,a_N100_V3+3D,5.2998330211266875
legacy,2,a_N100_V3+3D,5.340834031812847
legacy,2,a_N100_V3+3D,5.2842500153928995
legacy,2,a_N100_V3+3D,5.336709087714553
legacy,2,a_N100_V3+3D,5.300667020492256
legacy,2,a_N100_V3+3D,5.321792094036937
legacy,2,a_N100_V3+3D,5.302666919305921
legacy,2,a_N100_V3+3D,5.2964589558541775
legacy,2,a_N100_V3+3D,5.3012080024927855
legacy,2,a_N100_V3+3D,5.308000021614134
legacy,2,a_N100_V3+3D,5.336208967491984
legacy,2,a_N100_V3+3D,6.083832937292755
legacy,2,a_N100_V3+3D,5.866416962817311
legacy,2,a_N100_V3+3D,5.675666965544224
legacy,2,a_N100_V3+3D,5.501499981619418
legacy,2,a_N100_V3+3D,5.920208990573883
legacy,2,a_N100_V3+3D,5.506584071554244
legacy,2,a_N100_V3+3D,5.508041009306908
legacy,2,a_N100_V3+3D,5.373125080950558
legacy,2,a_N100_V3+3D,5.505250068381429
legacy,2,a_N100_V3+3D,5.437000072561204
legacy,2,a_N100_V3+3D,5.4044160060584545
legacy,2,a_N100_V3+3D,5.372583982534707
legacy,2,a_N100_V3+3D,5.370291997678578
legacy,2,a_N100_V3+3D,5.352374981157482
legacy,2,a_N100_V3+3D,5.419041961431503
legacy,2,a_N100_V3+3D,5.313040921464562
legacy,2,a_N100_V3+3D,5.408374941907823
legacy,2,a_N100_V3+3D,5.298499949276447
legacy,2,a_N100_V3+3D,5.328124971129
legacy,2,a_N100_V3+3D,5.776125006377697
legacy,2,a_N100_V3+3D,5.093584069982171
legacy,2,a_N100_V3+3D,5.177375045605004
legacy,2,a_N100_V3+3D,5.057250033132732
legacy,2,a_N100_V3+3D,5.021124961785972
legacy,2,a_N100_V3+3D,5.0485419342294335
legacy,2,a_N100_V3+3D,5.034750094637275
legacy,2,a_N100_V3+3D,5.012874957174063
legacy,2,a_N100_V3+3D,4.982957965694368
legacy,2,a_N100_V3+3D,5.010915920138359
legacy,2,a_N100_V3+3D,5.040791933424771
legacy,2,a_N100_V3+3D,5.014791968278587
legacy,2,a_N100_V3+3D,5.028959014452994
legacy,2,a_N100_V3+3D,5.018374999053776
legacy,2,a_N100_V3+3D,4.995541996322572
legacy,2,a_N100_V3+3D,5.06408407818526
legacy,2,a_N100_V3+3D,5.010917084291577
legacy,2,a_N100_V3+3D,4.993790993466973
legacy,2,a_N100_V3+3D,5.064583965577185
legacy,2,a_N100_V3+3D,4.946583998389542
legacy,2,a_N100_V3+3D,5.000249948352575
legacy,2,a_N100_V3+3D,4.989916924387217
legacy,2,a_N100_V3+3D,4.966125008650124
legacy,2,a_N100_V3+3D,4.958915989845991
legacy,2,a_N100_V3+3D,5.087625002488494
legacy,2,a_N100_V3+3D,4.9790419870987535
legacy,2,a_N100_V3+3D,5.0202920101583
legacy,2,a_N100_V3+3D,4.908167058601975
legacy,2,a_N100_V3+3D,4.973666975274682
legacy,2,a_N100_V3+3D,4.980582976713777
legacy,2,a_N100_V3+3D,4.99395898077637
legacy,2,a_N100_V3+3D,4.966584034264088
legacy,2,a_N100_V3+3D,4.973832983523607
legacy,2,a_N100_V3+3D,4.997999989427626
legacy,2,a_N100_V3+3D,5.192541982978582
legacy,2,a_N100_V3+3D,4.982457961887121
legacy,2,a_N100_V3+3D,5.003291997127235
legacy,2,a_N100_V3+3D,4.960958031006157
legacy,2,a_N100_V3+3D,4.931291914545
legacy,2,a_N100_V3+3D,4.995584022253752
legacy,2,a_N100_V3+3D,4.99429099727422
legacy,2,a_N100_V3+3D,5.01112500205636
legacy,2,a_N100_V3+3D,4.959166049957275
legacy,2,a_N100_V3+3D,4.954874981194735
legacy,2,a_N100_V3+3D,4.935957957059145
legacy,2,a_N100_V3+3D,4.9817090621218085
legacy,2,a_N100_V3+3D,4.958917037583888
legacy,2,a_N100_V3+3D,4.975625080987811
legacy,2,a_N100_V3+3D,5.4655419662594795
legacy,2,a_N100_V3+3D,4.96604188811034
legacy,2,a_N100_V3+3D,5.244916887022555
legacy,2,a_N100_V3+3D,4.985791980288923
legacy,2,a_N100_V3+3D,4.965791944414377
legacy,2,a_N100_V3+3D,4.979916964657605
legacy,2,a_N100_V3+3D,4.98420896474272
legacy,2,a_N100_V3+3D,4.9866249319165945
legacy,2,a_N100_V3+3D,4.944249987602234
legacy,2,a_N100_V3+3D,5.252334056422114
legacy,2,a_N100_V3+3D,4.988125059753656
legacy,2,a_N100_V3+3D,4.997125011868775
legacy,2,a_N100_V3+3D,6.089459056966007
legacy,2,a_N100_V3+3D,5.433917045593262
legacy,2,a_N100_V3+3D,5.493666976690292
legacy,2,a_N100_V3+3D,5.364792072214186
legacy,2,a_N100_V3+3D,5.3502090740948915
legacy,2,a_N100_V3+3D,5.31429098919034
legacy,2,a_N100_V3+3D,5.383667070418596
legacy,2,a_N100_V3+3D,5.316916038282216
legacy,2,a_N100_V3+3D,5.331833031959832
legacy,2,a_N100_V3+3D,5.312999943271279
legacy,2,a_N100_V3+3D,5.321624921634793
legacy,2,a_N100_V3+3D,5.27670793235302
legacy,2,a_N100_V3+3D,5.32458396628499
legacy,2,a_N100_V3+3D,5.282250000163913
legacy,2,a_N100_V3+3D,5.273625021800399
legacy,2,a_N100_V3+3D,5.3479589987546206
legacy,2,a_N100_V3+3D,5.289042019285262
legacy,2,a_N100_V3+3D,5.286999978125095
legacy,2,a_N100_V3+3D,5.2995000733062625
legacy,2,a_N100_V3+3D,5.281709018163383
legacy,2,a_N100_V3+3D,5.277583026327193
legacy,2,a_N100_V3+3D,5.2770000183954835
legacy,2,a_N100_V3+3D,5.319125019013882
legacy,2,a_N100_V3+3D,5.26999996509403
legacy,2,a_N100_V3+3D,5.3328339708969
legacy,2,a_N100_V3+3D,5.255583906546235
legacy,2,a_N100_V3+3D,5.331082968041301
legacy,2,a_N100_V3+3D,5.260166013613343
legacy,2,a_N100_V3+3D,5.256791948340833
legacy,2,a_N100_V3+3D,5.274374969303608
legacy,2,a_N100_V3+3D,5.260750069282949
legacy,2,a_N100_V3+3D,5.268292035907507
legacy,2,a_N100_V3+3D,5.268417065963149
legacy,2,a_N100_V3+3D,6.805834011174738
legacy,2,a_N100_V3+3D,5.540249985642731
legacy,2,a_N100_V3+3D,5.405375035479665
legacy,2,a_N100_V3+3D,5.450666067190468
legacy,2,a_N100_V3+3D,5.382250063121319
legacy,2,a_N100_V3+3D,5.3852921118959785
legacy,2,a_N100_V3+3D,5.364249926060438
legacy,2,a_N100_V3+3D,5.377208930440247
legacy,2,a_N100_V3+3D,5.391750019043684
legacy,2,a_N100_V3+3D,5.396583001129329
legacy,2,a_N100_V3+3D,5.353124928660691
legacy,2,a_N100_V3+3D,5.3562079556286335
legacy,2,a_N100_V3+3D,5.310459062457085
legacy,2,a_N100_V3+3D,5.338542046956718
legacy,2,a_N100_V3+3D,5.3628330351784825
legacy,2,a_N100_V3+3D,5.338000017218292
legacy,2,a_N100_V3+3D,5.302250036038458
legacy,2,a_N100_V3+3D,5.31224999576807
legacy,2,a_N100_V3+3D,5.2886250196024776
legacy,2,a_N100_V3+3D,5.322417011484504
legacy,2,a_N100_V3+3D,5.511583061888814
legacy,2,a_N100_V3+3D,5.361333955079317
legacy,2,a_N100_V3+3D,5.302042001858354
legacy,2,a_N100_V3+3D,5.290583008900285
legacy,2,a_N100_V3+3D,5.322208977304399
legacy,2,a_N100_V3+3D,5.310000036843121
legacy,2,a_N100_V3+3D,5.272291949950159
legacy,2,a_N100_V3+3D,5.774582969024777
legacy,2,a_N100_V3+3D,5.0420420011505485
legacy,2,a_N100_V3+3D,5.113000050187111
legacy,2,a_N100_V3+3D,4.98554203659296
legacy,2,a_N100_V3+3D,5.072916974313557
legacy,2,a_N100_V3+3D,5.038957926444709
legacy,2,a_N100_V3+3D,4.993333946913481
legacy,2,a_N100_V3+3D,4.985625040717423
legacy,2,a_N100_V3+3D,4.962499951943755
legacy,2,a_N100_V3+3D,4.9775829538702965
legacy,2,a_N100_V3+3D,4.965709056705236
legacy,2,a_N100_V3+3D,5.402083043009043
legacy,2,a_N100_V3+3D,5.835375050082803
legacy,2,a_N100_V3+3D,5.658125039190054
legacy,2,a_N100_V3+3D,5.060583003796637
legacy,2,a_N100_V3+3D,5.081041948869824
legacy,2,a_N100_V3+3D,4.955874988809228
legacy,2,a_N100_V3+3D,4.948416957631707
legacy,2,a_N100_V3+3D,4.969500005245209
legacy,2,a_N100_V3+3D,4.992709029465914
legacy,2,a_N100_V3+3D,4.952542018145323
legacy,2,a_N100_V3+3D,4.924291977658868
legacy,2,a_N100_V3+3D,4.930334049277008
legacy,2,a_N100_V3+3D,4.933541989885271
legacy,2,a_N100_V3+3D,5.086541990749538
legacy,2,a_N100_V3+3D,5.137750064022839
legacy,2,a_N100_V3+3D,4.993124981410801
legacy,2,a_N100_V3+3D,4.956415970809758
legacy,2,a_N100_V3+3D,4.9273750046268106
legacy,2,a_N100_V3+3D,4.939625039696693
legacy,2,a_N100_V3+3D,4.9424589378759265
legacy,2,a_N100_V3+3D,5.049541941843927
legacy,2,a_N100_V3+3D,4.952791961841285
legacy,2,a_N100_V3+3D,4.93616599123925
legacy,2,a_N100_V3+3D,4.917416954413056
legacy,2,a_N100_V3+3D,4.941915976814926
legacy,2,a_N100_V3+3D,4.999333992600441
legacy,2,a_N100_V3+3D,4.975000047124922
legacy,2,a_N100_V3+3D,4.929249989800155
legacy,2,a_N100_V3+3D,4.93712502066046
legacy,2,a_N100_V3+3D,4.922709078527987
legacy,2,a_N100_V3+3D,5.262542050331831
legacy,2,a_N100_V3+3D,4.947833018377423
legacy,2,a_N100_V3+3D,4.936999990604818
legacy,2,a_N100_V3+3D,4.94162505492568
legacy,2,a_N100_V3+3D,4.9455000553280115
legacy,2,a_N100_V3+3D,4.9120839685201645
legacy,2,a_N100_V3+3D,5.039124982431531
legacy,2,a_N100_V3+3D,4.957458004355431
legacy,2,a_N100_V3+3D,5.000542034395039
legacy,2,a_N100_V3+3D,4.932667012326419
legacy,2,a_N100_V3+3D,5.040124990046024
legacy,2,a_N100_V3+3D,4.912709002383053
legacy,2,a_N100_V3+3D,4.923791973851621
legacy,2,a_N100_V3+3D,4.963375045917928
legacy,2,a_N100_V3+3D,4.933041986078024
legacy,2,a_N100_V3+3D,4.917958052828908
legacy,2,a_N100_V3+3D,5.431375000625849
legacy,2,a_N100_V3+3D,4.950000089593232
legacy,2,a_N100_V3+3D,4.947875044308603
legacy,2,a_N100_V3+3D,6.158374948427081
legacy,2,a_N100_V3+3D,5.4409169824793935
legacy,2,a_N100_V3+3D,5.494708078913391
legacy,2,a_N100_V3+3D,5.395167041569948
legacy,2,a_N100_V3+3D,5.4294170113280416
legacy,2,a_N100_V3+3D,5.360750015825033
legacy,2,a_N100_V3+3D,5.386459059081972
legacy,2,a_N100_V3+3D,5.371792009100318
legacy,2,a_N100_V3+3D,5.395457963459194
legacy,2,a_N100_V3+3D,5.347167025320232
legacy,2,a_N100_V3+3D,5.3478340851143
legacy,2,a_N100_V3+3D,5.343292024917901
legacy,2,a_N100_V3+3D,5.3259170381352305
legacy,2,a_N100_V3+3D,5.376875051297247
legacy,2,a_N100_V3+3D,5.333791021257639
legacy,2,a_N100_V3+3D,5.36737497895956
legacy,2,a_N100_V3+3D,5.321750068105757
legacy,2,a_N100_V3+3D,5.331457941792905
legacy,2,a_N100_V3+3D,5.323459045030177
legacy,2,a_N100_V3+3D,5.30554202850908
legacy,2,a_N100_V3+3D,5.319833988323808
legacy,2,a_N100_V3+3D,5.3142920369282365
legacy,2,a_N100_V3+3D,5.316124996170402
legacy,2,a_N100_V3+3D,5.396583001129329
legacy,2,a_N100_V3+3D,5.29787503182888
legacy,2,a_N100_V3+3D,5.306874983943999
legacy,2,a_N100_V3+3D,5.354125052690506
legacy,2,a_N100_V3+3D,5.302042001858354
legacy,2,a_N100_V3+3D,5.292042042128742
legacy,2,a_N100_V3+3D,5.289292079396546
legacy,2,a_N100_V3+3D,5.287959007546306
legacy,2,a_N100_V3+3D,5.31058304477483
legacy,2,a_N100_V3+3D,5.30779198743403
legacy,2,a_N100_V3+3D,5.326583981513977
legacy,2,a_N100_V3+3D,5.3244170267134905
legacy,2,a_N100_V3+3D,5.356666981242597
legacy,2,a_N100_V3+3D,5.825083004310727
legacy,2,a_N100_V3+3D,5.354917026124895
legacy,2,a_N100_V3+3D,5.304750055074692
legacy,2,a_N100_V3+3D,5.348292062990367
legacy,2,a_N100_V3+3D,5.349333048798144
legacy,2,a_N100_V3+3D,5.329917068593204
legacy,2,a_N100_V3+3D,5.309000029228628
legacy,2,a_N100_V3+3D,5.284334067255259
legacy,2,a_N100_V3+3D,5.293541005812585
legacy,2,a_N100_V3+3D,5.29654195997864
legacy,2,a_N100_V3+3D,5.305333994328976
legacy,2,a_N100_V3+3D,5.339916097000241
legacy,2,a_N100_V3+3D,5.290166940540075
legacy,2,a_N100_V3+3D,5.28666703030467
legacy,2,a_N100_V3+3D,5.290917004458606
legacy,2,a_N100_V3+3D,5.286292056553066
legacy,2,a_N100_V3+3D,5.2987090311944485
legacy,2,a_N100_V3+3D,5.40737493429333
legacy,2,a_N100_V3+3D,5.317708011716604
legacy,2,a_N100_V3+3D,5.309459054842591
legacy,2,a_N100_V3+3D,5.329250008799136
legacy,2,a_N100_V3+3D,5.318417097441852
legacy,2,a_N100_V3+3D,5.282792029902339
legacy,2,a_N100_V3+3D,5.332250031642616
legacy,2,a_N100_V3+3D,5.707790958695114
legacy,2,a_N100_V3+3D,5.09625009726733
legacy,2,a_N100_V3+3D,5.1278750179335475
legacy,2,a_N100_V3+3D,5.034707952290773
legacy,2,a_N100_V3+3D,4.997082985937595
legacy,2,a_N100_V3+3D,5.008583073504269
legacy,2,a_N100_V3+3D,4.99074999243021
legacy,2,a_N100_V3+3D,5.0175420474261045
legacy,2,a_N100_V3+3D,4.967082990333438
legacy,2,a_N100_V3+3D,4.950040951371193
legacy,2,a_N100_V3+3D,4.953957977704704
legacy,2,a_N100_V3+3D,4.950125003233552
legacy,2,a_N100_V3+3D,4.969250061549246
legacy,2,a_N100_V3+3D,4.9439589492976665
legacy,2,a_N100_V3+3D,4.988750093616545
legacy,2,a_N100_V3+3D,5.013125017285347
legacy,2,a_N100_V3+3D,4.924041102640331
legacy,2,a_N100_V3+3D,4.977333941496909
legacy,2,a_N100_V3+3D,4.9874159740284085
legacy,2,a_N100_V3+3D,4.985332954674959
legacy,2,a_N100_V3+3D,4.94779204018414
legacy,2,a_N100_V3+3D,4.954874981194735
legacy,2,a_N100_V3+3D,4.966250038705766
legacy,2,a_N100_V3+3D,4.981125006452203
legacy,2,a_N100_V3+3D,5.004207952879369
legacy,2,a_N100_V3+3D,4.973083036020398
legacy,2,a_N100_V3+3D,4.989834036678076
legacy,2,a_N100_V3+3D,4.976583062671125
legacy,2,a_N100_V3+3D,4.99375001527369
legacy,2,a_N100_V3+3D,4.963916959241033
legacy,2,a_N100_V3+3D,4.944125073961914
legacy,2,a_N100_V3+3D,4.95616695843637
legacy,2,a_N100_V3+3D,4.942083964124322
legacy,2,a_N100_V3+3D,4.944457905367017
legacy,2,a_N100_V3+3D,4.902250017039478
legacy,2,a_N100_V3+3D,4.970291978679597
legacy,2,a_N100_V3+3D,4.945582943037152
legacy,2,a_N100_V3+3D,4.963041981682181
legacy,2,a_N100_V3+3D,4.92441700771451
legacy,2,a_N100_V3+3D,4.93933295365423
legacy,2,a_N100_V3+3D,4.90254198666662
legacy,2,a_N100_V3+3D,4.93562500923872
legacy,2,a_N100_V3+3D,4.988750093616545
legacy,2,a_N100_V3+3D,4.950833041220903
legacy,2,a_N100_V3+3D,4.905208945274353
legacy,2,a_N100_V3+3D,4.944209009408951
legacy,2,a_N100_V3+3D,4.904291941784322
legacy,2,a_N100_V3+3D,4.983083927072585
legacy,2,a_N100_V3+3D,4.930207971483469
legacy,2,a_N100_V3+3D,5.1250000251457095
legacy,2,a_N100_V3+3D,5.325375008396804
legacy,2,a_N100_V3+3D,4.997708019800484
legacy,2,a_N100_V3+3D,4.97037498280406
legacy,2,a_N100_V3+3D,4.994792048819363
legacy,2,a_N100_V3+3D,4.929875023663044
legacy,2,a_N100_V3+3D,4.971332964487374
legacy,2,a_N100_V3+3D,4.932750016450882
legacy,2,a_N100_V3+3D,5.2212500013411045
legacy,2,a_N100_V3+3D,4.978042095899582
legacy,2,a_N100_V3+3D,5.016124923713505
legacy,2,a_N100_V3+3D,6.161249941214919
legacy,2,a_N100_V3+3D,5.484624998643994
legacy,2,a_N100_V3+3D,5.522458930499852
legacy,2,a_N100_V3+3D,5.473791970871389
legacy,2,a_N100_V3+3D,5.446250084787607
legacy,2,a_N100_V3+3D,5.411083926446736
legacy,2,a_N100_V3+3D,5.401249974966049
legacy,2,a_N100_V3+3D,5.40062494110316
legacy,2,a_N100_V3+3D,5.387458950281143
legacy,2,a_N100_V3+3D,5.396125023253262
legacy,2,a_N100_V3+3D,5.38833299651742
legacy,2,a_N100_V3+3D,5.4004170233383775
legacy,2,a_N100_V3+3D,5.405499949119985
legacy,2,a_N100_V3+3D,5.3164169657975435
legacy,2,a_N100_V3+3D,5.367334000766277
legacy,2,a_N100_V3+3D,5.437707994133234
legacy,2,a_N100_V3+3D,5.998792010359466
legacy,2,a_N100_V3+3D,5.480624968186021
legacy,2,a_N100_V3+3D,5.443208036012948
legacy,2,a_N100_V3+3D,5.438499967567623
legacy,2,a_N100_V3+3D,5.646749981679022
legacy,2,a_N100_V3+3D,5.381416995078325
legacy,2,a_N100_V3+3D,5.385083029977977
legacy,2,a_N100_V3+3D,5.500209052115679
legacy,2,a_N100_V3+3D,5.389499943703413
legacy,2,a_N100_V3+3D,5.396832944825292
legacy,2,a_N100_V3+3D,5.401583970524371
legacy,2,a_N100_V3+3D,5.3330829832702875
legacy,2,a_N100_V3+3D,5.362375057302415
legacy,2,a_N100_V3+3D,5.336417001672089
legacy,2,a_N100_V3+3D,5.351666011847556
legacy,2,a_N100_V3+3D,5.380708025768399
legacy,2,a_N100_V3+3D,5.319499992765486
legacy,2,a_N100_V3+3D,5.358791095204651
legacy,2,a_N100_V3+3D,5.343124968931079
legacy,2,a_N100_V3+3D,5.33895893022418
legacy,2,a_N100_V3+3D,5.469457944855094
legacy,2,a_N100_V3+3D,5.385207943618298
legacy,2,a_N100_V3+3D,5.305166938342154
legacy,2,a_N100_V3+3D,5.403707968071103
legacy,2,a_N100_V3+3D,5.3646250162273645
legacy,2,a_N100_V3+3D,5.3111250745132565
legacy,2,a_N100_V3+3D,5.2544999634847045
legacy,2,a_N100_V3+3D,5.362334079109132
legacy,2,a_N100_V3+3D,5.331416032277048
legacy,2,a_N100_V3+3D,5.397125030867755
legacy,2,a_N100_V3+3D,5.382500006817281
legacy,2,a_N100_V3+3D,5.376166896894574
legacy,2,a_N100_V3+3D,5.346249905414879
legacy,2,a_N100_V3+3D,5.347208003513515
legacy,2,a_N100_V3+3D,5.283333943225443
legacy,2,a_N100_V3+3D,5.360707989893854
legacy,2,a_N100_V3+3D,5.370041937567294
legacy,2,a_N100_V3+3D,5.407458986155689
legacy,2,a_N100_V3+3D,5.356582929380238
legacy,2,a_N100_V3+3D,5.337042035534978
legacy,2,a_N100_V3+3D,5.33116701990366
legacy,2,a_N100_V3+3D,5.372792016714811
legacy,2,a_N100_V3+3D,5.378334084525704
legacy,2,a_N100_V3+3D,5.316667025908828
legacy,2,a_N100_V3+3D,5.726750008761883
legacy,2,a_N100_V3+3D,5.024957936257124
legacy,2,a_N100_V3+3D,5.093417013995349
legacy,2,a_N100_V3+3D,4.958000034093857
legacy,2,a_N100_V3+3D,4.92945802398026
legacy,2,a_N100_V3+3D,4.920584033243358
legacy,2,a_N100_V3+3D,4.918458056636155
legacy,2,a_N100_V3+3D,4.93412499781698
legacy,2,a_N100_V3+3D,4.940625047311187
legacy,2,a_N100_V3+3D,4.919958068057895
legacy,2,a_N100_V3+3D,4.935542005114257
legacy,2,a_N100_V3+3D,4.888749914243817
legacy,2,a_N100_V3+3D,4.9233329482376575
legacy,2,a_N100_V3+3D,4.9381249118596315
legacy,2,a_N100_V3+3D,4.941917024552822
legacy,2,a_N100_V3+3D,5.02083299215883
legacy,2,a_N100_V3+3D,4.932292038574815
legacy,2,a_N100_V3+3D,4.9049160443246365
legacy,2,a_N100_V3+3D,4.899749998003244
legacy,2,a_N100_V3+3D,4.89783298689872
legacy,2,a_N100_V3+3D,4.893292090855539
legacy,2,a_N100_V3+3D,4.904708010144532
legacy,2,a_N100_V3+3D,5.02404198050499
legacy,2,a_N100_V3+3D,4.989959066733718
legacy,2,a_N100_V3+3D,4.916333011351526
legacy,2,a_N100_V3+3D,4.893583012744784
legacy,2,a_N100_V3+3D,4.947041976265609
legacy,2,a_N100_V3+3D,4.920625011436641
legacy,2,a_N100_V3+3D,4.9082080367952585
legacy,2,a_N100_V3+3D,4.918750026263297
legacy,2,a_N100_V3+3D,4.882958019152284
legacy,2,a_N100_V3+3D,4.904499975964427
legacy,2,a_N100_V3+3D,4.89116704557091
legacy,2,a_N100_V3+3D,4.89487498998642
legacy,2,a_N100_V3+3D,5.269250017590821
legacy,2,a_N100_V3+3D,5.83679205738008
legacy,2,a_N100_V3+3D,5.849042092449963
legacy,2,a_N100_V3+3D,5.383542040362954
legacy,2,a_N100_V3+3D,4.987584077753127
legacy,2,a_N100_V3+3D,5.300792050547898
legacy,2,a_N100_V3+3D,5.691166035830975
legacy,2,a_N100_V3+3D,5.871458910405636
legacy,2,a_N100_V3+3D,5.172833101823926
legacy,2,a_N100_V3+3D,4.950832924805582
legacy,2,a_N100_V3+3D,4.921625019051135
legacy,2,a_N100_V3+3D,4.994167014956474
legacy,2,a_N100_V3+3D,5.136374966241419
legacy,2,a_N100_V3+3D,4.982125014066696
legacy,2,a_N100_V3+3D,5.4359580390155315
legacy,2,a_N100_V3+3D,5.092790932394564
legacy,2,a_N100_V3+3D,5.057250033132732
legacy,2,a_N100_V3+3D,4.984874976798892
legacy,2,a_N100_V3+3D,4.993624985218048
legacy,2,a_N100_V3+3D,5.060209077782929
legacy,2,a_N100_V3+3D,4.981250036507845
legacy,2,a_N100_V3+3D,4.930500057525933
legacy,2,a_N100_V3+3D,4.950708942487836
legacy,2,a_N100_V3+3D,5.21033292170614
legacy,2,a_N100_V3+3D,4.965374944731593
legacy,2,a_N100_V3+3D,4.957124940119684
legacy,2,a_N100_V3+3D,6.1434159288182855
legacy,2,a_N100_V3+3D,5.440792068839073
legacy,2,a_N100_V3+3D,5.5104580242186785
legacy,2,a_N100_V3+3D,5.455209058709443
legacy,2,a_N100_V3+3D,5.3682500729337335
legacy,2,a_N100_V3+3D,5.349957966245711
legacy,2,a_N100_V3+3D,5.333333974704146
legacy,2,a_N100_V3+3D,5.301209050230682
legacy,2,a_N100_V3+3D,5.332165979780257
legacy,2,a_N100_V3+3D,5.404916941188276
legacy,2,a_N100_V3+3D,5.304666934534907
legacy,2,a_N100_V3+3D,5.31391694676131
legacy,2,a_N100_V3+3D,5.332999979145825
legacy,2,a_N100_V3+3D,5.356709007173777
legacy,2,a_N100_V3+3D,5.31395897269249
legacy,2,a_N100_V3+3D,5.376167013309896
legacy,2,a_N100_V3+3D,5.309459054842591
legacy,2,a_N100_V3+3D,5.373541032895446
legacy,2,a_N100_V3+3D,5.333334091119468
legacy,2,a_N100_V3+3D,5.401375005021691
legacy,2,a_N100_V3+3D,5.3174999775364995
legacy,2,a_N100_V3+3D,5.306499893777072
legacy,2,a_N100_V3+3D,5.305459024384618
legacy,2,a_N100_V3+3D,5.2934999112039804
legacy,2,a_N100_V3+3D,5.285791936330497
legacy,2,a_N100_V3+3D,5.29804197140038
legacy,2,a_N100_V3+3D,5.32645802013576
legacy,2,a_N100_V3+3D,5.284209037199616
legacy,2,a_N100_V3+3D,5.274583934806287
legacy,2,a_N100_V3+3D,5.292791989631951
legacy,2,a_N100_V3+3D,5.296875024214387
legacy,2,a_N100_V3+3D,5.298000061884522
legacy,2,a_N100_V3+3D,5.297833005897701
legacy,2,a_N100_V3+3D,5.291709094308317
legacy,2,a_N100_V3+3D,5.293959053233266
legacy,2,a_N100_V3+3D,5.31679205596447
legacy,2,a_N100_V3+3D,5.326208891347051
legacy,2,a_N100_V3+3D,5.315667018294334
legacy,2,a_N100_V3+3D,5.306916078552604
legacy,2,a_N100_V3+3D,5.322083947248757
legacy,2,a_N100_V3+3D,5.295999930240214
legacy,2,a_N100_V3+3D,5.338083021342754
legacy,2,a_N100_V3+3D,5.287999985739589
legacy,2,a_N100_V3+3D,5.278624943457544
legacy,2,a_N100_V3+3D,5.283875041641295
legacy,2,a_N100_V3+3D,5.40066696703434
legacy,2,a_N100_V3+3D,5.266500054858625
legacy,2,a_N100_V3+3D,5.333375069312751
legacy,2,a_N100_V3+3D,5.276459036394954
legacy,2,a_N100_V3+3D,5.320040974766016
legacy,2,a_N100_V3+3D,5.291000008583069
legacy,2,a_N100_V3+3D,5.303916987031698
legacy,2,a_N100_V3+3D,5.280917044728994
legacy,2,a_N100_V3+3D,5.272041889838874
legacy,2,a_N100_V3+3D,5.298416945151985
legacy,2,a_N100_V3+3D,5.277042044326663
legacy,2,a_N100_V3+3D,5.275959032587707
legacy,2,a_N100_V3+3D,5.346084013581276
legacy,2,a_N100_V3+3D,5.275834002532065
legacy,2,a_N100_V3+3D,5.2897080313414335
legacy,2,a_N100_V3+3D,5.761499982327223
legacy,2,a_N100_V3+3D,5.0753329414874315
legacy,2,a_N100_V3+3D,5.192708922550082
legacy,2,a_N100_V3+3D,5.039957934059203
legacy,2,a_N100_V3+3D,5.063332966528833
legacy,2,a_N100_V3+3D,5.022624973207712
legacy,2,a_N100_V3+3D,4.990624962374568
legacy,2,a_N100_V3+3D,5.006166989915073
legacy,2,a_N100_V3+3D,5.03004202619195
legacy,2,a_N100_V3+3D,4.970666021108627
legacy,2,a_N100_V3+3D,5.006707971915603
legacy,2,a_N100_V3+3D,4.988415981642902
legacy,2,a_N100_V3+3D,4.976166062988341
legacy,2,a_N100_V3+3D,4.98937489464879
legacy,2,a_N100_V3+3D,4.999500000849366
legacy,2,a_N100_V3+3D,5.050124949775636
legacy,2,a_N100_V3+3D,4.996999981813133
legacy,2,a_N100_V3+3D,5.013333982788026
legacy,2,a_N100_V3+3D,4.982916987501085
legacy,2,a_N100_V3+3D,4.985624924302101
legacy,2,a_N100_V3+3D,4.986417014151812
legacy,2,a_N100_V3+3D,4.953916999511421
legacy,2,a_N100_V3+3D,5.020290962420404
legacy,2,a_N100_V3+3D,5.01412502489984
legacy,2,a_N100_V3+3D,4.9490409437567
legacy,2,a_N100_V3+3D,4.9891669768840075
legacy,2,a_N100_V3+3D,5.023250007070601
legacy,2,a_N100_V3+3D,4.965165979228914
legacy,2,a_N100_V3+3D,4.97191702015698
legacy,2,a_N100_V3+3D,4.936458892188966
legacy,2,a_N100_V3+3D,4.951041075401008
legacy,2,a_N100_V3+3D,4.965791944414377
legacy,2,a_N100_V3+3D,4.974458948709071
legacy,2,a_N100_V3+3D,4.945416934788227
legacy,2,a_N100_V3+3D,4.963624989613891
legacy,2,a_N100_V3+3D,4.973458941094577
legacy,2,a_N100_V3+3D,4.987249965779483
legacy,2,a_N100_V3+3D,4.927458008751273
legacy,2,a_N100_V3+3D,4.939208040013909
legacy,2,a_N100_V3+3D,4.974041017703712
legacy,2,a_N100_V3+3D,4.969917004927993
legacy,2,a_N100_V3+3D,5.1021670224145055
legacy,2,a_N100_V3+3D,4.934625001624227
legacy,2,a_N100_V3+3D,5.624125013127923
legacy,2,a_N100_V3+3D,5.104374955408275
legacy,2,a_N100_V3+3D,5.042832926847041
legacy,2,a_N100_V3+3D,5.028999992646277
legacy,2,a_N100_V3+3D,5.497999954968691
legacy,2,a_N100_V3+3D,5.096292006783187
legacy,2,a_N100_V3+3D,5.009665968827903
legacy,2,a_N100_V3+3D,4.979624995030463
legacy,2,a_N100_V3+3D,5.017500021494925
legacy,2,a_N100_V3+3D,5.126249976456165
legacy,2,a_N100_V3+3D,5.022750003263354
legacy,2,a_N100_V3+3D,5.016957991756499
legacy,2,a_N100_V3+3D,5.009459098801017
legacy,2,a_N100_V3+3D,4.981334088370204
legacy,2,a_N100_V3+3D,5.211833049543202
legacy,2,a_N100_V3+3D,5.022417055442929
legacy,2,a_N100_V3+3D,4.963124985806644
legacy,2,a_N100_V3+3D,6.172624998725951
legacy,2,a_N100_V3+3D,5.570499924942851
legacy,2,a_N100_V3+3D,5.495166988112032
legacy,2,a_N100_V3+3D,5.510416929610074
legacy,2,a_N100_V3+3D,5.448040901683271
legacy,2,a_N100_V3+3D,5.460666958242655
legacy,2,a_N100_V3+3D,5.35208301153034
legacy,2,a_N100_V3+3D,5.472499993629754
legacy,2,a_N100_V3+3D,5.4623340256512165
legacy,2,a_N100_V3+3D,5.468582967296243
legacy,2,a_N100_V3+3D,5.3729580249637365
legacy,2,a_N100_V3+3D,5.432625068351626
legacy,2,a_N100_V3+3D,5.355415982194245
legacy,2,a_N100_V3+3D,5.4385000839829445
legacy,2,a_N100_V3+3D,5.429041921161115
legacy,2,a_N100_V3+3D,5.351583939045668
legacy,2,a_N100_V3+3D,5.375916953198612
legacy,2,a_N100_V3+3D,5.374083993956447
legacy,2,a_N100_V3+3D,5.429749959148467
legacy,2,a_N100_V3+3D,5.408416967839003
legacy,2,a_N100_V3+3D,5.732625024393201
legacy,2,a_N100_V3+3D,5.473125027492642
legacy,2,a_N100_V3+3D,5.377582972869277
legacy,2,a_N100_V3+3D,5.428834003396332
legacy,2,a_N100_V3+3D,5.431249970570207
legacy,2,a_N100_V3+3D,5.427833064459264
legacy,2,a_N100_V3+3D,5.328583996742964
legacy,2,a_N100_V3+3D,5.433000042103231
legacy,2,a_N100_V3+3D,5.428166012279689
legacy,2,a_N100_V3+3D,5.420916946604848
legacy,2,a_N100_V3+3D,5.4698329186066985
legacy,2,a_N100_V3+3D,5.434207967482507
legacy,2,a_N100_V3+3D,5.297207972034812
legacy,2,a_N100_V3+3D,5.457666935399175
legacy,2,a_N100_V3+3D,5.4256669245660305
legacy,2,a_N100_V3+3D,5.4030000464990735
legacy,2,a_N100_V3+3D,5.450041964650154
legacy,2,a_N100_V3+3D,5.430874996818602
legacy,2,a_N100_V3+3D,5.281000048853457
legacy,2,a_N100_V3+3D,5.431458004750311
legacy,2,a_N100_V3+3D,5.369332968257368
legacy,2,a_N100_V3+3D,5.385875003412366
legacy,2,a_N100_V3+3D,5.400000023655593
legacy,2,a_N100_V3+3D,5.401542061008513
legacy,2,a_N100_V3+3D,5.300291930325329
legacy,2,a_N100_V3+3D,5.402415990829468
legacy,2,a_N100_V3+3D,5.412957980297506
legacy,2,a_N100_V3+3D,5.4282089695334435
legacy,2,a_N100_V3+3D,5.311207962222397
legacy,2,a_N100_V3+3D,5.497667007148266
legacy,2,a_N100_V3+3D,5.248458939604461
legacy,2,a_N100_V3+3D,5.377833032980561
legacy,2,a_N100_V3+3D,5.478917038999498
legacy,2,a_N100_V3+3D,5.394084029830992
legacy,2,a_N100_V3+3D,5.298207979649305
legacy,2,a_N100_V3+3D,5.439250031486154
legacy,2,a_N100_V3+3D,5.404500057920814
legacy,2,a_N100_V3+3D,5.471540964208543
legacy,2,a_N100_V3+3D,5.32495800871402
legacy,2,a_N100_V3+3D,5.365042015910149
legacy,2,a_N100_V3+3D,5.773167009465396
legacy,2,a_N100_V3+3D,5.077417008578777
legacy,2,a_N100_V3+3D,5.174834048375487
legacy,2,a_N100_V3+3D,5.133124999701977
legacy,2,a_N100_V3+3D,5.0015830202028155
legacy,2,a_N100_V3+3D,4.975334042683244
legacy,2,a_N100_V3+3D,5.627167061902583
legacy,2,a_N100_V3+3D,5.225999979302287
legacy,2,a_N100_V3+3D,5.159167107194662
legacy,2,a_N100_V3+3D,5.113833001814783
legacy,2,a_N100_V3+3D,5.074333981610835
legacy,2,a_N100_V3+3D,5.043708952143788
legacy,2,a_N100_V3+3D,5.077249952591956
legacy,2,a_N100_V3+3D,5.029249936342239
legacy,2,a_N100_V3+3D,5.014459020458162
legacy,2,a_N100_V3+3D,5.054916953667998
legacy,2,a_N100_V3+3D,5.00812497921288
legacy,2,a_N100_V3+3D,4.9924589693546295
legacy,2,a_N100_V3+3D,4.992750007659197
legacy,2,a_N100_V3+3D,5.000249948352575
legacy,2,a_N100_V3+3D,4.994667018763721
legacy,2,a_N100_V3+3D,5.120375077240169
legacy,2,a_N100_V3+3D,4.992667003534734
legacy,2,a_N100_V3+3D,4.977584001608193
legacy,2,a_N100_V3+3D,5.019042058847845
legacy,2,a_N100_V3+3D,4.945000051520765
legacy,2,a_N100_V3+3D,5.027583916671574
legacy,2,a_N100_V3+3D,4.975124960765243
legacy,2,a_N100_V3+3D,4.9884169129654765
legacy,2,a_N100_V3+3D,4.962833016179502
legacy,2,a_N100_V3+3D,5.010374938137829
legacy,2,a_N100_V3+3D,4.969207919202745
legacy,2,a_N100_V3+3D,4.963124985806644
legacy,2,a_N100_V3+3D,4.998333053663373
legacy,2,a_N100_V3+3D,4.9547499511390924
legacy,2,a_N100_V3+3D,4.946500062942505
legacy,2,a_N100_V3+3D,5.034125060774386
legacy,2,a_N100_V3+3D,4.961542086675763
legacy,2,a_N100_V3+3D,5.128167103976011
legacy,2,a_N100_V3+3D,4.979625111445785
legacy,2,a_N100_V3+3D,4.989000037312508
legacy,2,a_N100_V3+3D,4.911624942906201
legacy,2,a_N100_V3+3D,5.008166073821485
legacy,2,a_N100_V3+3D,4.962582956068218
legacy,2,a_N100_V3+3D,4.920584033243358
legacy,2,a_N100_V3+3D,4.956624936312437
legacy,2,a_N100_V3+3D,4.955582902766764
legacy,2,a_N100_V3+3D,4.986417014151812
legacy,2,a_N100_V3+3D,5.0091249868273735
legacy,2,a_N100_V3+3D,4.936499986797571
legacy,2,a_N100_V3+3D,4.943417035974562
legacy,2,a_N100_V3+3D,5.034042056649923
legacy,2,a_N100_V3+3D,4.9845000030472875
legacy,2,a_N100_V3+3D,4.958334029652178
legacy,2,a_N100_V3+3D,5.031458102166653
legacy,2,a_N100_V3+3D,4.927125060930848
legacy,2,a_N100_V3+3D,4.975333926267922
legacy,2,a_N100_V3+3D,5.262916907668114
legacy,2,a_N100_V3+3D,5.009290995076299
legacy,2,a_N100_V3+3D,4.965959000401199
legacy,2,a_N100_V3+3D,6.0743329813703895
legacy,2,a_N100_V3+3D,5.38983300793916
legacy,2,a_N100_V3+3D,5.4705829825252295
legacy,2,a_N100_V3+3D,5.356624955311418
legacy,2,a_N100_V3+3D,5.325458012521267
legacy,2,a_N100_V3+3D,5.348250037059188
legacy,2,a_N100_V3+3D,5.325875012204051
legacy,2,a_N100_V3+3D,5.3261249559000134
legacy,2,a_N100_V3+3D,5.30408404301852
legacy,2,a_N100_V3+3D,5.274583003483713
legacy,2,a_N100_V3+3D,5.297333002090454
legacy,2,a_N100_V3+3D,5.297374911606312
legacy,2,a_N100_V3+3D,5.299707991071045
legacy,2,a_N100_V3+3D,5.2736669313162565
legacy,2,a_N100_V3+3D,5.267916945740581
legacy,2,a_N100_V3+3D,5.30158297624439
legacy,2,a_N100_V3+3D,5.2544999634847045
legacy,2,a_N100_V3+3D,5.280041950754821
legacy,2,a_N100_V3+3D,5.280332989059389
legacy,2,a_N100_V3+3D,5.2871250081807375
legacy,2,a_N100_V3+3D,5.307084065862
legacy,2,a_N100_V3+3D,5.381042021326721
legacy,2,a_N100_V3+3D,5.289916996844113
legacy,2,a_N100_V3+3D,5.273584043607116
legacy,2,a_N100_V3+3D,5.276208044961095
legacy,2,a_N100_V3+3D,5.270000081509352
legacy,2,a_N100_V3+3D,5.873624933883548
legacy,2,a_N100_V3+3D,5.451499950140715
legacy,2,a_N100_V3+3D,5.408041994087398
legacy,2,a_N100_V3+3D,5.374833941459656
legacy,2,a_N100_V3+3D,5.324582918547094
legacy,2,a_N100_V3+3D,5.360041977837682
legacy,2,a_N100_V3+3D,5.335666937753558
legacy,2,a_N100_V3+3D,5.365749937482178
legacy,2,a_N100_V3+3D,5.330333020538092
legacy,2,a_N100_V3+3D,5.300292046740651
legacy,2,a_N100_V3+3D,5.333708017133176
legacy,2,a_N100_V3+3D,5.308083025738597
legacy,2,a_N100_V3+3D,5.31229202169925
legacy,2,a_N100_V3+3D,5.313875037245452
legacy,2,a_N100_V3+3D,5.317750037647784
legacy,2,a_N100_V3+3D,5.302166915498674
legacy,2,a_N100_V3+3D,5.30024990439415
legacy,2,a_N100_V3+3D,5.322207929566503
legacy,2,a_N100_V3+3D,5.316333961673081
legacy,2,a_N100_V3+3D,5.327417049556971
legacy,2,a_N100_V3+3D,5.327083053998649
legacy,2,a_N100_V3+3D,5.347167025320232
legacy,2,a_N100_V3+3D,5.321040982380509
legacy,2,a_N100_V3+3D,5.313082947395742
legacy,2,a_N100_V3+3D,5.299124983139336
legacy,2,a_N100_V3+3D,5.3067500703036785
legacy,2,a_N100_V3+3D,5.301082972437143
legacy,2,a_N100_V3+3D,5.302667035721242
legacy,2,a_N100_V3+3D,5.322583019733429
legacy,2,a_N100_V3+3D,5.312000052072108
legacy,2,a_N100_V3+3D,5.306708975695074
legacy,2,a_N100_V3+3D,5.315750022418797
legacy,2,a_N100_V3+3D,5.290916073136032
legacy,2,a_N100_V3+3D,5.9646249283105135
legacy,2,a_N100_V3+3D,5.743999965488911
legacy,2,a_N100_V3+3D,5.046583944931626
legacy,2,a_N100_V3+3D,5.148582975380123
legacy,2,a_N100_V3+3D,4.9852089723572135
legacy,2,a_N100_V3+3D,4.9602920189499855
legacy,2,a_N100_V3+3D,5.009707994759083
legacy,2,a_N100_V3+3D,4.961000056937337
legacy,2,a_N100_V3+3D,4.985459032468498
legacy,2,a_N100_V3+3D,4.925000015646219
legacy,2,a_N100_V3+3D,4.918291931971908
legacy,2,a_N100_V3+3D,4.920583916828036
legacy,2,a_N100_V3+3D,4.925582907162607
legacy,2,a_N100_V3+3D,4.931250005029142
legacy,2,a_N100_V3+3D,5.207833950407803
legacy,2,a_N100_V3+3D,4.939374979585409
legacy,2,a_N100_V3+3D,4.978209035471082
legacy,2,a_N100_V3+3D,4.932209034450352
legacy,2,a_N100_V3+3D,4.922125022858381
legacy,2,a_N100_V3+3D,4.926875000819564
legacy,2,a_N100_V3+3D,4.930000053718686
legacy,2,a_N100_V3+3D,4.89616603590548
legacy,2,a_N100_V3+3D,4.961209022440016
legacy,2,a_N100_V3+3D,4.9024170730262995
legacy,2,a_N100_V3+3D,4.996667033992708
legacy,2,a_N100_V3+3D,4.898833925835788
legacy,2,a_N100_V3+3D,4.948166897520423
legacy,2,a_N100_V3+3D,5.573374917730689
legacy,2,a_N100_V3+3D,5.147374933585525
legacy,2,a_N100_V3+3D,4.986041923984885
legacy,2,a_N100_V3+3D,5.2668750286102295
legacy,2,a_N100_V3+3D,4.94345894549042
legacy,2,a_N100_V3+3D,5.04591700155288
legacy,2,a_N100_V3+3D,4.930958035402
legacy,2,a_N100_V3+3D,5.067000049166381
legacy,2,a_N100_V3+3D,4.925667075440288
legacy,2,a_N100_V3+3D,4.945541964843869
legacy,2,a_N100_V3+3D,4.969084053300321
legacy,2,a_N100_V3+3D,4.904000088572502
legacy,2,a_N100_V3+3D,4.887917079031467
legacy,2,a_N100_V3+3D,4.9139580223709345
legacy,2,a_N100_V3+3D,4.895708058029413
legacy,2,a_N100_V3+3D,4.913374898023903
legacy,2,a_N100_V3+3D,4.915624973364174
legacy,2,a_N100_V3+3D,4.881083965301514
legacy,2,a_N100_V3+3D,4.89633297547698
legacy,2,a_N100_V3+3D,4.990500048734248
legacy,2,a_N100_V3+3D,4.89183294121176
legacy,2,a_N100_V3+3D,4.949792055413127
legacy,2,a_N100_V3+3D,4.9019589787349105
legacy,2,a_N100_V3+3D,4.91620902903378
legacy,2,a_N100_V3+3D,4.899249994195998
legacy,2,a_N100_V3+3D,5.038709030486643
legacy,2,a_N100_V3+3D,4.961834056302905
legacy,2,a_N100_V3+3D,4.910332965664566
legacy,2,a_N100_V3+3D,4.934083088301122
legacy,2,a_N100_V3+3D,4.898249986581504
legacy,2,a_N100_V3+3D,4.888958064839244
legacy,2,a_N100_V3+3D,5.221916944719851
legacy,2,a_N100_V3+3D,4.9030419904738665
legacy,2,a_N100_V3+3D,4.929124959744513
legacy,2,a_N100_V3+3D,6.197666982188821
legacy,2,a_N100_V3+3D,5.456875078380108
legacy,2,a_N100_V3+3D,5.606874939985573
legacy,2,a_N100_V3+3D,5.398374982178211
legacy,2,a_N100_V3+3D,5.402416922152042
legacy,2,a_N100_V3+3D,5.405667005106807
legacy,2,a_N100_V3+3D,5.4441249230876565
legacy,2,a_N100_V3+3D,5.377791938371956
legacy,2,a_N100_V3+3D,5.405417061410844
legacy,2,a_N100_V3+3D,5.362667026929557
legacy,2,a_N100_V3+3D,5.4368749260902405
legacy,2,a_N100_V3+3D,5.382917006500065
legacy,2,a_N100_V3+3D,5.406165961176157
legacy,2,a_N100_V3+3D,5.346291000023484
legacy,2,a_N100_V3+3D,5.380250047892332
legacy,2,a_N100_V3+3D,5.372915999032557
legacy,2,a_N100_V3+3D,5.363250034861267
legacy,2,a_N100_V3+3D,5.3620419930666685
legacy,2,a_N100_V3+3D,5.364708020351827
legacy,2,a_N100_V3+3D,5.316957947798073
legacy,2,a_N100_V3+3D,5.357249989174306
legacy,2,a_N100_V3+3D,5.400290945544839
legacy,2,a_N100_V3+3D,5.32495800871402
legacy,2,a_N100_V3+3D,5.348916980437934
legacy,2,a_N100_V3+3D,5.35674998536706
legacy,2,a_N100_V3+3D,5.324166035279632
legacy,2,a_N100_V3+3D,5.378041998483241
legacy,2,a_N100_V3+3D,5.326666054315865
legacy,2,a_N100_V3+3D,5.31541695818305
legacy,2,a_N100_V3+3D,5.323374993167818
legacy,2,a_N100_V3+3D,5.349541082978249
legacy,2,a_N100_V3+3D,5.317625007592142
legacy,2,a_N100_V3+3D,5.3580839885398746
legacy,2,a_N100_V3+3D,5.3073749877512455
legacy,2,a_N100_V3+3D,5.377333029173315
legacy,2,a_N100_V3+3D,5.348750040866435
legacy,2,a_N100_V3+3D,5.403166986070573
legacy,2,a_N100_V3+3D,5.3551249438896775
legacy,2,a_N100_V3+3D,5.309707950800657
legacy,2,a_N100_V3+3D,5.37862500641495
legacy,2,a_N100_V3+3D,5.333667038939893
legacy,2,a_N100_V3+3D,5.368000012822449
legacy,2,a_N100_V3+3D,5.331499967724085
legacy,2,a_N100_V3+3D,5.637875059619546
legacy,2,a_N100_V3+3D,5.434792023152113
legacy,2,a_N100_V3+3D,5.363416043110192
legacy,2,a_N100_V3+3D,5.353333079256117
legacy,2,a_N100_V3+3D,5.382500006817281
legacy,2,a_N100_V3+3D,5.3602500120177865
legacy,2,a_N100_V3+3D,5.352791980840266
legacy,2,a_N100_V3+3D,5.328124971129
legacy,2,a_N100_V3+3D,5.3848749957978725
legacy,2,a_N100_V3+3D,5.363791948184371
legacy,2,a_N100_V3+3D,5.315875052474439
legacy,2,a_N100_V3+3D,5.350333987735212
legacy,2,a_N100_V3+3D,5.3276249673217535
legacy,2,a_N100_V3+3D,5.360792041756213
legacy,2,a_N100_V3+3D,5.373083986341953
legacy,2,a_N100_V3+3D,5.319957970641553
legacy,2,a_N100_V3+3D,5.34483406227082
legacy,2,a_N100_V3+3D,5.858290940523148
legacy,2,a_N100_V3+3D,5.146042094565928
legacy,2,a_N100_V3+3D,5.20050001796335
legacy,2,a_N100_V3+3D,5.119416979141533
legacy,2,a_N100_V3+3D,5.018708063289523
legacy,2,a_N100_V3+3D,5.140749970450997
legacy,2,a_N100_V3+3D,5.09804196190089
legacy,2,a_N100_V3+3D,5.07091695908457
legacy,2,a_N100_V3+3D,4.936708020977676
legacy,2,a_N100_V3+3D,4.942792002111673
legacy,2,a_N100_V3+3D,5.06795896217227
legacy,2,a_N100_V3+3D,5.107208038680255
legacy,2,a_N100_V3+3D,4.9483750481158495
legacy,2,a_N100_V3+3D,5.058999988250434
legacy,2,a_N100_V3+3D,5.025417078286409
legacy,2,a_N100_V3+3D,5.10237505659461
legacy,2,a_N100_V3+3D,4.922709078527987
legacy,2,a_N100_V3+3D,4.9263330874964595
legacy,2,a_N100_V3+3D,4.897958948276937
legacy,2,a_N100_V3+3D,5.081916926428676
legacy,2,a_N100_V3+3D,5.086499964818358
legacy,2,a_N100_V3+3D,5.061374977231026
legacy,2,a_N100_V3+3D,4.919915925711393
legacy,2,a_N100_V3+3D,5.0825829384848475
legacy,2,a_N100_V3+3D,5.00158395152539
legacy,2,a_N100_V3+3D,5.048500024713576
legacy,2,a_N100_V3+3D,5.07583306171
legacy,2,a_N100_V3+3D,5.071916966699064
legacy,2,a_N100_V3+3D,4.921209067106247
legacy,2,a_N100_V3+3D,5.050749983638525
legacy,2,a_N100_V3+3D,5.056750029325485
legacy,2,a_N100_V3+3D,5.0250840140506625
legacy,2,a_N100_V3+3D,4.975958028808236
legacy,2,a_N100_V3+3D,5.015124916099012
legacy,2,a_N100_V3+3D,4.932625102810562
legacy,2,a_N100_V3+3D,5.076207919046283
legacy,2,a_N100_V3+3D,4.952374962158501
legacy,2,a_N100_V3+3D,5.021249991841614
legacy,2,a_N100_V3+3D,4.883292014710605
legacy,2,a_N100_V3+3D,5.044499994255602
legacy,2,a_N100_V3+3D,5.004709004424512
legacy,2,a_N100_V3+3D,5.055750021710992
legacy,2,a_N100_V3+3D,5.04425005055964
legacy,2,a_N100_V3+3D,5.030459025874734
legacy,2,a_N100_V3+3D,4.927208065055311
legacy,2,a_N100_V3+3D,5.04125002771616
legacy,2,a_N100_V3+3D,5.0287500489503145
legacy,2,a_N100_V3+3D,5.049792001955211
legacy,2,a_N100_V3+3D,4.938833997584879
legacy,2,a_N100_V3+3D,5.04591700155288
legacy,2,a_N100_V3+3D,5.066499928943813
legacy,2,a_N100_V3+3D,5.050624953582883
legacy,2,a_N100_V3+3D,5.029708961956203
legacy,2,a_N100_V3+3D,5.066166981123388
legacy,2,a_N100_V3+3D,4.929000046104193
legacy,2,a_N100_V3+3D,5.035292007960379
legacy,2,a_N100_V3+3D,4.898541956208646
legacy,2,a_N100_V3+3D,5.334499990567565
legacy,2,a_N100_V3+3D,5.044999998062849
legacy,2,a_N100_V3+3D,5.091667058877647
legacy,2,a_N100_V3+3D,6.115625030361116
legacy,2,a_N100_V3+3D,5.470167030580342
legacy,2,a_N100_V3+3D,5.613000015728176
legacy,2,a_N100_V3+3D,5.38162502925843
legacy,2,a_N100_V3+3D,5.368375102989376
legacy,2,a_N100_V3+3D,5.314667010679841
legacy,2,a_N100_V3+3D,5.355666973628104
legacy,2,a_N100_V3+3D,5.3623749408870935
legacy,2,a_N100_V3+3D,5.360750015825033
legacy,2,a_N100_V3+3D,5.331415915861726
legacy,2,a_N100_V3+3D,5.338417016901076
legacy,2,a_N100_V3+3D,5.315916961990297
legacy,2,a_N100_V3+3D,5.291042034514248
legacy,2,a_N100_V3+3D,5.287082982249558
legacy,2,a_N100_V3+3D,5.365250050090253
legacy,2,a_N100_V3+3D,5.354958004318178
legacy,2,a_N100_V3+3D,5.315750022418797
legacy,2,a_N100_V3+3D,5.304750055074692
legacy,2,a_N100_V3+3D,5.306708044372499
legacy,2,a_N100_V3+3D,5.319000105373561
legacy,2,a_N100_V3+3D,5.34554198384285
legacy,2,a_N100_V3+3D,5.33937499858439
legacy,2,a_N100_V3+3D,5.312749999575317
legacy,2,a_N100_V3+3D,5.308166961185634
legacy,2,a_N100_V3+3D,5.3077079355716705
legacy,2,a_N100_V3+3D,5.341292009688914
legacy,2,a_N100_V3+3D,5.353917018510401
legacy,2,a_N100_V3+3D,5.295166978612542
legacy,2,a_N100_V3+3D,5.311083048582077
legacy,2,a_N100_V3+3D,5.289499997161329
legacy,2,a_N100_V3+3D,5.379999987781048
legacy,2,a_N100_V3+3D,5.302250036038458
legacy,2,a_N100_V3+3D,5.325875012204051
legacy,2,a_N100_V3+3D,5.313375033438206
legacy,2,a_N100_V3+3D,5.297042080201209
legacy,2,a_N100_V3+3D,5.289583932608366
legacy,2,a_N100_V3+3D,5.324832978658378
legacy,2,a_N100_V3+3D,5.304291029460728
legacy,2,a_N100_V3+3D,5.322874989360571
legacy,2,a_N100_V3+3D,5.273499991744757
legacy,2,a_N100_V3+3D,5.712416954338551
legacy,2,a_N100_V3+3D,5.288959015160799
legacy,2,a_N100_V3+3D,5.282124970108271
legacy,2,a_N100_V3+3D,5.285416962578893
legacy,2,a_N100_V3+3D,5.308750085532665
legacy,2,a_N100_V3+3D,5.303167039528489
legacy,2,a_N100_V3+3D,5.310832988470793
legacy,2,a_N100_V3+3D,5.34333405084908
legacy,2,a_N100_V3+3D,5.307916086167097
legacy,2,a_N100_V3+3D,5.3055830067023635
legacy,2,a_N100_V3+3D,5.386375007219613
legacy,2,a_N100_V3+3D,5.28854108415544
legacy,2,a_N100_V3+3D,5.310832988470793
legacy,2,a_N100_V3+3D,5.3304999601095915
legacy,2,a_N100_V3+3D,5.321374977938831
legacy,2,a_N100_V3+3D,5.297666997648776
legacy,2,a_N100_V3+3D,5.588792031630874
legacy,2,a_N100_V3+3D,5.325417034327984
legacy,2,a_N100_V3+3D,5.3047919645905495
legacy,2,a_N100_V3+3D,5.294332979246974
legacy,2,a_N100_V3+3D,5.68291696254164
legacy,2,a_N100_V3+3D,5.007166997529566
legacy,2,a_N100_V3+3D,5.075542023405433
legacy,2,a_N100_V3+3D,4.969917004927993
legacy,2,a_N100_V3+3D,4.948792047798634
legacy,2,a_N100_V3+3D,4.947542096488178
legacy,2,a_N100_V3+3D,4.920292063616216
legacy,2,a_N100_V3+3D,4.945917055010796
legacy,2,a_N100_V3+3D,4.930124967359006
legacy,2,a_N100_V3+3D,4.922125022858381
legacy,2,a_N100_V3+3D,5.589916021563113
legacy,2,a_N100_V3+3D,5.100292037241161
legacy,2,a_N100_V3+3D,4.9987080274149776
legacy,2,a_N100_V3+3D,4.98529092874378
legacy,2,a_N100_V3+3D,4.942666972056031
legacy,2,a_N100_V3+3D,5.009041982702911
legacy,2,a_N100_V3+3D,4.93866705801338
legacy,2,a_N100_V3+3D,4.952916060574353
legacy,2,a_N100_V3+3D,4.920208011753857
legacy,2,a_N100_V3+3D,4.928542068228126
legacy,2,a_N100_V3+3D,4.975959076546133
legacy,2,a_N100_V3+3D,4.928708076477051
legacy,2,a_N100_V3+3D,4.933833028189838
legacy,2,a_N100_V3+3D,4.934041993692517
legacy,2,a_N100_V3+3D,4.901291918940842
legacy,2,a_N100_V3+3D,5.007833009585738
legacy,2,a_N100_V3+3D,4.968457971699536
legacy,2,a_N100_V3+3D,4.932665964588523
legacy,2,a_N100_V3+3D,4.9234579782933
legacy,2,a_N100_V3+3D,4.918209044262767
legacy,2,a_N100_V3+3D,4.9444170435890555
legacy,2,a_N100_V3+3D,4.923707921989262
legacy,2,a_N100_V3+3D,4.897459060885012
legacy,2,a_N100_V3+3D,4.900500061921775
legacy,2,a_N100_V3+3D,4.915500059723854
legacy,2,a_N100_V3+3D,4.889875068329275
legacy,2,a_N100_V3+3D,4.934583092108369
legacy,2,a_N100_V3+3D,4.860292072407901
legacy,2,a_N100_V3+3D,4.894208977930248
legacy,2,a_N100_V3+3D,4.901624983176589
legacy,2,a_N100_V3+3D,4.88666701130569
legacy,2,a_N100_V3+3D,4.909666953608394
legacy,2,a_N100_V3+3D,4.893625038675964
legacy,2,a_N100_V3+3D,4.884040914475918
legacy,2,a_N100_V3+3D,4.896000027656555
legacy,2,a_N100_V3+3D,4.887292045168579
legacy,2,a_N100_V3+3D,4.883875022642314
legacy,2,a_N100_V3+3D,4.950750037096441
legacy,2,a_N100_V3+3D,4.895042045973241
legacy,2,a_N100_V3+3D,4.930707975290716
legacy,2,a_N100_V3+3D,4.926959052681923
legacy,2,a_N100_V3+3D,4.913250100798905
legacy,2,a_N100_V3+3D,4.893083008937538
legacy,2,a_N100_V3+3D,4.905416979454458
legacy,2,a_N100_V3+3D,4.884833004325628
legacy,2,a_N100_V3+3D,4.914749995805323
legacy,2,a_N100_V3+3D,4.889874951913953
legacy,2,a_N100_V3+3D,5.1284999353811145
legacy,2,a_N100_V3+3D,4.912290954962373
legacy,2,a_N100_V3+3D,4.912541946396232
legacy,2,a_N100_V3+3D,6.103707943111658
legacy,2,a_N100_V3+3D,5.443542031571269
legacy,2,a_N100_V3+3D,5.486333044245839
legacy,2,a_N100_V3+3D,5.4054169449955225
legacy,2,a_N100_V3+3D,5.306166014634073
legacy,2,a_N100_V3+3D,5.295166978612542
legacy,2,a_N100_V3+3D,5.3025420056656
legacy,2,a_N100_V3+3D,5.323541932739317
legacy,2,a_N100_V3+3D,5.284665967337787
legacy,2,a_N100_V3+3D,5.333999986760318
legacy,2,a_N100_V3+3D,5.310417036525905
legacy,2,a_N100_V3+3D,5.495041026733816
legacy,2,a_N100_V3+3D,5.358875030651689
legacy,2,a_N100_V3+3D,5.353125045076013
legacy,2,a_N100_V3+3D,5.289957975037396
legacy,2,a_N100_V3+3D,5.355708068236709
legacy,2,a_N100_V3+3D,5.278667085804045
legacy,2,a_N100_V3+3D,5.317250033840537
legacy,2,a_N100_V3+3D,5.272916983813047
legacy,2,a_N100_V3+3D,5.410959012806416
legacy,2,a_N100_V3+3D,5.320291966199875
legacy,2,a_N100_V3+3D,5.341458949260414
legacy,2,a_N100_V3+3D,5.2762499544769526
legacy,2,a_N100_V3+3D,5.312707973644137
legacy,2,a_N100_V3+3D,5.2674999460577965
legacy,2,a_N100_V3+3D,5.27149997651577
legacy,2,a_N100_V3+3D,5.293542053550482
legacy,2,a_N100_V3+3D,5.3301670122891665
legacy,2,a_N100_V3+3D,5.305167054757476
legacy,2,a_N100_V3+3D,5.286250030621886
legacy,2,a_N100_V3+3D,5.28366700746119
legacy,2,a_N100_V3+3D,5.3015840239822865
legacy,2,a_N100_V3+3D,5.3280830616131425
legacy,2,a_N100_V3+3D,5.339249968528748
legacy,2,a_N100_V3+3D,5.2622080547735095
legacy,2,a_N100_V3+3D,5.289957975037396
legacy,2,a_N100_V3+3D,5.317333969287574
legacy,2,a_N100_V3+3D,5.286916974000633
legacy,2,a_N100_V3+3D,5.292541929520667
legacy,2,a_N100_V3+3D,5.311958026140928
legacy,2,a_N100_V3+3D,5.295709008350968
legacy,2,a_N100_V3+3D,5.30312501359731
legacy,2,a_N100_V3+3D,5.283041973598301
legacy,2,a_N100_V3+3D,5.3420839831233025
legacy,2,a_N100_V3+3D,5.282582947984338
legacy,2,a_N100_V3+3D,5.3277090191841125
legacy,2,a_N100_V3+3D,5.273167043924332
legacy,2,a_N100_V3+3D,5.325792008079588
legacy,2,a_N100_V3+3D,5.283958977088332
legacy,2,a_N100_V3+3D,5.3866669768467546
legacy,2,a_N100_V3+3D,5.353791988454759
legacy,2,a_N100_V3+3D,5.2886250196024776
legacy,2,a_N100_V3+3D,5.279832985252142
legacy,2,a_N100_V3+3D,5.298499949276447
legacy,2,a_N100_V3+3D,5.271374946460128
legacy,2,a_N100_V3+3D,5.300667020492256
legacy,2,a_N100_V3+3D,5.283750011585653
legacy,2,a_N100_V3+3D,5.305083002895117
legacy,2,a_N100_V3+3D,5.281292018480599
legacy,2,a_N100_V3+3D,5.400458001531661
legacy,2,b_N100_V4,8.341292035765946
legacy,2,b_N100_V4,7.302875048480928
legacy,2,b_N100_V4,7.161749992519617
legacy,2,b_N100_V4,7.142083952203393
legacy,2,b_N100_V4,7.319041993469
legacy,2,b_N100_V4,7.165541988797486
legacy,2,b_N100_V4,6.9528339663520455
legacy,2,b_N100_V4,7.1107919793576
legacy,2,b_N100_V4,7.08429201040417
legacy,2,b_N100_V4,7.092042011208832
legacy,2,b_N100_V4,7.134624989703298
legacy,2,b_N100_V4,7.184833055362105
legacy,2,b_N100_V4,7.015499984845519
legacy,2,b_N100_V4,7.076959009282291
legacy,2,b_N100_V4,7.035874994471669
legacy,2,b_N100_V4,7.040209020487964
legacy,2,b_N100_V4,6.906709051690996
legacy,2,b_N100_V4,7.13158305734396
legacy,2,b_N100_V4,7.046708953566849
legacy,2,b_N100_V4,7.00070895254612
legacy,2,b_N100_V4,7.451083045452833
legacy,2,b_N100_V4,7.078791968524456
legacy,2,b_N100_V4,6.88124995213002
legacy,2,b_N100_V4,6.914624944329262
legacy,2,b_N100_V4,7.068290957249701
legacy,2,b_N100_V4,7.015625014901161
legacy,2,b_N100_V4,7.034625043161213
legacy,2,b_N100_V4,6.982999970205128
legacy,2,b_N100_V4,6.891250028274953
legacy,2,b_N100_V4,7.020500022917986
legacy,2,b_N100_V4,7.024709018878639
legacy,2,b_N100_V4,6.950917071662843
legacy,2,b_N100_V4,6.986042018979788
legacy,2,b_N100_V4,7.0050000213086605
legacy,2,b_N100_V4,6.853875005617738
legacy,2,b_N100_V4,6.9998749531805515
legacy,2,b_N100_V4,6.915834033861756
legacy,2,b_N100_V4,6.952041992917657
legacy,2,b_N100_V4,6.844457937404513
legacy,2,b_N100_V4,6.9039169466122985
legacy,2,b_N100_V4,6.927125039510429
legacy,2,b_N100_V4,7.020332966931164
legacy,2,b_N100_V4,7.031959015876055
legacy,2,b_N100_V4,7.144124945625663
legacy,2,b_N100_V4,7.038625073619187
legacy,2,b_N100_V4,7.0209590485319495
legacy,2,b_N100_V4,6.903792032971978
legacy,2,b_N100_V4,7.013041991740465
legacy,2,b_N100_V4,6.886583985760808
legacy,2,b_N100_V4,6.983458995819092
legacy,2,b_N100_V4,6.949500064365566
legacy,2,b_N100_V4,7.067624945193529
legacy,2,b_N100_V4,6.891291937790811
legacy,2,b_N100_V4,6.9995420053601265
legacy,2,b_N100_V4,7.085541961714625
legacy,2,b_N100_V4,7.054875022731721
legacy,2,b_N100_V4,6.911374977789819
legacy,2,b_N100_V4,7.024666992947459
legacy,2,b_N100_V4,6.9977500243112445
legacy,2,b_N100_V4,7.0208749966695905
legacy,2,b_N100_V4,8.224957971833646
legacy,2,b_N100_V4,7.430374971590936
legacy,2,b_N100_V4,7.338874973356724
legacy,2,b_N100_V4,7.356790942139924
legacy,2,b_N100_V4,7.432332960888743
legacy,2,b_N100_V4,7.298917043954134
legacy,2,b_N100_V4,7.280374993570149
legacy,2,b_N100_V4,7.37104204017669
legacy,2,b_N100_V4,7.242250023409724
legacy,2,b_N100_V4,7.295666029676795
legacy,2,b_N100_V4,7.293208967894316
legacy,2,b_N100_V4,7.281333091668785
legacy,2,b_N100_V4,7.260707905516028
legacy,2,b_N100_V4,7.283207960426807
legacy,2,b_N100_V4,7.691917009651661
legacy,2,b_N100_V4,7.404415984638035
legacy,2,b_N100_V4,7.303916965611279
legacy,2,b_N100_V4,7.326334016397595
legacy,2,b_N100_V4,7.248957990668714
legacy,2,b_N100_V4,7.2384580271318555
legacy,2,b_N100_V4,7.32054200489074
legacy,2,b_N100_V4,7.282832986675203
legacy,2,b_N100_V4,7.21683306619525
legacy,2,b_N100_V4,7.264959043823183
legacy,2,b_N100_V4,7.317624986171722
legacy,2,b_N100_V4,7.271292037330568
legacy,2,b_N100_V4,7.264499901793897
legacy,2,b_N100_V4,8.276083040982485
legacy,2,b_N100_V4,7.369083003140986
legacy,2,b_N100_V4,7.3484169552102685
legacy,2,b_N100_V4,7.3596249567344785
legacy,2,b_N100_V4,7.265749969519675
legacy,2,b_N100_V4,7.247666944749653
legacy,2,b_N100_V4,7.299875025637448
legacy,2,b_N100_V4,7.258333032950759
legacy,2,b_N100_V4,7.318375050090253
legacy,2,b_N100_V4,7.231874973513186
legacy,2,b_N100_V4,7.274708012118936
legacy,2,b_N100_V4,7.232084055431187
legacy,2,b_N100_V4,7.219832972623408
legacy,2,b_N100_V4,7.206875015981495
legacy,2,b_N100_V4,7.264958927407861
legacy,2,b_N100_V4,7.329082931391895
legacy,2,b_N100_V4,7.294207927770913
legacy,2,b_N100_V4,8.010874968022108
legacy,2,b_N100_V4,7.348082959651947
legacy,2,b_N100_V4,7.276790915057063
legacy,2,b_N100_V4,7.291374960914254
legacy,2,b_N100_V4,7.276499993167818
legacy,2,b_N100_V4,7.2760829934850335
legacy,2,b_N100_V4,7.236375007778406
legacy,2,b_N100_V4,7.251332979649305
legacy,2,b_N100_V4,7.260833051986992
legacy,2,b_N100_V4,7.246792083606124
legacy,2,b_N100_V4,7.394499960355461
legacy,2,b_N100_V4,7.286624982953072
legacy,2,b_N100_V4,7.262166938744485
legacy,2,b_N100_V4,7.312625064514577
legacy,2,b_N100_V4,7.247375091537833
legacy,2,b_N100_V4,7.2752919513732195
legacy,2,b_N100_V4,7.76199996471405
legacy,2,b_N100_V4,6.966790999285877
legacy,2,b_N100_V4,6.942041916772723
legacy,2,b_N100_V4,6.973249954171479
legacy,2,b_N100_V4,6.89337495714426
legacy,2,b_N100_V4,6.897791987285018
legacy,2,b_N100_V4,6.925625028088689
legacy,2,b_N100_V4,6.914749974384904
legacy,2,b_N100_V4,6.8869589595124125
legacy,2,b_N100_V4,6.885249982587993
legacy,2,b_N100_V4,6.863957969471812
legacy,2,b_N100_V4,6.9833340821787715
legacy,2,b_N100_V4,6.860375055111945
legacy,2,b_N100_V4,6.857500062324107
legacy,2,b_N100_V4,6.854708073660731
legacy,2,b_N100_V4,6.8439580500125885
legacy,2,b_N100_V4,7.4064170476049185
legacy,2,b_N100_V4,6.851249956525862
legacy,2,b_N100_V4,6.855582934804261
legacy,2,b_N100_V4,6.861833040602505
legacy,2,b_N100_V4,6.859540939331055
legacy,2,b_N100_V4,6.825749995186925
legacy,2,b_N100_V4,6.8276249803602695
legacy,2,b_N100_V4,6.865874980576336
legacy,2,b_N100_V4,6.909791962243617
legacy,2,b_N100_V4,6.898040999658406
legacy,2,b_N100_V4,6.9137089885771275
legacy,2,b_N100_V4,6.861167028546333
legacy,2,b_N100_V4,6.861833040602505
legacy,2,b_N100_V4,6.84879207983613
legacy,2,b_N100_V4,6.873750011436641
legacy,2,b_N100_V4,6.848708027973771
legacy,2,b_N100_V4,6.89337495714426
legacy,2,b_N100_V4,6.901416927576065
legacy,2,b_N100_V4,6.859457935206592
legacy,2,b_N100_V4,6.874041981063783
legacy,2,b_N100_V4,6.888292031362653
legacy,2,b_N100_V4,6.850083009339869
legacy,2,b_N100_V4,6.854041945189238
legacy,2,b_N100_V4,6.811083061620593
legacy,2,b_N100_V4,6.889582960866392
legacy,2,b_N100_V4,6.9152089999988675
legacy,2,b_N100_V4,6.829167017713189
legacy,2,b_N100_V4,6.823500036261976
legacy,2,b_N100_V4,6.8255000514909625
legacy,2,b_N100_V4,6.838625064119697
legacy,2,b_N100_V4,6.845458061434329
legacy,2,b_N100_V4,6.83529197704047
legacy,2,b_N100_V4,6.917833001352847
legacy,2,b_N100_V4,6.8539580097422
legacy,2,b_N100_V4,6.843624985776842
legacy,2,b_N100_V4,6.827499950304627
legacy,2,b_N100_V4,6.838582921773195
legacy,2,b_N100_V4,6.8276249803602695
legacy,2,b_N100_V4,6.890458054840565
legacy,2,b_N100_V4,6.8743330193683505
legacy,2,b_N100_V4,6.857083993963897
legacy,2,b_N100_V4,6.82537502143532
legacy,2,b_N100_V4,6.82912499178201
legacy,2,b_N100_V4,6.8330840440467
legacy,2,b_N100_V4,8.138124947436154
legacy,2,b_N100_V4,7.495166966691613
legacy,2,b_N100_V4,7.382417097687721
legacy,2,b_N100_V4,7.362624979577959
legacy,2,b_N100_V4,7.349916035309434
legacy,2,b_N100_V4,7.312749978154898
legacy,2,b_N100_V4,7.309166947379708
legacy,2,b_N100_V4,7.335874950513244
legacy,2,b_N100_V4,7.3133750120177865
legacy,2,b_N100_V4,7.296541007235646
legacy,2,b_N100_V4,7.329749991185963
legacy,2,b_N100_V4,7.27137504145503
legacy,2,b_N100_V4,7.283375016413629
legacy,2,b_N100_V4,7.274625007994473
legacy,2,b_N100_V4,7.2790420381352305
legacy,2,b_N100_V4,7.272665970958769
legacy,2,b_N100_V4,7.2570000775158405
legacy,2,b_N100_V4,7.326167076826096
legacy,2,b_N100_V4,7.289958070032299
legacy,2,b_N100_V4,7.28575000539422
legacy,2,b_N100_V4,7.35841691493988
legacy,2,b_N100_V4,7.291708025150001
legacy,2,b_N100_V4,7.2887089336290956
legacy,2,b_N100_V4,7.234124932438135
legacy,2,b_N100_V4,7.355624926276505
legacy,2,b_N100_V4,7.274625007994473
legacy,2,b_N100_V4,7.275208947248757
legacy,2,b_N100_V4,7.25100003182888
legacy,2,b_N100_V4,7.288999971933663
legacy,2,b_N100_V4,7.258209050633013
legacy,2,b_N100_V4,7.314541027881205
legacy,2,b_N100_V4,7.25925003644079
legacy,2,b_N100_V4,7.312583038583398
legacy,2,b_N100_V4,7.323625031858683
legacy,2,b_N100_V4,7.2391669964417815
legacy,2,b_N100_V4,7.2789579862728715
legacy,2,b_N100_V4,7.273291004821658
legacy,2,b_N100_V4,7.219291990622878
legacy,2,b_N100_V4,7.260042009875178
legacy,2,b_N100_V4,7.406624965369701
legacy,2,b_N100_V4,7.24512489978224
legacy,2,b_N100_V4,7.299458957277238
legacy,2,b_N100_V4,7.223500055260956
legacy,2,b_N100_V4,7.25320796482265
legacy,2,b_N100_V4,7.306499988771975
legacy,2,b_N100_V4,7.287707994692028
legacy,2,b_N100_V4,7.264000014401972
legacy,2,b_N100_V4,7.324417005293071
legacy,2,b_N100_V4,7.242000079713762
legacy,2,b_N100_V4,7.2478330694139
legacy,2,b_N100_V4,7.264166953973472
legacy,2,b_N100_V4,7.228791015222669
legacy,2,b_N100_V4,7.267375010997057
legacy,2,b_N100_V4,7.268792018294334
legacy,2,b_N100_V4,7.419957895763218
legacy,2,b_N100_V4,7.262625033035874
legacy,2,b_N100_V4,7.289041997864842
legacy,2,b_N100_V4,7.286750013008714
legacy,2,b_N100_V4,7.271416950970888
legacy,2,b_N100_V4,7.242750027216971
legacy,2,b_N100_V4,7.849166984669864
legacy,2,b_N100_V4,7.079083006829023
legacy,2,b_N100_V4,7.05345906317234
legacy,2,b_N100_V4,6.995707983151078
legacy,2,b_N100_V4,7.010999950580299
legacy,2,b_N100_V4,6.947417045012116
legacy,2,b_N100_V4,7.035750080831349
legacy,2,b_N100_V4,6.9417080376297235
legacy,2,b_N100_V4,7.0003330474719405
legacy,2,b_N100_V4,6.9249579682946205
legacy,2,b_N100_V4,6.97766593657434
legacy,2,b_N100_V4,6.94483402185142
legacy,2,b_N100_V4,6.95524993352592
legacy,2,b_N100_V4,6.906709051690996
legacy,2,b_N100_V4,7.002708967775106
legacy,2,b_N100_V4,6.943625048734248
legacy,2,b_N100_V4,7.039083051495254
legacy,2,b_N100_V4,6.978042074479163
legacy,2,b_N100_V4,6.973917013965547
legacy,2,b_N100_V4,6.925125024281442
legacy,2,b_N100_V4,6.972084054723382
legacy,2,b_N100_V4,6.921000080183148
legacy,2,b_N100_V4,6.967333029024303
legacy,2,b_N100_V4,7.1276669623330235
legacy,2,b_N100_V4,7.006875006482005
legacy,2,b_N100_V4,6.944832974113524
legacy,2,b_N100_V4,6.996167008765042
legacy,2,b_N100_V4,6.905833026394248
legacy,2,b_N100_V4,6.9836670299991965
legacy,2,b_N100_V4,6.932334043085575
legacy,2,b_N100_V4,7.0281249936670065
legacy,2,b_N100_V4,6.950083072297275
legacy,2,b_N100_V4,6.963166990317404
legacy,2,b_N100_V4,6.9471250753849745
legacy,2,b_N100_V4,7.009707973338664
legacy,2,b_N100_V4,6.904917070642114
legacy,2,b_N100_V4,6.9971251068636775
legacy,2,b_N100_V4,7.521499996073544
legacy,2,b_N100_V4,7.240917067974806
legacy,2,b_N100_V4,7.08120793569833
legacy,2,b_N100_V4,7.104207994416356
legacy,2,b_N100_V4,6.972917006351054
legacy,2,b_N100_V4,7.038916926831007
legacy,2,b_N100_V4,7.021541940048337
legacy,2,b_N100_V4,7.060584030114114
legacy,2,b_N100_V4,7.041041972115636
legacy,2,b_N100_V4,7.059625000692904
legacy,2,b_N100_V4,7.010958972387016
legacy,2,b_N100_V4,7.068625069223344
legacy,2,b_N100_V4,6.988583016209304
legacy,2,b_N100_V4,7.054875022731721
legacy,2,b_N100_V4,6.989375106059015
legacy,2,b_N100_V4,7.042333018034697
legacy,2,b_N100_V4,6.956792087294161
legacy,2,b_N100_V4,7.1598750073462725
legacy,2,b_N100_V4,7.133082952350378
legacy,2,b_N100_V4,6.99749996419996
legacy,2,b_N100_V4,6.96741696447134
legacy,2,b_N100_V4,7.0010420167818666
legacy,2,b_N100_V4,6.944625056348741
legacy,2,b_N100_V4,8.2575409905985
legacy,2,b_N100_V4,7.498165941797197
legacy,2,b_N100_V4,7.4191250605508685
legacy,2,b_N100_V4,7.500416017137468
legacy,2,b_N100_V4,7.442458067089319
legacy,2,b_N100_V4,7.4237920343875885
legacy,2,b_N100_V4,7.404041010886431
legacy,2,b_N100_V4,7.4940420454367995
legacy,2,b_N100_V4,7.359292008914053
legacy,2,b_N100_V4,7.579124998301268
legacy,2,b_N100_V4,7.4049580143764615
legacy,2,b_N100_V4,7.345916936174035
legacy,2,b_N100_V4,8.020790992304683
legacy,2,b_N100_V4,8.318624924868345
legacy,2,b_N100_V4,7.568708970211446
legacy,2,b_N100_V4,7.527332985773683
legacy,2,b_N100_V4,7.436875021085143
legacy,2,b_N100_V4,7.461375091224909
legacy,2,b_N100_V4,7.4096249882131815
legacy,2,b_N100_V4,7.463957997970283
legacy,2,b_N100_V4,7.372917025350034
legacy,2,b_N100_V4,7.357583031989634
legacy,2,b_N100_V4,7.412083097733557
legacy,2,b_N100_V4,7.365541998296976
legacy,2,b_N100_V4,7.366916048340499
legacy,2,b_N100_V4,7.9352910397574306
legacy,2,b_N100_V4,7.379957940429449
legacy,2,b_N100_V4,7.533999974839389
legacy,2,b_N100_V4,7.408333010971546
legacy,2,b_N100_V4,7.3885839665308595
legacy,2,b_N100_V4,7.412874954752624
legacy,2,b_N100_V4,7.428542012348771
legacy,2,b_N100_V4,7.3771250899881124
legacy,2,b_N100_V4,7.412458071485162
legacy,2,b_N100_V4,7.3984169866889715
legacy,2,b_N100_V4,7.357417023740709
legacy,2,b_N100_V4,7.354916073381901
legacy,2,b_N100_V4,7.455083075910807
legacy,2,b_N100_V4,7.352749933488667
legacy,2,b_N100_V4,7.325916085392237
legacy,2,b_N100_V4,7.373875007033348
legacy,2,b_N100_V4,7.349541992880404
legacy,2,b_N100_V4,7.356540998443961
legacy,2,b_N100_V4,7.345040910877287
legacy,2,b_N100_V4,7.367374957539141
legacy,2,b_N100_V4,7.358915987424552
legacy,2,b_N100_V4,7.390332990325987
legacy,2,b_N100_V4,7.374542066827416
legacy,2,b_N100_V4,7.34595803078264
legacy,2,b_N100_V4,7.362624979577959
legacy,2,b_N100_V4,7.348000071942806
legacy,2,b_N100_V4,7.402040995657444
legacy,2,b_N100_V4,8.08862503618002
legacy,2,b_N100_V4,7.413916988298297
legacy,2,b_N100_V4,7.435916108079255
legacy,2,b_N100_V4,7.50070798676461
legacy,2,b_N100_V4,7.396458997391164
legacy,2,b_N100_V4,7.422707974910736
legacy,2,b_N100_V4,8.02912493236363
legacy,2,b_N100_V4,7.3908340418711305
legacy,2,b_N100_V4,7.794540957547724
legacy,2,b_N100_V4,7.021917030215263
legacy,2,b_N100_V4,7.034708978608251
legacy,2,b_N100_V4,6.994457915425301
legacy,2,b_N100_V4,7.00391607824713
legacy,2,b_N100_V4,7.030916982330382
legacy,2,b_N100_V4,6.967582972720265
legacy,2,b_N100_V4,6.965291919186711
legacy,2,b_N100_V4,6.97716698050499
legacy,2,b_N100_V4,6.980582955293357
legacy,2,b_N100_V4,6.997667020186782
legacy,2,b_N100_V4,6.96729205083102
legacy,2,b_N100_V4,6.902083056047559
legacy,2,b_N100_V4,6.987917004153132
legacy,2,b_N100_V4,6.971250055357814
legacy,2,b_N100_V4,7.022583042271435
legacy,2,b_N100_V4,6.933125085197389
legacy,2,b_N100_V4,6.987124914303422
legacy,2,b_N100_V4,6.935250014066696
legacy,2,b_N100_V4,6.964000058360398
legacy,2,b_N100_V4,6.955666001886129
legacy,2,b_N100_V4,6.985916988924146
legacy,2,b_N100_V4,6.95208297111094
legacy,2,b_N100_V4,6.982541992329061
legacy,2,b_N100_V4,6.9775000447407365
legacy,2,b_N100_V4,7.156915962696075
legacy,2,b_N100_V4,6.980083999224007
legacy,2,b_N100_V4,6.9495419738814235
legacy,2,b_N100_V4,7.016750052571297
legacy,2,b_N100_V4,7.124833995476365
legacy,2,b_N100_V4,6.930542062036693
legacy,2,b_N100_V4,6.9471250753849745
legacy,2,b_N100_V4,6.929416907951236
legacy,2,b_N100_V4,6.9344580406323075
legacy,2,b_N100_V4,6.982374936342239
legacy,2,b_N100_V4,7.066666963510215
legacy,2,b_N100_V4,6.920124986208975
legacy,2,b_N100_V4,6.891333032399416
legacy,2,b_N100_V4,6.91829202696681
legacy,2,b_N100_V4,6.9007090060040355
legacy,2,b_N100_V4,6.957000005058944
legacy,2,b_N100_V4,6.918417057022452
legacy,2,b_N100_V4,6.925499998033047
legacy,2,b_N100_V4,6.9605420576408505
legacy,2,b_N100_V4,6.960334023460746
legacy,2,b_N100_V4,7.06841703504324
legacy,2,b_N100_V4,6.929042050614953
legacy,2,b_N100_V4,6.95304200053215
legacy,2,b_N100_V4,6.894208956509829
legacy,2,b_N100_V4,6.917833001352847
legacy,2,b_N100_V4,6.965084001421928
legacy,2,b_N100_V4,6.945083034224808
legacy,2,b_N100_V4,6.955540971830487
legacy,2,b_N100_V4,6.968374946154654
legacy,2,b_N100_V4,6.9072500336915255
legacy,2,b_N100_V4,7.019917014986277
legacy,2,b_N100_V4,6.943584070540965
legacy,2,b_N100_V4,7.020457996986806
legacy,2,b_N100_V4,6.972542032599449
legacy,2,b_N100_V4,6.9504170678555965
legacy,2,b_N100_V4,8.056832943111658
legacy,2,b_N100_V4,7.472375058569014
legacy,2,b_N100_V4,7.379916962236166
legacy,2,b_N100_V4,7.35079194419086
legacy,2,b_N100_V4,7.3766669956967235
legacy,2,b_N100_V4,7.308542029932141
legacy,2,b_N100_V4,7.288207998499274
legacy,2,b_N100_V4,7.321416982449591
legacy,2,b_N100_V4,7.25120899733156
legacy,2,b_N100_V4,7.240584003739059
legacy,2,b_N100_V4,7.226416957564652
legacy,2,b_N100_V4,7.336875074543059
legacy,2,b_N100_V4,7.269166992045939
legacy,2,b_N100_V4,7.355957990512252
legacy,2,b_N100_V4,7.206125068478286
legacy,2,b_N100_V4,7.229458075016737
legacy,2,b_N100_V4,7.25704210344702
legacy,2,b_N100_V4,7.918583927676082
legacy,2,b_N100_V4,7.244333042763174
legacy,2,b_N100_V4,7.302124984562397
legacy,2,b_N100_V4,7.23599991761148
legacy,2,b_N100_V4,7.22008291631937
legacy,2,b_N100_V4,7.251417031511664
legacy,2,b_N100_V4,7.262042025104165
legacy,2,b_N100_V4,7.207582937553525
legacy,2,b_N100_V4,7.2963329730555415
legacy,2,b_N100_V4,7.218000013381243
legacy,2,b_N100_V4,7.2931250324472785
legacy,2,b_N100_V4,7.239458034746349
legacy,2,b_N100_V4,7.341167074628174
legacy,2,b_N100_V4,7.243791013024747
legacy,2,b_N100_V4,7.211916032247245
legacy,2,b_N100_V4,7.261916995048523
legacy,2,b_N100_V4,7.559958030469716
legacy,2,b_N100_V4,7.333583082072437
legacy,2,b_N100_V4,7.2619590209797025
legacy,2,b_N100_V4,7.236666977405548
legacy,2,b_N100_V4,7.2518750093877316
legacy,2,b_N100_V4,7.230042014271021
legacy,2,b_N100_V4,7.350292056798935
legacy,2,b_N100_V4,7.268292014487088
legacy,2,b_N100_V4,7.2772090788930655
legacy,2,b_N100_V4,7.2946250438690186
legacy,2,b_N100_V4,7.358749979175627
legacy,2,b_N100_V4,7.276959018781781
legacy,2,b_N100_V4,7.28949997574091
legacy,2,b_N100_V4,7.289125001989305
legacy,2,b_N100_V4,7.267709006555378
legacy,2,b_N100_V4,7.282875012606382
legacy,2,b_N100_V4,7.56666692905128
legacy,2,b_N100_V4,7.267458946444094
legacy,2,b_N100_V4,7.268499932251871
legacy,2,b_N100_V4,7.269709021784365
legacy,2,b_N100_V4,7.370084058493376
legacy,2,b_N100_V4,7.2594169760122895
legacy,2,b_N100_V4,7.348041981458664
legacy,2,b_N100_V4,7.328834035433829
legacy,2,b_N100_V4,7.298958022147417
legacy,2,b_N100_V4,7.248167064972222
legacy,2,b_N100_V4,7.365875062532723
legacy,2,b_N100_V4,7.759957923553884
legacy,2,b_N100_V4,7.0038329577073455
legacy,2,b_N100_V4,7.096374989487231
legacy,2,b_N100_V4,6.979249999858439
legacy,2,b_N100_V4,6.94070803001523
legacy,2,b_N100_V4,7.0745840203017
legacy,2,b_N100_V4,6.936750025488436
legacy,2,b_N100_V4,6.997624994255602
legacy,2,b_N100_V4,6.933500058948994
legacy,2,b_N100_V4,6.916875019669533
legacy,2,b_N100_V4,6.886375020258129
legacy,2,b_N100_V4,6.963999941945076
legacy,2,b_N100_V4,6.9137499667704105
legacy,2,b_N100_V4,6.927957991138101
legacy,2,b_N100_V4,6.909874966368079
legacy,2,b_N100_V4,6.908082985319197
legacy,2,b_N100_V4,6.92349998280406
legacy,2,b_N100_V4,7.011458044871688
legacy,2,b_N100_V4,6.94908294826746
legacy,2,b_N100_V4,6.923458073288202
legacy,2,b_N100_V4,6.888959091156721
legacy,2,b_N100_V4,6.932083051651716
legacy,2,b_N100_V4,6.938375066965818
legacy,2,b_N100_V4,6.935083074495196
legacy,2,b_N100_V4,6.897208048030734
legacy,2,b_N100_V4,7.155833067372441
legacy,2,b_N100_V4,6.906208000145853
legacy,2,b_N100_V4,6.8952079163864255
legacy,2,b_N100_V4,6.961624952964485
legacy,2,b_N100_V4,7.021834026090801
legacy,2,b_N100_V4,6.916332989931107
legacy,2,b_N100_V4,6.935750017873943
legacy,2,b_N100_V4,6.907416973263025
legacy,2,b_N100_V4,6.945166038349271
legacy,2,b_N100_V4,6.898208055645227
legacy,2,b_N100_V4,6.977249984629452
legacy,2,b_N100_V4,6.881708046421409
legacy,2,b_N100_V4,7.140625035390258
legacy,2,b_N100_V4,7.036499911919236
legacy,2,b_N100_V4,6.904708920046687
legacy,2,b_N100_V4,6.916791899129748
legacy,2,b_N100_V4,6.99083402287215
legacy,2,b_N100_V4,6.884582922793925
legacy,2,b_N100_V4,6.893916986882687
legacy,2,b_N100_V4,6.904833950102329
legacy,2,b_N100_V4,6.894291029311717
legacy,2,b_N100_V4,6.901958025991917
legacy,2,b_N100_V4,6.946749985218048
legacy,2,b_N100_V4,6.885915994644165
legacy,2,b_N100_V4,6.875540944747627
legacy,2,b_N100_V4,6.867959047667682
legacy,2,b_N100_V4,6.898749968968332
legacy,2,b_N100_V4,6.8627080181613564
legacy,2,b_N100_V4,6.917208898812532
legacy,2,b_N100_V4,6.857875036075711
legacy,2,b_N100_V4,7.091666921041906
legacy,2,b_N100_V4,6.8782499292865396
legacy,2,b_N100_V4,6.976000033318996
legacy,2,b_N100_V4,7.8048330033198
legacy,2,b_N100_V4,7.009417051449418
legacy,2,b_N100_V4,8.343083900399506
legacy,2,b_N100_V4,7.460291963070631
legacy,2,b_N100_V4,7.30987498536706
legacy,2,b_N100_V4,7.333124987781048
legacy,2,b_N100_V4,7.391083054244518
legacy,2,b_N100_V4,7.418084074743092
legacy,2,b_N100_V4,7.472958997823298
legacy,2,b_N100_V4,7.392542087472975
legacy,2,b_N100_V4,7.392291910946369
legacy,2,b_N100_V4,7.4060410261154175
legacy,2,b_N100_V4,7.372374995611608
legacy,2,b_N100_V4,7.438667002134025
legacy,2,b_N100_V4,7.378957932814956
legacy,2,b_N100_V4,7.307332940399647
legacy,2,b_N100_V4,7.422834052704275
legacy,2,b_N100_V4,7.327000028453767
legacy,2,b_N100_V4,7.410667021758854
legacy,2,b_N100_V4,7.430542027577758
legacy,2,b_N100_V4,7.433125050738454
legacy,2,b_N100_V4,7.291292073205113
legacy,2,b_N100_V4,7.3532500537112355
legacy,2,b_N100_V4,7.383999996818602
legacy,2,b_N100_V4,7.367458078078926
legacy,2,b_N100_V4,7.260583923198283
legacy,2,b_N100_V4,7.293166010640562
legacy,2,b_N100_V4,7.2431250009685755
legacy,2,b_N100_V4,7.510708994232118
legacy,2,b_N100_V4,7.352582993917167
legacy,2,b_N100_V4,7.308625034056604
legacy,2,b_N100_V4,7.2489590384066105
legacy,2,b_N100_V4,7.302333018742502
legacy,2,b_N100_V4,7.377582951448858
legacy,2,b_N100_V4,7.354667061008513
legacy,2,b_N100_V4,7.355791050940752
legacy,2,b_N100_V4,7.4454579735174775
legacy,2,b_N100_V4,7.266625063493848
legacy,2,b_N100_V4,7.34129105694592
legacy,2,b_N100_V4,7.398708024993539
legacy,2,b_N100_V4,7.3414999060332775
legacy,2,b_N100_V4,7.363541051745415
legacy,2,b_N100_V4,7.303416961804032
legacy,2,b_N100_V4,7.410374935716391
legacy,2,b_N100_V4,7.385624921880662
legacy,2,b_N100_V4,7.386249955743551
legacy,2,b_N100_V4,7.361375028267503
legacy,2,b_N100_V4,7.278374978341162
legacy,2,b_N100_V4,7.424375042319298
legacy,2,b_N100_V4,7.407209021039307
legacy,2,b_N100_V4,7.372083025984466
legacy,2,b_N100_V4,7.318499963730574
legacy,2,b_N100_V4,7.33925006352365
legacy,2,b_N100_V4,7.280332967638969
legacy,2,b_N100_V4,7.3746670968830585
legacy,2,b_N100_V4,7.407999946735799
legacy,2,b_N100_V4,7.394167012535036
legacy,2,b_N100_V4,7.308666943572462
legacy,2,b_N100_V4,7.473667035810649
legacy,2,b_N100_V4,7.411582977510989
legacy,2,b_N100_V4,7.387291989289224
legacy,2,b_N100_V4,7.352916989475489
legacy,2,b_N100_V4,7.896666997112334
legacy,2,b_N100_V4,7.039500051178038
legacy,2,b_N100_V4,7.089334074407816
legacy,2,b_N100_V4,7.08875001873821
legacy,2,b_N100_V4,7.121125003322959
legacy,2,b_N100_V4,6.97250000666827
legacy,2,b_N100_V4,7.096166023984551
legacy,2,b_N100_V4,6.937791942618787
legacy,2,b_N100_V4,7.651957916095853
legacy,2,b_N100_V4,7.1577089838683605
legacy,2,b_N100_V4,7.103457930497825
legacy,2,b_N100_V4,6.950875045731664
legacy,2,b_N100_V4,7.693208986893296
legacy,2,b_N100_V4,6.974291987717152
legacy,2,b_N100_V4,7.049667066894472
legacy,2,b_N100_V4,6.974125048145652
legacy,2,b_N100_V4,7.042458048090339
legacy,2,b_N100_V4,6.906125112436712
legacy,2,b_N100_V4,7.091999985277653
legacy,2,b_N100_V4,7.0223750080913305
legacy,2,b_N100_V4,7.038000039756298
legacy,2,b_N100_V4,7.016500108875334
legacy,2,b_N100_V4,7.030541077256203
legacy,2,b_N100_V4,6.954749929718673
legacy,2,b_N100_V4,7.029458996839821
legacy,2,b_N100_V4,7.018083008006215
legacy,2,b_N100_V4,7.042790995910764
legacy,2,b_N100_V4,6.901124957948923
legacy,2,b_N100_V4,7.062750053592026
legacy,2,b_N100_V4,7.011667010374367
legacy,2,b_N100_V4,7.062708027660847
legacy,2,b_N100_V4,7.058917079120874
legacy,2,b_N100_V4,6.991334026679397
legacy,2,b_N100_V4,6.89325004350394
legacy,2,b_N100_V4,6.97229104116559
legacy,2,b_N100_V4,7.015291950665414
legacy,2,b_N100_V4,7.031541084870696
legacy,2,b_N100_V4,6.957000005058944
legacy,2,b_N100_V4,7.010667002759874
legacy,2,b_N100_V4,6.949916947633028
legacy,2,b_N100_V4,7.028750027529895
legacy,2,b_N100_V4,7.012292044237256
legacy,2,b_N100_V4,6.865125033073127
legacy,2,b_N100_V4,6.932583055458963
legacy,2,b_N100_V4,7.076916983351111
legacy,2,b_N100_V4,7.077250047586858
legacy,2,b_N100_V4,7.018333068117499
legacy,2,b_N100_V4,6.886792019940913
legacy,2,b_N100_V4,7.018374977633357
legacy,2,b_N100_V4,6.954792072065175
legacy,2,b_N100_V4,6.9990839110687375
legacy,2,b_N100_V4,7.0003330474719405
legacy,2,b_N100_V4,7.04616610892117
legacy,2,b_N100_V4,6.906624999828637
legacy,2,b_N100_V4,7.033000001683831
legacy,2,b_N100_V4,6.97545800358057
legacy,2,b_N100_V4,7.04199995379895
legacy,2,b_N100_V4,6.973374984227121
legacy,2,b_N100_V4,7.035791990347207
legacy,2,b_N100_V4,7.030833978205919
legacy,2,b_N100_V4,8.113290998153389
legacy,2,b_N100_V4,7.4274580692872405
legacy,2,b_N100_V4,7.328750099986792
legacy,2,b_N100_V4,7.314083050005138
legacy,2,b_N100_V4,7.286707987077534
legacy,2,b_N100_V4,7.300708908587694
legacy,2,b_N100_V4,7.366750040091574
legacy,2,b_N100_V4,7.284875027835369
legacy,2,b_N100_V4,7.286084000952542
legacy,2,b_N100_V4,7.296707946807146
legacy,2,b_N100_V4,7.264207932166755
legacy,2,b_N100_V4,7.258416968397796
legacy,2,b_N100_V4,7.236124947667122
legacy,2,b_N100_V4,7.189124939031899
legacy,2,b_N100_V4,7.262833998538554
legacy,2,b_N100_V4,7.261832943186164
legacy,2,b_N100_V4,7.241416024044156
legacy,2,b_N100_V4,7.646791986189783
legacy,2,b_N100_V4,7.250084076076746
legacy,2,b_N100_V4,7.211791002191603
legacy,2,b_N100_V4,7.219666964374483
legacy,2,b_N100_V4,7.260666927322745
legacy,2,b_N100_V4,7.241041981615126
legacy,2,b_N100_V4,7.318416959606111
legacy,2,b_N100_V4,7.265582913532853
legacy,2,b_N100_V4,7.242582971230149
legacy,2,b_N100_V4,7.299749995581806
legacy,2,b_N100_V4,7.245291024446487
legacy,2,b_N100_V4,7.237292011268437
legacy,2,b_N100_V4,7.233250071294606
legacy,2,b_N100_V4,7.24254094529897
legacy,2,b_N100_V4,7.222207961603999
legacy,2,b_N100_V4,7.2301250183954835
legacy,2,b_N100_V4,7.190000033006072
legacy,2,b_N100_V4,7.253917050547898
legacy,2,b_N100_V4,7.199958898127079
legacy,2,b_N100_V4,7.242207997478545
legacy,2,b_N100_V4,7.268291898071766
legacy,2,b_N100_V4,7.2438339702785015
legacy,2,b_N100_V4,7.233249954879284
legacy,2,b_N100_V4,7.2102079866454005
legacy,2,b_N100_V4,7.260540965944529
legacy,2,b_N100_V4,7.249790942296386
legacy,2,b_N100_V4,7.274957955814898
legacy,2,b_N100_V4,7.248791982419789
legacy,2,b_N100_V4,7.913000066764653
legacy,2,b_N100_V4,7.273082970641553
legacy,2,b_N100_V4,7.27008399553597
legacy,2,b_N100_V4,7.2214159881696105
legacy,2,b_N100_V4,7.2345000226050615
legacy,2,b_N100_V4,7.261791033670306
legacy,2,b_N100_V4,7.280625053681433
legacy,2,b_N100_V4,7.240082952193916
legacy,2,b_N100_V4,7.260666927322745
legacy,2,b_N100_V4,7.2289579547941685
legacy,2,b_N100_V4,7.267207955010235
legacy,2,b_N100_V4,7.355708978138864
legacy,2,b_N100_V4,7.2174170054495335
legacy,2,b_N100_V4,7.272915914654732
legacy,2,b_N100_V4,7.248125039041042
legacy,2,b_N100_V4,7.699833018705249
legacy,2,b_N100_V4,6.975999916903675
legacy,2,b_N100_V4,6.92800001706928
legacy,2,b_N100_V4,6.913249962963164
legacy,2,b_N100_V4,6.941249943338335
legacy,2,b_N100_V4,6.909542018547654
legacy,2,b_N100_V4,6.901875021867454
legacy,2,b_N100_V4,6.868666969239712
legacy,2,b_N100_V4,6.901917047798634
legacy,2,b_N100_V4,6.911749951541424
legacy,2,b_N100_V4,6.898542051203549
legacy,2,b_N100_V4,6.889624986797571
legacy,2,b_N100_V4,6.897625047713518
legacy,2,b_N100_V4,6.93400006275624
legacy,2,b_N100_V4,6.9007910788059235
legacy,2,b_N100_V4,6.9075829815119505
legacy,2,b_N100_V4,6.829750025644898
legacy,2,b_N100_V4,7.37566698808223
legacy,2,b_N100_V4,6.902582943439484
legacy,2,b_N100_V4,6.880000000819564
legacy,2,b_N100_V4,6.868749973364174
legacy,2,b_N100_V4,6.8627080181613564
legacy,2,b_N100_V4,6.8917080061510205
legacy,2,b_N100_V4,6.8732500076293945
legacy,2,b_N100_V4,6.852541002444923
legacy,2,b_N100_V4,6.84649997856468
legacy,2,b_N100_V4,6.941584055311978
legacy,2,b_N100_V4,7.055833004415035
legacy,2,b_N100_V4,6.871292018331587
legacy,2,b_N100_V4,6.834624917246401
legacy,2,b_N100_V4,6.85862498357892
legacy,2,b_N100_V4,6.847707903943956
legacy,2,b_N100_V4,6.920082960277796
legacy,2,b_N100_V4,6.874582963064313
legacy,2,b_N100_V4,6.833540974184871
legacy,2,b_N100_V4,6.894749938510358
legacy,2,b_N100_V4,6.8670830223709345
legacy,2,b_N100_V4,6.84633303899318
legacy,2,b_N100_V4,6.839375011622906
legacy,2,b_N100_V4,6.857458036392927
legacy,2,b_N100_V4,6.866125040687621
legacy,2,b_N100_V4,6.8543750094249845
legacy,2,b_N100_V4,6.901790970005095
legacy,2,b_N100_V4,7.51737505197525
legacy,2,b_N100_V4,7.100874907337129
legacy,2,b_N100_V4,7.0364580024033785
legacy,2,b_N100_V4,7.019749958999455
legacy,2,b_N100_V4,6.953583913855255
legacy,2,b_N100_V4,6.957832956686616
legacy,2,b_N100_V4,7.037375005893409
legacy,2,b_N100_V4,6.945000030100346
legacy,2,b_N100_V4,6.990207941271365
legacy,2,b_N100_V4,6.9072500336915255
legacy,2,b_N100_V4,6.917000049725175
legacy,2,b_N100_V4,6.942415959201753
legacy,2,b_N100_V4,6.933583063073456
legacy,2,b_N100_V4,6.989959045313299
legacy,2,b_N100_V4,7.013875059783459
legacy,2,b_N100_V4,6.939750048331916
legacy,2,b_N100_V4,6.956874975003302
legacy,2,b_N100_V4,8.155249990522861
legacy,2,b_N100_V4,7.4610000010579824
legacy,2,b_N100_V4,7.439333945512772
legacy,2,b_N100_V4,7.461375091224909
legacy,2,b_N100_V4,7.388666970655322
legacy,2,b_N100_V4,7.365625002421439
legacy,2,b_N100_V4,7.378624984994531
legacy,2,b_N100_V4,7.376957917585969
legacy,2,b_N100_V4,7.402083952911198
legacy,2,b_N100_V4,7.433124934323132
legacy,2,b_N100_V4,7.362875039689243
legacy,2,b_N100_V4,7.385459030047059
legacy,2,b_N100_V4,7.342458004131913
legacy,2,b_N100_V4,7.339625037275255
legacy,2,b_N100_V4,7.303375052288175
legacy,2,b_N100_V4,7.323040976189077
legacy,2,b_N100_V4,7.302542100660503
legacy,2,b_N100_V4,7.339458912611008
legacy,2,b_N100_V4,7.316833012737334
legacy,2,b_N100_V4,7.374666980467737
legacy,2,b_N100_V4,7.304040947929025
legacy,2,b_N100_V4,7.430249941535294
legacy,2,b_N100_V4,7.305457955226302
legacy,2,b_N100_V4,7.348292041569948
legacy,2,b_N100_V4,7.301334058865905
legacy,2,b_N100_V4,7.3444580193609
legacy,2,b_N100_V4,7.549625006504357
legacy,2,b_N100_V4,7.374334032647312
legacy,2,b_N100_V4,7.310957997106016
legacy,2,b_N100_V4,7.36733409576118
legacy,2,b_N100_V4,7.298166048713028
legacy,2,b_N100_V4,7.35050009097904
legacy,2,b_N100_V4,7.291208952665329
legacy,2,b_N100_V4,7.455875049345195
legacy,2,b_N100_V4,7.322541903704405
legacy,2,b_N100_V4,7.349250023253262
legacy,2,b_N100_V4,7.2804579976946115
legacy,2,b_N100_V4,8.209749939851463
legacy,2,b_N100_V4,9.801000007428229
legacy,2,b_N100_V4,8.82858398836106
legacy,2,b_N100_V4,9.16191702708602
legacy,2,b_N100_V4,8.907124982215464
legacy,2,b_N100_V4,8.289874996989965
legacy,2,b_N100_V4,7.58220802526921
legacy,2,b_N100_V4,7.48129200655967
legacy,2,b_N100_V4,7.446291041560471
legacy,2,b_N100_V4,7.397625013254583
legacy,2,b_N100_V4,7.429499994032085
legacy,2,b_N100_V4,7.428458076901734
legacy,2,b_N100_V4,7.388958008959889
legacy,2,b_N100_V4,7.337459013797343
legacy,2,b_N100_V4,7.365124998614192
legacy,2,b_N100_V4,7.329707965254784
legacy,2,b_N100_V4,7.429416989907622
legacy,2,b_N100_V4,7.348792045377195
legacy,2,b_N100_V4,7.471458055078983
legacy,2,b_N100_V4,7.515500066801906
legacy,2,b_N100_V4,7.401040988042951
legacy,2,b_N100_V4,7.360166986472905
legacy,2,b_N100_V4,7.379917078651488
legacy,2,b_N100_V4,7.857708027586341
legacy,2,b_N100_V4,7.213499979116023
legacy,2,b_N100_V4,7.101041963323951
legacy,2,b_N100_V4,7.074250024743378
legacy,2,b_N100_V4,7.068875012919307
legacy,2,b_N100_V4,7.119250018149614
legacy,2,b_N100_V4,7.041624980047345
legacy,2,b_N100_V4,7.094625034369528
legacy,2,b_N100_V4,7.053749985061586
legacy,2,b_N100_V4,7.004874991253018
legacy,2,b_N100_V4,7.092124898917973
legacy,2,b_N100_V4,7.077459013089538
legacy,2,b_N100_V4,7.018040982075036
legacy,2,b_N100_V4,7.023792015388608
legacy,2,b_N100_V4,7.005834020674229
legacy,2,b_N100_V4,6.99504092335701
legacy,2,b_N100_V4,7.002874976024032
legacy,2,b_N100_V4,7.08058406598866
legacy,2,b_N100_V4,7.016666000708938
legacy,2,b_N100_V4,7.010582950897515
legacy,2,b_N100_V4,7.034000009298325
legacy,2,b_N100_V4,7.004374987445772
legacy,2,b_N100_V4,6.925458088517189
legacy,2,b_N100_V4,6.91116601228714
legacy,2,b_N100_V4,7.565916050225496
legacy,2,b_N100_V4,7.142249960452318
legacy,2,b_N100_V4,6.998333963565528
legacy,2,b_N100_V4,7.1359159192070365
legacy,2,b_N100_V4,6.981750018894672
legacy,2,b_N100_V4,7.078874972648919
legacy,2,b_N100_V4,6.970708956941962
legacy,2,b_N100_V4,7.035583024844527
legacy,2,b_N100_V4,7.025917060673237
legacy,2,b_N100_V4,7.007958018220961
legacy,2,b_N100_V4,6.9767499808222055
legacy,2,b_N100_V4,7.592792040668428
legacy,2,b_N100_V4,7.100332994014025
legacy,2,b_N100_V4,7.049167063087225
legacy,2,b_N100_V4,7.072124979458749
legacy,2,b_N100_V4,6.999750039540231
legacy,2,b_N100_V4,6.973541923798621
legacy,2,b_N100_V4,6.944791995920241
legacy,2,b_N100_V4,6.989249959588051
legacy,2,b_N100_V4,7.065707934089005
legacy,2,b_N100_V4,7.042750017717481
legacy,2,b_N100_V4,7.525124936364591
legacy,2,b_N100_V4,7.603832986205816
legacy,2,b_N100_V4,7.150250021368265
legacy,2,b_N100_V4,7.073665969073772
legacy,2,b_N100_V4,7.023665937595069
legacy,2,b_N100_V4,6.964917061850429
legacy,2,b_N100_V4,6.996833020821214
legacy,2,b_N100_V4,7.0092909736558795
legacy,2,b_N100_V4,7.047458901070058
legacy,2,b_N100_V4,7.024166057817638
legacy,2,b_N100_V4,7.0393329951912165
legacy,2,b_N100_V4,7.0475839311257005
legacy,2,b_N100_V4,7.1052080020308495
legacy,2,b_N100_V4,6.9925409043207765
legacy,2,b_N100_V4,6.987874978221953
legacy,2,b_N100_V4,8.17191693931818
legacy,2,b_N100_V4,7.467790972441435
legacy,2,b_N100_V4,7.526084082201123
legacy,2,b_N100_V4,7.453166996128857
legacy,2,b_N100_V4,7.437958032824099
legacy,2,b_N100_V4,7.426125113852322
legacy,2,b_N100_V4,7.432582904584706
legacy,2,b_N100_V4,7.437125081196427
legacy,2,b_N100_V4,7.457457948476076
legacy,2,b_N100_V4,7.438041968271136
legacy,2,b_N100_V4,7.445207913406193
legacy,2,b_N100_V4,7.43754196446389
legacy,2,b_N100_V4,7.427708012983203
legacy,2,b_N100_V4,7.381167029961944
legacy,2,b_N100_V4,7.42016697768122
legacy,2,b_N100_V4,7.372083025984466
legacy,2,b_N100_V4,7.396208005957305
legacy,2,b_N100_V4,7.398959016427398
legacy,2,b_N100_V4,7.384750060737133
legacy,2,b_N100_V4,7.32187507674098
legacy,2,b_N100_V4,7.372834021225572
legacy,2,b_N100_V4,7.331582950428128
legacy,2,b_N100_V4,7.278250064700842
legacy,2,b_N100_V4,7.521333987824619
legacy,2,b_N100_V4,7.3893750086426735
legacy,2,b_N100_V4,7.359958020970225
legacy,2,b_N100_V4,7.38333398476243
legacy,2,b_N100_V4,7.427250035107136
legacy,2,b_N100_V4,7.466500042937696
legacy,2,b_N100_V4,7.444167044013739
legacy,2,b_N100_V4,7.403917028568685
legacy,2,b_N100_V4,7.336874958127737
legacy,2,b_N100_V4,7.384500000625849
legacy,2,b_N100_V4,7.3683749651536345
legacy,2,b_N100_V4,8.373667020350695
legacy,2,b_N100_V4,7.664084085263312
legacy,2,b_N100_V4,7.545416941866279
legacy,2,b_N100_V4,7.513208081945777
legacy,2,b_N100_V4,7.542749983258545
legacy,2,b_N100_V4,7.456332910805941
legacy,2,b_N100_V4,7.4776249239221215
legacy,2,b_N100_V4,7.4501249473541975
legacy,2,b_N100_V4,7.459874963387847
legacy,2,b_N100_V4,7.450458011589944
legacy,2,b_N100_V4,7.44804204441607
legacy,2,b_N100_V4,7.446333067491651
legacy,2,b_N100_V4,7.4365000473335385
legacy,2,b_N100_V4,7.488709059543908
legacy,2,b_N100_V4,7.449790951795876
legacy,2,b_N100_V4,7.418583030812442
legacy,2,b_N100_V4,7.583167054690421
legacy,2,b_N100_V4,7.451374898664653
legacy,2,b_N100_V4,7.448500022292137
legacy,2,b_N100_V4,7.415124913677573
legacy,2,b_N100_V4,7.400375092402101
legacy,2,b_N100_V4,7.401749957352877
legacy,2,b_N100_V4,7.416791981086135
legacy,2,b_N100_V4,7.490749936550856
legacy,2,b_N100_V4,7.393707986921072
legacy,2,b_N100_V4,7.333833957090974
legacy,2,b_N100_V4,7.978791021741927
legacy,2,b_N100_V4,7.108749938197434
legacy,2,b_N100_V4,7.2485830169171095
legacy,2,b_N100_V4,7.074958994053304
legacy,2,b_N100_V4,7.018957985565066
legacy,2,b_N100_V4,7.098166039213538
legacy,2,b_N100_V4,7.367208017967641
legacy,2,b_N100_V4,7.059082970954478
legacy,2,b_N100_V4,6.988000008277595
legacy,2,b_N100_V4,7.052291999571025
legacy,2,b_N100_V4,6.991250091232359
legacy,2,b_N100_V4,6.9773748982697725
legacy,2,b_N100_V4,8.514749933965504
legacy,2,b_N100_V4,7.134582963772118
legacy,2,b_N100_V4,7.055999943986535
legacy,2,b_N100_V4,7.048415951430798
legacy,2,b_N100_V4,7.053083973005414
legacy,2,b_N100_V4,6.997667020186782
legacy,2,b_N100_V4,7.0298329228535295
legacy,2,b_N100_V4,6.967916968278587
legacy,2,b_N100_V4,6.969584035687149
legacy,2,b_N100_V4,6.960207945667207
legacy,2,b_N100_V4,7.344000041484833
legacy,2,b_N100_V4,6.972834002226591
legacy,2,b_N100_V4,6.989250076003373
legacy,2,b_N100_V4,6.959750084206462
legacy,2,b_N100_V4,6.955083925276995
legacy,2,b_N100_V4,7.151375059038401
legacy,2,b_N100_V4,6.97566696908325
legacy,2,b_N100_V4,6.971499999053776
legacy,2,b_N100_V4,7.106457953341305
legacy,2,b_N100_V4,6.971208029426634
legacy,2,b_N100_V4,6.991083966568112
legacy,2,b_N100_V4,6.941874977201223
legacy,2,b_N100_V4,6.899666972458363
legacy,2,b_N100_V4,6.933624972589314
legacy,2,b_N100_V4,6.990583031438291
legacy,2,b_N100_V4,6.9749170215800405
legacy,2,b_N100_V4,7.203125045634806
legacy,2,b_N100_V4,6.941042025573552
legacy,2,b_N100_V4,6.90541707444936
legacy,2,b_N100_V4,6.968791945837438
legacy,2,b_N100_V4,6.856000050902367
legacy,2,b_N100_V4,7.701166905462742
legacy,2,b_N100_V4,7.771624950692058
legacy,2,b_N100_V4,7.502082968130708
legacy,2,b_N100_V4,7.0747919380664825
legacy,2,b_N100_V4,7.021959056146443
legacy,2,b_N100_V4,6.984874955378473
legacy,2,b_N100_V4,6.9702920736745
legacy,2,b_N100_V4,7.032542023807764
legacy,2,b_N100_V4,7.053583045490086
legacy,2,b_N100_V4,6.938125006854534
legacy,2,b_N100_V4,6.94483402185142
legacy,2,b_N100_V4,7.860042038373649
legacy,2,b_N100_V4,7.096291985362768
legacy,2,b_N100_V4,7.044749916531146
legacy,2,b_N100_V4,7.067000027745962
legacy,2,b_N100_V4,6.969332927837968
legacy,2,b_N100_V4,7.062583928927779
legacy,2,b_N100_V4,8.18229210563004
legacy,2,b_N100_V4,7.337375078350306
legacy,2,b_N100_V4,7.382875075563788
legacy,2,b_N100_V4,7.304708007723093
legacy,2,b_N100_V4,7.355041918344796
legacy,2,b_N100_V4,7.279708981513977
legacy,2,b_N100_V4,7.255499949678779
legacy,2,b_N100_V4,7.246916997246444
legacy,2,b_N100_V4,7.261167047545314
legacy,2,b_N100_V4,7.22762499935925
legacy,2,b_N100_V4,7.201957982033491
legacy,2,b_N100_V4,7.291791029274464
legacy,2,b_N100_V4,7.236000034026802
legacy,2,b_N100_V4,7.234958000481129
legacy,2,b_N100_V4,7.210542098619044
legacy,2,b_N100_V4,7.165250019170344
legacy,2,b_N100_V4,7.183208013884723
legacy,2,b_N100_V4,7.254791911691427
legacy,2,b_N100_V4,7.216625032015145
legacy,2,b_N100_V4,7.198874955065548
legacy,2,b_N100_V4,7.20629096031189
legacy,2,b_N100_V4,7.26183399092406
legacy,2,b_N100_V4,7.22683290950954
legacy,2,b_N100_V4,7.216542027890682
legacy,2,b_N100_V4,7.209667004644871
legacy,2,b_N100_V4,7.183957961387932
legacy,2,b_N100_V4,7.213042001239955
legacy,2,b_N100_V4,7.272624992765486
legacy,2,b_N100_V4,7.238666992634535
legacy,2,b_N100_V4,7.172791985794902
legacy,2,b_N100_V4,7.250583032146096
legacy,2,b_N100_V4,7.175417034886777
legacy,2,b_N100_V4,7.19770893920213
legacy,2,b_N100_V4,7.878375006839633
legacy,2,b_N100_V4,7.21862493082881
legacy,2,b_N100_V4,7.268624962307513
legacy,2,b_N100_V4,7.334124995395541
legacy,2,b_N100_V4,7.214540964923799
legacy,2,b_N100_V4,7.228292059153318
legacy,2,b_N100_V4,7.192375021986663
legacy,2,b_N100_V4,7.188084069639444
legacy,2,b_N100_V4,7.16949999332428
legacy,2,b_N100_V4,7.301958044990897
legacy,2,b_N100_V4,7.222000043839216
legacy,2,b_N100_V4,7.204042049124837
legacy,2,b_N100_V4,7.235208060592413
legacy,2,b_N100_V4,7.3015420930460095
legacy,2,b_N100_V4,7.200833992101252
legacy,2,b_N100_V4,7.264832966029644
legacy,2,b_N100_V4,7.24637508392334
legacy,2,b_N100_V4,7.25100003182888
legacy,2,b_N100_V4,7.2390829445794225
legacy,2,b_N100_V4,7.275582989677787
legacy,2,b_N100_V4,7.2192499646916986
legacy,2,b_N100_V4,7.25416699424386
legacy,2,b_N100_V4,7.219500024802983
legacy,2,b_N100_V4,7.198916980996728
legacy,2,b_N100_V4,7.322167046368122
legacy,2,b_N100_V4,7.991167018190026
legacy,2,b_N100_V4,7.260542013682425
legacy,2,b_N100_V4,7.755584083497524
legacy,2,b_N100_V4,7.027167011983693
legacy,2,b_N100_V4,7.032916997559369
legacy,2,b_N100_V4,6.9137089885771275
legacy,2,b_N100_V4,6.977666984312236
legacy,2,b_N100_V4,7.01037491671741
legacy,2,b_N100_V4,6.961124949157238
legacy,2,b_N100_V4,6.9293329725041986
legacy,2,b_N100_V4,6.98666600510478
legacy,2,b_N100_V4,6.8919999757781625
legacy,2,b_N100_V4,6.890124990604818
legacy,2,b_N100_V4,6.867333082482219
legacy,2,b_N100_V4,6.937792059034109
legacy,2,b_N100_V4,6.854875013232231
legacy,2,b_N100_V4,7.914707995951176
legacy,2,b_N100_V4,7.091375067830086
legacy,2,b_N100_V4,7.036458933725953
legacy,2,b_N100_V4,6.953666917979717
legacy,2,b_N100_V4,6.93691591732204
legacy,2,b_N100_V4,7.058749906718731
legacy,2,b_N100_V4,6.954416981898248
legacy,2,b_N100_V4,6.9137089885771275
legacy,2,b_N100_V4,6.951458984985948
legacy,2,b_N100_V4,6.954333046451211
legacy,2,b_N100_V4,6.916917045600712
legacy,2,b_N100_V4,6.938542006537318
legacy,2,b_N100_V4,7.018040982075036
legacy,2,b_N100_V4,7.073500077240169
legacy,2,b_N100_V4,6.949042086489499
legacy,2,b_N100_V4,6.965833017602563
legacy,2,b_N100_V4,7.157958927564323
legacy,2,b_N100_V4,6.880124914459884
legacy,2,b_N100_V4,6.898916908539832
legacy,2,b_N100_V4,6.89712492749095
legacy,2,b_N100_V4,6.941790925338864
legacy,2,b_N100_V4,6.859541987068951
legacy,2,b_N100_V4,6.910249940119684
legacy,2,b_N100_V4,7.0288339629769325
legacy,2,b_N100_V4,7.1287499740719795
legacy,2,b_N100_V4,7.02745805028826
legacy,2,b_N100_V4,6.9442500825971365
legacy,2,b_N100_V4,6.962125073187053
legacy,2,b_N100_V4,6.917709019035101
legacy,2,b_N100_V4,6.9192079827189445
legacy,2,b_N100_V4,6.997583084739745
legacy,2,b_N100_V4,6.93133391905576
legacy,2,b_N100_V4,7.554999901913106
legacy,2,b_N100_V4,6.882124929688871
legacy,2,b_N100_V4,6.910125026479363
legacy,2,b_N100_V4,6.91395893227309
legacy,2,b_N100_V4,6.876874947920442
legacy,2,b_N100_V4,6.859040935523808
legacy,2,b_N100_V4,6.860624998807907
legacy,2,b_N100_V4,6.871334044262767
legacy,2,b_N100_V4,6.8942500511184335
legacy,2,b_N100_V4,6.863959017209709
legacy,2,b_N100_V4,7.554000010713935
legacy,2,b_N100_V4,7.105582975782454
legacy,2,b_N100_V4,7.031667046248913
legacy,2,b_N100_V4,6.97233306709677
legacy,2,b_N100_V4,8.239208022132516
legacy,2,b_N100_V4,7.50300008803606
legacy,2,b_N100_V4,7.800749968737364
legacy,2,b_N100_V4,7.455166080035269
legacy,2,b_N100_V4,7.419625064358115
legacy,2,b_N100_V4,7.475666934624314
legacy,2,b_N100_V4,7.421832997351885
legacy,2,b_N100_V4,7.395207998342812
legacy,2,b_N100_V4,7.337249931879342
legacy,2,b_N100_V4,7.4295829981565475
legacy,2,b_N100_V4,7.477208040654659
legacy,2,b_N100_V4,7.4700419791042805
legacy,2,b_N100_V4,7.371415966190398
legacy,2,b_N100_V4,7.432750076986849
legacy,2,b_N100_V4,7.292834110558033
legacy,2,b_N100_V4,7.416667067445815
legacy,2,b_N100_V4,7.382541080005467
legacy,2,b_N100_V4,7.3636670131236315
legacy,2,b_N100_V4,7.795291021466255
legacy,2,b_N100_V4,7.38220801576972
legacy,2,b_N100_V4,7.342624943703413
legacy,2,b_N100_V4,7.361916941590607
legacy,2,b_N100_V4,7.416666951030493
legacy,2,b_N100_V4,7.358583970926702
legacy,2,b_N100_V4,7.363084005191922
legacy,2,b_N100_V4,7.417249958962202
legacy,2,b_N100_V4,7.431874983012676
legacy,2,b_N100_V4,7.416000007651746
legacy,2,b_N100_V4,7.384292082861066
legacy,2,b_N100_V4,7.4284590082243085
legacy,2,b_N100_V4,7.311000023037195
legacy,2,b_N100_V4,7.379833026789129
legacy,2,b_N100_V4,7.416666951030493
legacy,2,b_N100_V4,7.300249999389052
legacy,2,b_N100_V4,7.441666908562183
legacy,2,b_N100_V4,7.374749984592199
legacy,2,b_N100_V4,7.361666997894645
legacy,2,b_N100_V4,7.378582959063351
legacy,2,b_N100_V4,7.391709019429982
legacy,2,b_N100_V4,7.399957976303995
legacy,2,b_N100_V4,7.633000030182302
legacy,2,b_N100_V4,7.378333015367389
legacy,2,b_N100_V4,7.312958012335002
legacy,2,b_N100_V4,7.416333071887493
legacy,2,b_N100_V4,7.370209088549018
legacy,2,b_N100_V4,7.3629580438137054
legacy,2,b_N100_V4,7.2667080676183105
legacy,2,b_N100_V4,7.455333950929344
legacy,2,b_N100_V4,7.30983295943588
legacy,2,b_N100_V4,7.37866701092571
legacy,2,b_N100_V4,7.266417029313743
legacy,2,b_N100_V4,7.333499961532652
legacy,2,b_N100_V4,7.373917032964528
legacy,2,b_N100_V4,7.395709049887955
legacy,2,b_N100_V4,7.242957944981754
legacy,2,b_N100_V4,7.4230830650776625
legacy,2,b_N100_V4,7.3531660018488765
legacy,2,b_N100_V4,8.393375086598098
legacy,2,b_N100_V4,7.680458016693592
legacy,2,b_N100_V4,7.590375025756657
legacy,2,b_N100_V4,8.002375019714236
legacy,2,b_N100_V4,7.263499894179404
legacy,2,b_N100_V4,7.226041983813047
legacy,2,b_N100_V4,7.177415885962546
legacy,2,b_N100_V4,7.015416049398482
legacy,2,b_N100_V4,7.129249977879226
legacy,2,b_N100_V4,7.071874919347465
legacy,2,b_N100_V4,7.1399579755961895
legacy,2,b_N100_V4,7.062708958983421
legacy,2,b_N100_V4,7.173249963670969
legacy,2,b_N100_V4,6.985874962992966
legacy,2,b_N100_V4,7.421707967296243
legacy,2,b_N100_V4,8.025999995879829
legacy,2,b_N100_V4,7.494291989132762
legacy,2,b_N100_V4,8.04295891430229
legacy,2,b_N100_V4,7.777041057124734
legacy,2,b_N100_V4,7.516374927945435
legacy,2,b_N100_V4,7.737874984741211
legacy,2,b_N100_V4,7.339832955040038
legacy,2,b_N100_V4,7.293000002391636
legacy,2,b_N100_V4,7.140791974961758
legacy,2,b_N100_V4,7.1301249554380774
legacy,2,b_N100_V4,7.186208036728203
legacy,2,b_N100_V4,7.189542055130005
legacy,2,b_N100_V4,7.062084041535854
legacy,2,b_N100_V4,7.154333055950701
legacy,2,b_N100_V4,7.123333984054625
legacy,2,b_N100_V4,7.128208060748875
legacy,2,b_N100_V4,7.146625081077218
legacy,2,b_N100_V4,7.1131669683381915
legacy,2,b_N100_V4,7.054958026856184
legacy,2,b_N100_V4,7.130541023798287
legacy,2,b_N100_V4,7.13116698898375
legacy,2,b_N100_V4,7.116999942809343
legacy,2,b_N100_V4,6.967332912608981
legacy,2,b_N100_V4,7.086333935149014
legacy,2,b_N100_V4,6.9947909796610475
legacy,2,b_N100_V4,7.124208030290902
legacy,2,b_N100_V4,7.371374987997115
legacy,2,b_N100_V4,7.130000041797757
legacy,2,b_N100_V4,6.97712495457381
legacy,2,b_N100_V4,7.068249979056418
legacy,2,b_N100_V4,7.07041600253433
legacy,2,b_N100_V4,7.080250070430338
legacy,2,b_N100_V4,6.985541898757219
legacy,2,b_N100_V4,6.938458071090281
legacy,2,b_N100_V4,7.113875006325543
legacy,2,b_N100_V4,7.122499984689057
legacy,2,b_N100_V4,6.986207910813391
legacy,2,b_N100_V4,7.126083015464246
legacy,2,b_N100_V4,7.027999963611364
legacy,2,b_N100_V4,6.966874934732914
legacy,2,b_N100_V4,7.060082978568971
legacy,2,b_N100_V4,7.122833980247378
legacy,2,b_N100_V4,6.945792003534734
legacy,2,b_N100_V4,7.067542057484388
legacy,2,b_N100_V4,7.081874995492399
legacy,2,b_N100_V4,7.071500062011182
legacy,2,b_N100_V4,7.073624990880489
legacy,2,b_N100_V4,7.120166905224323
legacy,2,b_N100_V4,8.165290928445756
legacy,2,b_N100_V4,7.502584019675851
legacy,2,b_N100_V4,7.404000032693148
legacy,2,b_N100_V4,7.428874960169196
legacy,2,b_N100_V4,7.33041693456471
legacy,2,b_N100_V4,7.388875004835427
legacy,2,b_N100_V4,7.392041967250407
legacy,2,b_N100_V4,7.384042022749782
legacy,2,b_N100_V4,7.439957931637764
legacy,2,b_N100_V4,7.408707984723151
legacy,2,b_N100_V4,7.294291979633272
legacy,2,b_N100_V4,7.344625075347722
legacy,2,b_N100_V4,7.3798749363049865
legacy,2,b_N100_V4,7.367084035649896
legacy,2,b_N100_V4,7.3113749967888
legacy,2,b_N100_V4,7.373916916549206
legacy,2,b_N100_V4,7.404749980196357
legacy,2,b_N100_V4,7.355958106927574
legacy,2,b_N100_V4,7.402334013022482
legacy,2,b_N100_V4,7.286999956704676
legacy,2,b_N100_V4,7.3133750120177865
legacy,2,b_N100_V4,7.332916953600943
legacy,2,b_N100_V4,7.387042045593262
legacy,2,b_N100_V4,7.421792019158602
legacy,2,b_N100_V4,7.317416020669043
legacy,2,b_N100_V4,7.319292053580284
legacy,2,b_N100_V4,7.291167043149471
legacy,2,b_N100_V4,7.356083951890469
legacy,2,b_N100_V4,7.4320409912616014
legacy,2,b_N100_V4,7.348374929279089
legacy,2,b_N100_V4,7.3509999783709645
legacy,2,b_N100_V4,7.3006669990718365
legacy,2,b_N100_V4,7.285333005711436
legacy,2,b_N100_V4,7.3354169726371765
legacy,2,b_N100_V4,7.288416964001954
legacy,2,b_N100_V4,7.242915919050574
legacy,2,b_N100_V4,7.308125030249357
legacy,2,b_N100_V4,7.385917007923126
legacy,2,b_N100_V4,7.350457948632538
legacy,2,b_N100_V4,7.393999956548214
legacy,2,b_N100_V4,7.406459073536098
legacy,2,b_N100_V4,7.321333047002554
legacy,2,b_N100_V4,7.271666894666851
legacy,2,b_N100_V4,7.336417096666992
legacy,2,b_N100_V4,7.39604199770838
legacy,2,b_N100_V4,7.3810419999063015
legacy,2,b_N100_V4,7.939415983855724
legacy,2,b_N100_V4,7.376416935585439
legacy,2,b_N100_V4,7.324749953113496
legacy,2,b_N100_V4,7.372541935183108
legacy,2,b_N100_V4,7.39958300255239
legacy,2,b_N100_V4,7.364584016613662
legacy,2,b_N100_V4,7.425750023685396
legacy,2,b_N100_V4,7.37716699950397
legacy,2,b_N100_V4,7.364792050793767
legacy,2,b_N100_V4,7.328500039875507
legacy,2,b_N100_V4,7.30166700668633
legacy,2,b_N100_V4,7.411499973386526
legacy,2,b_N100_V4,7.342959055677056
legacy,2,b_N100_V4,7.419332978315651
legacy,2,b_N100_V4,7.771792006678879
legacy,2,b_N100_V4,7.043958059512079
legacy,2,b_N100_V4,6.998833967372775
legacy,2,b_N100_V4,6.949624978005886
legacy,2,b_N100_V4,6.963625084608793
legacy,2,b_N100_V4,6.933624972589314
legacy,2,b_N100_V4,7.003749953582883
legacy,2,b_N100_V4,6.962166982702911
legacy,2,b_N100_V4,6.956959026865661
legacy,2,b_N100_V4,6.91066705621779
legacy,2,b_N100_V4,6.9466669810935855
legacy,2,b_N100_V4,6.945584085769951
legacy,2,b_N100_V4,6.899792002514005
legacy,2,b_N100_V4,6.891582976095378
legacy,2,b_N100_V4,6.940459017641842
legacy,2,b_N100_V4,6.891041062772274
legacy,2,b_N100_V4,6.910333060659468
legacy,2,b_N100_V4,6.981208920478821
legacy,2,b_N100_V4,7.3112910613417625
legacy,2,b_N100_V4,6.892708013765514
legacy,2,b_N100_V4,6.889750016853213
legacy,2,b_N100_V4,6.957457982935011
legacy,2,b_N100_V4,6.90458295866847
legacy,2,b_N100_V4,6.900334032252431
legacy,2,b_N100_V4,6.912083015777171
legacy,2,b_N100_V4,6.9104579742997885
legacy,2,b_N100_V4,6.917749997228384
legacy,2,b_N100_V4,6.903165951371193
legacy,2,b_N100_V4,6.971833063289523
legacy,2,b_N100_V4,6.961875013075769
legacy,2,b_N100_V4,6.891333032399416
legacy,2,b_N100_V4,6.916083046235144
legacy,2,b_N100_V4,6.9013339234516025
legacy,2,b_N100_V4,6.898374995216727
legacy,2,b_N100_V4,6.898374995216727
legacy,2,b_N100_V4,6.915290956385434
legacy,2,b_N100_V4,6.922957953065634
legacy,2,b_N100_V4,6.88741693738848
legacy,2,b_N100_V4,6.93420902825892
legacy,2,b_N100_V4,6.905582966282964
legacy,2,b_N100_V4,6.90612499602139
legacy,2,b_N100_V4,6.900666980072856
legacy,2,b_N100_V4,6.921207997947931
legacy,2,b_N100_V4,7.004957995377481
legacy,2,b_N100_V4,6.923709064722061
legacy,2,b_N100_V4,6.876750034280121
legacy,2,b_N100_V4,6.901667104102671
legacy,2,b_N100_V4,6.881500012241304
legacy,2,b_N100_V4,6.907166913151741
legacy,2,b_N100_V4,6.902582943439484
legacy,2,b_N100_V4,6.93883397616446
legacy,2,b_N100_V4,6.941208033822477
legacy,2,b_N100_V4,6.904957932420075
legacy,2,b_N100_V4,6.898542051203549
legacy,2,b_N100_V4,6.868707947432995
legacy,2,b_N100_V4,6.868417025543749
legacy,2,b_N100_V4,6.913334014825523
legacy,2,b_N100_V4,6.896415958181024
legacy,2,b_N100_V4,7.0275000762194395
legacy,2,b_N100_V4,6.8870000541210175
legacy,2,b_N100_V4,8.157167001627386
legacy,2,b_N100_V4,7.520875078625977
legacy,2,b_N100_V4,7.409541984088719
legacy,2,b_N100_V4,7.368291961029172
legacy,2,b_N100_V4,7.398624904453754
legacy,2,b_N100_V4,7.34762498177588
legacy,2,b_N100_V4,7.317916955798864
legacy,2,b_N100_V4,7.301124976947904
legacy,2,b_N100_V4,7.376458961516619
legacy,2,b_N100_V4,7.326749968342483
legacy,2,b_N100_V4,7.442957954481244
legacy,2,b_N100_V4,7.340125041082501
legacy,2,b_N100_V4,7.319875061511993
legacy,2,b_N100_V4,7.331041037105024
legacy,2,b_N100_V4,7.3462920263409615
legacy,2,b_N100_V4,7.338916999287903
legacy,2,b_N100_V4,7.340000011026859
legacy,2,b_N100_V4,7.498708902858198
legacy,2,b_N100_V4,7.734707905910909
legacy,2,b_N100_V4,7.387999910861254
legacy,2,b_N100_V4,7.363291922956705
legacy,2,b_N100_V4,7.327124942094088
legacy,2,b_N100_V4,7.349458988755941
legacy,2,b_N100_V4,7.324042031541467
legacy,2,b_N100_V4,7.325457991100848
legacy,2,b_N100_V4,7.277457974851131
legacy,2,b_N100_V4,7.3079169960692525
legacy,2,b_N100_V4,7.360125076957047
legacy,2,b_N100_V4,7.472750032320619
legacy,2,b_N100_V4,7.423375034704804
legacy,2,b_N100_V4,7.3213750729337335
legacy,2,b_N100_V4,7.3419580003246665
legacy,2,b_N100_V4,7.290833978913724
legacy,2,b_N100_V4,7.308291969820857
legacy,2,b_N100_V4,7.290124893188477
legacy,2,b_N100_V4,7.340041920542717
legacy,2,b_N100_V4,7.305084029212594
legacy,2,b_N100_V4,7.26558396127075
legacy,2,b_N100_V4,7.312624948099256
legacy,2,b_N100_V4,7.288582972250879
legacy,2,b_N100_V4,7.310417015105486
legacy,2,b_N100_V4,7.289959001354873
legacy,2,b_N100_V4,8.1717079738155
legacy,2,b_N100_V4,7.468917057849467
legacy,2,b_N100_V4,7.3749590665102005
legacy,2,b_N100_V4,7.337125018239021
legacy,2,b_N100_V4,7.295874995179474
legacy,2,b_N100_V4,7.373249973170459
legacy,2,b_N100_V4,7.348207989707589
legacy,2,b_N100_V4,7.339624920859933
legacy,2,b_N100_V4,7.330624968744814
legacy,2,b_N100_V4,7.781166932545602
legacy,2,b_N100_V4,7.495082914829254
legacy,2,b_N100_V4,7.922374992631376
legacy,2,b_N100_V4,7.40408303681761
legacy,2,b_N100_V4,7.359832990914583
legacy,2,b_N100_V4,7.327666971832514
legacy,2,b_N100_V4,7.354208035394549
legacy,2,b_N100_V4,7.362750009633601
legacy,2,b_N100_V4,7.44666694663465
legacy,2,b_N100_V4,7.876415969803929
legacy,2,b_N100_V4,7.127666031010449
legacy,2,b_N100_V4,7.119709043763578
legacy,2,b_N100_V4,7.087458041496575
legacy,2,b_N100_V4,7.049750071018934
legacy,2,b_N100_V4,7.0056249387562275
legacy,2,b_N100_V4,7.026375038549304
legacy,2,b_N100_V4,6.995500065386295
legacy,2,b_N100_V4,7.06183398142457
legacy,2,b_N100_V4,6.963958032429218
legacy,2,b_N100_V4,7.039541960693896
legacy,2,b_N100_V4,7.151084020733833
legacy,2,b_N100_V4,7.0376250660046935
legacy,2,b_N100_V4,7.009041961282492
legacy,2,b_N100_V4,6.995416013523936
legacy,2,b_N100_V4,6.967750028707087
legacy,2,b_N100_V4,7.007125066593289
legacy,2,b_N100_V4,7.013958063907921
legacy,2,b_N100_V4,7.036083028651774
legacy,2,b_N100_V4,7.034375099465251
legacy,2,b_N100_V4,6.903042085468769
legacy,2,b_N100_V4,6.94458291400224
legacy,2,b_N100_V4,6.9752499694004655
legacy,2,b_N100_V4,6.960000027902424
legacy,2,b_N100_V4,7.071624975651503
legacy,2,b_N100_V4,7.020374992862344
legacy,2,b_N100_V4,7.047582999803126
legacy,2,b_N100_V4,6.964583066292107
legacy,2,b_N100_V4,6.990083027631044
legacy,2,b_N100_V4,7.062625023536384
legacy,2,b_N100_V4,6.990000023506582
legacy,2,b_N100_V4,6.9445830304175615
legacy,2,b_N100_V4,7.0217091124504805
legacy,2,b_N100_V4,6.990166963078082
legacy,2,b_N100_V4,7.01458309777081
legacy,2,b_N100_V4,6.956333993002772
legacy,2,b_N100_V4,6.99304195586592
legacy,2,b_N100_V4,6.989624933339655
legacy,2,b_N100_V4,6.921541993506253
legacy,2,b_N100_V4,6.963916937820613
legacy,2,b_N100_V4,7.0006250170990825
legacy,2,b_N100_V4,6.976249977014959
legacy,2,b_N100_V4,6.971125025302172
legacy,2,b_N100_V4,6.948833004571497
legacy,2,b_N100_V4,6.970125017687678
legacy,2,b_N100_V4,6.933500058948994
legacy,2,b_N100_V4,6.919624982401729
legacy,2,b_N100_V4,6.958334008231759
legacy,2,b_N100_V4,7.021792000159621
legacy,2,b_N100_V4,6.992917042225599
legacy,2,b_N100_V4,7.031208951957524
legacy,2,b_N100_V4,6.976999924518168
legacy,2,b_N100_V4,6.9524579448625445
legacy,2,b_N100_V4,6.934083998203278
legacy,2,b_N100_V4,6.978207966312766
legacy,2,b_N100_V4,6.954082986339927
legacy,2,b_N100_V4,6.967709050513804
legacy,2,b_N100_V4,6.963500054553151
legacy,2,b_N100_V4,6.980333011597395
legacy,2,b_N100_V4,7.087584002874792
legacy,2,b_N100_V4,8.276709006167948
legacy,2,b_N100_V4,7.526708068326116
legacy,2,b_N100_V4,7.4865000788122416
legacy,2,b_N100_V4,7.412249920889735
legacy,2,b_N100_V4,7.408458041027188
legacy,2,b_N100_V4,7.381499977782369
legacy,2,b_N100_V4,7.440874935127795
legacy,2,b_N100_V4,7.373791071586311
legacy,2,b_N100_V4,7.3937090346589684
legacy,2,b_N100_V4,7.423582952469587
legacy,2,b_N100_V4,7.45116698089987
legacy,2,b_N100_V4,7.35833402723074
legacy,2,b_N100_V4,7.303499965928495
legacy,2,b_N100_V4,7.358666975051165
legacy,2,b_N100_V4,7.3575410060584545
legacy,2,b_N100_V4,7.387958001345396
legacy,2,b_N100_V4,7.346707978285849
legacy,2,b_N100_V4,7.356334012001753
legacy,2,b_N100_V4,7.364541059359908
legacy,2,b_N100_V4,7.324208039790392
legacy,2,b_N100_V4,7.296042051166296
legacy,2,b_N100_V4,7.362375035881996
legacy,2,b_N100_V4,7.31899996753782
legacy,2,b_N100_V4,7.352333981543779
legacy,2,b_N100_V4,7.341583026573062
legacy,2,b_N100_V4,7.355040987022221
legacy,2,b_N100_V4,7.329624961130321
legacy,2,b_N100_V4,7.384083000943065
legacy,2,b_N100_V4,7.252707961015403
legacy,2,b_N100_V4,7.510584080591798
legacy,2,b_N100_V4,7.366208010353148
legacy,2,b_N100_V4,7.33791699167341
legacy,2,b_N100_V4,7.370250066742301
legacy,2,b_N100_V4,7.344916928559542
legacy,2,b_N100_V4,7.31420808006078
legacy,2,b_N100_V4,7.304458995349705
legacy,2,b_N100_V4,7.350333966314793
legacy,2,b_N100_V4,7.359292008914053
legacy,2,b_N100_V4,7.318791933357716
legacy,2,b_N100_V4,7.320167031139135
legacy,2,b_N100_V4,7.341832970269024
legacy,2,b_N100_V4,7.332792039960623
legacy,2,b_N100_V4,7.312125060707331
legacy,2,b_N100_V4,7.34612497035414
legacy,2,b_N100_V4,7.354750065132976
legacy,2,b_N100_V4,7.294791983440518
legacy,2,b_N100_V4,7.338957977481186
legacy,2,b_N100_V4,7.313458016142249
legacy,2,b_N100_V4,7.3475829558447
legacy,2,b_N100_V4,7.362458040006459
legacy,2,b_N100_V4,7.321083918213844
legacy,2,b_N100_V4,7.303166086785495
legacy,2,b_N100_V4,7.325957994908094
legacy,2,b_N100_V4,7.332792039960623
legacy,2,b_N100_V4,7.3911669896915555
legacy,2,b_N100_V4,7.284041959792376
legacy,2,b_N100_V4,7.375041954219341
legacy,2,b_N100_V4,7.372708059847355
legacy,2,b_N100_V4,7.327583036385477
legacy,2,b_N100_V4,7.402750081382692
legacy,2,b_N100_V4,8.549915975891054
legacy,2,b_N100_V4,7.122916984371841
legacy,2,b_N100_V4,7.013332913629711
legacy,2,b_N100_V4,7.026958977803588
legacy,2,b_N100_V4,7.008249987848103
legacy,2,b_N100_V4,7.051999913528562
legacy,2,b_N100_V4,6.989042041823268
legacy,2,b_N100_V4,7.02291599009186
legacy,2,b_N100_V4,7.063542027026415
legacy,2,b_N100_V4,7.009541965089738
legacy,2,b_N100_V4,7.053042063489556
legacy,2,b_N100_V4,6.945708068087697
legacy,2,b_N100_V4,6.950459093786776
legacy,2,b_N100_V4,6.9242920726537704
legacy,2,b_N100_V4,6.885833106935024
legacy,2,b_N100_V4,7.651458028703928
legacy,2,b_N100_V4,7.097541936673224
legacy,2,b_N100_V4,6.998916971497238
legacy,2,b_N100_V4,6.991875008679926
legacy,2,b_N100_V4,7.089458988048136
legacy,2,b_N100_V4,7.002957980148494
legacy,2,b_N100_V4,6.986250053159893
legacy,2,b_N100_V4,6.99287501629442
legacy,2,b_N100_V4,7.029957952909172
legacy,2,b_N100_V4,6.983916973695159
legacy,2,b_N100_V4,7.0021250285208225
legacy,2,b_N100_V4,6.994833005592227
legacy,2,b_N100_V4,7.0998340379446745
legacy,2,b_N100_V4,7.021417026408017
legacy,2,b_N100_V4,7.040875032544136
legacy,2,b_N100_V4,7.033500005491078
legacy,2,b_N100_V4,6.986916996538639
legacy,2,b_N100_V4,7.014499977231026
legacy,2,b_N100_V4,7.051083957776427
legacy,2,b_N100_V4,6.986583000980318
legacy,2,b_N100_V4,6.942957988940179
legacy,2,b_N100_V4,6.978375022299588
legacy,2,b_N100_V4,7.035959046334028
legacy,2,b_N100_V4,6.991707952693105
legacy,2,b_N100_V4,6.92950002849102
legacy,2,b_N100_V4,6.912834011018276
legacy,2,b_N100_V4,6.917000049725175
legacy,2,b_N100_V4,6.978334044106305
legacy,2,b_N100_V4,7.061792071908712
legacy,2,b_N100_V4,6.97850005235523
legacy,2,b_N100_V4,7.0258749183267355
legacy,2,b_N100_V4,6.918166996911168
legacy,2,b_N100_V4,6.949207978323102
legacy,2,b_N100_V4,6.956291967071593
legacy,2,b_N100_V4,6.937208934687078
legacy,2,b_N100_V4,6.9394169840961695
legacy,2,b_N100_V4,6.9868749706074595
legacy,2,b_N100_V4,6.98612502310425
legacy,2,b_N100_V4,6.933082942850888
legacy,2,b_N100_V4,6.962458021007478
legacy,2,b_N100_V4,7.044667028822005
legacy,2,b_N100_V4,6.923000095412135
legacy,2,b_N100_V4,6.960042053833604
legacy,2,b_N100_V4,6.968500092625618
legacy,2,b_N100_V4,6.984292063862085
legacy,2,b_N100_V4,8.165124920196831
legacy,2,b_N100_V4,7.421208079904318
legacy,2,b_N100_V4,7.472334080375731
legacy,2,b_N100_V4,7.4002910405397415
legacy,2,b_N100_V4,7.436250103637576
legacy,2,b_N100_V4,7.3466249741613865
legacy,2,b_N100_V4,7.302250014618039
legacy,2,b_N100_V4,7.451499928720295
legacy,2,b_N100_V4,7.330833002924919
legacy,2,b_N100_V4,7.318750023841858
legacy,2,b_N100_V4,7.293500006198883
legacy,2,b_N100_V4,7.339249947108328
legacy,2,b_N100_V4,7.33175000641495
legacy,2,b_N100_V4,7.297249976545572
legacy,2,b_N100_V4,7.30462500359863
legacy,2,b_N100_V4,7.336750044487417
legacy,2,b_N100_V4,7.303291000425816
legacy,2,b_N100_V4,7.327000028453767
legacy,2,b_N100_V4,7.343875011429191
legacy,2,b_N100_V4,7.6858330285176635
legacy,2,b_N100_V4,7.30333395767957
legacy,2,b_N100_V4,7.28575000539422
legacy,2,b_N100_V4,7.320999982766807
legacy,2,b_N100_V4,7.358000031672418
legacy,2,b_N100_V4,7.2804579976946115
legacy,2,b_N100_V4,7.308124913834035
legacy,2,b_N100_V4,7.269624969922006
legacy,2,b_N100_V4,7.247417001053691
legacy,2,b_N100_V4,8.351000025868416
legacy,2,b_N100_V4,7.7318750554695725
legacy,2,b_N100_V4,7.4857090367004275
legacy,2,b_N100_V4,7.399040972813964
legacy,2,b_N100_V4,7.389125064946711
legacy,2,b_N100_V4,7.372999913059175
legacy,2,b_N100_V4,7.344667101278901
legacy,2,b_N100_V4,7.494708988815546
legacy,2,b_N100_V4,7.368082995526493
legacy,2,b_N100_V4,7.41395796649158
legacy,2,b_N100_V4,7.330624968744814
legacy,2,b_N100_V4,7.425582967698574
legacy,2,b_N100_V4,7.340083015151322
legacy,2,b_N100_V4,7.275874959304929
legacy,2,b_N100_V4,7.2894159238785505
legacy,2,b_N100_V4,7.33024999499321
legacy,2,b_N100_V4,7.347584003582597
legacy,2,b_N100_V4,7.337208022363484
legacy,2,b_N100_V4,7.33925006352365
legacy,2,b_N100_V4,7.29700003284961
legacy,2,b_N100_V4,7.348541053943336
legacy,2,b_N100_V4,7.327833096496761
legacy,2,b_N100_V4,7.334458990953863
legacy,2,b_N100_V4,7.478625047951937
legacy,2,b_N100_V4,7.354250061325729
legacy,2,b_N100_V4,7.397959008812904
legacy,2,b_N100_V4,8.137249969877303
legacy,2,b_N100_V4,7.422875030897558
legacy,2,b_N100_V4,7.343958946876228
legacy,2,b_N100_V4,7.382459007203579
legacy,2,b_N100_V4,7.309166947379708
legacy,2,b_N100_V4,7.367667043581605
legacy,2,b_N100_V4,7.774375029839575
legacy,2,b_N100_V4,7.0890000788494945
legacy,2,b_N100_V4,6.987750064581633
legacy,2,b_N100_V4,6.9916670909151435
legacy,2,b_N100_V4,6.944791995920241
legacy,2,b_N100_V4,6.980833946727216
legacy,2,b_N100_V4,6.959040998481214
legacy,2,b_N100_V4,7.605000049807131
legacy,2,b_N100_V4,6.956374971196055
legacy,2,b_N100_V4,6.934624980203807
legacy,2,b_N100_V4,6.995624979026616
legacy,2,b_N100_V4,6.978709017857909
legacy,2,b_N100_V4,6.91895792260766
legacy,2,b_N100_V4,7.053332985378802
legacy,2,b_N100_V4,6.988791981711984
legacy,2,b_N100_V4,6.890000076964498
legacy,2,b_N100_V4,6.9030000595375896
legacy,2,b_N100_V4,6.948666996322572
legacy,2,b_N100_V4,6.886667106300592
legacy,2,b_N100_V4,6.915417034178972
legacy,2,b_N100_V4,6.903541972860694
legacy,2,b_N100_V4,6.910291034728289
legacy,2,b_N100_V4,6.876874947920442
legacy,2,b_N100_V4,6.855166982859373
legacy,2,b_N100_V4,7.471040938980877
legacy,2,b_N100_V4,7.130707963369787
legacy,2,b_N100_V4,6.983416969887912
legacy,2,b_N100_V4,6.957166013307869
legacy,2,b_N100_V4,6.962500046938658
legacy,2,b_N100_V4,7.049332954920828
legacy,2,b_N100_V4,6.949792033992708
legacy,2,b_N100_V4,6.928917020559311
legacy,2,b_N100_V4,6.905292044393718
legacy,2,b_N100_V4,6.922708009369671
legacy,2,b_N100_V4,6.881916080601513
legacy,2,b_N100_V4,7.0504999021068215
legacy,2,b_N100_V4,6.8652089685201645
legacy,2,b_N100_V4,6.907332921400666
legacy,2,b_N100_V4,6.90366595517844
legacy,2,b_N100_V4,7.2054589400067925
legacy,2,b_N100_V4,7.01995799317956
legacy,2,b_N100_V4,6.96029094979167
legacy,2,b_N100_V4,6.8826660281047225
legacy,2,b_N100_V4,6.9379579508677125
legacy,2,b_N100_V4,7.040459080599248
legacy,2,b_N100_V4,6.956040975637734
legacy,2,b_N100_V4,6.894584046676755
legacy,2,b_N100_V4,6.894999998621643
legacy,2,b_N100_V4,6.864040973596275
legacy,2,b_N100_V4,6.882500019855797
legacy,2,b_N100_V4,6.888584000989795
legacy,2,b_N100_V4,6.948000052943826
legacy,2,b_N100_V4,6.8919999757781625
legacy,2,b_N100_V4,6.87304197344929
legacy,2,b_N100_V4,6.84499996714294
legacy,2,b_N100_V4,6.875084014609456
legacy,2,b_N100_V4,6.862791953608394
legacy,2,b_N100_V4,6.919290986843407
legacy,2,b_N100_V4,6.8540830397978425
legacy,2,b_N100_V4,6.935792043805122
legacy,2,b_N100_V4,8.218375034630299
legacy,2,b_N100_V4,7.402457995340228
legacy,2,b_N100_V4,7.438333937898278
legacy,2,b_N100_V4,7.379082962870598
legacy,2,b_N100_V4,7.443708018399775
legacy,2,b_N100_V4,7.371917017735541
legacy,2,b_N100_V4,7.343375007621944
legacy,2,b_N100_V4,7.321333047002554
legacy,2,b_N100_V4,7.3852080386132
legacy,2,b_N100_V4,7.287833956070244
legacy,2,b_N100_V4,7.356957998126745
legacy,2,b_N100_V4,7.418082910589874
legacy,2,b_N100_V4,7.366208010353148
legacy,2,b_N100_V4,7.266000029630959
legacy,2,b_N100_V4,7.336083916015923
legacy,2,b_N100_V4,7.323334109969437
legacy,2,b_N100_V4,7.372125051915646
legacy,2,b_N100_V4,7.284458028152585
legacy,2,b_N100_V4,7.285582949407399
legacy,2,b_N100_V4,7.2542919078841805
legacy,2,b_N100_V4,7.32504203915596
legacy,2,b_N100_V4,7.289582979865372
legacy,2,b_N100_V4,7.285958039574325
legacy,2,b_N100_V4,7.231874973513186
legacy,2,b_N100_V4,7.285458967089653
legacy,2,b_N100_V4,7.309083011932671
legacy,2,b_N100_V4,7.257875055074692
legacy,2,b_N100_V4,7.316458038985729
legacy,2,b_N100_V4,7.337958086282015
legacy,2,b_N100_V4,7.278374978341162
legacy,2,b_N100_V4,7.383333053439856
legacy,2,b_N100_V4,7.315290975384414
legacy,2,b_N100_V4,7.350165979005396
legacy,2,b_N100_V4,7.295917021110654
legacy,2,b_N100_V4,7.330957916565239
legacy,2,b_N100_V4,7.221917039714754
legacy,2,b_N100_V4,7.271957932971418
legacy,2,b_N100_V4,7.294957991689444
legacy,2,b_N100_V4,7.331124972552061
legacy,2,b_N100_V4,7.2547500021755695
legacy,2,b_N100_V4,7.311666966415942
legacy,2,b_N100_V4,7.354333996772766
legacy,2,b_N100_V4,7.891791989095509
legacy,2,b_N100_V4,7.260958896949887
legacy,2,b_N100_V4,7.326291990466416
legacy,2,b_N100_V4,7.233374984934926
legacy,2,b_N100_V4,7.248582900501788
legacy,2,b_N100_V4,7.297624950297177
legacy,2,b_N100_V4,7.296749972738326
legacy,2,b_N100_V4,7.276958087459207
legacy,2,b_N100_V4,7.298249984160066
legacy,2,b_N100_V4,7.204458001069725
legacy,2,b_N100_V4,7.302582962438464
legacy,2,b_N100_V4,7.280208985321224
legacy,2,b_N100_V4,7.24595901556313
legacy,2,b_N100_V4,7.283541955985129
legacy,2,b_N100_V4,7.3518340941518545
legacy,2,b_N100_V4,7.319541065953672
legacy,2,b_N100_V4,7.302667014300823
legacy,2,b_N100_V4,7.507166941650212
legacy,2,b_N100_V4,7.928040926344693
legacy,2,b_N100_V4,7.028082967735827
legacy,2,b_N100_V4,7.217625039629638
legacy,2,b_N100_V4,6.923540960997343
legacy,2,b_N100_V4,7.05550005659461
legacy,2,b_N100_V4,7.010458968579769
legacy,2,b_N100_V4,7.028875057585537
legacy,2,b_N100_V4,6.897916900925338
legacy,2,b_N100_V4,7.071791915223002
legacy,2,b_N100_V4,7.023374899290502
legacy,2,b_N100_V4,7.024249993264675
legacy,2,b_N100_V4,6.962292012758553
legacy,2,b_N100_V4,7.0121659664437175
legacy,2,b_N100_V4,7.00816698372364
legacy,2,b_N100_V4,7.23133294377476
legacy,2,b_N100_V4,7.264707935974002
legacy,2,b_N100_V4,7.001833058893681
legacy,2,b_N100_V4,6.915875012055039
legacy,2,b_N100_V4,7.070541032589972
legacy,2,b_N100_V4,7.0145000936463475
legacy,2,b_N100_V4,7.01320799998939
legacy,2,b_N100_V4,6.885915994644165
legacy,2,b_N100_V4,7.016582996584475
legacy,2,b_N100_V4,6.911834003403783
legacy,2,b_N100_V4,6.9879579823464155
legacy,2,b_N100_V4,7.025041966699064
legacy,2,b_N100_V4,7.017291965894401
legacy,2,b_N100_V4,6.925624911673367
legacy,2,b_N100_V4,6.983916973695159
legacy,2,b_N100_V4,7.024749997071922
legacy,2,b_N100_V4,7.063959026709199
legacy,2,b_N100_V4,7.3209579568356276
legacy,2,b_N100_V4,7.047333987429738
legacy,2,b_N100_V4,6.96179096121341
legacy,2,b_N100_V4,7.004125043749809
legacy,2,b_N100_V4,7.0334168849512935
legacy,2,b_N100_V4,7.020000019110739
legacy,2,b_N100_V4,6.88558304682374
legacy,2,b_N100_V4,7.047042017802596
legacy,2,b_N100_V4,7.01337493956089
legacy,2,b_N100_V4,7.077625021338463
legacy,2,b_N100_V4,6.909084040671587
legacy,2,b_N100_V4,7.03529198653996
legacy,2,b_N100_V4,6.920874933712184
legacy,2,b_N100_V4,6.872750003822148
legacy,2,b_N100_V4,7.04179098829627
legacy,2,b_N100_V4,7.021625060588121
legacy,2,b_N100_V4,7.138374960049987
legacy,2,b_N100_V4,6.871416000649333
legacy,2,b_N100_V4,6.937667028978467
legacy,2,b_N100_V4,6.993083981797099
legacy,2,b_N100_V4,6.923416047357023
legacy,2,b_N100_V4,6.984666921198368
legacy,2,b_N100_V4,6.939874961972237
legacy,2,b_N100_V4,7.054332992993295
legacy,2,b_N100_V4,7.0067079504951835
legacy,2,b_N100_V4,7.034040987491608
legacy,2,b_N100_V4,7.001582998782396
legacy,2,b_N100_V4,7.017957977950573
legacy,2,b_N100_V4,6.962166982702911
legacy,2,b_N100_V4,8.297124993987381
legacy,2,b_N100_V4,7.441083085723221
legacy,2,b_N100_V4,7.408667006529868
legacy,2,b_N100_V4,7.600207929499447
legacy,2,b_N100_V4,7.411874947138131
legacy,2,b_N100_V4,7.319374941289425
legacy,2,b_N100_V4,7.380208000540733
legacy,2,b_N100_V4,7.3552499525249
legacy,2,b_N100_V4,7.377417059615254
legacy,2,b_N100_V4,7.349624997004867
legacy,2,b_N100_V4,7.34908296726644
legacy,2,b_N100_V4,7.351916050538421
legacy,2,b_N100_V4,7.3832080233842134
legacy,2,b_N100_V4,8.159334072843194
legacy,2,b_N100_V4,7.5280830496922135
legacy,2,b_N100_V4,7.368542021140456
legacy,2,b_N100_V4,7.375167100690305
legacy,2,b_N100_V4,7.862208993174136
legacy,2,b_N100_V4,7.587500032968819
legacy,2,b_N100_V4,7.363790995441377
legacy,2,b_N100_V4,7.512083975598216
legacy,2,b_N100_V4,7.32054200489074
legacy,2,b_N100_V4,7.393457926809788
legacy,2,b_N100_V4,7.319916971027851
legacy,2,b_N100_V4,7.412582985125482
legacy,2,b_N100_V4,7.259874953888357
legacy,2,b_N100_V4,7.408334058709443
legacy,2,b_N100_V4,7.401833077892661
legacy,2,b_N100_V4,7.370333070866764
legacy,2,b_N100_V4,7.30816600844264
legacy,2,b_N100_V4,7.403208059258759
legacy,2,b_N100_V4,7.422708091326058
legacy,2,b_N100_V4,7.425291929394007
legacy,2,b_N100_V4,7.380332914181054
legacy,2,b_N100_V4,7.383833057247102
legacy,2,b_N100_V4,7.259459001943469
legacy,2,b_N100_V4,7.384083000943065
legacy,2,b_N100_V4,7.364624994806945
legacy,2,b_N100_V4,7.372208987362683
legacy,2,b_N100_V4,7.305125007405877
legacy,2,b_N100_V4,7.33941700309515
legacy,2,b_N100_V4,7.276125019416213
legacy,2,b_N100_V4,7.387333083897829
legacy,2,b_N100_V4,7.291708025150001
legacy,2,b_N100_V4,7.3402090929448605
legacy,2,b_N100_V4,7.26675009354949
legacy,2,b_N100_V4,7.4129580752924085
legacy,2,b_N100_V4,7.967541925609112
legacy,2,b_N100_V4,7.395207998342812
legacy,2,b_N100_V4,7.306333049200475
legacy,2,b_N100_V4,7.373583968728781
legacy,2,b_N100_V4,7.386666955426335
legacy,2,b_N100_V4,7.330166990868747
legacy,2,b_N100_V4,7.316750008612871
legacy,2,b_N100_V4,7.345749996602535
legacy,2,b_N100_V4,7.379458053037524
legacy,2,b_N100_V4,7.376624969765544
legacy,2,b_N100_V4,7.35266599804163
legacy,2,b_N100_V4,7.373000029474497
legacy,2,b_N100_V4,7.274875068105757
legacy,2,b_N100_V4,7.773541961796582
legacy,2,b_N100_V4,6.987208966165781
legacy,2,b_N100_V4,6.97041698731482
legacy,2,b_N100_V4,6.962416926398873
legacy,2,b_N100_V4,6.939249928109348
legacy,2,b_N100_V4,6.90666597802192
legacy,2,b_N100_V4,6.911042029969394
legacy,2,b_N100_V4,6.900541950017214
legacy,2,b_N100_V4,6.971667055040598
legacy,2,b_N100_V4,6.926874979399145
legacy,2,b_N100_V4,6.889500073157251
legacy,2,b_N100_V4,6.877792067825794
legacy,2,b_N100_V4,6.867208052426577
legacy,2,b_N100_V4,6.884541013278067
legacy,2,b_N100_V4,6.8667500745505095
legacy,2,b_N100_V4,6.891041994094849
legacy,2,b_N100_V4,6.867833901196718
legacy,2,b_N100_V4,6.928749964572489
legacy,2,b_N100_V4,6.836834014393389
legacy,2,b_N100_V4,6.990499910898507
legacy,2,b_N100_V4,6.884666974656284
legacy,2,b_N100_V4,6.876499974168837
legacy,2,b_N100_V4,6.851249956525862
legacy,2,b_N100_V4,7.540166960097849
legacy,2,b_N100_V4,7.4157919734716415
legacy,2,b_N100_V4,7.379041984677315
legacy,2,b_N100_V4,7.030750042758882
legacy,2,b_N100_V4,6.945290951989591
legacy,2,b_N100_V4,6.911500007845461
legacy,2,b_N100_V4,6.95291708689183
legacy,2,b_N100_V4,7.1004589553922415
legacy,2,b_N100_V4,6.924208952113986
legacy,2,b_N100_V4,6.9036660715937614
legacy,2,b_N100_V4,6.887083989568055
legacy,2,b_N100_V4,6.944166962057352
legacy,2,b_N100_V4,6.917458027601242
legacy,2,b_N100_V4,6.935541983693838
legacy,2,b_N100_V4,6.932958960533142
legacy,2,b_N100_V4,6.920167012140155
legacy,2,b_N100_V4,6.934667006134987
legacy,2,b_N100_V4,6.905000074766576
legacy,2,b_N100_V4,6.88629096839577
legacy,2,b_N100_V4,6.915208068676293
legacy,2,b_N100_V4,6.898500025272369
legacy,2,b_N100_V4,6.884208996780217
legacy,2,b_N100_V4,6.928499904461205
legacy,2,b_N100_V4,6.88124995213002
legacy,2,b_N100_V4,6.880624918267131
legacy,2,b_N100_V4,6.908499985001981
legacy,2,b_N100_V4,6.887041963636875
legacy,2,b_N100_V4,6.856375024653971
legacy,2,b_N100_V4,6.919916952028871
legacy,2,b_N100_V4,6.952333962544799
legacy,2,b_N100_V4,6.893625017255545
legacy,2,b_N100_V4,6.9214580580592155
legacy,2,b_N100_V4,6.876625004224479
legacy,2,b_N100_V4,6.89079100266099
legacy,2,b_N100_V4,6.914249970577657
legacy,2,b_N100_V4,6.902792025357485
legacy,2,b_N100_V4,6.984250037930906
legacy,2,b_N100_V4,8.31679196562618
legacy,2,b_N100_V4,7.496000034734607
legacy,2,b_N100_V4,7.368667051196098
legacy,2,b_N100_V4,7.363334065303206
legacy,2,b_N100_V4,7.431832957081497
legacy,2,b_N100_V4,7.339457981288433
legacy,2,b_N100_V4,7.3612501146271825
legacy,2,b_N100_V4,7.323334109969437
legacy,2,b_N100_V4,7.309374981559813
legacy,2,b_N100_V4,7.336666923947632
legacy,2,b_N100_V4,7.324166945181787
legacy,2,b_N100_V4,7.393916952423751
legacy,2,b_N100_V4,7.378624984994531
legacy,2,b_N100_V4,7.286707987077534
legacy,2,b_N100_V4,7.307708030566573
legacy,2,b_N100_V4,7.30616704095155
legacy,2,b_N100_V4,7.293374976143241
legacy,2,b_N100_V4,7.274333038367331
legacy,2,b_N100_V4,7.247750065289438
legacy,2,b_N100_V4,7.332624983973801
legacy,2,b_N100_V4,7.281249971129
legacy,2,b_N100_V4,7.301917066797614
legacy,2,b_N100_V4,7.251250091940165
legacy,2,b_N100_V4,7.341083022765815
legacy,2,b_N100_V4,7.288499968126416
legacy,2,b_N100_V4,7.293083937838674
legacy,2,b_N100_V4,7.250416092574596
legacy,2,b_N100_V4,7.267666980624199
legacy,2,b_N100_V4,7.306249928660691
legacy,2,b_N100_V4,7.345041958615184
legacy,2,b_N100_V4,7.359875016845763
legacy,2,b_N100_V4,7.338959025219083
legacy,2,b_N100_V4,7.229040958918631
legacy,2,b_N100_V4,7.260540965944529
legacy,2,b_N100_V4,7.263250066898763
legacy,2,b_N100_V4,7.296542054973543
legacy,2,b_N100_V4,7.2876670164987445
legacy,2,b_N100_V4,7.262500002980232
legacy,2,b_N100_V4,7.222542073577642
legacy,2,b_N100_V4,7.272791932336986
legacy,2,b_N100_V4,7.238209014758468
legacy,2,b_N100_V4,7.309791981242597
legacy,2,b_N100_V4,7.283458020538092
legacy,2,b_N100_V4,7.307542022317648
legacy,2,b_N100_V4,7.401540991850197
legacy,2,b_N100_V4,7.3082499438896775
legacy,2,b_N100_V4,7.291584042832255
legacy,2,b_N100_V4,7.257250021211803
legacy,2,b_N100_V4,7.337625022046268
legacy,2,b_N100_V4,7.235375000163913
legacy,2,b_N100_V4,7.174250087700784
legacy,2,b_N100_V4,7.306084036827087
legacy,2,b_N100_V4,7.256459095515311
legacy,2,b_N100_V4,7.2363330982625484
legacy,2,b_N100_V4,7.870999979786575
legacy,2,b_N100_V4,7.286208099685609
legacy,2,b_N100_V4,7.236458011902869
legacy,2,b_N100_V4,7.242209045216441
legacy,2,b_N100_V4,7.331458968110383
legacy,2,b_N100_V4,7.280291989445686
legacy,2,b_N100_V4,7.838166086003184
legacy,2,b_N100_V4,7.131625083275139
legacy,2,b_N100_V4,7.029167027212679
legacy,2,b_N100_V4,7.051459047943354
legacy,2,b_N100_V4,7.028333027847111
legacy,2,b_N100_V4,7.010041968896985
legacy,2,b_N100_V4,6.964999949559569
legacy,2,b_N100_V4,6.9582499563694
legacy,2,b_N100_V4,6.949999951757491
legacy,2,b_N100_V4,6.955416989512742
legacy,2,b_N100_V4,6.978458957746625
legacy,2,b_N100_V4,6.99599995277822
legacy,2,b_N100_V4,6.908209063112736
legacy,2,b_N100_V4,6.973374984227121
legacy,2,b_N100_V4,6.977958022616804
legacy,2,b_N100_V4,6.973750074394047
legacy,2,b_N100_V4,6.960792001336813
legacy,2,b_N100_V4,6.9807920372113585
legacy,2,b_N100_V4,6.951875053346157
legacy,2,b_N100_V4,6.950333947315812
legacy,2,b_N100_V4,7.014082977548242
legacy,2,b_N100_V4,6.968041998334229
legacy,2,b_N100_V4,6.9749170215800405
legacy,2,b_N100_V4,7.031957968138158
legacy,2,b_N100_V4,6.9339589681476355
legacy,2,b_N100_V4,6.929875002242625
legacy,2,b_N100_V4,7.048874977044761
legacy,2,b_N100_V4,7.113083964213729
legacy,2,b_N100_V4,7.006417028605938
legacy,2,b_N100_V4,6.996167008765042
legacy,2,b_N100_V4,6.932459073141217
legacy,2,b_N100_V4,7.046833983622491
legacy,2,b_N100_V4,7.522958097979426
legacy,2,b_N100_V4,7.219041930511594
legacy,2,b_N100_V4,7.0946249179542065
legacy,2,b_N100_V4,7.120749913156033
legacy,2,b_N100_V4,7.038166979327798
legacy,2,b_N100_V4,7.050666958093643
legacy,2,b_N100_V4,7.037458010017872
legacy,2,b_N100_V4,7.078084046952426
legacy,2,b_N100_V4,7.0281249936670065
legacy,2,b_N100_V4,7.060208008624613
legacy,2,b_N100_V4,7.058292045257986
legacy,2,b_N100_V4,7.031499990262091
legacy,2,b_N100_V4,6.989374989643693
legacy,2,b_N100_V4,7.018584059551358
legacy,2,b_N100_V4,7.106667035259306
legacy,2,b_N100_V4,7.014833041466773
legacy,2,b_N100_V4,7.013667025603354
legacy,2,b_N100_V4,7.068999926559627
legacy,2,b_N100_V4,6.976292002946138
legacy,2,b_N100_V4,7.022458943538368
legacy,2,b_N100_V4,6.957958918064833
legacy,2,b_N100_V4,6.988707929849625
legacy,2,b_N100_V4,6.995916948653758
legacy,2,b_N100_V4,6.997833959758282
legacy,2,b_N100_V4,6.946249981410801
legacy,2,b_N100_V4,7.016082992777228
legacy,2,b_N100_V4,7.034374983049929
legacy,2,b_N100_V4,7.981291972100735
legacy,2,b_N100_V4,8.235833025537431
legacy,2,b_N100_V4,7.65162508469075
legacy,2,b_N100_V4,7.434708997607231
legacy,2,b_N100_V4,7.517207995988429
legacy,2,b_N100_V4,7.740666973404586
legacy,2,b_N100_V4,7.437957916408777
legacy,2,b_N100_V4,7.374165928922594
legacy,2,b_N100_V4,7.440833025611937
legacy,2,b_N100_V4,7.4200419476255774
legacy,2,b_N100_V4,7.733542006462812
legacy,2,b_N100_V4,7.72054202388972
legacy,2,b_N100_V4,7.511500036343932
legacy,2,b_N100_V4,7.394334068521857
legacy,2,b_N100_V4,7.415416999720037
legacy,2,b_N100_V4,7.388249970972538
legacy,2,b_N100_V4,7.349041057750583
legacy,2,b_N100_V4,7.350417086854577
legacy,2,b_N100_V4,7.397166918963194
legacy,2,b_N100_V4,7.351250038482249
legacy,2,b_N100_V4,7.446957984939218
legacy,2,b_N100_V4,7.532332907430828
legacy,2,b_N100_V4,7.377040921710432
legacy,2,b_N100_V4,7.3908750200644135
legacy,2,b_N100_V4,7.380499970167875
legacy,2,b_N100_V4,7.387874997220933
legacy,2,b_N100_V4,7.379458984360099
legacy,2,b_N100_V4,7.424792042002082
legacy,2,b_N100_V4,7.385291974060237
legacy,2,b_N100_V4,7.305874954909086
legacy,2,b_N100_V4,7.42258399259299
legacy,2,b_N100_V4,7.4353329837322235
legacy,2,b_N100_V4,7.477333070710301
legacy,2,b_N100_V4,7.3035419918596745
legacy,2,b_N100_V4,7.390332990325987
legacy,2,b_N100_V4,7.326832972466946
legacy,2,b_N100_V4,7.319791940972209
legacy,2,b_N100_V4,7.36812490504235
legacy,2,b_N100_V4,7.401791983284056
legacy,2,b_N100_V4,7.365124998614192
legacy,2,b_N100_V4,7.34612497035414
legacy,2,b_N100_V4,7.340374984778464
legacy,2,b_N100_V4,7.387542049400508
legacy,2,b_N100_V4,7.372125051915646
legacy,2,b_N100_V4,7.385957986116409
legacy,2,b_N100_V4,7.333375047892332
legacy,2,b_N100_V4,7.401291048154235
legacy,2,b_N100_V4,7.346250000409782
legacy,2,b_N100_V4,7.32274993788451
legacy,2,b_N100_V4,7.417666958644986
legacy,2,b_N100_V4,7.3821250116452575
legacy,2,b_N100_V4,7.3742500972002745
legacy,2,b_N100_V4,7.280374993570149
legacy,2,b_N100_V4,7.38741597160697
legacy,2,b_N100_V4,7.379084010608494
legacy,2,b_N100_V4,7.440999965183437
legacy,2,b_N100_V4,7.511207950301468
legacy,2,b_N100_V4,7.380667026154697
legacy,2,b_N100_V4,7.404208998195827
legacy,2,b_N100_V4,7.379957940429449
legacy,2,b_N100_V4,7.338292081840336
legacy,2,b_N100_V4,7.869957946240902
legacy,2,b_N100_V4,7.830874994397163
legacy,2,b_N100_V4,7.130709011107683
legacy,2,b_N100_V4,7.076375070028007
legacy,2,b_N100_V4,7.08858307916671
legacy,2,b_N100_V4,7.03529198653996
legacy,2,b_N100_V4,6.996750016696751
legacy,2,b_N100_V4,7.084375014528632
legacy,2,b_N100_V4,7.068958948366344
legacy,2,b_N100_V4,7.036166964098811
legacy,2,b_N100_V4,7.031749933958054
legacy,2,b_N100_V4,7.039832998998463
legacy,2,b_N100_V4,6.99383404571563
legacy,2,b_N100_V4,7.054500048980117
legacy,2,b_N100_V4,6.982375052757561
legacy,2,b_N100_V4,7.065000012516975
legacy,2,b_N100_V4,7.0625420194119215
legacy,2,b_N100_V4,7.048375089652836
legacy,2,b_N100_V4,6.982500082813203
legacy,2,b_N100_V4,7.018792093731463
legacy,2,b_N100_V4,7.0457919500768185
legacy,2,b_N100_V4,7.0216660387814045
legacy,2,b_N100_V4,7.003874983638525
legacy,2,b_N100_V4,7.030499982647598
legacy,2,b_N100_V4,6.977375014685094
legacy,2,b_N100_V4,7.0965830236673355
legacy,2,b_N100_V4,7.003208971582353
legacy,2,b_N100_V4,7.023000041954219
legacy,2,b_N100_V4,7.0162080228328705
legacy,2,b_N100_V4,6.988500012084842
legacy,2,b_N100_V4,6.962790968827903
legacy,2,b_N100_V4,7.035625050775707
legacy,2,b_N100_V4,6.998292054049671
legacy,2,b_N100_V4,7.886833045631647
legacy,2,b_N100_V4,8.769250009208918
legacy,2,b_N100_V4,7.807917078025639
legacy,2,b_N100_V4,7.54300004336983
legacy,2,b_N100_V4,7.185624912381172
legacy,2,b_N100_V4,7.368499995209277
legacy,2,b_N100_V4,7.482082932256162
legacy,2,b_N100_V4,8.419124991632998
legacy,2,b_N100_V4,7.1330840000882745
legacy,2,b_N100_V4,7.018917007371783
legacy,2,b_N100_V4,7.308957981877029
legacy,2,b_N100_V4,7.657542009837925
legacy,2,b_N100_V4,7.637500064447522
legacy,2,b_N100_V4,7.2485830169171095
legacy,2,b_N100_V4,7.166124996729195
legacy,2,b_N100_V4,7.072958047501743
legacy,2,b_N100_V4,7.070667110383511
legacy,2,b_N100_V4,7.067249971441925
legacy,2,b_N100_V4,7.014250033535063
legacy,2,b_N100_V4,7.010333007201552
legacy,2,b_N100_V4,7.081874995492399
legacy,2,b_N100_V4,7.025833940133452
legacy,2,b_N100_V4,7.036041934043169
legacy,2,b_N100_V4,7.079542032442987
legacy,2,b_N100_V4,7.0274160243570805
legacy,2,b_N100_V4,7.028292049653828
legacy,2,b_N100_V4,7.014499977231026
legacy,2,b_N100_V4,8.238540962338448
legacy,2,b_N100_V4,7.548250025138259
legacy,2,b_N100_V4,7.547833025455475
legacy,2,b_N100_V4,7.364124990999699
legacy,2,b_N100_V4,7.409042096696794
legacy,2,b_N100_V4,8.267708006314933
legacy,2,b_N100_V4,7.513708900660276
legacy,2,b_N100_V4,7.402583956718445
legacy,2,b_N100_V4,7.428957964293659
legacy,2,b_N100_V4,7.335291942581534
legacy,2,b_N100_V4,7.372124935500324
legacy,2,b_N100_V4,7.374417036771774
legacy,2,b_N100_V4,7.346083992160857
legacy,2,b_N100_V4,7.477666949853301
legacy,2,b_N100_V4,7.292583002708852
legacy,2,b_N100_V4,7.281625061295927
legacy,2,b_N100_V4,7.38375005312264
legacy,2,b_N100_V4,7.3390830075368285
legacy,2,b_N100_V4,7.349375053308904
legacy,2,b_N100_V4,7.312208996154368
legacy,2,b_N100_V4,7.3263749945908785
legacy,2,b_N100_V4,7.374708075076342
legacy,2,b_N100_V4,7.297583972103894
legacy,2,b_N100_V4,7.39158398937434
legacy,2,b_N100_V4,7.370000006631017
legacy,2,b_N100_V4,7.338791969232261
legacy,2,b_N100_V4,7.360832998529077
legacy,2,b_N100_V4,7.274916977621615
legacy,2,b_N100_V4,7.30966601986438
legacy,2,b_N100_V4,7.287333020940423
legacy,2,b_N100_V4,7.3488750495016575
legacy,2,b_N100_V4,7.440624991431832
legacy,2,b_N100_V4,7.324042031541467
legacy,2,b_N100_V4,7.31737504247576
legacy,2,b_N100_V4,7.283959072083235
legacy,2,b_N100_V4,7.226833025924861
legacy,2,b_N100_V4,7.8429169952869415
legacy,2,b_N100_V4,7.3032500222325325
legacy,2,b_N100_V4,7.386624929495156
legacy,2,b_N100_V4,7.296666968613863
legacy,2,b_N100_V4,7.343624951317906
legacy,2,b_N100_V4,7.275124895386398
legacy,2,b_N100_V4,7.253958028741181
legacy,2,b_N100_V4,7.332416949793696
legacy,2,b_N100_V4,7.83754198346287
legacy,2,b_N100_V4,7.434875005856156
legacy,2,b_N100_V4,7.435666979290545
legacy,2,b_N100_V4,7.393875042907894
legacy,2,b_N100_V4,7.323666010051966
legacy,2,b_N100_V4,7.338584051467478
legacy,2,b_N100_V4,7.301375037059188
legacy,2,b_N100_V4,7.31916690710932
legacy,2,b_N100_V4,7.295124931260943
legacy,2,b_N100_V4,7.394707994535565
legacy,2,b_N100_V4,7.278541917912662
legacy,2,b_N100_V4,7.2952499613165855
legacy,2,b_N100_V4,7.422666996717453
legacy,2,b_N100_V4,7.308500004000962
legacy,2,b_N100_V4,7.333499961532652
legacy,2,b_N100_V4,7.297624950297177
legacy,2,b_N100_V4,7.7752500073984265
legacy,2,b_N100_V4,7.080084062181413
legacy,2,b_N100_V4,7.0547079667449
legacy,2,b_N100_V4,6.926416070200503
legacy,2,b_N100_V4,6.927750073373318
legacy,2,b_N100_V4,6.9188750348985195
legacy,2,b_N100_V4,6.949000060558319
legacy,2,b_N100_V4,6.93883397616446
legacy,2,b_N100_V4,7.055958034470677
legacy,2,b_N100_V4,6.905958987772465
legacy,2,b_N100_V4,6.939207902178168
legacy,2,b_N100_V4,6.9303750060498714
legacy,2,b_N100_V4,6.884458940476179
legacy,2,b_N100_V4,6.88220898155123
legacy,2,b_N100_V4,6.892874953337014
legacy,2,b_N100_V4,6.894542020745575
legacy,2,b_N100_V4,6.839375011622906
legacy,2,b_N100_V4,6.885458016768098
legacy,2,b_N100_V4,6.865292089059949
legacy,2,b_N100_V4,6.892999983392656
legacy,2,b_N100_V4,6.9243330508470535
legacy,2,b_N100_V4,6.877541891299188
legacy,2,b_N100_V4,6.868708995170891
legacy,2,b_N100_V4,6.862957961857319
legacy,2,b_N100_V4,6.942583946511149
legacy,2,b_N100_V4,6.871958961710334
legacy,2,b_N100_V4,6.883958005346358
legacy,2,b_N100_V4,7.821124978363514
legacy,2,b_N100_V4,7.055499940179288
legacy,2,b_N100_V4,7.007500040344894
legacy,2,b_N100_V4,6.972166942432523
legacy,2,b_N100_V4,6.921416963450611
legacy,2,b_N100_V4,7.142625050619245
legacy,2,b_N100_V4,6.964542088098824
legacy,2,b_N100_V4,6.979709025472403
legacy,2,b_N100_V4,6.906875059939921
legacy,2,b_N100_V4,6.90779194701463
legacy,2,b_N100_V4,6.954291951842606
legacy,2,b_N100_V4,6.909124902449548
legacy,2,b_N100_V4,6.87320891302079
legacy,2,b_N100_V4,6.965416949242353
legacy,2,b_N100_V4,6.872416939586401
legacy,2,b_N100_V4,6.912459037266672
legacy,2,b_N100_V4,6.904458976350725
legacy,2,b_N100_V4,6.899207946844399
legacy,2,b_N100_V4,6.899749976582825
legacy,2,b_N100_V4,6.933834054507315
legacy,2,b_N100_V4,6.8584170658141375
legacy,2,b_N100_V4,6.889167008921504
legacy,2,b_N100_V4,6.897667073644698
legacy,2,b_N100_V4,6.899208063259721
legacy,2,b_N100_V4,7.002874976024032
legacy,2,b_N100_V4,6.951916962862015
legacy,2,b_N100_V4,6.837207940407097
legacy,2,b_N100_V4,6.892916979268193
legacy,2,b_N100_V4,6.8761250004172325
legacy,2,b_N100_V4,6.907082977704704
legacy,2,b_N100_V4,6.856249994598329
legacy,2,b_N100_V4,6.867583957500756
legacy,2,b_N100_V4,6.898291991092265
legacy,2,b_N100_V4,8.113874937407672
legacy,2,b_N100_V4,7.352999993599951
legacy,2,b_N100_V4,7.535291952081025
legacy,2,b_N100_V4,7.286707987077534
legacy,2,b_N100_V4,7.309208041988313
legacy,2,b_N100_V4,7.376249996013939
legacy,2,b_N100_V4,7.336165988817811
legacy,2,b_N100_V4,7.268875022418797
legacy,2,b_N100_V4,7.3596250731498
legacy,2,b_N100_V4,7.284875027835369
legacy,2,b_N100_V4,7.313167094253004
legacy,2,b_N100_V4,7.571499911136925
legacy,2,b_N100_V4,7.404875010251999
legacy,2,b_N100_V4,7.301457924768329
legacy,2,b_N100_V4,7.301875040866435
legacy,2,b_N100_V4,7.262957980856299
legacy,2,b_N100_V4,7.222666055895388
legacy,2,b_N100_V4,7.230957970023155
legacy,2,b_N100_V4,7.251999923028052
legacy,2,b_N100_V4,7.262917002663016
legacy,2,b_N100_V4,7.221709005534649
legacy,2,b_N100_V4,7.338499999605119
legacy,2,b_N100_V4,7.316290982998908
legacy,2,b_N100_V4,7.256292039528489
legacy,2,b_N100_V4,7.349708001129329
legacy,2,b_N100_V4,7.248957990668714
legacy,2,b_N100_V4,7.292583002708852
legacy,2,b_N100_V4,7.253875024616718
legacy,2,b_N100_V4,7.328249979764223
legacy,2,b_N100_V4,7.237624959088862
legacy,2,b_N100_V4,7.284582941792905
legacy,2,b_N100_V4,7.248500012792647
legacy,2,b_N100_V4,7.3342090472579
legacy,2,b_N100_V4,7.2379999328404665
legacy,2,b_N100_V4,7.351915934123099
legacy,2,b_N100_V4,7.265459047630429
legacy,2,b_N100_V4,7.2546659503132105
legacy,2,b_N100_V4,7.264208048582077
legacy,2,b_N100_V4,7.276709075085819
legacy,2,b_N100_V4,7.257250021211803
legacy,2,b_N100_V4,7.286500069312751
legacy,2,b_N100_V4,7.248583948239684
legacy,2,b_N100_V4,7.212833035737276
legacy,2,b_N100_V4,7.331790984608233
legacy,2,b_N100_V4,7.323999889194965
legacy,2,b_N100_V4,7.251165923662484
legacy,2,b_N100_V4,7.241291110403836
legacy,2,b_N100_V4,7.205875008367002
legacy,2,b_N100_V4,7.238290971145034
legacy,2,b_N100_V4,7.244416978210211
legacy,2,b_N100_V4,7.366708014160395
legacy,2,b_N100_V4,7.251290953718126
legacy,2,b_N100_V4,7.208166993223131
legacy,2,b_N100_V4,7.31737504247576
legacy,2,b_N100_V4,7.287875050678849
legacy,2,b_N100_V4,7.246625027619302
legacy,2,b_N100_V4,7.314624963328242
legacy,2,b_N100_V4,7.25454103667289
legacy,2,b_N100_V4,7.230957970023155
legacy,2,b_N100_V4,7.236333913169801
legacy,2,b_N100_V4,7.817375008016825
legacy,2,b_N100_V4,7.08204205147922
legacy,2,b_N100_V4,7.151124998927116
legacy,2,b_N100_V4,7.112624938599765
legacy,2,b_N100_V4,7.092583924531937
legacy,2,b_N100_V4,7.051332970149815
legacy,2,b_N100_V4,6.9665840128436685
legacy,2,b_N100_V4,7.034417008981109
legacy,2,b_N100_V4,6.89491699449718
legacy,2,b_N100_V4,7.08124996162951
legacy,2,b_N100_V4,7.001750054769218
legacy,2,b_N100_V4,7.057833019644022
legacy,2,b_N100_V4,7.053666980937123
legacy,2,b_N100_V4,6.988791981711984
legacy,2,b_N100_V4,6.944042048417032
legacy,2,b_N100_V4,7.1006250800564885
legacy,2,b_N100_V4,6.987000000663102
legacy,2,b_N100_V4,7.01308308634907
legacy,2,b_N100_V4,6.914208992384374
legacy,2,b_N100_V4,7.070749998092651
legacy,2,b_N100_V4,7.001749938353896
legacy,2,b_N100_V4,6.869041942991316
legacy,2,b_N100_V4,6.879625027067959
legacy,2,b_N100_V4,6.948999944142997
legacy,2,b_N100_V4,7.012082962319255
legacy,2,b_N100_V4,6.990459049120545
legacy,2,b_N100_V4,6.9590420462191105
legacy,2,b_N100_V4,7.03733297996223
legacy,2,b_N100_V4,6.90241705160588
legacy,2,b_N100_V4,7.020042045041919
legacy,2,b_N100_V4,7.024000049568713
legacy,2,b_N100_V4,7.000042009167373
legacy,2,b_N100_V4,6.96112506557256
legacy,2,b_N100_V4,7.022041943855584
legacy,2,b_N100_V4,7.032124907709658
legacy,2,b_N100_V4,7.026041974313557
legacy,2,b_N100_V4,6.95158401504159
legacy,2,b_N100_V4,6.982958992011845
legacy,2,b_N100_V4,6.911374977789819
legacy,2,b_N100_V4,7.004874991253018
legacy,2,b_N100_V4,7.011667010374367
legacy,2,b_N100_V4,6.9677080027759075
legacy,2,b_N100_V4,6.933875032700598
legacy,2,b_N100_V4,6.96425000205636
legacy,2,b_N100_V4,7.007375010289252
legacy,2,b_N100_V4,7.047500112093985
legacy,2,b_N100_V4,6.899042055010796
legacy,2,b_N100_V4,7.017583004198968
legacy,2,b_N100_V4,6.889291922561824
legacy,2,b_N100_V4,7.056166999973357
legacy,2,b_N100_V4,6.97566696908325
legacy,2,b_N100_V4,6.867583957500756
legacy,2,b_N100_V4,6.854209001176059
legacy,2,b_N100_V4,6.867000018246472
legacy,2,b_N100_V4,6.888541975058615
legacy,2,b_N100_V4,6.987208966165781
legacy,2,b_N100_V4,7.040792028419673
legacy,2,b_N100_V4,6.996916956268251
legacy,2,b_N100_V4,6.941333995200694
legacy,2,b_N100_V4,7.00874999165535
legacy,2,b_N100_V4,8.177582989446819
legacy,2,b_N100_V4,7.470292039215565
legacy,2,b_N100_V4,7.567583001218736
legacy,2,b_N100_V4,7.483292021788657
legacy,2,b_N100_V4,7.2812080616131425
legacy,2,b_N100_V4,7.4313749792054296
legacy,2,b_N100_V4,7.385791977867484
legacy,2,b_N100_V4,7.4298749677836895
legacy,2,b_N100_V4,7.3904580203816295
legacy,2,b_N100_V4,7.431208970956504
legacy,2,b_N100_V4,7.303499965928495
legacy,2,b_N100_V4,7.4287919560447335
legacy,2,b_N100_V4,7.434749975800514
legacy,2,b_N100_V4,7.387749967165291
legacy,2,b_N100_V4,7.27658299729228
legacy,2,b_N100_V4,7.329959073103964
legacy,2,b_N100_V4,7.272167014889419
legacy,2,b_N100_V4,7.255417061969638
legacy,2,b_N100_V4,7.334334077313542
legacy,2,b_N100_V4,7.278334000147879
legacy,2,b_N100_V4,7.300916011445224
legacy,2,b_N100_V4,7.397374953143299
legacy,2,b_N100_V4,7.31599994469434
legacy,2,b_N100_V4,7.360374904237688
legacy,2,b_N100_V4,7.274333969689906
legacy,2,b_N100_V4,7.426250027492642
legacy,2,b_N100_V4,7.245125016197562
legacy,2,b_N100_V4,7.37720902543515
legacy,2,b_N100_V4,7.277333992533386
legacy,2,b_N100_V4,7.999000023119152
legacy,2,b_N100_V4,7.5783750507980585
legacy,2,b_N100_V4,7.510791998356581
legacy,2,b_N100_V4,7.433457998558879
legacy,2,b_N100_V4,7.5515840435400605
legacy,2,b_N100_V4,7.462042034603655
legacy,2,b_N100_V4,7.473042001947761
legacy,2,b_N100_V4,7.2889169678092
legacy,2,b_N100_V4,7.615749957039952
legacy,2,b_N100_V4,7.667166995815933
legacy,2,b_N100_V4,7.515540928579867
legacy,2,b_N100_V4,7.511958945542574
legacy,2,b_N100_V4,7.470916956663132
legacy,2,b_N100_V4,7.304209051653743
legacy,2,b_N100_V4,7.32520897872746
legacy,2,b_N100_V4,7.3499169666320086
legacy,2,b_N100_V4,7.434917031787336
legacy,2,b_N100_V4,7.433125050738454
legacy,2,b_N100_V4,7.579625002108514
legacy,2,b_N100_V4,8.054584031924605
legacy,2,b_N100_V4,7.482666987925768
legacy,2,b_N100_V4,7.332458044402301
legacy,2,b_N100_V4,7.459375075995922
legacy,2,b_N100_V4,7.449958939105272
legacy,2,b_N100_V4,7.399082998745143
legacy,2,b_N100_V4,7.2279589949175715
legacy,2,b_N100_V4,7.431624922901392
legacy,2,b_N100_V4,7.385291974060237
legacy,2,b_N100_V4,7.43845896795392
legacy,2,b_N100_V4,7.301665958948433
legacy,2,b_N100_V4,7.393250009045005
legacy,2,b_N100_V4,7.768249954096973
legacy,2,b_N100_V4,7.015666924417019
legacy,2,b_N100_V4,7.124625029973686
legacy,2,b_N100_V4,7.010875036939979
legacy,2,b_N100_V4,6.9666249910369515
legacy,2,b_N100_V4,6.977375014685094
legacy,2,b_N100_V4,6.934250006452203
legacy,2,b_N100_V4,6.955833057872951
legacy,2,b_N100_V4,6.920834071934223
legacy,2,b_N100_V4,6.95154198911041
legacy,2,b_N100_V4,6.92033302038908
legacy,2,b_N100_V4,6.960958940908313
legacy,2,b_N100_V4,6.938916980288923
legacy,2,b_N100_V4,8.629415999166667
legacy,2,b_N100_V4,7.245208951644599
legacy,2,b_N100_V4,7.0509170182049274
legacy,2,b_N100_V4,7.3448329931125045
legacy,2,b_N100_V4,7.045542006380856
legacy,2,b_N100_V4,6.9657500134781
legacy,2,b_N100_V4,6.954499986022711
legacy,2,b_N100_V4,7.078291964717209
legacy,2,b_N100_V4,6.943291984498501
legacy,2,b_N100_V4,6.9607499754056334
legacy,2,b_N100_V4,6.918000057339668
legacy,2,b_N100_V4,6.986625026911497
legacy,2,b_N100_V4,6.931500043720007
legacy,2,b_N100_V4,6.943458924070001
legacy,2,b_N100_V4,6.906333030201495
legacy,2,b_N100_V4,6.949624978005886
legacy,2,b_N100_V4,6.93133391905576
legacy,2,b_N100_V4,6.952292053028941
legacy,2,b_N100_V4,6.961666978895664
legacy,2,b_N100_V4,7.029542000964284
legacy,2,b_N100_V4,7.60949996765703
legacy,2,b_N100_V4,7.064083009026945
legacy,2,b_N100_V4,6.981375045143068
legacy,2,b_N100_V4,6.987167056649923
legacy,2,b_N100_V4,6.979707977734506
legacy,2,b_N100_V4,6.942125037312508
legacy,2,b_N100_V4,6.959332968108356
legacy,2,b_N100_V4,7.410665974020958
legacy,2,b_N100_V4,7.068458013236523
legacy,2,b_N100_V4,7.040957920253277
legacy,2,b_N100_V4,6.990124937146902
legacy,2,b_N100_V4,6.988417007960379
legacy,2,b_N100_V4,6.91583298612386
legacy,2,b_N100_V4,6.9394169840961695
legacy,2,b_N100_V4,6.989583955146372
legacy,2,b_N100_V4,6.929124938324094
legacy,2,b_N100_V4,6.942791980691254
legacy,2,b_N100_V4,6.9315420696511865
legacy,2,b_N100_V4,6.995000061579049
legacy,2,b_N100_V4,7.054875022731721
legacy,2,b_N100_V4,7.002959027886391
legacy,2,b_N100_V4,6.920916028320789
legacy,2,b_N100_V4,6.91379199270159
legacy,2,b_N100_V4,7.408416946418583
legacy,2,b_N100_V4,6.9307920057326555
legacy,2,b_N100_V4,6.933166994713247
legacy,2,b_N100_V4,6.885040900669992
legacy,2,b_N100_V4,8.18150001578033
legacy,2,b_N100_V4,7.421707967296243
legacy,2,b_N100_V4,7.3492079973220825
legacy,2,b_N100_V4,7.485875044949353
legacy,2,b_N100_V4,7.328834035433829
legacy,2,b_N100_V4,7.36349995713681
legacy,2,b_N100_V4,7.307375082746148
legacy,2,b_N100_V4,7.318750023841858
legacy,2,b_N100_V4,7.36262509599328
legacy,2,b_N100_V4,7.324834004975855
legacy,2,b_N100_V4,7.3012919165194035
legacy,2,b_N100_V4,7.305082981474698
legacy,2,b_N100_V4,7.274374947883189
legacy,2,b_N100_V4,7.315541966818273
legacy,2,b_N100_V4,7.288374938070774
legacy,2,b_N100_V4,7.4244169518351555
legacy,2,b_N100_V4,7.32220895588398
legacy,2,b_N100_V4,7.276291027665138
legacy,2,b_N100_V4,7.271834067068994
legacy,2,b_N100_V4,7.257250021211803
legacy,2,b_N100_V4,7.345917052589357
legacy,2,b_N100_V4,7.272292044945061
legacy,2,b_N100_V4,7.270542089827359
legacy,2,b_N100_V4,7.354000001214445
legacy,2,b_N100_V4,7.350333966314793
legacy,2,b_N100_V4,7.3281669756397605
legacy,2,b_N100_V4,7.326500024646521
legacy,2,b_N100_V4,7.302624988369644
legacy,2,b_N100_V4,7.334958994761109
legacy,2,b_N100_V4,7.342790951952338
legacy,2,b_N100_V4,7.32574996072799
legacy,2,b_N100_V4,7.279000012204051
legacy,2,b_N100_V4,7.302333018742502
legacy,2,b_N100_V4,7.382999989204109
legacy,2,b_N100_V4,7.294459035620093
legacy,2,b_N100_V4,7.276958087459207
legacy,2,b_N100_V4,7.264875108376145
legacy,2,b_N100_V4,7.30987498536706
legacy,2,b_N100_V4,7.252417039126158
legacy,2,b_N100_V4,7.263583946041763
legacy,2,b_N100_V4,7.316124974749982
legacy,2,b_N100_V4,7.825625012628734
legacy,2,b_N100_V4,9.886667015962303
legacy,2,b_N100_V4,8.593874983489513
legacy,2,b_N100_V4,7.917791954241693
legacy,2,b_N100_V4,7.604417041875422
legacy,2,b_N100_V4,7.490125019103289
legacy,2,b_N100_V4,7.377290981821716
legacy,2,b_N100_V4,7.335625006817281
legacy,2,b_N100_V4,7.431750069372356
legacy,2,b_N100_V4,7.359541952610016
legacy,2,b_N100_V4,7.343792007304728
legacy,2,b_N100_V4,7.363084005191922
legacy,2,b_N100_V4,7.313708076253533
legacy,2,b_N100_V4,7.2952499613165855
legacy,2,b_N100_V4,7.881208090111613
legacy,2,b_N100_V4,7.286541047506034
legacy,2,b_N100_V4,7.288041990250349
legacy,2,b_N100_V4,7.289291941560805
legacy,2,b_N100_V4,7.324166945181787
legacy,2,b_N100_V4,7.933458895422518
legacy,2,b_N100_V4,7.076791953295469
legacy,2,b_N100_V4,7.075125002302229
legacy,2,b_N100_V4,7.073790999129415
legacy,2,b_N100_V4,7.0042910519987345
legacy,2,b_N100_V4,7.008709013462067
legacy,2,b_N100_V4,7.067625061608851
legacy,2,b_N100_V4,6.985499989241362
legacy,2,b_N100_V4,7.034000009298325
legacy,2,b_N100_V4,7.001625024713576
legacy,2,b_N100_V4,6.983458064496517
legacy,2,b_N100_V4,6.944000022485852
legacy,2,b_N100_V4,7.036374998278916
legacy,2,b_N100_V4,6.971499999053776
legacy,2,b_N100_V4,7.051749969832599
legacy,2,b_N100_V4,6.965416017919779
legacy,2,b_N100_V4,6.992749986238778
legacy,2,b_N100_V4,6.974125048145652
legacy,2,b_N100_V4,6.96629099547863
legacy,2,b_N100_V4,6.935000070370734
legacy,2,b_N100_V4,6.945667089894414
legacy,2,b_N100_V4,6.983458064496517
legacy,2,b_N100_V4,6.976000033318996
legacy,2,b_N100_V4,6.92816695664078
legacy,2,b_N100_V4,6.93608308210969
legacy,2,b_N100_V4,6.918124970979989
legacy,2,b_N100_V4,6.933709024451673
legacy,2,b_N100_V4,6.985999993048608
legacy,2,b_N100_V4,6.9582079304382205
legacy,2,b_N100_V4,6.988874985836446
legacy,2,b_N100_V4,6.95674994494766
legacy,2,b_N100_V4,6.945124943740666
legacy,2,b_N100_V4,6.941959029063582
legacy,2,b_N100_V4,6.983750034123659
legacy,2,b_N100_V4,6.962083047255874
legacy,2,b_N100_V4,6.931667099706829
legacy,2,b_N100_V4,7.007915992289782
legacy,2,b_N100_V4,6.925374967977405
legacy,2,b_N100_V4,6.904874928295612
legacy,2,b_N100_V4,7.35716603230685
legacy,2,b_N100_V4,9.026291081681848
legacy,2,b_N100_V4,8.026416995562613
legacy,2,b_N100_V4,7.29700003284961
legacy,2,b_N100_V4,7.290249923244119
legacy,2,b_N100_V4,7.077916990965605
legacy,2,b_N100_V4,7.03879096545279
legacy,2,b_N100_V4,7.0335830096155405
legacy,2,b_N100_V4,7.00820900965482
legacy,2,b_N100_V4,7.543458021245897
legacy,2,b_N100_V4,7.015292067080736
legacy,2,b_N100_V4,7.004500017501414
legacy,2,b_N100_V4,7.022458012215793
legacy,2,b_N100_V4,6.959874997846782
legacy,2,b_N100_V4,6.9645000621676445
legacy,2,b_N100_V4,7.008166052401066
legacy,2,b_N100_V4,6.944624939933419
legacy,2,b_N100_V4,6.966084009036422
legacy,2,b_N100_V4,6.897332961671054
legacy,2,b_N100_V4,7.024958031252027
legacy,2,b_N100_V4,7.012999965809286
legacy,2,b_N100_V4,8.336334023624659
legacy,2,b_N100_V4,7.5359579641371965
legacy,2,b_N100_V4,7.479249965399504
legacy,2,b_N100_V4,7.493917015381157
legacy,2,b_N100_V4,7.526875007897615
legacy,2,b_N100_V4,7.393292034976184
legacy,2,b_N100_V4,7.449041004292667
legacy,2,b_N100_V4,7.449458003975451
legacy,2,b_N100_V4,7.438750006258488
legacy,2,b_N100_V4,7.351166103035212
legacy,2,b_N100_V4,7.390332990325987
legacy,2,b_N100_V4,7.363958982750773
legacy,2,b_N100_V4,7.432415965013206
legacy,2,b_N100_V4,7.427416974678636
legacy,2,b_N100_V4,7.4107920518144965
legacy,2,b_N100_V4,7.4104160303249955
legacy,2,b_N100_V4,7.429625024087727
legacy,2,b_N100_V4,7.394624990411103
legacy,2,b_N100_V4,7.4117910116910934
legacy,2,b_N100_V4,7.440833025611937
legacy,2,b_N100_V4,7.434417027980089
legacy,2,b_N100_V4,7.437666063196957
legacy,2,b_N100_V4,7.3766669956967235
legacy,2,b_N100_V4,7.41045898757875
legacy,2,b_N100_V4,7.427999982610345
legacy,2,b_N100_V4,7.420332985930145
legacy,2,b_N100_V4,7.414833991788328
legacy,2,b_N100_V4,7.431707927025855
legacy,2,b_N100_V4,7.457667030394077
legacy,2,b_N100_V4,7.358375005424023
legacy,2,b_N100_V4,7.450292003341019
legacy,2,b_N100_V4,7.476500002667308
legacy,2,b_N100_V4,7.429499994032085
legacy,2,b_N100_V4,7.4209170415997505
legacy,2,b_N100_V4,7.487792056053877
legacy,2,b_N100_V4,7.418708060868084
legacy,2,b_N100_V4,7.481625070795417
legacy,2,b_N100_V4,7.4023749912157655
legacy,2,b_N100_V4,7.408250006847084
legacy,2,b_N100_V4,7.398624904453754
legacy,2,b_N100_V4,7.458791951648891
legacy,2,b_N100_V4,9.168584016151726
legacy,2,b_N100_V4,9.25191689748317
legacy,2,b_N100_V4,8.80654202774167
legacy,2,b_N100_V4,8.471291977912188
legacy,2,b_N100_V4,7.71662499755621
legacy,2,b_N100_V4,7.979791960678995
legacy,2,b_N100_V4,8.130165981128812
legacy,2,b_N100_V4,8.729708031751215
legacy,2,b_N100_V4,8.521332987584174
legacy,2,b_N100_V4,7.622209028340876
legacy,2,b_N100_V4,7.508917013183236
legacy,2,b_N100_V4,7.501000072807074
legacy,2,b_N100_V4,7.418166962452233
legacy,2,b_N100_V4,7.48616608325392
legacy,2,b_N100_V4,7.427082979120314
legacy,2,b_N100_V4,7.43587501347065
legacy,2,b_N100_V4,7.450707955285907
legacy,2,b_N100_V4,7.305291946977377
legacy,2,b_N100_V4,7.407166995108128
legacy,2,b_N100_V4,7.952374988235533
legacy,2,b_N100_V4,7.155332947149873
legacy,2,b_N100_V4,7.331667002290487
legacy,2,b_N100_V4,7.292208028957248
legacy,2,b_N100_V4,7.085165940225124
legacy,2,b_N100_V4,7.161875022575259
legacy,2,b_N100_V4,7.104541058652103
legacy,2,b_N100_V4,7.068333099596202
legacy,2,b_N100_V4,7.082583964802325
legacy,2,b_N100_V4,7.031832938082516
legacy,2,b_N100_V4,7.031082990579307
legacy,2,b_N100_V4,7.209582952782512
legacy,2,b_N100_V4,7.0909159258008
legacy,2,b_N100_V4,7.05262494739145
legacy,2,b_N100_V4,7.044958998449147
legacy,2,b_N100_V4,6.990958005189896
legacy,2,b_N100_V4,7.030542008578777
legacy,2,b_N100_V4,7.173167075961828
legacy,2,b_N100_V4,7.0610829861834645
legacy,2,b_N100_V4,7.033833069726825
legacy,2,b_N100_V4,7.024042075499892
legacy,2,b_N100_V4,7.076165988110006
legacy,2,b_N100_V4,7.0361250545829535
legacy,2,b_N100_V4,7.107499986886978
legacy,2,b_N100_V4,7.020000019110739
legacy,2,b_N100_V4,7.024332997389138
legacy,2,b_N100_V4,7.078083930537105
legacy,2,b_N100_V4,6.988832959905267
legacy,2,b_N100_V4,7.002207916229963
legacy,2,b_N100_V4,7.071416941471398
legacy,2,b_N100_V4,6.992749986238778
legacy,2,b_N100_V4,6.979499943554401
legacy,2,b_N100_V4,6.989625049754977
legacy,2,b_N100_V4,7.145332987420261
legacy,2,b_N100_V4,7.039541029371321
legacy,2,b_N100_V4,7.012917078100145
legacy,2,b_N100_V4,7.013375055976212
legacy,2,b_N100_V4,6.979249999858439
legacy,2,b_N100_V4,7.063249940983951
legacy,2,b_N100_V4,7.062999997287989
legacy,2,b_N100_V4,7.029749918729067
legacy,2,b_N100_V4,7.042541983537376
legacy,2,b_N100_V4,6.945624947547913
legacy,2,b_N100_V4,7.004624931141734
legacy,2,b_N100_V4,7.103667012415826
legacy,2,b_N100_V4,7.004374987445772
legacy,2,b_N100_V4,6.988542038016021
legacy,2,b_N100_V4,7.020208984613419
legacy,2,b_N100_V4,6.964750005863607
legacy,2,b_N100_V4,7.358583039604127
legacy,2,b_N100_V4,7.764834095723927
legacy,2,b_N100_V4,8.715000003576279
legacy,2,b_N100_V4,7.3600830510258675
legacy,2,b_N100_V4,7.234124932438135
legacy,2,b_N100_V4,7.1404160698875785
legacy,2,b_N100_V4,7.152500096708536
legacy,2,b_N100_V4,7.137125008739531
legacy,2,b_N100_V4,7.044915924780071
legacy,2,b_N100_V4,7.061582989990711
legacy,2,b_N100_V4,6.966875051148236
legacy,2,b_N100_V4,8.241959032602608
legacy,2,b_N100_V4,7.522083004005253
legacy,2,b_N100_V4,7.475667051039636
legacy,2,b_N100_V4,7.546375039964914
legacy,2,b_N100_V4,7.38970807287842
legacy,2,b_N100_V4,7.38370802719146
legacy,2,b_N100_V4,7.353957975283265
legacy,2,b_N100_V4,7.337333052419126
legacy,2,b_N100_V4,7.398999994620681
legacy,2,b_N100_V4,7.378999958746135
legacy,2,b_N100_V4,7.379041984677315
legacy,2,b_N100_V4,7.397459005005658
legacy,2,b_N100_V4,7.392750005237758
legacy,2,b_N100_V4,7.341541000641882
legacy,2,b_N100_V4,7.395916967652738
legacy,2,b_N100_V4,7.40729202516377
legacy,2,b_N100_V4,7.3332920437678695
legacy,2,b_N100_V4,7.3622920317575336
legacy,2,b_N100_V4,7.337708026170731
legacy,2,b_N100_V4,7.314875023439527
legacy,2,b_N100_V4,7.331834058277309
legacy,2,b_N100_V4,7.370791980065405
legacy,2,b_N100_V4,7.276708027347922
legacy,2,b_N100_V4,7.272250019013882
legacy,2,b_N100_V4,7.292125024832785
legacy,2,b_N100_V4,7.351042004302144
legacy,2,b_N100_V4,7.321167038753629
legacy,2,b_N100_V4,7.3748750146478415
legacy,2,b_N100_V4,7.310166954994202
legacy,2,b_N100_V4,7.307459018193185
legacy,2,b_N100_V4,7.2913330513983965
legacy,2,b_N100_V4,7.290374953299761
legacy,2,b_N100_V4,7.353459019213915
legacy,2,b_N100_V4,7.417042041197419
legacy,2,b_N100_V4,7.367125013843179
legacy,2,b_N100_V4,7.318207994103432
legacy,2,b_N100_V4,7.968834019266069
legacy,2,b_N100_V4,7.322458084672689
legacy,2,b_N100_V4,7.34408397693187
legacy,2,b_N100_V4,7.420375011861324
legacy,2,b_N100_V4,7.303916034288704
legacy,2,b_N100_V4,7.3003750294446945
legacy,2,b_N100_V4,7.3702079243958
legacy,2,b_N100_V4,7.401832961477339
legacy,2,b_N100_V4,7.3390830075368285
legacy,2,b_N100_V4,7.360207964666188
legacy,2,b_N100_V4,7.234166958369315
legacy,2,b_N100_V4,7.402874995023012
legacy,2,b_N100_V4,7.333167013712227
legacy,2,b_N100_V4,7.3257500771433115
legacy,2,b_N100_V4,7.283167098648846
legacy,2,b_N100_V4,7.345499936491251
legacy,2,b_N100_V4,7.284625084139407
legacy,2,b_N100_V4,7.372042047791183
legacy,2,b_N100_V4,7.330624968744814
legacy,2,b_N100_V4,7.292082998901606
legacy,2,b_N100_V4,7.341500022448599
legacy,2,b_N100_V4,7.348957937210798
legacy,2,b_N100_V4,7.308542029932141
legacy,2,b_N100_V4,7.414042018353939
legacy,2,b_N100_V4,7.8023329842835665
legacy,2,b_N100_V4,7.087999954819679
legacy,2,b_N100_V4,7.033917005173862
legacy,2,b_N100_V4,7.063833996653557
legacy,2,b_N100_V4,7.0662921061739326
legacy,2,b_N100_V4,7.0314580807462335
legacy,2,b_N100_V4,6.988124921917915
legacy,2,b_N100_V4,6.943666958250105
legacy,2,b_N100_V4,6.95374992210418
legacy,2,b_N100_V4,7.306082989089191
legacy,2,b_N100_V4,6.938832928426564
legacy,2,b_N100_V4,6.914541940204799
legacy,2,b_N100_V4,6.913374993018806
legacy,2,b_N100_V4,6.892042001709342
legacy,2,b_N100_V4,6.947958027012646
legacy,2,b_N100_V4,6.963042076677084
legacy,2,b_N100_V4,6.944000022485852
legacy,2,b_N100_V4,6.92049995996058
legacy,2,b_N100_V4,6.951459101401269
legacy,2,b_N100_V4,6.97479210793972
legacy,2,b_N100_V4,6.895874976180494
legacy,2,b_N100_V4,6.915041944012046
legacy,2,b_N100_V4,6.892333971336484
legacy,2,b_N100_V4,6.934291101060808
legacy,2,b_N100_V4,6.946792011149228
legacy,2,b_N100_V4,7.249417016282678
legacy,2,b_N100_V4,6.874875049106777
legacy,2,b_N100_V4,6.918958970345557
legacy,2,b_N100_V4,6.925791967660189
legacy,2,b_N100_V4,6.913208053447306
legacy,2,b_N100_V4,6.918459082953632
legacy,2,b_N100_V4,7.014833041466773
legacy,2,b_N100_V4,6.895957980304956
legacy,2,b_N100_V4,6.932459073141217
legacy,2,b_N100_V4,6.9767090026289225
legacy,2,b_N100_V4,6.932875025086105
legacy,2,b_N100_V4,6.894542020745575
legacy,2,b_N100_V4,6.98670803103596
legacy,2,b_N100_V4,6.924042012542486
legacy,2,b_N100_V4,6.884292000904679
legacy,2,b_N100_V4,6.921791937202215
legacy,2,b_N100_V4,7.520166924223304
legacy,2,b_N100_V4,7.133499952033162
legacy,2,b_N100_V4,7.097083958797157
legacy,2,b_N100_V4,7.022292003966868
legacy,2,b_N100_V4,7.035540998913348
legacy,2,b_N100_V4,7.023249985650182
legacy,2,b_N100_V4,7.052625063806772
legacy,2,b_N100_V4,7.010083994828165
legacy,2,b_N100_V4,7.001125020906329
legacy,2,b_N100_V4,6.991875008679926
legacy,2,b_N100_V4,6.974708056077361
legacy,2,b_N100_V4,6.975333904847503
legacy,2,b_N100_V4,6.979457917623222
legacy,2,b_N100_V4,6.984749925322831
legacy,2,b_N100_V4,6.961499922908843
legacy,2,b_N100_V4,6.957457982935011
legacy,2,b_N100_V4,6.9865420227870345
legacy,2,b_N100_V4,6.922208005562425
legacy,2,b_N100_V4,7.009916007518768
legacy,2,b_N100_V4,8.316875086165965
legacy,2,b_N100_V4,7.450957898981869
legacy,2,b_N100_V4,7.417041924782097
legacy,2,b_N100_V4,7.416500011458993
legacy,2,b_N100_V4,7.495375000871718
legacy,2,b_N100_V4,7.387459045276046
legacy,2,b_N100_V4,7.362541975453496
legacy,2,b_N100_V4,7.504042005166411
legacy,2,b_N100_V4,7.366125006228685
legacy,2,b_N100_V4,9.09720896743238
legacy,2,b_N100_V4,7.581999991089106
legacy,2,b_N100_V4,7.898584008216858
legacy,2,b_N100_V4,7.501958054490387
legacy,2,b_N100_V4,7.857291027903557
legacy,2,b_N100_V4,7.374749984592199
legacy,2,b_N100_V4,7.423499948345125
legacy,2,b_N100_V4,7.376291905529797
legacy,2,b_N100_V4,7.393124978989363
legacy,2,b_N100_V4,7.371624931693077
legacy,2,b_N100_V4,7.474666927009821
legacy,2,b_N100_V4,7.385208969935775
legacy,2,b_N100_V4,7.372457999736071
legacy,2,b_N100_V4,7.420249981805682
legacy,2,b_N100_V4,7.43433297611773
legacy,2,b_N100_V4,7.3474160162732005
legacy,2,b_N100_V4,7.350333034992218
legacy,2,b_N100_V4,7.356000016443431
legacy,2,b_N100_V4,7.394499960355461
legacy,2,b_N100_V4,7.412125007249415
legacy,2,b_N100_V4,7.7125419629737735
legacy,2,b_N100_V4,7.333541987463832
legacy,2,b_N100_V4,7.376791909337044
legacy,2,b_N100_V4,7.356666959822178
legacy,2,b_N100_V4,7.388082914985716
legacy,2,b_N100_V4,7.558207958936691
legacy,2,b_N100_V4,7.381999981589615
legacy,2,b_N100_V4,7.379333022981882
legacy,2,b_N100_V4,7.44499999564141
legacy,2,b_N100_V4,7.3622920317575336
legacy,2,b_N100_V4,7.35579093452543
legacy,2,b_N100_V4,7.3607079684734344
legacy,2,b_N100_V4,7.3763750260695815
legacy,2,b_N100_V4,7.31899996753782
legacy,2,b_N100_V4,7.541291997767985
legacy,2,b_N100_V4,7.411041995510459
legacy,2,b_N100_V4,7.80129199847579
legacy,2,b_N100_V4,7.33491696882993
legacy,2,b_N100_V4,7.334791938774288
legacy,2,b_N100_V4,7.314624963328242
legacy,2,b_N100_V4,7.335625006817281
legacy,2,b_N100_V4,7.303916965611279
legacy,2,b_N100_V4,7.377833011560142
legacy,2,b_N100_V4,7.351333042606711
legacy,2,b_N100_V4,7.348292041569948
legacy,2,b_N100_V4,7.320874952711165
legacy,2,b_N100_V4,7.3061250150203705
legacy,2,b_N100_V4,7.312792004086077
legacy,2,b_N100_V4,7.371915969997644
legacy,2,b_N100_V4,7.379290997050703
legacy,2,b_N100_V4,7.379417074844241
